,id,text,author_id,created_at,geo
0,1505333495685603331,RT @MMCrypto: #Bitcoin bouncing at our support! https://t.co/h5q56mPTAf,1505327781839835138,2022-03-20 00:00:47+00:00,
1,1505333495576498179,"Top #Crypto (by mkt cap)

#Bitcoin $42305.75(⇑0.89%)
#Ethereum $2953.92(⇓0.49%)
#Tether $1.0(⇑0.02%)
#Binance Co $400.26(⇑0.18%)
#USD Coin $1.0(⇑0.04%)
#XRP $0.82(⇑2.88%)
#Terra $92.2(⇑3.11%)

https://t.co/vl4PEedYsl",19102887,2022-03-20 00:00:47+00:00,
2,1505333494293184514,Get IN now don't be LATE #xrp #binance #cryptocurrency #bitcoin https://t.co/7AHmj9g6N7,2302338999,2022-03-20 00:00:47+00:00,
3,1505333494070788101,The strongest bullish signal flashed for #XRP #bitcoin #btc #ethereum #eth https://t.co/zY0ahIMwak,1317536662776414209,2022-03-20 00:00:47+00:00,
4,1505333492565295104,"RT @airdropinspect: New airdrop: Prizefighter (RING)
Total Reward: $5,000 worth of RING
Rate: ⭐️⭐️⭐️⭐️
Winners: 1,000 Random &amp; Top 100
Dist…",1498157335159906304,2022-03-20 00:00:47+00:00,
5,1505333490191065092,"RT @StephenPunwasi: India just bought 3 million barrels of oil from Russia at a 20% discount and paid in rupees, not USD.

The fight to de-…",2991798271,2022-03-20 00:00:46+00:00,
6,1505333488970395648,"RT @OnChainCollege: The last time the #Bitcoin Balance on Exchanges was this low was 1,229 days (or 3 1/3 years) ago. https://t.co/zCvbkO64…",1498956190633848834,2022-03-20 00:00:46+00:00,
7,1505333486474960910,1 BTC = 5005179.5 JPY. #bitcoin,2385231404,2022-03-20 00:00:45+00:00,
8,1505333486470660096,"RT @AirdropStario: 💧 Bluca NFT Airdrop 💧

🏆 Task:         ➕  400 BULC (~$2) for 8000 random participants

👨‍👩‍👧 Referral:  ➕  4000 BULC (~$…",1331846273452830721,2022-03-20 00:00:45+00:00,
9,1505333485162049540,"RT @Revolotto: 🏏World's Dangerous Cricketer
Greatest Batsman of All-time in Cricket

🌎Universe Boss - Chris Gayle extending his support and…",1478355033762664453,2022-03-20 00:00:45+00:00,
10,1505333483383652352,The strongest bullish signal flashed for #XRP #bitcoin #btc #ethereum #eth https://t.co/OA2sj9gCqv,1178338853335306245,2022-03-20 00:00:44+00:00,
11,1505333481605414921,RT @MMCrypto: #Bitcoin is so cheap then 3 Elon Musks could buy the entire supply.,1505327781839835138,2022-03-20 00:00:44+00:00,
12,1505333481337126914,"RT @airdropinspect: New airdrop: MOMOCO (USDT)
Total Reward: 3,000 USDT
Rate: ⭐️⭐️⭐️⭐️
Winners: 1000 Random &amp; Top 100
Distribution: within…",1496974409978232834,2022-03-20 00:00:44+00:00,
13,1505333480917389314,The strongest bullish signal flashed for #XRP #bitcoin #btc #ethereum #eth https://t.co/TYU3WfvKvX,118576738,2022-03-20 00:00:44+00:00,
14,1505333480288186369,The strongest bullish signal flashed for #XRP #bitcoin #btc #ethereum #eth https://t.co/NEcrzvZEgA,2853369595,2022-03-20 00:00:44+00:00,
15,1505333479642484736,"Join 'The Signal Premium' 

- Daily early trade Signals
- 80% success rate
- Premium Telegram &amp; Twitter access
- for #Binance/#Bittrex

Sign-up for the best trade signals @ https://t.co/NPGOUXqexD

#bitcoin #trading #crypto #cryptotrading #ETH #BTC #LTC #XRP #ZRX https://t.co/bmimNK1EPl",933113704366903296,2022-03-20 00:00:43+00:00,
16,1505333478791204864,"RT @Revolotto: 🏏World's Dangerous Cricketer
Greatest Batsman of All-time in Cricket

🌎Universe Boss - Chris Gayle extending his support and…",1494097951664504832,2022-03-20 00:00:43+00:00,
17,1505333476802785281,"XRP is getting ready to take off to the moon! #altcoin #bitcoin #binance #xrp #ripple

https://t.co/R4uZBXNK4t",386097092,2022-03-20 00:00:43+00:00,
18,1505333474143657984,"@shibburn I think we would make more progress if we burn #Bitcoin, only possible way Shib will grow is if the BTC market cap triples. Obviously even if we 100x this burn rate nothing will happen.",465082939,2022-03-20 00:00:42+00:00,
19,1505333473933991939,"RT @TheMoonCarl: Holding fiat will turn billionaires into millionaires.

HODLing #Bitcoin will turn millionaires into ₿illionaires.",1357577978796998656,2022-03-20 00:00:42+00:00,
20,1505333473908867074,"RT @MMCrypto: The Russian SBERBANK went from $20 to $0.01.

But #Bitcoin is volatile yeah?",1505327781839835138,2022-03-20 00:00:42+00:00,
21,1505333473325637632,"RT @Revolotto: 🏏World's Dangerous Cricketer
Greatest Batsman of All-time in Cricket

🌎Universe Boss - Chris Gayle extending his support and…",950980295804645376,2022-03-20 00:00:42+00:00,
22,1505333466552020992,"@ApeSkyel What do you think of this Male Punks

#NFT #NFTs #NFTGiveaway #NFTCommunity #NFTCollection #NFTdrop #NFTartist #NFTProject #APECOIN #ETH #OpenSeaNFT #Bitcoin #NFTLaunch https://t.co/HXN05ulSOc",1491839485402882050,2022-03-20 00:00:40+00:00,
23,1505333465696411649,"RT @MMCrypto: BREAKING: official inflation is 7.9%!

BULLISH FOR #BITCOIN!",1505327781839835138,2022-03-20 00:00:40+00:00,
24,1505333462269501443,"RT @airdropinspect: New airdrop: NOS Watch
Total Reward: 1,100 Artwork NFT
Rate: ⭐️⭐️⭐️⭐️
Winners: 1,000 Random &amp; Top 100
Distribution: wit…",1444946740759592964,2022-03-20 00:00:39+00:00,
25,1505333461099302915,The Weeknd #rap #rapper #rappers #rapping #rapmusic #SnoopDogg #TheWeeknd #theweeknddawnfm  #nft #nfts #nftstories #nftart #nfts #nftartist #nftartists #blockchain #bitcoin  #BoredApeYachtClub #BoredApes #BAYC #cartoon https://t.co/qAuGrKCFil,1504683894464942080,2022-03-20 00:00:39+00:00,
26,1505333460944183301,"🚀🚀🚀🚀 #bitcoin 🚀🚀🚀🚀
█████████⣿⣿⣿⣿⣿⣿⣿⣿⣿⣿⣿ 46.72%
Blocks left: 111,879
Days left: 776",1268909186664091649,2022-03-20 00:00:39+00:00,
27,1505333459664838656,"RT @burnerboyys: If you’re in @OldMoneyNFT and your pfp isn’t an OM asset. What we even doin ? 

#mfer #mfers #mferfollowmfer #oldmoney #NF…",1503802185758363654,2022-03-20 00:00:39+00:00,
28,1505333458691796993,"RT @AirdropStario: 💧 SafeWallet Airdrop 💧

🏆 Task:        ➕ 175 SLT (~$3.5) for 1000 random participants

👨‍👩‍👧 Referral: ➕ 30,000 SLT (~$6…",1331846273452830721,2022-03-20 00:00:38+00:00,
29,1505333457320349699,RT @MMCrypto: Good morning #Bitcoin’ers ☀️,1505327781839835138,2022-03-20 00:00:38+00:00,
30,1505333456800079874,RT @CateVsDoge: Just a friendly reminder.Bulls will always win in the long run. #Catecoin follows #Bitcoin so we can expect $10Billion Mark…,1447838346093367297,2022-03-20 00:00:38+00:00,
31,1505333456578007041,We just know #XRP will moon #crypto #binance #cryptocurrency #bitcoin #btc https://t.co/4kakO36O4A,785105271081275392,2022-03-20 00:00:38+00:00,
32,1505333455940321284,"XRP is getting ready to take off to the moon! #altcoin #bitcoin #binance #xrp #ripple

https://t.co/ewTtwCts5I",885981910928949251,2022-03-20 00:00:38+00:00,
33,1505333454552010753,"XRP is getting ready to take off to the moon! #altcoin #bitcoin #binance #xrp #ripple

https://t.co/gtlnDAgN5t",1273675173976301572,2022-03-20 00:00:37+00:00,
34,1505333453524508679,XRP is getting ready to take off to the moon! #altcoin #bitcoin #binance #xrp #ripple https://t.co/PTK46ndDxz,1455613037071699970,2022-03-20 00:00:37+00:00,
35,1505333452979146755,RT @missbitcoin_mai: I think an app in El Salvador with a map of stores that accept #Bitcoin payments would be a hit.,1490531137302589440,2022-03-20 00:00:37+00:00,
36,1505333452765339651,We just know #XRP will moon #crypto #binance #cryptocurrency #bitcoin #btc https://t.co/B9VcUJ2bwi,1456236025420808198,2022-03-20 00:00:37+00:00,
37,1505333452438134796,The strongest bullish signal flashed for #XRP #bitcoin #btc #ethereum #eth https://t.co/0lmH1rKcnP,1287793583504990210,2022-03-20 00:00:37+00:00,
38,1505333451926429702,"In Japan, #XRP is religion. I love it! All works! #eth #ethereum #binance #bitcoin btc #ripple #crypto #cryptocurrency https://t.co/Nn6FlDvmpq",862112555023704066,2022-03-20 00:00:37+00:00,
39,1505333450425122816,"RT @airdropinspect: New airdrop: Skygard Game
Total Reward: 1100 NFTs
Rate: ⭐️⭐️⭐️⭐️
Winners: 1,000 Random &amp; 100 Top
Distribution: within 1…",1459246956060938240,2022-03-20 00:00:36+00:00,
40,1505333449816952832,"RT @Revolotto: 🏏World's Dangerous Cricketer
Greatest Batsman of All-time in Cricket

🌎Universe Boss - Chris Gayle extending his support and…",1499985965603258368,2022-03-20 00:00:36+00:00,
41,1505333449078579203,"RT @binance: 💰 $10,000 giveaway 💰
 
Post your #BitcoinButton result to enter!
 
Rules:
🔸 Retweet this post
🔸 Follow @Binance
🔸 Play #Bitcoi…",1475478459585548293,2022-03-20 00:00:36+00:00,
42,1505333448759783428,"RT @AirdropDet: 🔍 New #Airdrop: Elite Cash

🏆 Total Airdrop Pool: 140,000 ELC [~$49,000]

🔴 Start the airdrop bot https://t.co/geX2YRhj5n…",1406361282312343553,2022-03-20 00:00:36+00:00,
43,1505333447354691595,RT @RenewaBlox: We have some amazing developments going on for #Renewablox’s Bitcoin mining farm and our $RNBX security token built on Rave…,826320454080032768,2022-03-20 00:00:36+00:00,
44,1505333447354691584,RT @BTCfuel: #ALTCOINS are more BULLISH than #BITCOIN  🔥🔥🚀🚀,773217172134907904,2022-03-20 00:00:36+00:00,
45,1505333445509193731,We just know #XRP will moon #crypto #binance #cryptocurrency #bitcoin #btc https://t.co/SW3oLpH5Dq,833633389412544517,2022-03-20 00:00:35+00:00,
46,1505333445194485761,"RT @Revolotto: 🏏World's Dangerous Cricketer
Greatest Batsman of All-time in Cricket

🌎Universe Boss - Chris Gayle extending his support and…",1464183363007361024,2022-03-20 00:00:35+00:00,
47,1505333445064540168,"RT @r_topisto: #computerart #creativecoding #generativeart :
#bitcoin #blockchain 's
LAST Block, Height : 728121
[ See more on https://t.co…",1329393355554426882,2022-03-20 00:00:35+00:00,
48,1505333443512909826,"RT @Revolotto: 🏏World's Dangerous Cricketer
Greatest Batsman of All-time in Cricket

🌎Universe Boss - Chris Gayle extending his support and…",1463773091239055365,2022-03-20 00:00:35+00:00,
49,1505333442279522318,XRP is getting ready to take off to the moon! #altcoin #bitcoin #binance #xrp #ripple https://t.co/lBU9zorRqk,1335637924696772610,2022-03-20 00:00:35+00:00,
