,id,text,author_id,created_at,geo
0,1505313863251955712,"RT @AirdropDet: 🔍 New #Airdrop: YupVerse

💲 Reward: Up to 10M YuP (~$5) + 2M YuP (~$1,000) referral pool

🔴 Start the airdrop bot https://t…",1426937875703033857,2022-03-19 22:42:47+00:00,
1,1505313862173835278,RT @BitcoinMagazine: The revolution can not be stopped. #Bitcoin https://t.co/J51qviTWId,1250343614,2022-03-19 22:42:46+00:00,
2,1505313861775331330,@200KEKS You do you mate. I didn’t buy #Bitcoin to do online shopping. I’m waiting till I can spend or lend against it on a Bitcoin standard.,912979001794232320,2022-03-19 22:42:46+00:00,
3,1505313861074755585,"@BluesparrowC @bitfinex @BlueSparrowETH #BlueSparrow is a bridge between the stock market and crypto .. You will have both in the Blue Sparrow CEX
@BlueSparrowETH
@BluesparrowC
#BluesparrowCEX
#ETH
#BlueSparrow
#BlueSparrowtoken
#BlueSparrowCommunity
#bitcoin
#BestDrawToken
#Bluesparrowcharity
#Web3
#NFT🦋1",1488095143685234688,2022-03-19 22:42:46+00:00,
4,1505313860131201028,"RT @ffurknaydnn: @DaCryptoGeneral Don’t missed #SHINJA 🥷🏿🔥
Buy Now and Happy later 🥷🏿🔥

#Shibnobi #Crypto #DeFi #BTC #SHIB #Ceek #AVAX #BNB…",1454678238295437314,2022-03-19 22:42:46+00:00,
5,1505313858512211969,"RT @binance: 💰 $10,000 giveaway 💰
 
Post your #BitcoinButton result to enter!
 
Rules:
🔸 Retweet this post
🔸 Follow @Binance
🔸 Play #Bitcoi…",813103971728523264,2022-03-19 22:42:45+00:00,
6,1505313857018998792,"RT @AirdropDet: 🔍 New #Airdrop: Elite Cash

🏆 Total Airdrop Pool: 140,000 ELC [~$49,000]

🔴 Start the airdrop bot https://t.co/geX2YRhj5n…",1501272742171230212,2022-03-19 22:42:45+00:00,
7,1505313851461484547,RT @mikealfred: Last night I asked one of the most prominent stablecoin developers in the world to explain why #Bitcoin is the only suitabl…,1282555699936079876,2022-03-19 22:42:44+00:00,
8,1505313851210080256,"RT @CarolainCrypt0: #Bitcoin is worth 42K right now!!

And what are you going to invest in?  show me your great project x 100!👇🏻👇🏻 https://…",1464970373414330369,2022-03-19 22:42:44+00:00,
9,1505313850010255361,"RT @Apecointrader1: Join discord for a giveaway happening soon follow if your new and retweet If your not

#NFTCommunity  #Bitcoin #BTC #cr…",1077304205319307266,2022-03-19 22:42:43+00:00,
10,1505313848257314820,"RT @Apecointrader1: Join discord for a giveaway happening soon follow if your new and retweet If your not

#NFTCommunity  #Bitcoin #BTC #cr…",72789355,2022-03-19 22:42:43+00:00,
11,1505313845535023106,"RT @BabyBitcoinBSC: Trust In #BBTC Is Built Over Time💪

#BSCGem #Everath #Btc #Bnb #Binance #Bitcoin #BitcoinButton https://t.co/jCjPHjP6Cj",1421798241860005889,2022-03-19 22:42:42+00:00,
12,1505313844960313346,"RT @DocumentingBTC: Hal Finney was a pioneer, cypherpunk, and the first to receive a #bitcoin  transaction from Satoshi Nakamoto. Hal gave…",1250343614,2022-03-19 22:42:42+00:00,
13,1505313842619949062,"RT @Apecointrader1: Join discord for a giveaway happening soon follow if your new and retweet If your not

#NFTCommunity  #Bitcoin #BTC #cr…",1497968430938570755,2022-03-19 22:42:42+00:00,
14,1505313842452123649,@LarpyCoperstein GL fading #bitcoin now!,557062504,2022-03-19 22:42:42+00:00,
15,1505313842364129284,"RT @rovercrc: I think #Bitcoin will break $100,000 by July 2022! 🚀",957248348452544513,2022-03-19 22:42:42+00:00,
16,1505313837725138949,RT @bitgetglobal: Lately #Bitcoin addresses holding 1-10 $BTC have been growing 👀 https://t.co/2hncMyIoaM,2427921302,2022-03-19 22:42:40+00:00,
17,1505313833724035074,"RT @AirdropDet: 🔍 New #Airdrop: YupVerse

💲 Reward: Up to 10M YuP (~$5) + 2M YuP (~$1,000) referral pool

🔴 Start the airdrop bot https://t…",1428319514916126723,2022-03-19 22:42:39+00:00,
18,1505313832972939267,RT @Rofiqul28734376: Every officer in this campaign is a hardworking and honest person.The team management of this campaign is much better.…,1487959656542916609,2022-03-19 22:42:39+00:00,
19,1505313830003687424,"RT @CarolainCrypt0: #Bitcoin is worth 42K right now!!

And what are you going to invest in?  show me your great project x 100!👇🏻👇🏻 https://…",1500850787521806336,2022-03-19 22:42:39+00:00,
20,1505313828229173248,"RT @ABOLFAZ_RBXS: You too can join the great army of samurai today and choose the token you want  #RBXS
💣💯🤑

https://t.co/9cISStUjVA

#RBXS…",1474356438403325986,2022-03-19 22:42:38+00:00,
21,1505313827407155206,"I am claiming my free Lightning sats from @_bitcoiner's amazing faucet! ⚡

@boltcoiner unlock me a78b2e62-12da-4f40-97b6-c0a26cfe0600

#Bitcoin #BTC #LN #LightningNetwork #boltcoiner
https://t.co/wuwDPHSHZk",881649004739780609,2022-03-19 22:42:38+00:00,
22,1505313826392219651,"RT @binance: 💰 $10,000 giveaway 💰
 
Post your #BitcoinButton result to enter!
 
Rules:
🔸 Retweet this post
🔸 Follow @Binance
🔸 Play #Bitcoi…",1431950979566653444,2022-03-19 22:42:38+00:00,
23,1505313825587089412,"RT @ashwsbreal: #Bitcoin hits  $42,000",1235122524821704706,2022-03-19 22:42:38+00:00,
24,1505313817156276231,"RT @bpmcrypto: @elonmusk Hey Genius,
Lets not miss out on @Catcoinbsc¡!
Remember, 2022 is the year of the #cats 

We are pumping even witho…",1390724754483650562,2022-03-19 22:42:36+00:00,
25,1505313812702011392,RT @MatthewHyland_: BREAKING: #Bitcoin has been in a monthly uptrend of higher highs and higher lows for over two years now 🚨,1418746994470920193,2022-03-19 22:42:34+00:00,
26,1505313810827161601,"RT @DailyCryptoTrad: 🔥#MultiVAC #MTV Huge Potential Blockchain - REALISTIC WYCKOFF THEORY PART 3 LIVE in 15 mins.
#cryptocurrecy #cryptotra…",1381449554982268935,2022-03-19 22:42:34+00:00,
27,1505313806548877315,"RT @airdropinspect: New airdrop: Crypto Klash (KLH)
Total Reward: 500,000 KLH
Rate: ⭐️⭐️⭐️⭐️
Winners: 1,000 Random &amp; Top 100
Distribution:…",1442726003604959232,2022-03-19 22:42:33+00:00,
28,1505313803168522240,"RT @ezzyg_armyz: #BitcoinZ #PoW mode ❤️ #AMD #style

#opensea link: 
https://t.co/X45XKgzp4j

#nft #nftart #nftcollector #art #artwork #art…",59104556,2022-03-19 22:42:32+00:00,
29,1505313792246358017,"RT @Apecointrader1: Join discord for a giveaway happening soon follow if your new and retweet If your not

#NFTCommunity  #Bitcoin #BTC #cr…",1503800894055407625,2022-03-19 22:42:30+00:00,
30,1505313789381525506,"RT @chitaglorya__: giveaway 200$ | 2,800,000 IDR

-- rt follow @flagnetwork_NFT 

-- rt &amp; quoted their pinned with   #FlagNetwork  #cryptoc…",1348456682163040257,2022-03-19 22:42:29+00:00,
31,1505313789302145025,"RT @chitaglorya__: giveaway 200$ | 2,800,000 IDR

-- rt follow @flagnetwork_NFT 

-- rt &amp; quoted their pinned with   #FlagNetwork  #cryptoc…",1333419245393178624,2022-03-19 22:42:29+00:00,
32,1505313789213827082,"RT @binance: 💰 $10,000 giveaway 💰
 
Post your #BitcoinButton result to enter!
 
Rules:
🔸 Retweet this post
🔸 Follow @Binance
🔸 Play #Bitcoi…",2667825628,2022-03-19 22:42:29+00:00,
33,1505313779373936645,"RT @Jayecane: sent you money #Bitcoin @mansoori_shifa who’s next , Rt + done",1374889303919108099,2022-03-19 22:42:27+00:00,
34,1505313777264185346,"RT @TheCryptoLark: Elon Musk owns only 3 coins. 
#Bitcoin 
#ethereum
$doge",389190852,2022-03-19 22:42:26+00:00,
35,1505313770058395651,RT @ObiObvi: #Bitcoin weekly 👀 https://t.co/fs8Lw2XI3i,1226920794296639494,2022-03-19 22:42:24+00:00,
36,1505313768435245058,"RT @ABOLFAZ_RBXS: If you choose correctly you can be at the best level of success #RBXSamurai
🤑💯💣🔥

https://t.co/9cISStUjVA

#RBXS #RBXSAMU…",1399058205574012929,2022-03-19 22:42:24+00:00,
37,1505313766057070594,"@SpaceX 🏆Best of Arts

#OpenSeaPolygon #viral #FYP #NFT #NFTs #NFTCollection #NFTGiveaway #Giveaway #BTC #Bitcoin #Ethereum #ETH #cryptocurrency #win #drawing #painting #nature #photography #openseanfts 

🌐 Visit Black Morano
https://t.co/AZc6hF9rIA",1356643550281269258,2022-03-19 22:42:23+00:00,
38,1505313762517135371,"This amazing faucet from @_bitcoiner is making me tweet this to claim my free Lightning sats. ⚡

@boltcoiner unlock me 5a3aaf86-f41e-4fd3-bc0c-ec27e348508d

#Bitcoin #BTC #LN #LightningNetwork #boltcoiner
https://t.co/rknfdToqaS",1497001904995553285,2022-03-19 22:42:23+00:00,
39,1505313762311499777,"RT @airdropinspect: New airdrop: Prizefighter (RING)
Total Reward: $5,000 worth of RING
Rate: ⭐️⭐️⭐️⭐️
Winners: 1,000 Random &amp; Top 100
Dist…",1376685058707222528,2022-03-19 22:42:22+00:00,
40,1505313760273178624,"RT @TheGuySwann: Exit Fiat
Enter #Bitcoin 

[👉 sound on]
@BitcoinAudible https://t.co/vJsEaiulvb",1093154142632267777,2022-03-19 22:42:22+00:00,
41,1505313757333008385,"RT @Ehsan38538881: ➡️ @CONNECTORCOIN ⬅️
Good Project 👌👌👌
#crypto #bitcoin 
#CONNECTORCOIN 
#ctco $bnb $bsc 
$ctco #bnb #cryptocurrency
@Roc…",1474460994323767302,2022-03-19 22:42:21+00:00,
42,1505313755756113921,RT @saylor: You do not sell your #bitcoin.  https://t.co/LJNgJeWxvR,155511884,2022-03-19 22:42:21+00:00,
43,1505313753478299651,"In case you guys want to see more pictures or videos of The #PolarisVersa MK-1, the only one in existence in the entire #InfiniteFleet universe, in action.

Please give @VeTe37142973 a follow. 

#Bitcoin #NFT #NFTs #NFTCommunity #NFTCollection #NFTGame #MMO",1449515660933881863,2022-03-19 22:42:20+00:00,
44,1505313751574233093,"RT @BITCOINMACADEMY: The big picture on #Bitcoin shows us the break of the weekly support, and it is on its way to retest Fibonacci levels…",1239283620411564034,2022-03-19 22:42:20+00:00,
45,1505313746352328705,"Everytime @JasonPLowery attempts to have an open discussion about the geopolitical implications of #Bitcoin, he's met with a majority of haters who prefer to engage in games of hermeneutics rather than actually spend time to dig into his thesis. They scream ""#BTC is not offense,",256264997,2022-03-19 22:42:19+00:00,
46,1505313743080759305,"RT @M_abedi_jebelli: Staking currently live with 4% monthly returns or 48% APY🥇
#RBXS ❤️‍🔥☺️
DEX : https://t.co/cSsvDEISDE
https://t.co/IYT…",1399058205574012929,2022-03-19 22:42:18+00:00,
47,1505313742367698950,"RT @Samad451870915: ➡️ @CONNECTORCOIN ⬅️
Good Project 👌👌👌
#crypto #bitcoin 
#CONNECTORCOIN 
#ctco $bnb $bsc 
$ctco #bnb 
@Rocket__crypto
🎗…",1474460994323767302,2022-03-19 22:42:18+00:00,
48,1505313741478703104,"RT @CarolainCrypt0: #Bitcoin is worth 42K right now!!

And what are you going to invest in?  show me your great project x 100!👇🏻👇🏻 https://…",1346841044,2022-03-19 22:42:18+00:00,
49,1505313740882792449,RT @chiefbtc: Anyone up for some #Bitcoin cake? 🎂 https://t.co/F82v6jP8dr,1339360476187127809,2022-03-19 22:42:17+00:00,
