,id,text,author_id,created_at,geo
0,1505316131992604677,"RT @Bergani43: @DaCryptoGeneral #shinja #ShinjaSeason
#DubaiExpo2022
#DubaiCryptoExpo

#DOJOSWAP listing #Token
#Selena_Inu
#flokimusk
#sai…",1502671018623750145,2022-03-19 22:51:47+00:00,
1,1505316131266912256,"In Japan, #XRP is religion. I love it! All works! #eth #ethereum #binance #bitcoin btc #ripple #crypto #cryptocurrency https://t.co/jj5LGqGaTD",859496186956435456,2022-03-19 22:51:47+00:00,
2,1505316131254509569,Get IN now don't be LATE #xrp #binance #cryptocurrency #bitcoin https://t.co/essA6oItNO,909156225929170944,2022-03-19 22:51:47+00:00,
3,1505316131048812548,"RT @AirdropDet: 🔍 New #Airdrop: YupVerse

💲 Reward: Up to 10M YuP (~$5) + 2M YuP (~$1,000) referral pool

🔴 Start the airdrop bot https://t…",1445168694385020936,2022-03-19 22:51:47+00:00,
4,1505316129471926279,"Did you get scammed?The good guys are here and we’ve got your back!
20% #scamsurvivor Charity! 20% charity in #SPY
Join us in the fight! Clean up the crypto space
Here: https://t.co/orShpWNDNG
@SpyWolfNetwork $SPY #spywolf #bnb #bscgem #binance #bitcoin #ethereum o1i77",1473764166099947527,2022-03-19 22:51:47+00:00,
5,1505316126590394368,RT @Ali1989sirik5: @SpyWolf1Fan @SpyWolfNetwork The smell of scammers can be smelled from miles away. You have the opportunity. Leave this…,1485276061009125381,2022-03-19 22:51:46+00:00,
6,1505316125969690634,The strongest bullish signal flashed for #XRP #bitcoin #btc #ethereum #eth https://t.co/u6QYbrTAfe,1441181971204378627,2022-03-19 22:51:46+00:00,
7,1505316124967198722,The strongest bullish signal flashed for #XRP #bitcoin #btc #ethereum #eth https://t.co/AOKtsHY8gn,1330017903895146497,2022-03-19 22:51:46+00:00,
8,1505316123142729729,"In Japan, #XRP is religion. I love it! All works! #eth #ethereum #binance #bitcoin btc #ripple #crypto #cryptocurrency https://t.co/EW7efhTgdJ",1401692209829666822,2022-03-19 22:51:45+00:00,
9,1505316121259487236,XRP is getting ready to take off to the moon! #altcoin #bitcoin #binance #xrp #ripple https://t.co/UDA0cHIFs5,795229026931666944,2022-03-19 22:51:45+00:00,
10,1505316120483573762,"RT @Bergani43: @JrKripto #shinja #ShinjaSeason
#DubaiExpo2022
#DubaiCryptoExpo

#DOJOSWAP listing #Token
#Selena_Inu
#flokimusk
#saitanobi…",1502671018623750145,2022-03-19 22:51:45+00:00,
11,1505316118390521857,"In Japan, #XRP is religion. I love it! All works! #eth #ethereum #binance #bitcoin btc #ripple #crypto #cryptocurrency https://t.co/2Ech8sgPmH",432006236,2022-03-19 22:51:44+00:00,
12,1505316117945864194,"In Japan, #XRP is religion. I love it! All works! #eth #ethereum #binance #bitcoin btc #ripple #crypto #cryptocurrency https://t.co/UE24IBBLZa",1464873868653441025,2022-03-19 22:51:44+00:00,
13,1505316116155015171,"RT @rovercrc: I think #Bitcoin will break $100,000 by July 2022! 🚀",1504516918807515137,2022-03-19 22:51:44+00:00,
14,1505316116133933058,"RT @airdropinspect: New airdrop: MOMOCO (USDT)
Total Reward: 3,000 USDT
Rate: ⭐️⭐️⭐️⭐️
Winners: 1000 Random &amp; Top 100
Distribution: within…",1431616957225189379,2022-03-19 22:51:44+00:00,
15,1505316113990795265,RT @BitcoinMagazine: The revolution can not be stopped. #Bitcoin https://t.co/J51qviTWId,1350262311618011137,2022-03-19 22:51:43+00:00,
16,1505316113181294596,"@TheCryptoLark Looking to diversify &amp; grow your IRA portfolio with metals &amp; #Bitcoin? #RegalAssets is uniquely qualified to serve your precious metals &amp; Bitcoin needs. Click here to invest in gold &amp; Bitcoin today ➡️ https://t.co/DhBTy3AjSs
#cryptocurrency #StockMarket #iraportfolio #Bitcoin",42471053,2022-03-19 22:51:43+00:00,
17,1505316112325660674,"RT @Bergani43: @murdockmurr #shinja #ShinjaSeason
#DubaiExpo2022
#DubaiCryptoExpo

#DOJOSWAP listing #Token
#Selena_Inu
#flokimusk
#saitano…",1502671018623750145,2022-03-19 22:51:43+00:00,
18,1505316111729967106,"Make money!Prosecute scammers!All at the same time
Make passive income in BNB rewards for holding $SPY
Your rewards accumulate in a pool and then delivered straight to your wallet every few days
@SpyWolfNetwork $SPY #spywolf #bnb #bscgem #binance #bitcoin #ethereum qx4c6",1473764166099947527,2022-03-19 22:51:43+00:00,
19,1505316111562121217,We just know #XRP will moon #crypto #binance #cryptocurrency #bitcoin #btc https://t.co/zbtKZbiZ2P,727744678393745408,2022-03-19 22:51:43+00:00,
20,1505316111209967617,"In Japan, #XRP is religion. I love it! All works! #eth #ethereum #binance #bitcoin btc #ripple #crypto #cryptocurrency https://t.co/FuRjgRWEJn",1464603610315210761,2022-03-19 22:51:42+00:00,
21,1505316111205679107,Get IN now don't be LATE #xrp #binance #cryptocurrency #bitcoin https://t.co/KVbwkEpv6B,1318689012081590272,2022-03-19 22:51:42+00:00,
22,1505316110673100801,@n3o0omh2011 @TheMoonCarl Dm if you want to know when to buy and sell your #bitcoin And I also teach you how to understand the market.,1481242239862915076,2022-03-19 22:51:42+00:00,
23,1505316108806414337,We just know #XRP will moon #crypto #binance #cryptocurrency #bitcoin #btc https://t.co/CLyjWOP5mP,1939421850,2022-03-19 22:51:42+00:00,
24,1505316108378673152,"RT @AirdropStario: 💧 RPGC Airdrop 💧

🏆 Task:         ➕  $8 worth of RPGC for 2000 random participants each.

👨‍👩‍👧 Referral:  ➕  $40 worth…",1468050234227912705,2022-03-19 22:51:42+00:00,
25,1505316107841851398,RT @MMCrypto: THIS CAN GET VERY PAINFUL FOR #BITCOIN BEARS! https://t.co/watNtpMl69,1471580413533507585,2022-03-19 22:51:42+00:00,
26,1505316107246309382,XRP is getting ready to take off to the moon! #altcoin #bitcoin #binance #xrp #ripple https://t.co/UAeEc3wNKX,755463146,2022-03-19 22:51:42+00:00,
27,1505316106734551040,RT @Ali1989Sirik12: @SpyWolf1Fan @SpyWolfNetwork Fear the day you are surrounded by a pack of wolves. Escape as long as you have the chance…,1485276061009125381,2022-03-19 22:51:41+00:00,
28,1505316106180907012,"In Japan, #XRP is religion. I love it! All works! #eth #ethereum #binance #bitcoin btc #ripple #crypto #cryptocurrency https://t.co/GGpXbD8clP",1477807826483519488,2022-03-19 22:51:41+00:00,
29,1505316104708702214,"In Japan, #XRP is religion. I love it! All works! #eth #ethereum #binance #bitcoin btc #ripple #crypto #cryptocurrency https://t.co/Uef4sc9fLx",2899949125,2022-03-19 22:51:41+00:00,
30,1505316103303618563,"RT @zhao_ca1994: Do not doubt your own strength, when you have made the best choice,
Be the best and work on the best ...

#marvininu 
💎💎💎…",1454198218183610371,2022-03-19 22:51:41+00:00,
31,1505316102468997121,"@Laura__crypto Something that fascinates me about @NeofiOfficial, are their tools to interact with multiple Defi protocols in one place, plus exchange DEX-quoted tokens, and all this... with no gas fees!

$NEOFI #DeFi #Cryptocurrency #blockchain #Bitcoin #NFT https://t.co/Eidu10mj7L",1487074238368563204,2022-03-19 22:51:40+00:00,
32,1505316102351507458,Get IN now don't be LATE #xrp #binance #cryptocurrency #bitcoin https://t.co/xLQQIeccJH,1444253316599386113,2022-03-19 22:51:40+00:00,
33,1505316102309658634,"RT @Bergani43: @kriptoceyda #shinja #ShinjaSeason
#DubaiExpo2022
#DubaiCryptoExpo

#DOJOSWAP listing #Token
#Selena_Inu
#flokimusk
#saitano…",1502671018623750145,2022-03-19 22:51:40+00:00,
34,1505316100103360520,"In Japan, #XRP is religion. I love it! All works! #eth #ethereum #binance #bitcoin btc #ripple #crypto #cryptocurrency https://t.co/ffc3NJsoUj",1430383985541189633,2022-03-19 22:51:40+00:00,
35,1505316099327410180,We just know #XRP will moon #crypto #binance #cryptocurrency #bitcoin #btc https://t.co/dyYkSDz3uJ,1425277182759276551,2022-03-19 22:51:40+00:00,
36,1505316097972748291,XRP is getting ready to take off to the moon! #altcoin #bitcoin #binance #xrp #ripple https://t.co/EUf2CTkE94,953378697188429824,2022-03-19 22:51:39+00:00,
37,1505316097800736769,RT @AbbasKhojaste: @SpyWolf1Fan @SpyWolfNetwork We used to be afraid of wolves. But times have changed. a wolf has come that we feel safe t…,1485276061009125381,2022-03-19 22:51:39+00:00,
38,1505316097091727361,Get IN now don't be LATE #xrp #binance #cryptocurrency #bitcoin https://t.co/nNTzsnUry6,926843807483674624,2022-03-19 22:51:39+00:00,
39,1505316096605310978,Get IN now don't be LATE #xrp #binance #cryptocurrency #bitcoin https://t.co/6LsipoTJIC,432006236,2022-03-19 22:51:39+00:00,
40,1505316095456165890,"RT @AirdropStario: 💧 SafeWallet Airdrop 💧

🏆 Task:        ➕ 175 SLT (~$3.5) for 1000 random participants

👨‍👩‍👧 Referral: ➕ 30,000 SLT (~$6…",1498737626836316164,2022-03-19 22:51:39+00:00,
41,1505316093505818626,"RT @Bergani43: @AdamEShelton #shinja #ShinjaSeason
#DubaiExpo2022
#DubaiCryptoExpo

#DOJOSWAP listing #Token
#Selena_Inu
#flokimusk
#saitan…",1502671018623750145,2022-03-19 22:51:38+00:00,
42,1505316093195272193,Get IN now don't be LATE #xrp #binance #cryptocurrency #bitcoin https://t.co/SwERc85Be5,723952743405236225,2022-03-19 22:51:38+00:00,
43,1505316091521810437,We just know #XRP will moon #crypto #binance #cryptocurrency #bitcoin #btc https://t.co/SVM7toUQDV,812904692233760768,2022-03-19 22:51:38+00:00,
44,1505316091509506049,Get IN now don't be LATE #xrp #binance #cryptocurrency #bitcoin https://t.co/Bk52EFIwvJ,1161754470256205824,2022-03-19 22:51:38+00:00,
45,1505316091433791489,RT @BTCTN: Paypal co-founder Peter Thiel said that his “biggest mistake” during the last ten years “was getting too late and too little int…,1489616981661736966,2022-03-19 22:51:38+00:00,
46,1505316085691789320,We just know #XRP will moon #crypto #binance #cryptocurrency #bitcoin #btc https://t.co/XZXEX2c3Ui,1232401686523760647,2022-03-19 22:51:36+00:00,
47,1505316084634853384,"RT @airdropinspect: New airdrop: Polysports (PS1)
Total Reward: $12,000 worth of PS1
Rate: ⭐️⭐️⭐️⭐️
Winners: 1500 Random &amp; Top 300
Distribu…",1402696005280321539,2022-03-19 22:51:36+00:00,
48,1505316083905052677,"RT @Bergani43: @AltCryptoGems #shinja #ShinjaSeason
#DubaiExpo2022
#DubaiCryptoExpo

#DOJOSWAP listing #Token
#Selena_Inu
#flokimusk
#saita…",1502671018623750145,2022-03-19 22:51:36+00:00,
