,id,text,author_id,created_at,geo
0,1505313611534651396,RT @fyrewyre_: The harvest is exquisite🌽🌽 #NFT #NFTCommunity #Bitcoin #Ethereum $BTC $ETH #cryptocurrency #Crypto #BAYC #BoredApeYachtClub…,1360376618271784964,2022-03-19 22:41:47+00:00,
1,1505313608162373632,"RT @TheDustyBC: $45,000 #BITCOIN THIS WEEK?",371242712,2022-03-19 22:41:46+00:00,
2,1505313605922742275,"Ceek is the best, in metaverse projects. 
@CEEK

@HuobiGlobal

@FTX_Official

@krakenfx

@kucoincom

@binance

@coinbase

@Bybit_Official

#Metaverse #Ceek #btc #Bitcoin #altcoins #altcoinseason #BNB #AVAX #ETH #SOL #Holo #AVAX https://t.co/ss98X2hUaA",1473720675525353474,2022-03-19 22:41:45+00:00,
3,1505313604127625225,"RT @Btcexpertindia: New video
Big question when next Alt season? 4 Coins to watch | Quick #BITCOIN update 
https://t.co/OCtaYvA9Zn",1442735288,2022-03-19 22:41:45+00:00,
4,1505313602106019852,"RT @BTC_Archive: #Bitcoin at $42k 👀
Nice and steady…👌",550008459,2022-03-19 22:41:44+00:00,
5,1505313601506222086,"RT @ignitechain: Ignite🔥 IGT GameX

GameX protocols lowers the use of guest computing power and instead it uses cloud hosted graphical powe…",1467894517957373952,2022-03-19 22:41:44+00:00,
6,1505313601501999107,"The US suicided its status as the world reserve currency the moment it cut Russia off from Swift but most of the world is still oblivious to this fact…in a world of fiat currencies #Bitcoin is the victor…if you’re not paying attention, you probably should be https://t.co/z0lP49pJhD",1496611870169513985,2022-03-19 22:41:44+00:00,
7,1505313599665106945,"RT @CarolainCrypt0: #Bitcoin is worth 42K right now!!

And what are you going to invest in?  show me your great project x 100!👇🏻👇🏻 https://…",1421808627355029509,2022-03-19 22:41:44+00:00,
8,1505313595617583105,@CryptoKemal Over 84%+ Profits within 3 hour's from #Ethereum signal for free. telegram link: https://t.co/gVdeM5llC9 #binance #BTC  #Bitcoin https://t.co/ZaGvy8t5yy,4342856532,2022-03-19 22:41:43+00:00,
9,1505313593104994308,"RT @ffurknaydnn: @CryptoGemsCom Don’t missed #SHINJA 🥷🏿🔥
Buy Now and Happy later 🥷🏿🔥

#Shibnobi #Crypto #DeFi #BTC #SHIB #Ceek #AVAX #BNB
#…",1454678238295437314,2022-03-19 22:41:42+00:00,
10,1505313592626880515,RT @WatcherGuru: JUST IN: PayPal co-founder says the “biggest mistake I made in the last decade was getting too late and too little into #B…,178640620,2022-03-19 22:41:42+00:00,
11,1505313592295534598,"RT @binance: 💰 $10,000 giveaway 💰
 
Post your #BitcoinButton result to enter!
 
Rules:
🔸 Retweet this post
🔸 Follow @Binance
🔸 Play #Bitcoi…",186082977,2022-03-19 22:41:42+00:00,
12,1505313586348007424,"Bitcoin Average RSI is 53 ~ Neutral
Current Price: $41,805

#Bitcoin #BTC #RsiBitcoin $BTC https://t.co/CX9x7E7i36",1496984533631381505,2022-03-19 22:41:41+00:00,
13,1505313583944536064,"RT @BaarbariaaN: @BSCGemsAlert Don’t missed #SHINJA 🥷🏿🔥
Buy Now or Cry later 🥷🏿🔥

#Shibnobi #Crypto #DeFi #BTC #SHIB #Ceek #AVAX #BNB
#Ethe…",1454678238295437314,2022-03-19 22:41:40+00:00,
14,1505313583122755587,"RT @airdropinspect: New airdrop: Ubiquity DAO (USDT)
Total Reward: 2,500 USDT
Rate: ⭐️⭐️⭐️⭐️
Winners: 1,000 Random &amp; Top 100
Distribution:…",1446365215256313861,2022-03-19 22:41:40+00:00,
15,1505313582875041797,"RT @binance: 💰 $10,000 giveaway 💰
 
Post your #BitcoinButton result to enter!
 
Rules:
🔸 Retweet this post
🔸 Follow @Binance
🔸 Play #Bitcoi…",838995937,2022-03-19 22:41:40+00:00,
16,1505313581994180609,"RT @Bitboy_Crypto: If you own #Bitcoin,pat yourself on the back.

If you own #Ethereum, your great great grandchildren will one day build s…",90345302,2022-03-19 22:41:39+00:00,
17,1505313579632717831,"RT @elitecash_io: #Bitcoin and other #cryptocurrencies have certainly changed the way how we bank.

To understand #crypto, you must underst…",1503085938729455616,2022-03-19 22:41:39+00:00,
18,1505313577800183808,"RT @chitaglorya__: giveaway 200$ | 2,800,000 IDR

-- rt follow @flagnetwork_NFT 

-- rt &amp; quoted their pinned with   #FlagNetwork  #cryptoc…",1436712645915119617,2022-03-19 22:41:38+00:00,
19,1505313574537003008,"RT @adam3us: Mexico's 3rd richest billionaire, on his way to becoming Mexico's 🇲🇽 richest #bitcoin billionaire explains his plan ""buy bitco…",173467401,2022-03-19 22:41:38+00:00,
20,1505313574121783296,"RT @AirdropAchiever: New Airdrop: ABI Galaverse
Value: 100,000 ABI
Referral: Top 3 highest rewards
Winners: Top 2,500 
End Date: 26th March…",1437256481913593858,2022-03-19 22:41:38+00:00,
21,1505313570749403136,"RT @ffurknaydnn: @cryptogems555 Don’t missed #SHINJA 🥷🏿🔥
Buy Now and Happy later 🥷🏿🔥

#Shibnobi #Crypto #DeFi #BTC #SHIB #Ceek #AVAX #BNB
#…",1454678238295437314,2022-03-19 22:41:37+00:00,
22,1505313568140451846,"RT @Danology10: When #BTC maxis realize they can earn #Bitcoin on the #SAFEMOONEXCHANGE through #Cryptonomics......

""Wen volume"" will neve…",1396530794903089158,2022-03-19 22:41:36+00:00,
23,1505313561077235712,"@elonmusk 🏆Best of Arts

#OpenSeaPolygon #viral #FYP #NFT #NFTs #NFTCollection #NFTGiveaway #Giveaway #BTC #Bitcoin #Ethereum #ETH #cryptocurrency #win #drawing #painting #nature #photography #openseanfts 

🌐 Visit Black Morano
https://t.co/AZc6hF9rIA",1356643550281269258,2022-03-19 22:41:34+00:00,
24,1505313558594088960,"RT @CarolainCrypt0: #Bitcoin is worth 42K right now!!

And what are you going to invest in?  show me your great project x 100!👇🏻👇🏻 https://…",1473223281574494210,2022-03-19 22:41:34+00:00,
25,1505313558158102533,"RT @Jayecane: sent you money #Bitcoin @mansoori_shifa who’s next , Rt + done",1439650111823532038,2022-03-19 22:41:34+00:00,
26,1505313553745469440,"RT @LandianMeta: While virtual interactions can happen anytime online, Landīan cafes, which will be financed and built by The Landīan Commu…",1386460253710000129,2022-03-19 22:41:33+00:00,
27,1505313552235651077,"RT @EtherNasyonaL: #Bitcoin dominance is falling ⬇️

#Altcoin dominance is rising ⬆️

#Altseason2022 WILL BE EPIC🔥🚀

Drive away the dry noi…",1487495440601858048,2022-03-19 22:41:32+00:00,
28,1505313550503403525,"RT @itsdappsy: 📌 @BTCST2020  will be listed on Dappsy.

✅ https://t.co/Jxn6IVobSV is a SocialFi platform launching this month. Anonymous So…",1447268307523055620,2022-03-19 22:41:32+00:00,
29,1505313541347237892,"RT @DocumentingBTC: Hal Finney was a pioneer, cypherpunk, and the first to receive a #bitcoin  transaction from Satoshi Nakamoto. Hal gave…",214134218,2022-03-19 22:41:30+00:00,
30,1505313539833348096,RT @HoodBitcoin: Shirts And Hoodie’s in Now Order Now #Bitcoin #streetwear #Hoodwear #tshirts #Hoodies https://t.co/njvu7NeYut,1431540244143239168,2022-03-19 22:41:29+00:00,
31,1505313533680041984,"Ceek is the best, in metaverse projects. 
@CEEK

@HuobiGlobal

@FTX_Official

@krakenfx

@kucoincom

@binance

@coinbase

@Bybit_Official

#Metaverse #Ceek #btc #Bitcoin #altcoins #altcoinseason #BNB #AVAX #ETH #SOL #Holo #AVAX https://t.co/Hd4UoFEvIZ",1473720675525353474,2022-03-19 22:41:28+00:00,
32,1505313533549957122,"RT @YupVerse: ✔️ YupVerse Airdrop (New Round) is live!

🔵 Airdrop Reward: Up to 10 Million YuP (~$5)

🔵 Referral Reward: 2 Million YuP (~$1…",1198165822897672198,2022-03-19 22:41:28+00:00,
33,1505313531817873409,"RT @AirdropStario: 💧 Hero Arena Airdrop 💧

📍 Listed on: CoinMarketCap, PancakeSwap

🏆 Task: ➕  100 HERA (~$4) for 3000 random participants…",1434371609939398656,2022-03-19 22:41:28+00:00,
34,1505313530572156930,"RT @OnChainCollege: The last time the #Bitcoin Balance on Exchanges was this low was 1,229 days (or 3 1/3 years) ago. https://t.co/zCvbkO64…",766994654558621696,2022-03-19 22:41:27+00:00,
35,1505313529225789440,RT @BitcoinMagazine: The revolution can not be stopped. #Bitcoin https://t.co/J51qviTWId,214134218,2022-03-19 22:41:27+00:00,
36,1505313528915566592,"RT @airdropinspect: New airdrop: Prizefighter (RING)
Total Reward: $5,000 worth of RING
Rate: ⭐️⭐️⭐️⭐️
Winners: 1,000 Random &amp; Top 100
Dist…",1452271878215766023,2022-03-19 22:41:27+00:00,
37,1505313524280610818,"RT @sajjad_hachol: ➡️ @CONNECTORCOIN ⬅️
Good Project 👌👌👌
#crypto #bitcoin 
#CONNECTORCOIN 
#ctco $bnb $bsc 
$ctco #bnb 
@Rocket__crypto
🎗 @…",1474460994323767302,2022-03-19 22:41:26+00:00,
38,1505313522514866182,"@DjPrestigeUk Is the #Bitcoin #NASDAQ #SPX rally forreal?

https://t.co/jsHzVLGfRU https://t.co/kWWLUDTHFy",3049373824,2022-03-19 22:41:25+00:00,
39,1505313522502275077,"@saifedean @jimofl @JasonPLowery And since miners can decide who has the longest chain, they are fundamental for preventing bad change at the protocol itself. 
That's why it become a geopolitical matter, in case #Bitcoin is adopted by governments.",962355854,2022-03-19 22:41:25+00:00,
40,1505313518546919424,"RT @TheCryptoLaunch: 💥The Crypto Launchpad Giveaway💥

🏆 Task: Up to $50 worth of TCL Partners' Tokens.

👨‍👩‍👧 Referral: $25 worth of TCL Pa…",1504328767116050435,2022-03-19 22:41:24+00:00,
41,1505313514243641358,"RT @AirdropStario: 💧 ABI GALAVERSE Airdrop 💧

🏆 Task:         ➕ 20 ABI for 1500 random participants each.

👨‍👩‍👧 Referral:   ➕ 70,000 ABI f…",1434371609939398656,2022-03-19 22:41:23+00:00,
42,1505313513669300226,"RT @DailyCryptoTrad: 🔥#MultiVAC #MTV Huge Potential Blockchain - REALISTIC WYCKOFF THEORY PART 3 LIVE in 15 mins.
#cryptocurrecy #cryptotra…",954375081324621824,2022-03-19 22:41:23+00:00,
43,1505313513199259652,JUST IN: PayPal co-founder says the “biggest mistake I made in the last decade was getting too late and too little into #Bitcoin .”,798666492380348416,2022-03-19 22:41:23+00:00,
44,1505313509118251017,"@elonmusk 🏆Best of Arts

#OpenSeaPolygon #viral #FYP #NFT #NFTs #NFTCollection #NFTGiveaway #Giveaway #BTC #Bitcoin #Ethereum #ETH #cryptocurrency #win #drawing #painting #nature #photography #openseanfts 

🌐 Visit Black Morano
https://t.co/AZc6hF9rIA",1356643550281269258,2022-03-19 22:41:22+00:00,
45,1505313507998375941,RT @BitcoinMagazine: The revolution can not be stopped. #Bitcoin https://t.co/J51qviTWId,431222016,2022-03-19 22:41:22+00:00,
46,1505313506739904512,"westbeachmusic found #bitcoin in a User vault at this location! Join me playing #coinhuntworld, It's awesome! https://t.co/Vy9guRWDNS #cryptocurrency #9262 https://t.co/PBtDXqN5L3",2449956582,2022-03-19 22:41:22+00:00,
47,1505313506358284292,"RT @TheMoonCarl: Do you own a whole #Bitcoin?

No           Maybe         Yes
👇            👇                👇",1176446302382477313,2022-03-19 22:41:21+00:00,
48,1505313505544708100,RT @saylor: You do not sell your #bitcoin.  https://t.co/LJNgJeWxvR,176745421,2022-03-19 22:41:21+00:00,
49,1505313500587036678,RT @Breedlove22: Who wants to see @adam3us and @JasonPLowery on The @WhatisMoneyShow for an in-depth conversation on the geopolitical aspec…,1457054934533279747,2022-03-19 22:41:20+00:00,
