,id,text,author_id,created_at,geo
0,1505330979740819457,"RT @JohnEDeaton1: If @VitalikButerin, @ethereumJoseph, @ConsenSys, etc were to disappear to the Bahamas, would #ETH survive? 

Several mont…",1303829976257527814,2022-03-19 23:50:47+00:00,
1,1505330979124129792,Get IN now don't be LATE #xrp #binance #cryptocurrency #bitcoin https://t.co/KoOm3wOPIg,1443643263785840644,2022-03-19 23:50:47+00:00,
2,1505330978117627908,"RT @Nftbooks_fan3: @Navid18714913 @SpyWolfNetwork Scammers.....
You can hear the sound of our wolves breathing behind you. There is little…",1478271393687080963,2022-03-19 23:50:47+00:00,
3,1505330975361970176,"@BluesparrowC @bitfinex @BlueSparrowETH #BlueSparrow is a bridge between the stock market and crypto .. You will have both in the Blue Sparrow CEX
@BlueSparrowETH
@BluesparrowC
#BluesparrowCEX
#ETH
#BlueSparrow
#BlueSparrowtoken
#BlueSparrowCommunity
#bitcoin
#BestDrawToken
#Bluesparrowcharity
#Web3
#NFT
49 https://t.co/MVuq9xfijV",1494393507619946498,2022-03-19 23:50:46+00:00,
4,1505330975122804737,"/2
#Bitcoin on March, 5th 2021 https://t.co/tUsM710hAg",1192221279698505728,2022-03-19 23:50:46+00:00,
5,1505330974590185482,XRP is getting ready to take off to the moon! #altcoin #bitcoin #binance #xrp #ripple https://t.co/Alxaqey1Lb,414074596,2022-03-19 23:50:46+00:00,
6,1505330971859640321,"RT @mortezashahmo66: @Navid18714913 @SpyWolfNetwork Scammers.....
You can hear the sound of our wolves breathing behind you. There is littl…",1478271393687080963,2022-03-19 23:50:46+00:00,
7,1505330971662462976,"In Japan, #XRP is religion. I love it! All works! #eth #ethereum #binance #bitcoin btc #ripple #crypto #cryptocurrency https://t.co/Bf9Kukn1V2",903002468480684036,2022-03-19 23:50:45+00:00,
8,1505330970462855171,"RT @Tizarrr: i hope you can catch a new dank https://t.co/mxmkrOaT5q it's DANK! 
#NFT #NFTS #NFTCollection #nftart #Bitcoin #CounterpartyXC…",1434578903591538691,2022-03-19 23:50:45+00:00,
9,1505330970391719936,"#Bitcoin has done something which hasn't been done since last year 💥

1/

#BTC has successfully built SEVEN (7) consecutive higher local bottoms (with higher Lows)

The last time such a pattern has been built was back in March 5th, 2021 - which has led $BTC to it's first ATH! https://t.co/PTjUqkJ3Cv",1192221279698505728,2022-03-19 23:50:45+00:00,
10,1505330970240552960,"RT @airdropinspect: New airdrop: Fracproperty X PriMetaProp(FRAC)
Total Reward: $10,000 worth of FRAC 
Rate: ⭐️⭐️⭐️⭐️
Winners: 2000 Random…",1430894001629007882,2022-03-19 23:50:45+00:00,
11,1505330968692932619,We just know #XRP will moon #crypto #binance #cryptocurrency #bitcoin #btc https://t.co/g33GeBCDAk,2855785765,2022-03-19 23:50:45+00:00,
12,1505330966256136192,The strongest bullish signal flashed for #XRP #bitcoin #btc #ethereum #eth https://t.co/kg9Y9xl5ND,871963865352941568,2022-03-19 23:50:44+00:00,
13,1505330966142894080,"RT @Sohrab12915210: @Navid18714913 @SpyWolfNetwork Scammers.....
You can hear the sound of our wolves breathing behind you. There is little…",1478271393687080963,2022-03-19 23:50:44+00:00,
14,1505330965371043841,RT @saylor: You do not sell your #bitcoin.  https://t.co/LJNgJeWxvR,54054964,2022-03-19 23:50:44+00:00,
15,1505330963278094340,"RT @Revolotto: 🏏World's Dangerous Cricketer
Greatest Batsman of All-time in Cricket

🌎Universe Boss - Chris Gayle extending his support and…",892470815274520578,2022-03-19 23:50:43+00:00,
16,1505330963265564687,"RT @BTC_Archive: #Bitcoin at $42k 👀
Nice and steady…👌",97979745,2022-03-19 23:50:43+00:00,
17,1505330962774867971,XRP is getting ready to take off to the moon! #altcoin #bitcoin #binance #xrp #ripple https://t.co/93cocx3yrH,1462548499002802179,2022-03-19 23:50:43+00:00,
18,1505330962242146308,"RT @CryptoWWoman: #ETHSHIB is more bullish than #bitcoin … prove me wrong 😈

@eth_shiba #shib https://t.co/9jgRu4w6DE",3362656787,2022-03-19 23:50:43+00:00,
19,1505330961415696384,We just know #XRP will moon #crypto #binance #cryptocurrency #bitcoin #btc https://t.co/DotkAUcpXm,1285493803126751233,2022-03-19 23:50:43+00:00,
20,1505330960845340673,"$CATS Making History - Buy now or cry later #Cryptocurrency #Crypto #Binance #catcoinbsc #bitcoin #reflections 

@Catcoin

#Catcoin #NFTs #community https://t.co/ny6O75dZqH",1485624877671333892,2022-03-19 23:50:43+00:00,
21,1505330958383284225,Get IN now don't be LATE #xrp #binance #cryptocurrency #bitcoin https://t.co/lHFkhyCS1W,1453712872203227140,2022-03-19 23:50:42+00:00,
22,1505330957657808902,We just know #XRP will moon #crypto #binance #cryptocurrency #bitcoin #btc https://t.co/0JmHG3VCf1,864147289081876481,2022-03-19 23:50:42+00:00,
23,1505330954973642755,"RT @airdropinspect: New airdrop: Ground Zero
Total Reward: $200,000 worth of rewards
Rate:⭐️⭐️⭐️⭐️
Winners: 2,000 Random
Distribution: Befo…",1299303739,2022-03-19 23:50:42+00:00,
24,1505330954277371907,"RT @Revolotto: 🏏World's Dangerous Cricketer
Greatest Batsman of All-time in Cricket

🌎Universe Boss - Chris Gayle extending his support and…",2908265922,2022-03-19 23:50:41+00:00,
25,1505330954008600580,XRP is getting ready to take off to the moon! #altcoin #bitcoin #binance #xrp #ripple https://t.co/2ONNv3rKsJ,1441901690270019589,2022-03-19 23:50:41+00:00,
26,1505330948732162049,"n Japan, #XRP is religion. I love it! All works! #eth #ethereum #binance #bitcoin btc #ripple #crypto #cryptocurrency

https://t.co/tFmc5CYQuj",1432429943934365704,2022-03-19 23:50:40+00:00,
27,1505330947956215810,"RT @AirdropDet: 🔍 New #Airdrop: YupVerse

💲 Reward: Up to 10M YuP (~$5) + 2M YuP (~$1,000) referral pool

🔴 Start the airdrop bot https://t…",1492267119643226112,2022-03-19 23:50:40+00:00,
28,1505330945267691520,"RT @Revolotto: 🏏World's Dangerous Cricketer
Greatest Batsman of All-time in Cricket

🌎Universe Boss - Chris Gayle extending his support and…",1459569136669900803,2022-03-19 23:50:39+00:00,
29,1505330945200635908,"RT @binance: 💰 $10,000 giveaway 💰
 
Post your #BitcoinButton result to enter!
 
Rules:
🔸 Retweet this post
🔸 Follow @Binance
🔸 Play #Bitcoi…",1019870073215909893,2022-03-19 23:50:39+00:00,
30,1505330944160329729,"We just know #XRP will moon #crypto #binance #cryptocurrency #bitcoin #btc

https://t.co/fYi1EiB3QT",881198017,2022-03-19 23:50:39+00:00,
31,1505330940171726860,RT @Rohamhb: @Navid18714913 @SpyWolfNetwork Security is the most valuable asset that is not easily obtained. Our eyes are always open. So t…,1478271393687080963,2022-03-19 23:50:38+00:00,
32,1505330938607288320,"@BluesparrowC @bitfinex @BlueSparrowETH #BlueSparrow is a bridge between the stock market and crypto .. You will have both in the Blue Sparrow CEX
@BlueSparrowETH
@BluesparrowC
#BluesparrowCEX
#ETH
#BlueSparrow
#BlueSparrowtoken
#BlueSparrowCommunity
#bitcoin
#BestDrawToken
#Bluesparrowcharity
#Web3
#NFT
48 https://t.co/QH7y2E0kpf",1494393507619946498,2022-03-19 23:50:38+00:00,
33,1505330938086973452,We just know #XRP will moon #crypto #binance #cryptocurrency #bitcoin #btc https://t.co/KY4j1FM5X4,1352544192136945664,2022-03-19 23:50:37+00:00,
34,1505330933334876163,XRP is getting ready to take off to the moon! #altcoin #bitcoin #binance #xrp #ripple https://t.co/7bR97xOwIZ,2915780677,2022-03-19 23:50:36+00:00,
35,1505330932307447809,We just know #XRP will moon #crypto #binance #cryptocurrency #bitcoin #btc https://t.co/7yS7oKzKAG,1076561974769659904,2022-03-19 23:50:36+00:00,
36,1505330930407424000,"RT @rovercrc: WARNING⚠️ IF #BITCOIN BREAKS $42,500 WE WILL GO PARABOLIC!!",3420170151,2022-03-19 23:50:36+00:00,
37,1505330930390601729,"In Japan, #XRP is religion. I love it! All works! #eth #ethereum #binance #bitcoin btc #ripple #crypto #cryptocurrency https://t.co/vwQsYkPveM",178705730,2022-03-19 23:50:36+00:00,
38,1505330925583933447,@Jazy_Crypto Love that $QNT but I will never forget my first love #bitcoin ;),2855311463,2022-03-19 23:50:35+00:00,
39,1505330924598276103,"In Japan, #XRP is religion. I love it! All works! #eth #ethereum #binance #bitcoin btc #ripple #crypto #cryptocurrency https://t.co/plavUq4hLI",2982274116,2022-03-19 23:50:34+00:00,
40,1505330921851047940,"In Japan, #XRP is religion. I love it! All works! #eth #ethereum #binance #bitcoin btc #ripple #crypto #cryptocurrency https://t.co/8pT5gcbfWS",1108330973324824577,2022-03-19 23:50:34+00:00,
41,1505330920391421954,Get IN now don't be LATE #xrp #binance #cryptocurrency #bitcoin https://t.co/1pTfi6JSqp,1325133028927025152,2022-03-19 23:50:33+00:00,
42,1505330920391282689,The strongest bullish signal flashed for #XRP #bitcoin #btc #ethereum #eth https://t.co/id2Dia02ck,395154154,2022-03-19 23:50:33+00:00,
43,1505330919879720975,"RT @ICOAnnouncement: 🎙 New Project

🔷 IotexPad (TEX)

🔶 IotexPad aims to be the first decentralized IDO platform based on the Iotex chain.…",1242472153380843522,2022-03-19 23:50:33+00:00,
44,1505330915504902146,"RT @chitaglorya__: giveaway 200$ | 2,800,000 IDR

-- rt follow @flagnetwork_NFT 

-- rt &amp; quoted their pinned with   #FlagNetwork  #cryptoc…",1498904482544947201,2022-03-19 23:50:32+00:00,
45,1505330915081347075,RT @BitcoinMagazine: The revolution can not be stopped. #Bitcoin https://t.co/J51qviTWId,912378531719651329,2022-03-19 23:50:32+00:00,
46,1505330912703172616,"RT @TheMoonCarl: Holding fiat will turn billionaires into millionaires.

HODLing #Bitcoin will turn millionaires into ₿illionaires.",1499541191582441474,2022-03-19 23:50:31+00:00,
47,1505330912422248456,"RT @AirdropDet: 🔍 New #Airdrop: YupVerse

💲 Reward: Up to 10M YuP (~$5) + 2M YuP (~$1,000) referral pool

🔴 Start the airdrop bot https://t…",4703780322,2022-03-19 23:50:31+00:00,
48,1505330911839145984,"In Japan, #XRP is religion. I love it! All works! #eth #ethereum #binance #bitcoin btc #ripple #crypto #cryptocurrency https://t.co/xGXnHPybFc",807864307438485504,2022-03-19 23:50:31+00:00,
49,1505330911092801536,"RT @airdropinspect: New airdrop: Prizefighter (RING)
Total Reward: $5,000 worth of RING
Rate: ⭐️⭐️⭐️⭐️
Winners: 1,000 Random &amp; Top 100
Dist…",1299303739,2022-03-19 23:50:31+00:00,
