,id,text,author_id,created_at,geo
0,1505316887101648900,XRP is getting ready to take off to the moon! #altcoin #bitcoin #binance #xrp #ripple https://t.co/rzTQnDxOJp,1046289852134711297,2022-03-19 22:54:47+00:00,
1,1505316885277003778,"RT @TheCryptoLaunch: 💥The Crypto Launchpad Giveaway💥

🏆 Task: Up to $50 worth of TCL Partners' Tokens.

👨‍👩‍👧 Referral: $25 worth of TCL Pa…",1478591267693293568,2022-03-19 22:54:47+00:00,
2,1505316884966785025,RT @WatcherGuru: JUST IN: PayPal co-founder says the “biggest mistake I made in the last decade was getting too late and too little into #B…,1479077372137775113,2022-03-19 22:54:47+00:00,
3,1505316884408901635,"In Japan, #XRP is religion. I love it! All works! #eth #ethereum #binance #bitcoin btc #ripple #crypto #cryptocurrency https://t.co/ToO2oqi1yR",590124357,2022-03-19 22:54:47+00:00,
4,1505316884283105288,"In Japan, #XRP is religion. I love it! All works! #eth #ethereum #binance #bitcoin btc #ripple #crypto #cryptocurrency https://t.co/SUR8K5q5tB",1276127175272550401,2022-03-19 22:54:47+00:00,
5,1505316882831843332,The strongest bullish signal flashed for #XRP #bitcoin #btc #ethereum #eth https://t.co/pMQEXQ5lq7,1443836068168486913,2022-03-19 22:54:46+00:00,
6,1505316881355395078,"In Japan, #XRP is religion. I love it! All works! #eth #ethereum #binance #bitcoin btc #ripple #crypto #cryptocurrency https://t.co/sjw8Xv6ZhR",802338458,2022-03-19 22:54:46+00:00,
7,1505316879765757953,The strongest bullish signal flashed for #XRP #bitcoin #btc #ethereum #eth https://t.co/dmkxacuFRF,1445763103019307008,2022-03-19 22:54:46+00:00,
8,1505316877907767301,The strongest bullish signal flashed for #XRP #bitcoin #btc #ethereum #eth https://t.co/Brkgu91nBi,1320931949880508419,2022-03-19 22:54:45+00:00,
9,1505316876066430983,"RT @AirdropStario: 💧 SafeWallet Airdrop 💧

🏆 Task:        ➕ 175 SLT (~$3.5) for 1000 random participants

👨‍👩‍👧 Referral: ➕ 30,000 SLT (~$6…",1482312087938473984,2022-03-19 22:54:45+00:00,
10,1505316875999264768,"In Japan, #XRP is religion. I love it! All works! #eth #ethereum #binance #bitcoin btc #ripple #crypto #cryptocurrency https://t.co/TJE9r4Tzmt",127470773,2022-03-19 22:54:45+00:00,
11,1505316875017723905,"RT @CarolainCrypt0: #Bitcoin is worth 42K right now!!

And what are you going to invest in?  show me your great project x 100!👇🏻👇🏻 https://…",1473781354839957504,2022-03-19 22:54:45+00:00,
12,1505316874611048449,XRP is getting ready to take off to the moon! #altcoin #bitcoin #binance #xrp #ripple https://t.co/hljsZx4TK4,2976097163,2022-03-19 22:54:44+00:00,
13,1505316874296311810,The strongest bullish signal flashed for #XRP #bitcoin #btc #ethereum #eth https://t.co/JuGgJFvOJu,1327263881077657600,2022-03-19 22:54:44+00:00,
14,1505316874082566147,The strongest bullish signal flashed for #XRP #bitcoin #btc #ethereum #eth https://t.co/01bhBB40EM,1455094749115805701,2022-03-19 22:54:44+00:00,
15,1505316873193279490,"RT @BTCTN: ""#Bitcoin is trending to be a more resilient alternative option to hedge against fiat-currency inflation,"" said the U.S. lawmake…",1489616981661736966,2022-03-19 22:54:44+00:00,
16,1505316873172238338,"RT @TheMoonCarl: Do you own a whole #Bitcoin?

No           Maybe         Yes
👇            👇                👇",1488443432477421570,2022-03-19 22:54:44+00:00,
17,1505316871628681223,We just know #XRP will moon #crypto #binance #cryptocurrency #bitcoin #btc https://t.co/V1iS19j3g4,3307016507,2022-03-19 22:54:44+00:00,
18,1505316871524032513,The strongest bullish signal flashed for #XRP #bitcoin #btc #ethereum #eth https://t.co/NtNyXcvdQH,1355770832337870848,2022-03-19 22:54:44+00:00,
19,1505316868894064643,The strongest bullish signal flashed for #XRP #bitcoin #btc #ethereum #eth https://t.co/1Q6sNi5ixq,1145698142417035264,2022-03-19 22:54:43+00:00,
20,1505316868575408130,"Make money! Prosecute scammers! All at the same time 
Make passive income in BNB rewards for holding $SPY!
Your rewards accumulate in a pool and then delivered straight to your wallet every few days!
@SpyWolfNetwork $SPY #spywolf #bnb #bscgem #binance #bitcoin #ethereum 66v1s",1473764166099947527,2022-03-19 22:54:43+00:00,
21,1505316867799457792,The strongest bullish signal flashed for #XRP #bitcoin #btc #ethereum #eth https://t.co/RxHUU9IM0j,848454535169421312,2022-03-19 22:54:43+00:00,
22,1505316866671083521,Get IN now don't be LATE #xrp #binance #cryptocurrency #bitcoin https://t.co/VX51IxbhUt,1329615544308224000,2022-03-19 22:54:43+00:00,
23,1505316866511843328,Get IN now don't be LATE #xrp #binance #cryptocurrency #bitcoin https://t.co/G9QqXXnVrz,1422255257942470661,2022-03-19 22:54:43+00:00,
24,1505316865639424005,"Analyst Lucy: I apply the principle of ""total quality"" in my analysis processes: ""right from the first time"", so as not to have to restart everything halfway.#cryptocurrency #CryptoCurrencies #Bitcoin #Ethereum #NFT #NFTs #NFTCommunity #OtherEconomy #OtraEconomia #Metaverse #Gold https://t.co/u2PHd7HNSp",1346218395310710786,2022-03-19 22:54:42+00:00,
25,1505316865484091393,XRP is getting ready to take off to the moon! #altcoin #bitcoin #binance #xrp #ripple https://t.co/mmBj1GsGWD,63873026,2022-03-19 22:54:42+00:00,
26,1505316865106604032,Get IN now don't be LATE #xrp #binance #cryptocurrency #bitcoin https://t.co/m5SN28nmIv,1416721453563531271,2022-03-19 22:54:42+00:00,
27,1505316861415591940,RT @saylor: You do not sell your #bitcoin.  https://t.co/LJNgJeWxvR,1446845928141299715,2022-03-19 22:54:41+00:00,
28,1505316860337790990,"RT @mohamadir71: @sietseesteis ➡️ @CONNECTORCOIN ⬅️
Good Project 👌👌👌
#crypto #bitcoin 
#CONNECTORCOIN 
#ctco $bnb $bsc 
$ctco #bnb #cryptoc…",1474460994323767302,2022-03-19 22:54:41+00:00,
29,1505316859855339523,"@BluesparrowC @bitfinex @BlueSparrowETH #BlueSparrow is a bridge between the stock market and crypto .. You will have both in the Blue Sparrow CEX
@BlueSparrowETH
@BluesparrowC
#BluesparrowCEX
#ETH
#BlueSparrow
#BlueSparrowtoken
#BlueSparrowCommunity
#bitcoin
#BestDrawToken
#Bluesparrowcharity
#Web3
#NFT🦋33",1488095143685234688,2022-03-19 22:54:41+00:00,
30,1505316859700207624,"RT @ConnectorCoin: TOLD YA 🚀 AND THIS IS JUST THE BEGINNING! 

WE ARE NOT DONE FOR TODAY! 🔥 AND THE NEXT MONTHS WILL BE EPIC! JOIN THE RIDE…",1502332700602126341,2022-03-19 22:54:41+00:00,
31,1505316856831352833,"RT @valerarubanik: MY #ETH  ADRESS PLEASE DONATE 😊

0x7Ad63E99974F4D7A027799FFA0d4ACE4603D7275

MY #Bitcoin  ADRESS PLEASE DONATE 😊

bc1qxw…",224181896,2022-03-19 22:54:40+00:00,
32,1505316855975612417,Get IN now don't be LATE #xrp #binance #cryptocurrency #bitcoin https://t.co/4ED6pO9e7s,1150628834171072512,2022-03-19 22:54:40+00:00,
33,1505316855455510530,"In Japan, #XRP is religion. I love it! All works! #eth #ethereum #binance #bitcoin btc #ripple #crypto #cryptocurrency https://t.co/O4RzJVnOo1",1480226056816582664,2022-03-19 22:54:40+00:00,
34,1505316854490882054,"We are @SpyWolfNetwork and we are here to clean up the crypto space and to make you
 
https://t.co/1Mo7qdcgFO is our anti-scam and SAFU investment portal. IT'S THE 1ST PLACE TO GO FOR DYOR!
@SpyWolfNetwork $SPY #spywolf #bnb #bscgem #binance #bitcoin onkns",1473764166099947527,2022-03-19 22:54:40+00:00,
35,1505316852934840326,"RT @AirdropDet: 🔍 New #Airdrop: YupVerse

💲 Reward: Up to 10M YuP (~$5) + 2M YuP (~$1,000) referral pool

🔴 Start the airdrop bot https://t…",1459992799118512129,2022-03-19 22:54:39+00:00,
36,1505316850649165827,"RT @AirdropStario: 💧 SafeWallet Airdrop 💧

🏆 Task:        ➕ 175 SLT (~$3.5) for 1000 random participants

👨‍👩‍👧 Referral: ➕ 30,000 SLT (~$6…",1405213201734668294,2022-03-19 22:54:39+00:00,
37,1505316850548322308,"In Japan, #XRP is religion. I love it! All works! #eth #ethereum #binance #bitcoin btc #ripple #crypto #cryptocurrency https://t.co/eQodClteK4",886629171090251776,2022-03-19 22:54:39+00:00,
38,1505316849218596865,We just know #XRP will moon #crypto #binance #cryptocurrency #bitcoin #btc https://t.co/O58Y7iAF30,1367565477799743494,2022-03-19 22:54:38+00:00,
39,1505316846181834752,The strongest bullish signal flashed for #XRP #bitcoin #btc #ethereum #eth https://t.co/goPKijrlME,1451937191186374668,2022-03-19 22:54:38+00:00,
40,1505316845925982209,The strongest bullish signal flashed for #XRP #bitcoin #btc #ethereum #eth https://t.co/5Yixr6ekJF,1419767162282127361,2022-03-19 22:54:38+00:00,
41,1505316845456404483,"The $Eth 🐐 

Put some respect on his name 

#Vitalik #eth #Bitcoin #crypto https://t.co/OOI0clRHN9",229265588,2022-03-19 22:54:38+00:00,
42,1505316842818215940,Get IN now don't be LATE #xrp #binance #cryptocurrency #bitcoin https://t.co/k9LQay36M2,1280403695054868481,2022-03-19 22:54:37+00:00,
43,1505316841719099394,"@BluesparrowC @bitfinex @BlueSparrowETH #BlueSparrow is a bridge between the stock market and crypto .. You will have both in the Blue Sparrow CEX
@BlueSparrowETH
@BluesparrowC
#BluesparrowCEX
#ETH
#BlueSparrow
#BlueSparrowtoken
#BlueSparrowCommunity
#bitcoin
#BestDrawToken
#Bluesparrowcharity
#Web3
#NFT🦋32",1488095143685234688,2022-03-19 22:54:37+00:00,
44,1505316840905457666,"@BluesparrowC @bitfinex @BlueSparrowETH #BlueSparrow is a bridge between the stock market and crypto .. You will have both in the Blue Sparrow CEX
@BlueSparrowETH
@BluesparrowC
#BluesparrowCEX
#ETH
#BlueSparrow
#BlueSparrowtoken
#BlueSparrowCommunity
#bitcoin
#BestDrawToken
#Bluesparrowcharity
#Web3
#NFT🦋31",1488095143685234688,2022-03-19 22:54:36+00:00,
45,1505316840888803330,XRP is getting ready to take off to the moon! #altcoin #bitcoin #binance #xrp #ripple https://t.co/eeF6fSCHCv,1460132229573603332,2022-03-19 22:54:36+00:00,
46,1505316840557486080,The strongest bullish signal flashed for #XRP #bitcoin #btc #ethereum #eth https://t.co/RVEkSplvMb,1330159825033060355,2022-03-19 22:54:36+00:00,
47,1505316840318271490,"@BluesparrowC @bitfinex @BlueSparrowETH #BlueSparrow is a bridge between the stock market and crypto .. You will have both in the Blue Sparrow CEX
@BlueSparrowETH
@BluesparrowC
#BluesparrowCEX
#ETH
#BlueSparrow
#BlueSparrowtoken
#BlueSparrowCommunity
#bitcoin
#BestDrawToken
#Bluesparrowcharity
#Web3
#NFT🦋30",1488095143685234688,2022-03-19 22:54:36+00:00,
48,1505316839915544578,"@BluesparrowC @bitfinex @BlueSparrowETH #BlueSparrow is a bridge between the stock market and crypto .. You will have both in the Blue Sparrow CEX
@BlueSparrowETH
@BluesparrowC
#BluesparrowCEX
#ETH
#BlueSparrow
#BlueSparrowtoken
#BlueSparrowCommunity
#bitcoin
#BestDrawToken
#Bluesparrowcharity
#Web3
#NFT🦋29",1488095143685234688,2022-03-19 22:54:36+00:00,
