,id,text,author_id,created_at,geo
0,1505319149932879883,I just voted in #okornotok from @Okcoin — submit your votes &amp; tweet about it for a chance to win 12k in #bitcoin.   It's all right here: 👇 https://t.co/dDKjIZFKCk,1238896149181992960,2022-03-19 23:03:47+00:00,
1,1505319146346942464,"RT @airdropinspect: New airdrop: Skygard Game
Total Reward: 1100 NFTs
Rate: ⭐️⭐️⭐️⭐️
Winners: 1,000 Random &amp; 100 Top
Distribution: within 1…",1385527006293491712,2022-03-19 23:03:46+00:00,
2,1505319144136507392,"@bradmillscan @TheKeyMaker_21 Progressive bitcoiner: one who progressively stacks sats 

😜

#bitcoin",131649303,2022-03-19 23:03:46+00:00,
3,1505319143838568457,"@Bitboy_Crypto A great leader would cancel the central bank and tell all the citizens and corporations to stack as much #Bitcoin   It would b the strongest nation on earth All.
Thanks to @Cryptofundedtra for making my bitcoin dream come through! I have added massively to my holdings

Followhim",785820006781116418,2022-03-19 23:03:46+00:00,
4,1505319142366212099,"RT @AirdropDet: 🔍 New #Airdrop: YupVerse

💲 Reward: Up to 10M YuP (~$5) + 2M YuP (~$1,000) referral pool

🔴 Start the airdrop bot https://t…",258446937,2022-03-19 23:03:45+00:00,
5,1505319141930065928,Get IN now don't be LATE #xrp #binance #cryptocurrency #bitcoin https://t.co/6BMI1HUeNQ,3142302485,2022-03-19 23:03:45+00:00,
6,1505319141833588744,We just know #XRP will moon #crypto #binance #cryptocurrency #bitcoin #btc https://t.co/C3weQv0TUn,1280245523316903937,2022-03-19 23:03:45+00:00,
7,1505319141632540674,"In Japan, #XRP is religion. I love it! All works! #eth #ethereum #binance #bitcoin btc #ripple #crypto #cryptocurrency https://t.co/FgsMDsAYVr",1301037124079112192,2022-03-19 23:03:45+00:00,
8,1505319139602153472,"RT @CarolainCrypt0: #Bitcoin is worth 42K right now!!

And what are you going to invest in?  show me your great project x 100!👇🏻👇🏻 https://…",1434522682033270785,2022-03-19 23:03:45+00:00,
9,1505319139262578700,"In Japan, #XRP is religion. I love it! All works! #eth #ethereum #binance #bitcoin btc #ripple #crypto #cryptocurrency https://t.co/dkeLPnpR60",1118104184526532609,2022-03-19 23:03:44+00:00,
10,1505319136095703043,"RT @AirdropStario: 💧 Hero Arena Airdrop 💧

📍 Listed on: CoinMarketCap, PancakeSwap

🏆 Task: ➕  100 HERA (~$4) for 3000 random participants…",1385639385178075137,2022-03-19 23:03:44+00:00,
11,1505319134166327299,"RT @chitaglorya__: giveaway 200$ | 2,800,000 IDR

-- rt follow @flagnetwork_NFT 

-- rt &amp; quoted their pinned with   #FlagNetwork  #cryptoc…",1494886867380015108,2022-03-19 23:03:43+00:00,
12,1505319133839302673,Get IN now don't be LATE #xrp #binance #cryptocurrency #bitcoin https://t.co/HPM5XBJ8NV,1478696324157435904,2022-03-19 23:03:43+00:00,
13,1505319133549936641,"@TwitterMktg @radin792 How amazing can it be?  #Bluesparrow Native Token for Centralized Exchange with focus on both the stock &amp; crypto market
@BlueSparrowETH
@BluesparrowC
#BluesparrowCEX
#ETH
#BlueSparrow
#BlueSparrowtoken
#BlueSparrowCommunity
#bitcoin
#BestDrawToken
#Bluespa۹۰۲ https://t.co/b8X1Vxu39o",1450929819135328256,2022-03-19 23:03:43+00:00,
14,1505319132136452099,The strongest bullish signal flashed for #XRP #bitcoin #btc #ethereum #eth https://t.co/oTKkODicNJ,1447443415319207941,2022-03-19 23:03:43+00:00,
15,1505319131666649093,Get IN now don't be LATE #xrp #binance #cryptocurrency #bitcoin https://t.co/8ZnvLC4acE,1477181986817069057,2022-03-19 23:03:43+00:00,
16,1505319131524083713,"In Japan, #XRP is religion. I love it! All works! #eth #ethereum #binance #bitcoin btc #ripple #crypto #cryptocurrency https://t.co/BwPOIwP6Sm",1270353908708175874,2022-03-19 23:03:43+00:00,
17,1505319130295111686,"#Bitcoin dominates 41% of the $2T crypto market.

#BTC: $41,943 
#BCH: $323 
#BSV: $83",1390236436646043657,2022-03-19 23:03:42+00:00,
18,1505319128089108481,RT @WatcherGuru: JUST IN: 🇺🇸 U.S. Congressman Pete Sessions says Texas will be the #Bitcoin capital.,1445539476449599494,2022-03-19 23:03:42+00:00,
19,1505319127556239361,The strongest bullish signal flashed for #XRP #bitcoin #btc #ethereum #eth https://t.co/PZyzrPNkma,1366366869226160130,2022-03-19 23:03:42+00:00,
20,1505319125488447489,XRP is getting ready to take off to the moon! #altcoin #bitcoin #binance #xrp #ripple https://t.co/p5Ojhukcol,1424026404837117960,2022-03-19 23:03:41+00:00,
21,1505319123684835328,RT @ClearWaterCLW: Until our crypto/business duo replaces the world’s plastic water bottles with more recyclable and environmentally-friend…,1476167440740634629,2022-03-19 23:03:41+00:00,
22,1505319122867040262,XRP is getting ready to take off to the moon! #altcoin #bitcoin #binance #xrp #ripple https://t.co/2DZrmf1oHr,4779821902,2022-03-19 23:03:41+00:00,
23,1505319122728595462,"RT @deficonnect: Ladiesand gentlemen deficonnectors,

Staking 2.0 is now LIVE

Stake here https://t.co/c1YbCI7JKY

#dfc #staking #BNB #BTC…",1497287895392133127,2022-03-19 23:03:40+00:00,
24,1505319121730379780,"RT @GiveawayInspect: New Giveaway: Retoken (USDT)
Total Reward: 2,000 USDT
Rate: ⭐️⭐️⭐️⭐️
Winners: 700 Random &amp; Top 50
Distribution: within…",1383063149067304961,2022-03-19 23:03:40+00:00,
25,1505319120128122885,"RT @DailyCryptoTrad: 🔥#MultiVAC #MTV Huge Potential Blockchain - REALISTIC WYCKOFF THEORY PART 3 LIVE in 15 mins.
#cryptocurrecy #cryptotra…",258494550,2022-03-19 23:03:40+00:00,
26,1505319120115572739,XRP is getting ready to take off to the moon! #altcoin #bitcoin #binance #xrp #ripple https://t.co/s07PQWz5gN,1473091857106096128,2022-03-19 23:03:40+00:00,
27,1505319119779995649,The strongest bullish signal flashed for #XRP #bitcoin #btc #ethereum #eth https://t.co/ljFEvBE5fy,966480560599326720,2022-03-19 23:03:40+00:00,
28,1505319119230410756,Get IN now don't be LATE #xrp #binance #cryptocurrency #bitcoin https://t.co/yyE5TUBf0c,1427627413001883653,2022-03-19 23:03:40+00:00,
29,1505319117229756416,We just know #XRP will moon #crypto #binance #cryptocurrency #bitcoin #btc https://t.co/LL51Md8P5o,1463269391752073227,2022-03-19 23:03:39+00:00,
30,1505319116470722561,XRP is getting ready to take off to the moon! #altcoin #bitcoin #binance #xrp #ripple https://t.co/7bE8xiI2At,58238773,2022-03-19 23:03:39+00:00,
31,1505319116357349376,We just know #XRP will moon #crypto #binance #cryptocurrency #bitcoin #btc https://t.co/OCcu6ZJgoR,773267617024970752,2022-03-19 23:03:39+00:00,
32,1505319115543744516,RT @BTCTN: Paypal co-founder Peter Thiel said that his “biggest mistake” during the last ten years “was getting too late and too little int…,997550725524787200,2022-03-19 23:03:39+00:00,
33,1505319113467572227,Get IN now don't be LATE #xrp #binance #cryptocurrency #bitcoin https://t.co/TISD218UCK,1330017903895146497,2022-03-19 23:03:38+00:00,
34,1505319113404686340,We just know #XRP will moon #crypto #binance #cryptocurrency #bitcoin #btc https://t.co/TH0KMAu6QZ,1245726159272161280,2022-03-19 23:03:38+00:00,
35,1505319112569856001,"In Japan, #XRP is religion. I love it! All works! #eth #ethereum #binance #bitcoin btc #ripple #crypto #cryptocurrency https://t.co/lA06E1Nm44",2367259598,2022-03-19 23:03:38+00:00,
36,1505319112515661826,"RT @CarolainCrypt0: #Bitcoin is worth 42K right now!!

And what are you going to invest in?  show me your great project x 100!👇🏻👇🏻 https://…",936417082433875969,2022-03-19 23:03:38+00:00,
37,1505319112356073480,XRP is getting ready to take off to the moon! #altcoin #bitcoin #binance #xrp #ripple https://t.co/ODjf1Q20cX,3280656572,2022-03-19 23:03:38+00:00,
38,1505319111928082433,XRP is getting ready to take off to the moon! #altcoin #bitcoin #binance #xrp #ripple https://t.co/iGHWKz1oGA,1232618692690604033,2022-03-19 23:03:38+00:00,
39,1505319111525552128,"In Japan, #XRP is religion. I love it! All works! #eth #ethereum #binance #bitcoin btc #ripple #crypto #cryptocurrency https://t.co/uDoH61pwKJ",1478360066759790594,2022-03-19 23:03:38+00:00,
40,1505319110879559686,"RT @airdropinspect: New airdrop: Prizefighter (RING)
Total Reward: $5,000 worth of RING
Rate: ⭐️⭐️⭐️⭐️
Winners: 1,000 Random &amp; Top 100
Dist…",1398691995770519557,2022-03-19 23:03:38+00:00,
41,1505319108966985728,We just know #XRP will moon #crypto #binance #cryptocurrency #bitcoin #btc https://t.co/1tQDDAoLqN,414074596,2022-03-19 23:03:37+00:00,
42,1505319108556083204,"In Japan, #XRP is religion. I love it! All works! #eth #ethereum #binance #bitcoin btc #ripple #crypto #cryptocurrency https://t.co/JEgZ2fyoMN",1131218302984970240,2022-03-19 23:03:37+00:00,
43,1505319107318665218,Get IN now don't be LATE #xrp #binance #cryptocurrency #bitcoin https://t.co/NDE0r6OwpR,1191428226448388109,2022-03-19 23:03:37+00:00,
44,1505319106664230912,We just know #XRP will moon #crypto #binance #cryptocurrency #bitcoin #btc https://t.co/sUKeDVvuIw,1467243547191648260,2022-03-19 23:03:37+00:00,
45,1505319103975903241,Get IN now don't be LATE #xrp #binance #cryptocurrency #bitcoin https://t.co/iCqTDRQ7R2,1457487128577785860,2022-03-19 23:03:36+00:00,
46,1505319101601914880,"RT @OilzFinance: 📣 OilZ Finance Airdrop is live!
👉 https://t.co/ybzLxsW61j

#cryptocurrency #Airdrop #BSC #Bitcoin #USDT #OilZFinance #OILZ…",1373815960008863746,2022-03-19 23:03:35+00:00,
47,1505319099575910403,"RT @SweetSOLtoken: 🍬 $SSOL Launched on 🥞PancakeSwap🥞

🥞PancakeSwap:
https://t.co/TnRHeXb5Nl

📊Chart: 
https://t.co/laccD1haMC

🍠 Contract:…",1501309798742040576,2022-03-19 23:03:35+00:00,
48,1505319099433324544,"@AirdropDet I believe this is a faithful project.The projector has a lot of attractive so hopefully the project will be better in the future and will be the best.
@bychkovart

@SideEffectArt

@hsklaskyn
#Airdrops #Bitcoin #YupVerse #AirdropDet #Crypto #Blockchain",1384897582434979845,2022-03-19 23:03:35+00:00,
49,1505319095654178816,Get IN now don't be LATE #xrp #binance #cryptocurrency #bitcoin https://t.co/QoBz4JncGB,1449215366983421953,2022-03-19 23:03:34+00:00,
