,id,text,author_id,created_at,geo
0,1505316635351175169,XRP is getting ready to take off to the moon! #altcoin #bitcoin #binance #xrp #ripple https://t.co/6Z2VrOjgEA,948441829485268995,2022-03-19 22:53:47+00:00,
1,1505316634109558792,The strongest bullish signal flashed for #XRP #bitcoin #btc #ethereum #eth https://t.co/SsFBc1JiWo,1202097318,2022-03-19 22:53:47+00:00,
2,1505316633987928070,"RT @airdropinspect: New airdrop: Retoken (USDT)
Total Reward: 2,000 USDT
Rate: ⭐️⭐️⭐️⭐️
Winners: 700 Random &amp; Top 50
Distribution: within a…",1494704317072240640,2022-03-19 22:53:47+00:00,
3,1505316630070505477,We just know #XRP will moon #crypto #binance #cryptocurrency #bitcoin #btc https://t.co/hy77dnt6kh,843598710143631360,2022-03-19 22:53:46+00:00,
4,1505316630066257931,XRP is getting ready to take off to the moon! #altcoin #bitcoin #binance #xrp #ripple https://t.co/JwuffEttQm,1465039314304253953,2022-03-19 22:53:46+00:00,
5,1505316629701349382,Get IN now don't be LATE #xrp #binance #cryptocurrency #bitcoin https://t.co/t1NtCCQAl3,1436350539705503748,2022-03-19 22:53:46+00:00,
6,1505316629475131393,"In Japan, #XRP is religion. I love it! All works! #eth #ethereum #binance #bitcoin btc #ripple #crypto #cryptocurrency https://t.co/0HjnT3CEgp",1457722810340712449,2022-03-19 22:53:46+00:00,
7,1505316628707397632,"Your #bitcoin has already been stolen, it’s just a matter of time before you realize it.",1331780254097141761,2022-03-19 22:53:46+00:00,
8,1505316628245983233,Get IN now don't be LATE #xrp #binance #cryptocurrency #bitcoin https://t.co/BZwhKaflkt,1481636381638402048,2022-03-19 22:53:46+00:00,
9,1505316627964825600,"RT @AirdropStario: 💧 Bluca NFT Airdrop 💧

🏆 Task:         ➕  400 BULC (~$2) for 8000 random participants

👨‍👩‍👧 Referral:  ➕  4000 BULC (~$…",1453820960365178899,2022-03-19 22:53:46+00:00,
10,1505316627348439042,"RT @BobMalakasPI: Sources: Honduras to announce #Bitcoin as legal tender, 1 year after El Salvador did the same
https://t.co/JbQ7Y5uS4B htt…",1485213420932800512,2022-03-19 22:53:46+00:00,
11,1505316627218419715,Get IN now don't be LATE #xrp #binance #cryptocurrency #bitcoin https://t.co/rfyd02Xtvh,1472001197951250433,2022-03-19 22:53:46+00:00,
12,1505316626832392192,"In Japan, #XRP is religion. I love it! All works! #eth #ethereum #binance #bitcoin btc #ripple #crypto #cryptocurrency https://t.co/qrW5yQu0mq",1436995185406263304,2022-03-19 22:53:45+00:00,
13,1505316626182246401,Get IN now don't be LATE #xrp #binance #cryptocurrency #bitcoin https://t.co/1DPOEl4ZP2,1049348974560210944,2022-03-19 22:53:45+00:00,
14,1505316623393214466,XRP is getting ready to take off to the moon! #altcoin #bitcoin #binance #xrp #ripple https://t.co/J4FwMFpUAu,1468552337812000777,2022-03-19 22:53:45+00:00,
15,1505316622311034886,XRP is getting ready to take off to the moon! #altcoin #bitcoin #binance #xrp #ripple https://t.co/EN5XchvOU8,1332440199746506762,2022-03-19 22:53:44+00:00,
16,1505316621908418568,"In Japan, #XRP is religion. I love it! All works! #eth #ethereum #binance #bitcoin btc #ripple #crypto #cryptocurrency https://t.co/K9vTtM14uu",1134799992173060097,2022-03-19 22:53:44+00:00,
17,1505316621115555842,The strongest bullish signal flashed for #XRP #bitcoin #btc #ethereum #eth https://t.co/1m50OWnrvL,1209544848879112193,2022-03-19 22:53:44+00:00,
18,1505316619702222849,"Do you want TRUE SAFU investing?
Go to https://t.co/1Mo7qdcgFO for crypto research!
We list scams, potential scams, trusted projects,and quick audits for upcoming tokens!
BNB Rewards for $SPY holders!
 
@SpyWolfNetwork $SPY #spywolf #bnb #bscgem #binance #bitcoin #ethereum 055b2",1473764166099947527,2022-03-19 22:53:44+00:00,
19,1505316619169550340,"RT @AirdropStario: 💧 MetaMints Airdrop 💧

🏆 Task:         ➕  1 ROBOT NFT for 40 random participants each

👨‍👩‍👧 Referral:   ➕  1 ROBOT NFT…",1484143817477533702,2022-03-19 22:53:44+00:00,
20,1505316619156746246,We just know #XRP will moon #crypto #binance #cryptocurrency #bitcoin #btc https://t.co/3dCcZk8IIq,1482470674451083269,2022-03-19 22:53:44+00:00,
21,1505316618792054789,The strongest bullish signal flashed for #XRP #bitcoin #btc #ethereum #eth https://t.co/pIuf9xndiX,1416063012377612289,2022-03-19 22:53:44+00:00,
22,1505316618695593985,XRP is getting ready to take off to the moon! #altcoin #bitcoin #binance #xrp #ripple https://t.co/J4XWv8Tmgs,1436710910006108160,2022-03-19 22:53:43+00:00,
23,1505316618347425795,"In Japan, #XRP is religion. I love it! All works! #eth #ethereum #binance #bitcoin btc #ripple #crypto #cryptocurrency https://t.co/95ZQ5V7Aox",1253171502872006656,2022-03-19 22:53:43+00:00,
24,1505316618229932036,We just know #XRP will moon #crypto #binance #cryptocurrency #bitcoin #btc https://t.co/VOjqmCy2m9,1482800301837070338,2022-03-19 22:53:43+00:00,
25,1505316614211870722,"RT @dearezkitha: Plugins ideas: someone should make a web browser plugin to convert any fiat pricing into #Bitcoin 

For example: instead o…",932371765665452032,2022-03-19 22:53:42+00:00,
26,1505316614153322497,"RT @CarolainCrypt0: #Bitcoin is worth 42K right now!!

And what are you going to invest in?  show me your great project x 100!👇🏻👇🏻 https://…",1501864083238584321,2022-03-19 22:53:42+00:00,
27,1505316609774211074,"In Japan, #XRP is religion. I love it! All works! #eth #ethereum #binance #bitcoin btc #ripple #crypto #cryptocurrency https://t.co/Z6cdNxMEPx",2320924890,2022-03-19 22:53:41+00:00,
28,1505316609354870786,We just know #XRP will moon #crypto #binance #cryptocurrency #bitcoin #btc https://t.co/PjckpWJnRy,1473615811185152003,2022-03-19 22:53:41+00:00,
29,1505316609040470016,"RT @Trader4lyf: We buy when others cry

We sell when many are caught up under the Bubble’s spell

#Crypto #Bitcoin #1000xGems",1447460748288921601,2022-03-19 22:53:41+00:00,
30,1505316607635075075,The strongest bullish signal flashed for #XRP #bitcoin #btc #ethereum #eth https://t.co/wzeovDcyS8,1480509223570137089,2022-03-19 22:53:41+00:00,
31,1505316607366676483,Get IN now don't be LATE #xrp #binance #cryptocurrency #bitcoin https://t.co/0mLtwWeYIO,1275758929784397825,2022-03-19 22:53:41+00:00,
32,1505316606397800451,XRP is getting ready to take off to the moon! #altcoin #bitcoin #binance #xrp #ripple https://t.co/8M4xapBzL1,1432661102878412801,2022-03-19 22:53:41+00:00,
33,1505316606322348036,"In Japan, #XRP is religion. I love it! All works! #eth #ethereum #binance #bitcoin btc #ripple #crypto #cryptocurrency https://t.co/Dsnmqqa8Ko",1285559654286856193,2022-03-19 22:53:41+00:00,
34,1505316606121062404,"RT @WatcherGuru: Top 10 Coins Mentioned on Twitter in the last 24h

1. #Bitcoin 344,177
2. #ApeCoin 200,055
3. #Ethereum 128,776
4. #Cake 8…",1490828088493682689,2022-03-19 22:53:40+00:00,
35,1505316604535619587,The strongest bullish signal flashed for #XRP #bitcoin #btc #ethereum #eth https://t.co/xqKTzAmo81,1460512721988775937,2022-03-19 22:53:40+00:00,
36,1505316604493586436,"Did you get scammed?The good guys are here and we’ve got your back!
20% #scamsurvivor Charity! 20% charity in #SPY
Join us in the fight! Clean up the crypto space
Here: https://t.co/orShpWNDNG
@SpyWolfNetwork $SPY #spywolf #bnb #bscgem #binance #bitcoin #ethereum yputr",1473764166099947527,2022-03-19 22:53:40+00:00,
37,1505316604242186240,"RT @belalhosse01: Good project
@MdAlami98429451 
@arabi055 
@MDRidoy42114541 #Airdrops #Goldfingr #Bitcoin #AirdropDetective",1459980586202791936,2022-03-19 22:53:40+00:00,
38,1505316602035720193,XRP is getting ready to take off to the moon! #altcoin #bitcoin #binance #xrp #ripple https://t.co/IOHCfjkrnm,918062245543804929,2022-03-19 22:53:40+00:00,
39,1505316599951151108,We just know #XRP will moon #crypto #binance #cryptocurrency #bitcoin #btc https://t.co/imJXC8agG4,1231842114574614529,2022-03-19 22:53:39+00:00,
40,1505316599573757957,"RT @GiveawayInspect: New Giveaway: Retoken (USDT)
Total Reward: 2,000 USDT
Rate: ⭐️⭐️⭐️⭐️
Winners: 700 Random &amp; Top 50
Distribution: within…",1481214863015874564,2022-03-19 22:53:39+00:00,
41,1505316598873149441,Get IN now don't be LATE #xrp #binance #cryptocurrency #bitcoin https://t.co/TdDsGsmykb,1468147426502406147,2022-03-19 22:53:39+00:00,
42,1505316597837099010,The strongest bullish signal flashed for #XRP #bitcoin #btc #ethereum #eth https://t.co/6CNDIsxTRu,954255721,2022-03-19 22:53:39+00:00,
43,1505316597535232000,"RT @ProjectsIco: What is next leg up for #Bitcoin 

#Crypto #BTC #BTCUSDT #cryptocurrency",1492787537152299012,2022-03-19 22:53:38+00:00,
44,1505316595656278021,"RT @AirdropStario: 💧 SafeWallet Airdrop 💧

🏆 Task:        ➕ 175 SLT (~$3.5) for 1000 random participants

👨‍👩‍👧 Referral: ➕ 30,000 SLT (~$6…",1089506100670541824,2022-03-19 22:53:38+00:00,
45,1505316594951483397,"RT @psy_chicks: Discord Giveaway has been Announced, well done everyone who participated!! Next giveaway will be soon, join discord to have…",1476227860645826560,2022-03-19 22:53:38+00:00,
46,1505316594112679941,"RT @ICOAnnouncement: 🎙 New Project

🔷 IotexPad (TEX)

🔶 IotexPad aims to be the first decentralized IDO platform based on the Iotex chain.…",1151494493054484481,2022-03-19 22:53:38+00:00,
47,1505316593047379976,"RT @Apecointrader1: Join discord in bio for a giveaway happening soon follow if your new and retweet If your not

#NFTCommunity  #Bitcoin #…",1379493103200051203,2022-03-19 22:53:37+00:00,
48,1505316592263090181,We just know #XRP will moon #crypto #binance #cryptocurrency #bitcoin #btc https://t.co/et7E4aP254,1185370926025773057,2022-03-19 22:53:37+00:00,
