,id,text,author_id,created_at,geo
0,1505310847366844426,"RT @crytodiamond: Give yourself a break with all this negativity, join the #Shinjiro community!

It is all about positivity and different m…",1356790728505057280,2022-03-19 22:30:47+00:00,
1,1505310845676363777,The strongest bullish signal flashed for #XRP #bitcoin #btc #ethereum #eth https://t.co/SQLtKHzZIk,2778326029,2022-03-19 22:30:47+00:00,
2,1505310845655564288,"RT @WatcherGuru: Top 10 Coins Mentioned on Twitter in the last 24h

1. #Bitcoin 344,177
2. #ApeCoin 200,055
3. #Ethereum 128,776
4. #Cake 8…",1376260588402143233,2022-03-19 22:30:47+00:00,
3,1505310845491982342,RT @BitcoinMagazine: NEW: Mexico’s 3rd richest man plans to begin mining #bitcoin from his power plant by July 🇲🇽 https://t.co/jWD2L00y1W,1378377775879487494,2022-03-19 22:30:47+00:00,
4,1505310844548435968,"RT @HujqpibFIfkv3A2: I live near the capital of Ukraine.🇺🇦 
I'm not in a situation where I can go home very much. 
There is a shortage of s…",1477309192931545089,2022-03-19 22:30:47+00:00,
5,1505310843075973122,"RT @ProjectsIco: What is next leg up for #Bitcoin 

#Crypto #BTC #BTCUSDT #cryptocurrency",1497612702507839494,2022-03-19 22:30:46+00:00,
6,1505310842677563397,"@CoinbaseArmy How amazing can it be?  #Bluesparrow Native Token for Centralized Exchange with focus on both the stock &amp; crypto market
@BlueSparrowETH
@BluesparrowC
#BluesparrowCEX
#ETH
#BlueSparrow
#BlueSparrowtoken
#BlueSparrowCommunity
#bitcoin
#BestDrawToken
#Bluesparrowcharity
#Web3
#NFT",735191667284774912,2022-03-19 22:30:46+00:00,
7,1505310841381474306,"RT @BitcoinMagazine: 💥 #Bitcoin's Lightning Network can currently perform over 1,000 times as much transactions as Visa  https://t.co/4FcvY…",553745318,2022-03-19 22:30:46+00:00,
8,1505310838806429696,"RT @AirdropStario: 💧 Hero Arena Airdrop 💧

📍 Listed on: CoinMarketCap, PancakeSwap

🏆 Task: ➕  100 HERA (~$4) for 3000 random participants…",1477385313442217984,2022-03-19 22:30:45+00:00,
9,1505310837371592705,Get IN now don't be LATE #xrp #binance #cryptocurrency #bitcoin https://t.co/lvtnDgt4I2,1420920854024638465,2022-03-19 22:30:45+00:00,
10,1505310834318270475,"RT @WatcherGuru: Top 10 Coins Mentioned on Twitter in the last 24h

1. #Bitcoin 344,177
2. #ApeCoin 200,055
3. #Ethereum 128,776
4. #Cake 8…",1448840528733298688,2022-03-19 22:30:44+00:00,
11,1505310834263826437,XRP is getting ready to take off to the moon! #altcoin #bitcoin #binance #xrp #ripple https://t.co/7crvAnA7lh,1365696028490489856,2022-03-19 22:30:44+00:00,
12,1505310834242699264,"RT @ABOLFAZ_RBXS: If you choose correctly you can be at the best level of success #RBXSamurai
🤑💯💣🔥

https://t.co/9cISStUjVA

#RBXS #RBXSAMU…",1474356438403325986,2022-03-19 22:30:44+00:00,
13,1505310831893901314,RT @AltcoinDailyio: #Bitcoin is daddy. #Ethereum is mommy. 👪,3066719419,2022-03-19 22:30:44+00:00,
14,1505310829553471493,We just know #XRP will moon #crypto #binance #cryptocurrency #bitcoin #btc https://t.co/IYvJKfRPOE,1261182624665464832,2022-03-19 22:30:43+00:00,
15,1505310826668113920,"RT @elitecash_io: #Bitcoin and other #cryptocurrencies have certainly changed the way how we bank.

To understand #crypto, you must underst…",1449297627195985920,2022-03-19 22:30:43+00:00,
16,1505310825757696000,RT @WatcherGuru: JUST IN: PayPal co-founder says the “biggest mistake I made in the last decade was getting too late and too little into #B…,1445165005763227649,2022-03-19 22:30:42+00:00,
17,1505310825418010628,"RT @slightdebacle: Now that #Bitcoin’s pumping, don’t forget to also go outside. https://t.co/JKmBN06Pr2",1385361165837033477,2022-03-19 22:30:42+00:00,
18,1505310824684040200,The strongest bullish signal flashed for #XRP #bitcoin #btc #ethereum #eth https://t.co/BVTdzZ7bAO,1450190565761552385,2022-03-19 22:30:42+00:00,
19,1505310822901428226,RT @Diyojen777520: You can look at this coin to see fashion with real feelings in the virtual world and to feel the face and heart of fashi…,1133172705623183362,2022-03-19 22:30:42+00:00,
20,1505310818703142912,"RT @CarolainCrypt0: #Bitcoin is worth 42K right now!!

And what are you going to invest in?  show me your great project x 100!👇🏻👇🏻 https://…",1454409014415036416,2022-03-19 22:30:41+00:00,
21,1505310816815534089,"RT @EtherNasyonaL: #Bitcoin dominance is falling ⬇️

#Altcoin dominance is rising ⬆️

#Altseason2022 WILL BE EPIC🔥🚀

Drive away the dry noi…",1497612702507839494,2022-03-19 22:30:40+00:00,
22,1505310815360106498,"RT @OguzhanSengor: #AVAX defeated death cross and OBV looks bullish, still downtrend but #Avax trying hard to break up also forming potenti…",1245967351532736514,2022-03-19 22:30:40+00:00,
23,1505310815083184132,"RT @iLoveJaneAdams: Nevada is the #1 gold producing state in the nation. While I am proud of Nevada's past, it's time to make Nevada and ou…",1454100606956843021,2022-03-19 22:30:40+00:00,
24,1505310811484745732,"RT @HujqpibFIfkv3A2: I'm in trouble because I can't prove that I'm not a scammer
#Ethereum　#Bitcoin　#Ukraine　#war　#stopwar",1477309192931545089,2022-03-19 22:30:39+00:00,
25,1505310809362153474,RT @WatcherGuru: JUST IN: PayPal co-founder says the “biggest mistake I made in the last decade was getting too late and too little into #B…,1470072851390685186,2022-03-19 22:30:38+00:00,
26,1505310802194145280,"@BluesparrowC @bitfinex @BlueSparrowETH Bluesparrow the future of the world😍❤️🎉

 New lifestyle with bluesparrow🚀🔥

@BlueSparrowETH
@BluesparrowC
#BluesparrowCEX
#ETH
#BlueSparrow
#BlueSparrowtoken
#BlueSparrowCommunity
#bitcoin
#BestDrawToken
#Bluesparrowcharity
#Web3
#NFT",1447943065415585796,2022-03-19 22:30:37+00:00,
27,1505310799098699782,The strongest bullish signal flashed for #XRP #bitcoin #btc #ethereum #eth https://t.co/tI6yPKFR4w,1393198149859045379,2022-03-19 22:30:36+00:00,
28,1505310798339522563,"RT @CryptoIslandInc: $CISLA 🏝️ 

Consistency is the key to achieve results, CISLA isn't an ordinary project, our metaverse combined with th…",946112336414367746,2022-03-19 22:30:36+00:00,
29,1505310797995679746,"@CoinbaseArmy What does BlueSparrow CEX  offer to you?
Gold,Oil, Stocks trading ,Commodities and Crypto 
All you need for trading....
@BlueSparrowETH
@BluesparrowC
#BluesparrowCEX
#ETH
#BlueSparrow
#BlueSparrowtoken
#BlueSparrowCommunity
#bitcoin
#BestDrawToken
#Bluesparrowcharity
#Web3
#NFT",735191667284774912,2022-03-19 22:30:36+00:00,
30,1505310797844475908,RT @WatcherGuru: JUST IN: PayPal co-founder says the “biggest mistake I made in the last decade was getting too late and too little into #B…,1120493899137437697,2022-03-19 22:30:36+00:00,
31,1505310791049920514,"RT @YupVerse: ✔️ YupVerse Airdrop (New Round) is live!

🔵 Airdrop Reward: Up to 10 Million YuP (~$5)

🔵 Referral Reward: 2 Million YuP (~$1…",2851964285,2022-03-19 22:30:34+00:00,
32,1505310788537696256,RT @Meta_UFO: #bitcoin and #MetaUFO have no inflation.,1458311016828129280,2022-03-19 22:30:33+00:00,
33,1505310786339901441,"RT @EtherNasyonaL: #Bitcoin dominance is falling ⬇️

#Altcoin dominance is rising ⬆️

#Altseason2022 WILL BE EPIC🔥🚀

Drive away the dry noi…",1374006648503742469,2022-03-19 22:30:33+00:00,
34,1505310784565432320,"RT @rovercrc: I think #Bitcoin will break $100,000 by July 2022! 🚀",225048638,2022-03-19 22:30:33+00:00,
35,1505310782522855428,"@DefiGabbi 🏆Best of Arts

#OpenSeaPolygon #viral #FYP #NFT #NFTs #NFTCollection #NFTGiveaway #Giveaway #BTC #Bitcoin #Ethereum #ETH #cryptocurrency #win #drawing #painting #nature #photography #openseanfts 

🌐 Visit Black Morano
https://t.co/AZc6hF9rIA",1356643550281269258,2022-03-19 22:30:32+00:00,
36,1505310780367028227,"RT @DeCryptoGoat: Into crypto and looking for likeminded people? 
Retweet this. Follow me + everybody that retweets. Let’s help the crypto…",141746754,2022-03-19 22:30:32+00:00,
37,1505310778408243202,"OVERSOLD  
 - ETH/USDT
 Price:2919.41000 
 Bollinger Bands ALERTS FifteenMinutes 
 Bollinger Bands Calculation: -23.97057
 #BTC #ATABUSD #Bitcoin #RSİ #Bollinger -It is not investment advice. You can visit our profile for your own alarms. YTD. 1:30:19 AM",1500139829371232259,2022-03-19 22:30:31+00:00,
38,1505310776080355331,We just know #XRP will moon #crypto #binance #cryptocurrency #bitcoin #btc https://t.co/QMdIa03IpZ,1346774833665699840,2022-03-19 22:30:30+00:00,
39,1505310771420758017,"RT @GiveawayInspect: New Giveaway: OverDose
Total Reward: $600 USDT
Winners: 200 Random &amp; Top 20
Distribution: within a week after the Give…",2903544902,2022-03-19 22:30:29+00:00,
40,1505310768220225536,"RT @Apecointrader1: Huge giveaway

Retweet, follow, @ 5 freinds

90 APECOIN (1000 dollars 💸)

5 winners split 👏

#NFTCommunity  #Bitcoin #B…",1379493103200051203,2022-03-19 22:30:29+00:00,
41,1505310764848095238,"RT @ProjectsIco: What is next leg up for #Bitcoin 

#Crypto #BTC #BTCUSDT #cryptocurrency",1374006648503742469,2022-03-19 22:30:28+00:00,
42,1505310764332040195,"RT @ProjectsIco: What is next leg up for #Bitcoin 

#Crypto #BTC #BTCUSDT #cryptocurrency",1488250895057911808,2022-03-19 22:30:28+00:00,
43,1505310763254124545,"RT @airdropinspect: New airdrop: Ubiquity DAO (USDT)
Total Reward: 2,500 USDT
Rate: ⭐️⭐️⭐️⭐️
Winners: 1,000 Random &amp; Top 100
Distribution:…",1429999744747663364,2022-03-19 22:30:27+00:00,
44,1505310761240866816,"RT @airdropinspect: New airdrop: Prizefighter (RING)
Total Reward: $5,000 worth of RING
Rate: ⭐️⭐️⭐️⭐️
Winners: 1,000 Random &amp; Top 100
Dist…",1482567880407646209,2022-03-19 22:30:27+00:00,
45,1505310760456843265,"RT @GiveawayInspect: New Giveaway: Retoken (USDT)
Total Reward: 2,000 USDT
Rate: ⭐️⭐️⭐️⭐️
Winners: 700 Random &amp; Top 50
Distribution: within…",2903544902,2022-03-19 22:30:27+00:00,
46,1505310760263581696,"RT @AirdropDet: 🔍 New #Airdrop: YupVerse

💲 Reward: Up to 10M YuP (~$5) + 2M YuP (~$1,000) referral pool

🔴 Start the airdrop bot https://t…",1504313218239705088,2022-03-19 22:30:27+00:00,
47,1505310757918896132,"In Japan, #XRP is religion. I love it! All works! #eth #ethereum #binance #bitcoin btc #ripple #crypto #cryptocurrency https://t.co/OUIQdfKu3P",1419977194491846657,2022-03-19 22:30:26+00:00,
48,1505310757155651589,"RT @airdropinspect: New airdrop: Prizefighter (RING)
Total Reward: $5,000 worth of RING
Rate: ⭐️⭐️⭐️⭐️
Winners: 1,000 Random &amp; Top 100
Dist…",1467282536153948167,2022-03-19 22:30:26+00:00,
