,id,text,author_id,created_at,geo
0,1505315880544051202,We just know #XRP will moon #crypto #binance #cryptocurrency #bitcoin #btc https://t.co/aKiB2raulo,1331652197617119239,2022-03-19 22:50:47+00:00,
1,1505315880166637572,"RT @Marii6771: We are @SpyWolfNetwork and we are here to clean up the crypto space and to make you
 
https://t.co/1Mo7qdcgFO is our anti-sc…",1485276061009125381,2022-03-19 22:50:47+00:00,
2,1505315880057675777,XRP is getting ready to take off to the moon! #altcoin #bitcoin #binance #xrp #ripple https://t.co/MZZ5vAjw6D,952076680553787392,2022-03-19 22:50:47+00:00,
3,1505315879235506179,"@ignitechain This Project Ideas, Team Skills, Outcome Achievement, Partnership.  All this indicates that this project has a great future.
#IgniteBlockchain #Ignite #IGT #blockchain #cryptocurrency #technology #bitcoin #money #crypto #Binance #BNB #cryptocurrencies #fintech",1437457971395633156,2022-03-19 22:50:47+00:00,
4,1505315878228807683,RT @MatthewHyland_: #Bitcoin Monthly RSI Falling Wedge 😯 https://t.co/Ee220HUQ96,740033701954740224,2022-03-19 22:50:47+00:00,
5,1505315877415178243,XRP is getting ready to take off to the moon! #altcoin #bitcoin #binance #xrp #ripple https://t.co/fe4kH0r6JU,886629171090251776,2022-03-19 22:50:47+00:00,
6,1505315877167644673,"In Japan, #XRP is religion. I love it! All works! #eth #ethereum #binance #bitcoin btc #ripple #crypto #cryptocurrency https://t.co/uwA45JEPMS",1457040088492302337,2022-03-19 22:50:47+00:00,
7,1505315876605620231,"In Japan, #XRP is religion. I love it! All works! #eth #ethereum #binance #bitcoin btc #ripple #crypto #cryptocurrency https://t.co/u4OV9phjyU",1334219649961979904,2022-03-19 22:50:47+00:00,
8,1505315875062259719,"RT @Marii6771: Make money! Prosecute scammers! All at the same time 
Make passive income in BNB rewards for holding $SPY!
Your rewards accu…",1485276061009125381,2022-03-19 22:50:46+00:00,
9,1505315872641982464,We just know #XRP will moon #crypto #binance #cryptocurrency #bitcoin #btc https://t.co/yzdTAIadlf,1471077871821099009,2022-03-19 22:50:46+00:00,
10,1505315872138665988,RT @BitcoinMagazine: The revolution can not be stopped. #Bitcoin https://t.co/J51qviTWId,596372224,2022-03-19 22:50:45+00:00,
11,1505315871899725827,The strongest bullish signal flashed for #XRP #bitcoin #btc #ethereum #eth https://t.co/nAwugmSa8Y,1187411485934403587,2022-03-19 22:50:45+00:00,
12,1505315871899717633,The strongest bullish signal flashed for #XRP #bitcoin #btc #ethereum #eth https://t.co/GvsvNQJRyo,1467130815335251970,2022-03-19 22:50:45+00:00,
13,1505315870196715521,"In Japan, #XRP is religion. I love it! All works! #eth #ethereum #binance #bitcoin btc #ripple #crypto #cryptocurrency https://t.co/E4S9DOWo0U",1464938089965572104,2022-03-19 22:50:45+00:00,
14,1505315869047472128,Get IN now don't be LATE #xrp #binance #cryptocurrency #bitcoin https://t.co/eCn9nFRr6F,1285924093066346497,2022-03-19 22:50:45+00:00,
15,1505315868267401223,The strongest bullish signal flashed for #XRP #bitcoin #btc #ethereum #eth https://t.co/15NU7LOvIB,3032883663,2022-03-19 22:50:45+00:00,
16,1505315866744799232,"RT @CarolainCrypt0: #Bitcoin is worth 42K right now!!

And what are you going to invest in?  show me your great project x 100!👇🏻👇🏻 https://…",1465660154108547079,2022-03-19 22:50:44+00:00,
17,1505315866220580866,"RT @AirdropStario: 💧 The Crypto Launchpad Airdrop 💧

🏆 Task:          ➕  Up to $50 worth of TCL

👨‍👩‍👧 Referral:   ➕  $25 worth of TCL

🔛 A…",1382076256884232199,2022-03-19 22:50:44+00:00,
18,1505315865142648836,We just know #XRP will moon #crypto #binance #cryptocurrency #bitcoin #btc https://t.co/PgRGUet3y0,1427627413001883653,2022-03-19 22:50:44+00:00,
19,1505315864731521025,"In Japan, #XRP is religion. I love it! All works! #eth #ethereum #binance #bitcoin btc #ripple #crypto #cryptocurrency https://t.co/8DLWacCknj",1131296733613449216,2022-03-19 22:50:44+00:00,
20,1505315864421478400,"RT @GiveawayInspect: New Giveaway: Retoken (USDT)
Total Reward: 2,000 USDT
Rate: ⭐️⭐️⭐️⭐️
Winners: 700 Random &amp; Top 50
Distribution: within…",301446298,2022-03-19 22:50:44+00:00,
21,1505315864169508868,"RT @CarolainCrypt0: #Bitcoin is worth 42K right now!!

And what are you going to invest in?  show me your great project x 100!👇🏻👇🏻 https://…",1498970710516977664,2022-03-19 22:50:44+00:00,
22,1505315864073146377,"RT @compass_mining: Racks on racks 💥

#Bitcoin https://t.co/Mk6QD8WhOm",1474318747800420352,2022-03-19 22:50:44+00:00,
23,1505315863565860865,"RT @AirdropDet: 🔍 New #Airdrop: YupVerse

💲 Reward: Up to 10M YuP (~$5) + 2M YuP (~$1,000) referral pool

🔴 Start the airdrop bot https://t…",1242488790960066560,2022-03-19 22:50:43+00:00,
24,1505315861841784834,The strongest bullish signal flashed for #XRP #bitcoin #btc #ethereum #eth https://t.co/Y0n543M3M8,1293102120497897472,2022-03-19 22:50:43+00:00,
25,1505315861799714823,Get IN now don't be LATE #xrp #binance #cryptocurrency #bitcoin https://t.co/d9KQwgo4Tx,1307684883716661248,2022-03-19 22:50:43+00:00,
26,1505315861350940673,We just know #XRP will moon #crypto #binance #cryptocurrency #bitcoin #btc https://t.co/klCuUcZ3LL,1425008858481713155,2022-03-19 22:50:43+00:00,
27,1505315859237163008,"RT @Marii6771: Make money!Prosecute scammers!All at the same time
Make passive income in BNB rewards for holding $SPY
Your rewards accumula…",1485276061009125381,2022-03-19 22:50:42+00:00,
28,1505315858456870915,XRP is getting ready to take off to the moon! #altcoin #bitcoin #binance #xrp #ripple https://t.co/GUL2TNOVCO,1449394010045313029,2022-03-19 22:50:42+00:00,
29,1505315857714581510,"In Japan, #XRP is religion. I love it! All works! #eth #ethereum #binance #bitcoin btc #ripple #crypto #cryptocurrency https://t.co/FIgJn8BsQU",1267794533028450304,2022-03-19 22:50:42+00:00,
30,1505315857374851072,"RT @Saving_rhinos_: 11000 unique Rhinos in polygon chain
The purpose of this collection is to save and support rhinos
https://t.co/HOIOGgd7…",1419683497753600005,2022-03-19 22:50:42+00:00,
31,1505315856351436800,"In Japan, #XRP is religion. I love it! All works! #eth #ethereum #binance #bitcoin btc #ripple #crypto #cryptocurrency https://t.co/EMcfoSN1nD",1129363255007293440,2022-03-19 22:50:42+00:00,
32,1505315855424700417,"RT @CarolainCrypt0: #Bitcoin is worth 42K right now!!

And what are you going to invest in?  show me your great project x 100!👇🏻👇🏻 https://…",887976182523674624,2022-03-19 22:50:42+00:00,
33,1505315853906194440,"RT @Marii6771: Did you get scammed?The good guys are here and we’ve got your back!
20% #scamsurvivor Charity! 20% charity in #SPY
Join us i…",1485276061009125381,2022-03-19 22:50:41+00:00,
34,1505315849208745984,RT @WatcherGuru: JUST IN: PayPal co-founder says the “biggest mistake I made in the last decade was getting too late and too little into #B…,930339896073396224,2022-03-19 22:50:40+00:00,
35,1505315846700224513,The strongest bullish signal flashed for #XRP #bitcoin #btc #ethereum #eth https://t.co/aKmC1Mt9LB,223192800,2022-03-19 22:50:39+00:00,
36,1505315846649835520,The strongest bullish signal flashed for #XRP #bitcoin #btc #ethereum #eth https://t.co/gx2rrcNmSM,1482681405083631624,2022-03-19 22:50:39+00:00,
37,1505315845995524096,"RT @BurnDrivexxx: Sold OUT! 🔥🙌
She is so cute my new baby and 28 more cant wait to see all of them!🔥🍆 @madv_apesnft
https://t.co/4Hybl9dPJX…",39955957,2022-03-19 22:50:39+00:00,
38,1505315845916213248,"RT @GiveawayInspect: New Giveaway: Retoken (USDT)
Total Reward: 2,000 USDT
Rate: ⭐️⭐️⭐️⭐️
Winners: 700 Random &amp; Top 50
Distribution: within…",1497913514878726147,2022-03-19 22:50:39+00:00,
39,1505315845437902852,Get IN now don't be LATE #xrp #binance #cryptocurrency #bitcoin https://t.co/ujwd7AraBO,1464037103440908290,2022-03-19 22:50:39+00:00,
40,1505315844007546881,"RT @Marii6771: Do you want TRUE SAFU investing?
Go to https://t.co/1Mo7qdcgFO for crypto research!
We list scams, potential scams, trusted…",1485276061009125381,2022-03-19 22:50:39+00:00,
41,1505315843840028673,"RT @jazdaartist: Oof... 

Cause when you feel it....you know
Avail on @KnownOrigin_io
https://t.co/sF6DalT9eF

#nfts #nft #nftart #nftcommu…",1485040780482080769,2022-03-19 22:50:39+00:00,
42,1505315841369382915,The strongest bullish signal flashed for #XRP #bitcoin #btc #ethereum #eth https://t.co/q7kXmpt7sP,1445296628613586947,2022-03-19 22:50:38+00:00,
43,1505315841251938305,"RT @bpmcrypto: @elonmusk Hey Genius,
Lets not miss out on @Catcoinbsc¡!
Remember, 2022 is the year of the #cats 

We are pumping even witho…",1494296802048233474,2022-03-19 22:50:38+00:00,
44,1505315838219366400,The strongest bullish signal flashed for #XRP #bitcoin #btc #ethereum #eth https://t.co/S6D2k92JOv,1433528742526083095,2022-03-19 22:50:37+00:00,
45,1505315836940238852,The strongest bullish signal flashed for #XRP #bitcoin #btc #ethereum #eth https://t.co/rOyNSEjNhg,896664372579315712,2022-03-19 22:50:37+00:00,
46,1505315835933507591,XRP is getting ready to take off to the moon! #altcoin #bitcoin #binance #xrp #ripple https://t.co/0ajqydaPnt,1458478795275612161,2022-03-19 22:50:37+00:00,
47,1505315835740491780,"In Japan, #XRP is religion. I love it! All works! #eth #ethereum #binance #bitcoin btc #ripple #crypto #cryptocurrency https://t.co/XRRQ7mCvby",1406374929600184323,2022-03-19 22:50:37+00:00,
48,1505315834817921034,I just voted in #okornotok from @Okcoin — submit your votes &amp; tweet about it for a chance to win 12k in #bitcoin.   It's all right here: 👇 https://t.co/HDeGbkbZDJ,1401080304731836418,2022-03-19 22:50:37+00:00,
49,1505315834750640128,The strongest bullish signal flashed for #XRP #bitcoin #btc #ethereum #eth https://t.co/MeyRIJYVy0,1456877879803924483,2022-03-19 22:50:37+00:00,
