,id,text,author_id,created_at,geo
0,1505328211378552837,"In Japan, #XRP is religion. I love it! All works! #eth #ethereum #binance #bitcoin btc #ripple #crypto #cryptocurrency https://t.co/RVSLtcQL84",1463337801512996867,2022-03-19 23:39:47+00:00,
1,1505328209298079750,We just know #XRP will moon #crypto #binance #cryptocurrency #bitcoin #btc https://t.co/2gykKOICHd,1317906274235928578,2022-03-19 23:39:47+00:00,
2,1505328208291450881,The strongest bullish signal flashed for #XRP #bitcoin #btc #ethereum #eth https://t.co/VzFk0YuyCx,1304992348380647424,2022-03-19 23:39:47+00:00,
3,1505328207855202304,"RT @AirdropDet: 🔍 New #Airdrop: YupVerse

💲 Reward: Up to 10M YuP (~$5) + 2M YuP (~$1,000) referral pool

🔴 Start the airdrop bot https://t…",1370526286884470787,2022-03-19 23:39:47+00:00,
4,1505328204986425346,"RT @AirdropDet: 🔍 New #Airdrop: YupVerse

💲 Reward: Up to 10M YuP (~$5) + 2M YuP (~$1,000) referral pool

🔴 Start the airdrop bot https://t…",1339115488140533760,2022-03-19 23:39:46+00:00,
5,1505328204923695106,"News | The Price Of Ripple’s XRP Is Suddenly Surging As Bitcoin, Ethereum, BNB, Solana, Cardano, Terra’s Luna And Avalanche Flatline #Bitcoin #Ethereum

https://t.co/FQ7uBQDanx",936921844619280384,2022-03-19 23:39:46+00:00,
6,1505328203124338689,"RT @Revolotto: 🏏World's Dangerous Cricketer
Greatest Batsman of All-time in Cricket

🌎Universe Boss - Chris Gayle extending his support and…",1496020803603005444,2022-03-19 23:39:45+00:00,
7,1505328200825507844,"@BluesparrowC @bitfinex @BlueSparrowETH #BlueSparrow is a bridge between the stock market and crypto .. You will have both in the Blue Sparrow CEX
@BlueSparrowETH
@BluesparrowC
#BluesparrowCEX
#ETH
#BlueSparrow
#BlueSparrowtoken
#BlueSparrowCommunity
#bitcoin
#BestDrawToken
#Bluesparrowcharity
#Web3
#NFT🐳29",1488095143685234688,2022-03-19 23:39:45+00:00,
8,1505328200489975810,"In Japan, #XRP is religion. I love it! All works! #eth #ethereum #binance #bitcoin btc #ripple #crypto #cryptocurrency https://t.co/p604CWcoBS",1466272376669503488,2022-03-19 23:39:45+00:00,
9,1505328199877951491,"RT @Revolotto: 🏏World's Dangerous Cricketer
Greatest Batsman of All-time in Cricket

🌎Universe Boss - Chris Gayle extending his support and…",1501032443914366977,2022-03-19 23:39:45+00:00,
10,1505328195502895104,"RT @Revolotto: 🏏World's Dangerous Cricketer
Greatest Batsman of All-time in Cricket

🌎Universe Boss - Chris Gayle extending his support and…",1498489436752912384,2022-03-19 23:39:44+00:00,
11,1505328191812026375,We just know #XRP will moon #crypto #binance #cryptocurrency #bitcoin #btc https://t.co/IKCZjBbB8x,1327313236497100802,2022-03-19 23:39:43+00:00,
12,1505328189039648769,RT @cript0: I'm confident on #Bitcoin at 48k next week 😏,948228665984344066,2022-03-19 23:39:42+00:00,
13,1505328188506918912,The strongest bullish signal flashed for #XRP #bitcoin #btc #ethereum #eth https://t.co/FJ2cNlk0Te,1099261086392446976,2022-03-19 23:39:42+00:00,
14,1505328186896404483,The strongest bullish signal flashed for #XRP #bitcoin #btc #ethereum #eth https://t.co/9U5pyJPuUs,1203239862003875840,2022-03-19 23:39:42+00:00,
15,1505328185050689537,"@BluesparrowC @bitfinex @BlueSparrowETH #BlueSparrow is a bridge between the stock market and crypto .. You will have both in the Blue Sparrow CEX
@BlueSparrowETH
@BluesparrowC
#BluesparrowCEX
#ETH
#BlueSparrow
#BlueSparrowtoken
#BlueSparrowCommunity
#bitcoin
#BestDrawToken
#Bluesparrowcharity
#Web3
#NFT🐳28",1488095143685234688,2022-03-19 23:39:41+00:00,
16,1505328183721091072,"@BluesparrowC @bitfinex @BlueSparrowETH #BlueSparrow is a bridge between the stock market and crypto .. You will have both in the Blue Sparrow CEX
@BlueSparrowETH
@BluesparrowC
#BluesparrowCEX
#ETH
#BlueSparrow
#BlueSparrowtoken
#BlueSparrowCommunity
#bitcoin
#BestDrawToken
#Bluesparrowcharity
#Web3
#NFT🐳w8",1488095143685234688,2022-03-19 23:39:41+00:00,
17,1505328182303494144,"@BluesparrowC @bitfinex @BlueSparrowETH #BlueSparrow is a bridge between the stock market and crypto .. You will have both in the Blue Sparrow CEX
@BlueSparrowETH
@BluesparrowC
#BluesparrowCEX
#ETH
#BlueSparrow
#BlueSparrowtoken
#BlueSparrowCommunity
#bitcoin
#BestDrawToken
#Bluesparrowcharity
#Web3
#NFT🐳27",1488095143685234688,2022-03-19 23:39:40+00:00,
18,1505328181611425794,The strongest bullish signal flashed for #XRP #bitcoin #btc #ethereum #eth https://t.co/C1Y84juz8M,1442727846,2022-03-19 23:39:40+00:00,
19,1505328181024231428,"@BluesparrowC @bitfinex @BlueSparrowETH #BlueSparrow is a bridge between the stock market and crypto .. You will have both in the Blue Sparrow CEX
@BlueSparrowETH
@BluesparrowC
#BluesparrowCEX
#ETH
#BlueSparrow
#BlueSparrowtoken
#BlueSparrowCommunity
#bitcoin
#BestDrawToken
#Bluesparrowcharity
#Web3
#NFT🐳26",1488095143685234688,2022-03-19 23:39:40+00:00,
20,1505328179644313601,RT @VOICEOFSHIBA: @amazon Every day I am asking @amazon to accept #SHIB as payment let's come with me #SHIBARMY #Crypto #shibainu #Bitcoin…,929120924695019520,2022-03-19 23:39:40+00:00,
21,1505328179132567554,"We just know #XRP will moon #crypto #binance #cryptocurrency #bitcoin #btc

https://t.co/HVxe7uzbCR",1385985517544673284,2022-03-19 23:39:40+00:00,
22,1505328179061223426,We just know #XRP will moon #crypto #binance #cryptocurrency #bitcoin #btc https://t.co/ErCGj6wXDm,1257299797611933702,2022-03-19 23:39:40+00:00,
23,1505328177895428104,"RT @Revolotto: 🏏World's Dangerous Cricketer
Greatest Batsman of All-time in Cricket

🌎Universe Boss - Chris Gayle extending his support and…",1483457470911725572,2022-03-19 23:39:39+00:00,
24,1505328176880250881,"@BluesparrowC @bitfinex @BlueSparrowETH #BlueSparrow is a bridge between the stock market and crypto .. You will have both in the Blue Sparrow CEX
@BlueSparrowETH
@BluesparrowC
#BluesparrowCEX
#ETH
#BlueSparrow
#BlueSparrowtoken
#BlueSparrowCommunity
#bitcoin
#BestDrawToken
#Bluesparrowcharity
#Web3
#NFT🐳25",1488095143685234688,2022-03-19 23:39:39+00:00,
25,1505328176708292612,"RT @chitaglorya__: giveaway 200$ | 2,800,000 IDR

-- rt follow @flagnetwork_NFT 

-- rt &amp; quoted their pinned with   #FlagNetwork  #cryptoc…",1357852573223407619,2022-03-19 23:39:39+00:00,
26,1505328175966035973,"In Japan, #XRP is religion. I love it! All works! #eth #ethereum #binance #bitcoin btc #ripple #crypto #cryptocurrency https://t.co/KqYkCKAiDC",2942927801,2022-03-19 23:39:39+00:00,
27,1505328172362977283,"In Japan, #XRP is religion. I love it! All works! #eth #ethereum #binance #bitcoin btc #ripple #crypto #cryptocurrency https://t.co/WUK4HiI2Ip",388662064,2022-03-19 23:39:38+00:00,
28,1505328171725561856,"@BluesparrowC @bitfinex @BlueSparrowETH #BlueSparrow is a bridge between the stock market and crypto .. You will have both in the Blue Sparrow CEX
@BlueSparrowETH
@BluesparrowC
#BluesparrowCEX
#ETH
#BlueSparrow
#BlueSparrowtoken
#BlueSparrowCommunity
#bitcoin
#BestDrawToken
#Bluesparrowcharity
#Web3
#NFTCollection https://t.co/OTthykDcx2",1475581054752894978,2022-03-19 23:39:38+00:00,
29,1505328170131615748,"@BluesparrowC @bitfinex @BlueSparrowETH #BlueSparrow is a bridge between the stock market and crypto .. You will have both in the Blue Sparrow CEX
@BlueSparrowETH
@BluesparrowC
#BluesparrowCEX
#ETH
#BlueSparrow
#BlueSparrowtoken
#BlueSparrowCommunity
#bitcoin
#BestDrawToken
#Bluesparrowcharity
#Web3
#NFT🐳24",1488095143685234688,2022-03-19 23:39:38+00:00,
30,1505328167984111618,"@IIICapital Why do people not get this ?? They hasten their own demise and speed up #bitcoin as the only solution ;) your the first person I have read say this, more need to hear, few ....",63834343,2022-03-19 23:39:37+00:00,{'place_id': '01c3911606d9105f'}
31,1505328167036370945,"RT @theoogwaycrypto: Every country will legalise #Bitcoin after all. But are you in the project that has it all?

If you believe #BTC will…",943470457,2022-03-19 23:39:37+00:00,
32,1505328166545641472,Get IN now don't be LATE #xrp #binance #cryptocurrency #bitcoin https://t.co/3CL3j1JgrD,1332485153734606848,2022-03-19 23:39:37+00:00,
33,1505328165866012673,"In Japan, #XRP is religion. I love it! All works! #eth #ethereum #binance #bitcoin btc #ripple #crypto #cryptocurrency https://t.co/HBp7mkGEdi",1478185069957156869,2022-03-19 23:39:37+00:00,
34,1505328165803409408,"@TheCryptoLark #Bitcoin because only hard money in the 'crypto'world. Scarce, decentralised, no one for govt to intimidate to shut it down, doesnt run on AWS.Has layer 2 instant settlement via Lightning Network, no fee, instant. Others .. well, don't.",1422797483319562247,2022-03-19 23:39:37+00:00,
35,1505328164087627777,"RT @AirdropDet: 🔍 New #Airdrop: YupVerse

💲 Reward: Up to 10M YuP (~$5) + 2M YuP (~$1,000) referral pool

🔴 Start the airdrop bot https://t…",1479011578754174976,2022-03-19 23:39:36+00:00,
36,1505328163999686657,Get IN now don't be LATE #xrp #binance #cryptocurrency #bitcoin https://t.co/exUrOngZx1,1163464738841538562,2022-03-19 23:39:36+00:00,
37,1505328161965363202,The strongest bullish signal flashed for #XRP #bitcoin #btc #ethereum #eth https://t.co/V4D9kQ8oH8,3305552481,2022-03-19 23:39:36+00:00,
38,1505328161797689352,RT @mariiaaa_ch: Web 3.0 is all about a more transparent and fairer network where everyone can participate without fearing a loss of privac…,1471459986719059972,2022-03-19 23:39:36+00:00,
39,1505328160312893441,We just know #XRP will moon #crypto #binance #cryptocurrency #bitcoin #btc https://t.co/yMbCkXs19Y,2265699728,2022-03-19 23:39:35+00:00,
40,1505328158782144512,"RT @CarolainCrypt0: #Bitcoin is worth 42K right now!!

And what are you going to invest in?  show me your great project x 100!👇🏻👇🏻 https://…",1494204450575380481,2022-03-19 23:39:35+00:00,
41,1505328156059660289,XRP is getting ready to take off to the moon! #altcoin #bitcoin #binance #xrp #ripple https://t.co/aw8DmXHEZp,1167873562566377472,2022-03-19 23:39:34+00:00,
42,1505328155380305922,"RT @EtherNasyonaL: #Bitcoin dominance is falling ⬇️

#Altcoin dominance is rising ⬆️

#Altseason2022 WILL BE EPIC🔥🚀

Drive away the dry noi…",1504955524659437585,2022-03-19 23:39:34+00:00,
43,1505328152935030789,"RT @RichardHeartWin: #Bitcoin laser eyes guys, come meet your doom. https://t.co/RaxIG0zIig",1012154678426169345,2022-03-19 23:39:33+00:00,
44,1505328151798611972,"RT @YupVerse: ✔️ YupVerse Airdrop (New Round) is live!

🔵 Airdrop Reward: Up to 10 Million YuP (~$5)

🔵 Referral Reward: 2 Million YuP (~$1…",1425510266725302276,2022-03-19 23:39:33+00:00,
45,1505328151114698757,Get IN now don't be LATE #xrp #binance #cryptocurrency #bitcoin https://t.co/CTddiUJeVI,758687599066226688,2022-03-19 23:39:33+00:00,
46,1505328150024273924,"RT @Meta_Gaming99: Meta Gaming  🎁
 Airdrop for everyone

Steps:
1️⃣Follow us Twitter @Meta_Gaming99 RT&amp;Tag 3 friends
2️⃣Join us TG group: h…",1504190946610659337,2022-03-19 23:39:33+00:00,
47,1505328146870157314,"Wholecoiners will eventually be the 1% of the 1%.

#Bitcoin will deliver untold riches to the holders and the miners. https://t.co/7PfKaucSj2",1454596878146883588,2022-03-19 23:39:32+00:00,
48,1505328145976946690,"RT @airdropinspect: New airdrop: Retoken (USDT)
Total Reward: 2,000 USDT
Rate: ⭐️⭐️⭐️⭐️
Winners: 700 Random &amp; Top 50
Distribution: within a…",1459911146111074307,2022-03-19 23:39:32+00:00,
49,1505328144483434496,"RT @Revolotto: 🏏World's Dangerous Cricketer
Greatest Batsman of All-time in Cricket

🌎Universe Boss - Chris Gayle extending his support and…",1254587963163500544,2022-03-19 23:39:31+00:00,
