,id,text,author_id,created_at,geo
0,1505318396417626115,Get IN now don't be LATE #xrp #binance #cryptocurrency #bitcoin https://t.co/XudmONzPtf,2695707745,2022-03-19 23:00:47+00:00,
1,1505318396241625095,The strongest bullish signal flashed for #XRP #bitcoin #btc #ethereum #eth https://t.co/cSMwmBinEv,1477669313360375812,2022-03-19 23:00:47+00:00,
2,1505318395788505092,The strongest bullish signal flashed for #XRP #bitcoin #btc #ethereum #eth https://t.co/eDzwp3VZ17,1348736687967449090,2022-03-19 23:00:47+00:00,
3,1505318395201339402,"@dchidyllo @danheld Yeah I know how ponzi schemes work. Let's see for how long you can sell it. It's peaked 3 times 2013, 2017 and 2021 crashed 3 times recovered twice. 2013-2017 17x, 2017-2021 3x I own 2 small flats and I would never ever swap one for #Bitcoin Once they make enough I'll buy the 3rd",1309794312037830657,2022-03-19 23:00:47+00:00,
4,1505318394530344962,"Make money! Prosecute scammers! All at the same time 
Make passive income in BNB rewards for holding $SPY!
Your rewards accumulate in a pool and then delivered straight to your wallet every few days!
@SpyWolfNetwork $SPY #spywolf #bnb #bscgem #binance #bitcoin #ethereum 7gwfn",1473764166099947527,2022-03-19 23:00:47+00:00,
5,1505318393963974660,Get IN now don't be LATE #xrp #binance #cryptocurrency #bitcoin https://t.co/NgSofnqbbU,1324963152174313473,2022-03-19 23:00:47+00:00,
6,1505318392768733191,Get IN now don't be LATE #xrp #binance #cryptocurrency #bitcoin https://t.co/Viwen1WFgz,1255588691998801926,2022-03-19 23:00:46+00:00,
7,1505318389937426438,XRP is getting ready to take off to the moon! #altcoin #bitcoin #binance #xrp #ripple https://t.co/MqvO2xl0GK,1154711288989306880,2022-03-19 23:00:46+00:00,
8,1505318389899796480,"RT @TheCryptoLark: Elon Musk owns only 3 coins. 
#Bitcoin 
#ethereum
$doge",1317998644931530755,2022-03-19 23:00:46+00:00,
9,1505318387815268353,"RT @AirdropStario: 💧 SafeWallet Airdrop 💧

🏆 Task:        ➕ 175 SLT (~$3.5) for 1000 random participants

👨‍👩‍👧 Referral: ➕ 30,000 SLT (~$6…",1310912647836164101,2022-03-19 23:00:45+00:00,
10,1505318387039477765,"RT @Trader4lyf: I can feel #Crypto Mania Phase, it’s coming

Let’s try defocus away from all the war hype. Most of that is fake news meant…",1445539476449599494,2022-03-19 23:00:45+00:00,
11,1505318385382400000,"Today my parents had to pay for accommodation and since the banks were closed and they charge a lot of commissions they couldn't do it, that's why I'm more and more convinced to bet on cryptocurrencies. #Bitcoin",618643753,2022-03-19 23:00:45+00:00,
12,1505318384124116993,"RT @AirdropDet: 🔍 New #Airdrop: YupVerse

💲 Reward: Up to 10M YuP (~$5) + 2M YuP (~$1,000) referral pool

🔴 Start the airdrop bot https://t…",1374926583241170962,2022-03-19 23:00:44+00:00,
13,1505318381964079109,Get IN now don't be LATE #xrp #binance #cryptocurrency #bitcoin https://t.co/zJHnmniDMM,1427375233581862914,2022-03-19 23:00:44+00:00,
14,1505318381297143808,XRP is getting ready to take off to the moon! #altcoin #bitcoin #binance #xrp #ripple https://t.co/CoOiuUCzJK,1317454368573132801,2022-03-19 23:00:44+00:00,
15,1505318381037109252,Get IN now don't be LATE #xrp #binance #cryptocurrency #bitcoin https://t.co/DlHejMIiuc,1276394008730669057,2022-03-19 23:00:44+00:00,
16,1505318380542201856,We just know #XRP will moon #crypto #binance #cryptocurrency #bitcoin #btc https://t.co/DkIlDVL95l,1395064182102532108,2022-03-19 23:00:44+00:00,
17,1505318380290686982,"📈Analysis March 19th📈

The current price of $BTC is 41949.12$ (⬆0.61%), and its dominance is 42.87%. 

The market sentiment is at 28 points [🔴Fear]. 

Total #crypto market cap is 💰1.86 trillion $💰 approx.

#bitcoin https://t.co/mLMPhZNnVn",1484547220326293506,2022-03-19 23:00:43+00:00,
18,1505318379804143619,The strongest bullish signal flashed for #XRP #bitcoin #btc #ethereum #eth https://t.co/oH8Xdy681R,1480173873480019972,2022-03-19 23:00:43+00:00,
19,1505318379602599937,XRP is getting ready to take off to the moon! #altcoin #bitcoin #binance #xrp #ripple https://t.co/DjlSIRAf6r,1475429668996239362,2022-03-19 23:00:43+00:00,
20,1505318379598532610,"We are @SpyWolfNetwork and we are here to clean up the crypto space and to make you
 
https://t.co/1Mo7qdcgFO is our anti-scam and SAFU investment portal. IT'S THE 1ST PLACE TO GO FOR DYOR!
@SpyWolfNetwork $SPY #spywolf #bnb #bscgem #binance #bitcoin pwefq",1473764166099947527,2022-03-19 23:00:43+00:00,
21,1505318379468443651,"In Japan, #XRP is religion. I love it! All works! #eth #ethereum #binance #bitcoin btc #ripple #crypto #cryptocurrency https://t.co/IRCsPwhl6N",1482391997298184193,2022-03-19 23:00:43+00:00,
22,1505318378579316738,"In Japan, #XRP is religion. I love it! All works! #eth #ethereum #binance #bitcoin btc #ripple #crypto #cryptocurrency https://t.co/VI9UD0t0ld",1410581030344347650,2022-03-19 23:00:43+00:00,
23,1505318378550054913,Get IN now don't be LATE #xrp #binance #cryptocurrency #bitcoin https://t.co/31g0IfX14d,1477807826483519488,2022-03-19 23:00:43+00:00,
24,1505318378193375236,Get IN now don't be LATE #xrp #binance #cryptocurrency #bitcoin https://t.co/wY72sOxCQZ,529491364,2022-03-19 23:00:43+00:00,
25,1505318378021752833,"RT @40_and_proud: If you are a beginner @IXFIworld got you back cause here you can see some tricks for beginners https://t.co/Ynj4l9npHT

#…",1491192775542718464,2022-03-19 23:00:43+00:00,
26,1505318374297022467,"In Japan, #XRP is religion. I love it! All works! #eth #ethereum #binance #bitcoin btc #ripple #crypto #cryptocurrency https://t.co/MdII43TIRD",1441962554561945604,2022-03-19 23:00:42+00:00,
27,1505318373940465664,"RT @Jsala_Defi: We are pleased to welcome you to our army! 🔥😎 

VIGGO'S, bistro &amp; sushi-bar 

New partner, where they will accept our token…",1496187482202943494,2022-03-19 23:00:42+00:00,
28,1505318373684506624,1 BTC Price: Bitstamp 41972.27 USD #BTC #Bitcoin 2022-03-19 19:00 https://t.co/qFVAU08nof,2232163009,2022-03-19 23:00:42+00:00,
29,1505318373214887945,"RT @MrPseu: Very stoked to chat with @LukeMikic21 tonight about my article on the Fed/Powell’s policy, raising rates, geopolitics, the grea…",1441266397481365511,2022-03-19 23:00:42+00:00,
30,1505318373042892802,Get IN now don't be LATE #xrp #binance #cryptocurrency #bitcoin https://t.co/PHNCmCZfBI,914735707,2022-03-19 23:00:42+00:00,
31,1505318371709104132,RT @Muataz_Hadia: When we say $FEG will be the King of DEFI and google suite for crypto we mean it. What’s coming it is mind blowing. Sit b…,1434502494852423693,2022-03-19 23:00:41+00:00,
32,1505318369540595717,"RT @AirdropStario: 💧 SafeWallet Airdrop 💧

🏆 Task:        ➕ 175 SLT (~$3.5) for 1000 random participants

👨‍👩‍👧 Referral: ➕ 30,000 SLT (~$6…",1382898787354566657,2022-03-19 23:00:41+00:00,
33,1505318368840093697,The strongest bullish signal flashed for #XRP #bitcoin #btc #ethereum #eth https://t.co/qxKLfDbMJn,923333388567588865,2022-03-19 23:00:41+00:00,
34,1505318366415835138,We just know #XRP will moon #crypto #binance #cryptocurrency #bitcoin #btc https://t.co/fEQVQoYGMo,1003403346273808384,2022-03-19 23:00:40+00:00,
35,1505318365665058821,The latest Bauer Report! https://t.co/pMRN5J9Sek Thanks to @Rich_dheartWin @VBurtila @theblaze #bitcoin #crypto,18937817,2022-03-19 23:00:40+00:00,
36,1505318363282620420,"RT @airdropinspect: New airdrop: Fracproperty X PriMetaProp(FRAC)
Total Reward: $10,000 worth of FRAC 
Rate: ⭐️⭐️⭐️⭐️
Winners: 2000 Random…",1448982811382202369,2022-03-19 23:00:39+00:00,
37,1505318362863308802,"We look forward to your investments with great excitement. 🔥

🔥Buy now! 
https://t.co/ELvrKpd4Ek

#NFTProject #Bitcoin #blockchain #BTC https://t.co/Gz5pYnkYHP",1480235820447670274,2022-03-19 23:00:39+00:00,
38,1505318362729091078,We just know #XRP will moon #crypto #binance #cryptocurrency #bitcoin #btc https://t.co/3NIIrcfcPT,2387796871,2022-03-19 23:00:39+00:00,
39,1505318362405953541,"In Japan, #XRP is religion. I love it! All works! #eth #ethereum #binance #bitcoin btc #ripple #crypto #cryptocurrency https://t.co/FskZbBFJyW",1466441374270730256,2022-03-19 23:00:39+00:00,
40,1505318359478697986,"#Bitcoin price(BTC価格)
$41,997(BTC/USD)
￥5,000,367(BTC/JPY)
€37,978(BTC/EUR)
$329,675(BTC/HKD)
$57,181(BTC/SGD)

#Ether price(ETH価格)
$2,936(ETH/USD)
￥349,965(ETH/JPY)
€2,656(ETH/EUR)

Twitter related keywords #Bitcoin https://t.co/quB4RJlPfS",1465567054451601408,2022-03-19 23:00:39+00:00,
41,1505318359478505484,"In Japan, #XRP is religion. I love it! All works! #eth #ethereum #binance #bitcoin btc #ripple #crypto #cryptocurrency https://t.co/yNDZ4iQNGA",1348315899447676932,2022-03-19 23:00:39+00:00,
42,1505318358199193603,XRP is getting ready to take off to the moon! #altcoin #bitcoin #binance #xrp #ripple https://t.co/jCTbty9SnM,1432615021025005571,2022-03-19 23:00:38+00:00,
43,1505318357339635712,"RT @AirdropDet: 🔍 New #Airdrop: YupVerse

💲 Reward: Up to 10M YuP (~$5) + 2M YuP (~$1,000) referral pool

🔴 Start the airdrop bot https://t…",1464098882749706242,2022-03-19 23:00:38+00:00,
44,1505318356131278848,"In Japan, #XRP is religion. I love it! All works! #eth #ethereum #binance #bitcoin btc #ripple #crypto #cryptocurrency https://t.co/drQNKsNheG",784462015159005184,2022-03-19 23:00:38+00:00,
45,1505318355774816256,The strongest bullish signal flashed for #XRP #bitcoin #btc #ethereum #eth https://t.co/7asngHIhaz,1454891326076510211,2022-03-19 23:00:38+00:00,
46,1505318354625593346,"RT @nycoin2014: Never bet against #Bitcoin.

#NYCCoin  #NYC #NYCoin  #NewYorkCoin #ETH #HODL   #altcoin  #BTC  #DeFi  #Doge #shib  
  #BNB…",789930839094267904,2022-03-19 23:00:37+00:00,
47,1505318353845501953,"RT @AirdropStario: 💧 SafeWallet Airdrop 💧

🏆 Task:        ➕ 175 SLT (~$3.5) for 1000 random participants

👨‍👩‍👧 Referral: ➕ 30,000 SLT (~$6…",1435616638909489153,2022-03-19 23:00:37+00:00,
48,1505318353593942018,"HARDLOGIC found #bitcoin in a User vault at this location! Join me playing #coinhuntworld, It's awesome! https://t.co/jbnmTM9yjw #cryptocurrency #92182 https://t.co/Qo3CrlXnE8",36205948,2022-03-19 23:00:37+00:00,
49,1505318353589751808,"RT @SmartTouro: The harder the crypto market is, the harder we will work!

Let's make our dreams come true 🔥😃😎🚀

@smallcappick 

We are the…",1496187482202943494,2022-03-19 23:00:37+00:00,
