,id,text,author_id,created_at,geo
0,1505318144436432898,"@YupVerse always support and keep watch over big projects in the future and become an ecosystem for the long term and compete with other competitors, success for developers

@Raka21806889 

@YasminNFTs99 

@Dedi31486332 

#Airdrops #Bitcoin #YupVerse #AirdropDet #Crypto #Blockchain",1447892432222187521,2022-03-19 22:59:47+00:00,
1,1505318144339972098,We just know #XRP will moon #crypto #binance #cryptocurrency #bitcoin #btc https://t.co/GAY7CPqw4J,1314991518080434176,2022-03-19 22:59:47+00:00,
2,1505318141437493248,"RT @CarolainCrypt0: #Bitcoin is worth 42K right now!!

And what are you going to invest in?  show me your great project x 100!👇🏻👇🏻 https://…",1495651853853655045,2022-03-19 22:59:47+00:00,
3,1505318140024016900,The strongest bullish signal flashed for #XRP #bitcoin #btc #ethereum #eth https://t.co/y56JOY64WP,1472113449723473922,2022-03-19 22:59:46+00:00,
4,1505318139457847302,"In Japan, #XRP is religion. I love it! All works! #eth #ethereum #binance #bitcoin btc #ripple #crypto #cryptocurrency https://t.co/xLXv4NcNxk",1430009623340257280,2022-03-19 22:59:46+00:00,
5,1505318139181080576,We just know #XRP will moon #crypto #binance #cryptocurrency #bitcoin #btc https://t.co/HLswtuA7X2,1434793089604800512,2022-03-19 22:59:46+00:00,
6,1505318138975449089,Get IN now don't be LATE #xrp #binance #cryptocurrency #bitcoin https://t.co/GSYUc7XCqb,1201073549638651905,2022-03-19 22:59:46+00:00,
7,1505318136018522113,"Did you get scammed?The good guys are here and we’ve got your back!
20% #scamsurvivor Charity! 20% charity in #SPY
Join us in the fight! Clean up the crypto space
Here: https://t.co/orShpWNDNG
@SpyWolfNetwork $SPY #spywolf #bnb #bscgem #binance #bitcoin #ethereum et2we",1473764166099947527,2022-03-19 22:59:45+00:00,
8,1505318133766230019,"In Japan, #XRP is religion. I love it! All works! #eth #ethereum #binance #bitcoin btc #ripple #crypto #cryptocurrency https://t.co/FKMAivSV2t",1231842114574614529,2022-03-19 22:59:45+00:00,
9,1505318131694252034,"RT @AirdropStario: 💧 SafeWallet Airdrop 💧

🏆 Task:        ➕ 175 SLT (~$3.5) for 1000 random participants

👨‍👩‍👧 Referral: ➕ 30,000 SLT (~$6…",1491039636231184391,2022-03-19 22:59:44+00:00,
10,1505318130574364675,"RT @AirdropStario: 💧 SafeWallet Airdrop 💧

🏆 Task:        ➕ 175 SLT (~$3.5) for 1000 random participants

👨‍👩‍👧 Referral: ➕ 30,000 SLT (~$6…",1503396790577606660,2022-03-19 22:59:44+00:00,
11,1505318129978683393,The strongest bullish signal flashed for #XRP #bitcoin #btc #ethereum #eth https://t.co/GJgY1CI8EG,2858041990,2022-03-19 22:59:44+00:00,
12,1505318129924198405,You can do Cloud Mining using this site https://t.co/RobSKJQF40                            #mining #trxmining #money #earnmoney #register #bitcoin #ethereum #btc #eth #tronvex 8907,1500164583453036544,2022-03-19 22:59:44+00:00,
13,1505318127902597121,"@TheMoonCarl Yes, 6 looking forward to make it 7 by next week..
Investment is the key ✅ #Bitcoin",1481242239862915076,2022-03-19 22:59:43+00:00,
14,1505318127474728960,"In Japan, #XRP is religion. I love it! All works! #eth #ethereum #binance #bitcoin btc #ripple #crypto #cryptocurrency https://t.co/1W2DgxxVMA",1469805618991091716,2022-03-19 22:59:43+00:00,
15,1505318125759340552,"In Japan, #XRP is religion. I love it! All works! #eth #ethereum #binance #bitcoin btc #ripple #crypto #cryptocurrency https://t.co/0bL2eiCW7q",1032113773052489728,2022-03-19 22:59:43+00:00,
16,1505318125461454856,XRP is getting ready to take off to the moon! #altcoin #bitcoin #binance #xrp #ripple https://t.co/61fPBKwGdW,2265699728,2022-03-19 22:59:43+00:00,
17,1505318124102377473,"This amazing faucet from @_bitcoiner is making me tweet this to claim my free Lightning sats. ⚡

@boltcoiner unlock me 0ba726dc-14fd-4ad6-a259-cc48c49d4796

#Bitcoin #BTC #LN #LightningNetwork #boltcoiner
https://t.co/3U0Mum3MKs",319559529,2022-03-19 22:59:42+00:00,
18,1505318123867570176,"In Japan, #XRP is religion. I love it! All works! #eth #ethereum #binance #bitcoin btc #ripple #crypto #cryptocurrency https://t.co/ugT7lvMNr2",1229722009338351616,2022-03-19 22:59:42+00:00,
19,1505318122022223873,XRP is getting ready to take off to the moon! #altcoin #bitcoin #binance #xrp #ripple https://t.co/sgjqLN1DIg,1463044515254583299,2022-03-19 22:59:42+00:00,
20,1505318121980104710,"In Japan, #XRP is religion. I love it! All works! #eth #ethereum #binance #bitcoin btc #ripple #crypto #cryptocurrency https://t.co/LqvNIm3mgG",1272153063508205569,2022-03-19 22:59:42+00:00,
21,1505318121036464128,"Make money!Prosecute scammers!All at the same time
Make passive income in BNB rewards for holding $SPY
Your rewards accumulate in a pool and then delivered straight to your wallet every few days
@SpyWolfNetwork $SPY #spywolf #bnb #bscgem #binance #bitcoin #ethereum 95vx1",1473764166099947527,2022-03-19 22:59:42+00:00,
22,1505318117337182208,We just know #XRP will moon #crypto #binance #cryptocurrency #bitcoin #btc https://t.co/04edgZDpEg,1450067892918267909,2022-03-19 22:59:41+00:00,
23,1505318113746817027,RT @VOICEOFSHIBA: Every 5 hours I am asking @RobinhoodApp to list #SHIB who is with me let's come with me. #SHIBARMY #Crypto @nytimes #Bitc…,1398420455082631168,2022-03-19 22:59:40+00:00,
24,1505318111649533952,Get IN now don't be LATE #xrp #binance #cryptocurrency #bitcoin https://t.co/EH5zgf6owT,1138337807112368130,2022-03-19 22:59:39+00:00,
25,1505318111452418050,XRP is getting ready to take off to the moon! #altcoin #bitcoin #binance #xrp #ripple https://t.co/EfsK6s7Mpl,1432189055651827713,2022-03-19 22:59:39+00:00,
26,1505318107425894402,"In Japan, #XRP is religion. I love it! All works! #eth #ethereum #binance #bitcoin btc #ripple #crypto #cryptocurrency https://t.co/3jorNeijwi",1482678632,2022-03-19 22:59:38+00:00,
27,1505318105198866434,We just know #XRP will moon #crypto #binance #cryptocurrency #bitcoin #btc https://t.co/1RUrjz1fvE,1475476829309968384,2022-03-19 22:59:38+00:00,
28,1505318102422233091,RT @HadiHos65287736: @CryptoGemsCom @SSarmyfeg1 #BlueSparrow is a bridge between the stock market and crypto .. You will have both in the B…,1448432250220056576,2022-03-19 22:59:37+00:00,
29,1505318100031492112,We just know #XRP will moon #crypto #binance #cryptocurrency #bitcoin #btc https://t.co/yrXwtyeOFm,1447971250433892364,2022-03-19 22:59:37+00:00,
30,1505318096676048900,"I swear to #GOD this channel will become the next #mrbeast
https://t.co/ijaKGxeicR
#viral #youtube #sdmn #bitcoin #doge #wsb #corona #covid19",1310620766296305666,2022-03-19 22:59:36+00:00,
31,1505318095040114689,We just know #XRP will moon #crypto #binance #cryptocurrency #bitcoin #btc https://t.co/gc7Wspt6Ls,859466780955344896,2022-03-19 22:59:35+00:00,
32,1505318094385950726,"RT @AirdropStario: 💧 SafeWallet Airdrop 💧

🏆 Task:        ➕ 175 SLT (~$3.5) for 1000 random participants

👨‍👩‍👧 Referral: ➕ 30,000 SLT (~$6…",1497612310558527491,2022-03-19 22:59:35+00:00,
33,1505318089545555978,We just know #XRP will moon #crypto #binance #cryptocurrency #bitcoin #btc https://t.co/PrSAzxEQ8k,1345949564835147776,2022-03-19 22:59:34+00:00,
34,1505318089113550853,The strongest bullish signal flashed for #XRP #bitcoin #btc #ethereum #eth https://t.co/PsDFb7xTRy,1163464738841538562,2022-03-19 22:59:34+00:00,
35,1505318088820068356,"Make money! Prosecute scammers! All at the same time 
Make passive income in BNB rewards for holding $SPY!
Your rewards accumulate in a pool and then delivered straight to your wallet every few days!
@SpyWolfNetwork $SPY #spywolf #bnb #bscgem #binance #bitcoin #ethereum 8bq9d",1473764166099947527,2022-03-19 22:59:34+00:00,
36,1505318088048271363,RT @Muataz_Hadia: When we say $FEG will be the King of DEFI and google suite for crypto we mean it. What’s coming it is mind blowing. Sit b…,1401572980971409408,2022-03-19 22:59:34+00:00,
37,1505318087544954884,"RT @ShiningJanardan: #Bitcoin Bullish season started 🐂🐂
Get ready guys April will be bull run.
#SHIB",1452698784790614018,2022-03-19 22:59:34+00:00,
38,1505318087494705162,"RT @nycoin2014: We are lucky☘️ to have #bitcoin.

Next coin is #NewYorkCoin 

The Original Lightning-Fast, NO FEE #Crypto Since 2014
NOT an…",789930839094267904,2022-03-19 22:59:34+00:00,
39,1505318082473971712,"RT @chitaglorya__: giveaway 200$ | 2,800,000 IDR

-- rt follow @flagnetwork_NFT 

-- rt &amp; quoted their pinned with   #FlagNetwork  #cryptoc…",1499761437035532296,2022-03-19 22:59:32+00:00,
40,1505318082121809923,"It's great! Tele Lend protocol is highly successfully enables users to lend or borrow using Tele Credit score. 
https://t.co/8lzfjKi0Xq #DeFi #TeleFy #DEX #cryptocurrency #Ethereum #BinanceSmartChain #Bitcoin #Airdrop #polkadot #MATIC #Polygon $TELE #Cardano #ETH 
@TelefyConnect",934013359497863169,2022-03-19 22:59:32+00:00,
41,1505318081391828992,We just know #XRP will moon #crypto #binance #cryptocurrency #bitcoin #btc https://t.co/yoqZacMz6w,266491446,2022-03-19 22:59:32+00:00,
42,1505318079689105414,@flagnetwork_NFT #FlagNetwork #IDO #cryptocurrency #Bitcoin #NFTs good project,1504574227793522696,2022-03-19 22:59:32+00:00,
43,1505318079378558977,"In Japan, #XRP is religion. I love it! All works! #eth #ethereum #binance #bitcoin btc #ripple #crypto #cryptocurrency https://t.co/2vNh6V0iMM",2233328274,2022-03-19 22:59:32+00:00,
44,1505318075645763588,RT @rovercrc: #BITCOIN IS BULLISH 🚀,1314397578570731520,2022-03-19 22:59:31+00:00,
45,1505318075473833986,We just know #XRP will moon #crypto #binance #cryptocurrency #bitcoin #btc https://t.co/7hgUf7I8Vf,1330779123837513729,2022-03-19 22:59:31+00:00,
46,1505318075016663044,"In Japan, #XRP is religion. I love it! All works! #eth #ethereum #binance #bitcoin btc #ripple #crypto #cryptocurrency https://t.co/wH988uzKGK",192881936,2022-03-19 22:59:31+00:00,
47,1505318074744025090,"We are @SpyWolfNetwork and we are here to clean up the crypto space and to make you
 
https://t.co/1Mo7qdcgFO is our anti-scam and SAFU investment portal. IT'S THE 1ST PLACE TO GO FOR DYOR!
@SpyWolfNetwork $SPY #spywolf #bnb #bscgem #binance #bitcoin gywtc",1473764166099947527,2022-03-19 22:59:31+00:00,
48,1505318074563575815,XRP is getting ready to take off to the moon! #altcoin #bitcoin #binance #xrp #ripple https://t.co/BTbartAeg3,1131716925204107269,2022-03-19 22:59:31+00:00,
49,1505318068699947014,"RT @GemsHunterX: This is why I support this Token 💯
@catcoinbsc $CATS #CATCOINBSC #CATCOINARMY #CATS #CATCOIN #binance #Bitcoin #Ethereum #…",1482008927227236354,2022-03-19 22:59:29+00:00,
