,id,text,author_id,created_at,geo
0,1505321917477183493,XRP is getting ready to take off to the moon! #altcoin #bitcoin #binance #xrp #ripple https://t.co/Tvq4qTrIol,2718258560,2022-03-19 23:14:47+00:00,
1,1505321917091237895,XRP is getting ready to take off to the moon! #altcoin #bitcoin #binance #xrp #ripple https://t.co/zpzdli62fx,1463527393474203659,2022-03-19 23:14:47+00:00,
2,1505321916948754435,"“The adoption of #bitcoin globally will do more positive impact than all global philanthropy combined.” @APompliano 

Freedom money confirmed.",1415064893628297217,2022-03-19 23:14:47+00:00,
3,1505321916562825216,"RT @ICOAnnouncement: 🎙 New Project

🔷 IotexPad (TEX)

🔶 IotexPad aims to be the first decentralized IDO platform based on the Iotex chain.…",1501272742171230212,2022-03-19 23:14:47+00:00,
4,1505321915962966017,Get IN now don't be LATE #xrp #binance #cryptocurrency #bitcoin https://t.co/MJqrDSDhWd,1036365318564864001,2022-03-19 23:14:46+00:00,
5,1505321911882027019,"RT @RichardHeartWin: Only 26 days until the 1 year anniversary of me calling the #Bitcoin top on the day, in profit every single day but 1.…",949151044876972032,2022-03-19 23:14:45+00:00,
6,1505321910711762949,"In Japan, #XRP is religion. I love it! All works! #eth #ethereum #binance #bitcoin btc #ripple #crypto #cryptocurrency https://t.co/XmjOLZesMj",2487022017,2022-03-19 23:14:45+00:00,
7,1505321909998678016,"In Japan, #XRP is religion. I love it! All works! #eth #ethereum #binance #bitcoin btc #ripple #crypto #cryptocurrency https://t.co/oxi6mKaYOI",1304508601894162433,2022-03-19 23:14:45+00:00,
8,1505321909738737665,The strongest bullish signal flashed for #XRP #bitcoin #btc #ethereum #eth https://t.co/nMUJdG4oSf,1438271536348246017,2022-03-19 23:14:45+00:00,
9,1505321909696622594,We just know #XRP will moon #crypto #binance #cryptocurrency #bitcoin #btc https://t.co/hggBMZwmSe,1464673458651074561,2022-03-19 23:14:45+00:00,
10,1505321907041624067,The strongest bullish signal flashed for #XRP #bitcoin #btc #ethereum #eth https://t.co/olvkjvZzbD,108916887,2022-03-19 23:14:44+00:00,
11,1505321906051829760,XRP is getting ready to take off to the moon! #altcoin #bitcoin #binance #xrp #ripple https://t.co/YEbSRx9FEz,1448701739436285960,2022-03-19 23:14:44+00:00,
12,1505321905099718656,"RT @YupVerse: ✔️ YupVerse Airdrop (New Round) is live!

🔵 Airdrop Reward: Up to 10 Million YuP (~$5)

🔵 Referral Reward: 2 Million YuP (~$1…",1458225670538989568,2022-03-19 23:14:44+00:00,
13,1505321904701202432,Get IN now don't be LATE #xrp #binance #cryptocurrency #bitcoin https://t.co/yc6WgUhcW5,929179391350882304,2022-03-19 23:14:44+00:00,
14,1505321904265064448,"RT @MartiniGuyYT: #Bitcoin stores value

#Altcoins change lives",1430407776988131328,2022-03-19 23:14:44+00:00,
15,1505321903120326656,"RT @5millionM: With the weekly RSI crossing above the SMA, we should expect weeks of upside. 👀 on tomorrow's close.

Odds are stacked again…",1299711258841608194,2022-03-19 23:14:43+00:00,
16,1505321902407294976,"RT @ashwsbreal: #Bitcoin hits  $42,000",561594130,2022-03-19 23:14:43+00:00,
17,1505321902365192196,Get IN now don't be LATE #xrp #binance #cryptocurrency #bitcoin https://t.co/k5OeQOE0I9,3044599248,2022-03-19 23:14:43+00:00,
18,1505321901379682305,"RT @AirdropStario: 💧 Bluca NFT Airdrop 💧

🏆 Task:         ➕  400 BULC (~$2) for 8000 random participants

👨‍👩‍👧 Referral:  ➕  4000 BULC (~$…",1200615118221873152,2022-03-19 23:14:43+00:00,
19,1505321901085892609,Get IN now don't be LATE #xrp #binance #cryptocurrency #bitcoin https://t.co/9KwzCIuPL9,1388120904207585284,2022-03-19 23:14:43+00:00,
20,1505321900641329152,"🐻 BEARWHALE! just SHORTED $3,600,234 worth of #Bitcoin #BTC at $42,048 on #Binance Futures",1284573941063974912,2022-03-19 23:14:43+00:00,
21,1505321900385480708,"RT @ProjectsIco: What is next leg up for #Bitcoin 

#Crypto #BTC #BTCUSDT #cryptocurrency",1497903963324174337,2022-03-19 23:14:43+00:00,
22,1505321896459575296,"RT @LazyLemurFi: What better way to start off than with a giveaway? We are giving away $100 at 25 retweets! LFG! 🤑 

#tomb #fork #tombfork…",1448350620088406019,2022-03-19 23:14:42+00:00,
23,1505321895591223301,The strongest bullish signal flashed for #XRP #bitcoin #btc #ethereum #eth https://t.co/7i4TBQfjlw,151270111,2022-03-19 23:14:42+00:00,
24,1505321894228094976,"RT @oasis_finance: There is still some time left to get onboard
To get our launch giveaway of 110,000 in #Bitcoin, and #ETH 
Follow @oasis_…",1492530465236197376,2022-03-19 23:14:41+00:00,
25,1505321892663549954,We just know #XRP will moon #crypto #binance #cryptocurrency #bitcoin #btc https://t.co/DjiAikCWuV,1458052127536910340,2022-03-19 23:14:41+00:00,
26,1505321892122546180,Get IN now don't be LATE #xrp #binance #cryptocurrency #bitcoin https://t.co/kgy2bJ5meH,1231842114574614529,2022-03-19 23:14:41+00:00,
27,1505321888796585986,The strongest bullish signal flashed for #XRP #bitcoin #btc #ethereum #eth https://t.co/OxQCRs4lPS,1339869651656990720,2022-03-19 23:14:40+00:00,
28,1505321888649814016,The strongest bullish signal flashed for #XRP #bitcoin #btc #ethereum #eth https://t.co/ANmK0exiHw,1456248810473132034,2022-03-19 23:14:40+00:00,
29,1505321888309948417,"RT @AirdropStario: 💧 Hero Arena Airdrop 💧

📍 Listed on: CoinMarketCap, PancakeSwap

🏆 Task: ➕  100 HERA (~$4) for 3000 random participants…",1438394405463887875,2022-03-19 23:14:40+00:00,
30,1505321887974686720,"RT @CarolainCrypt0: #Bitcoin is worth 42K right now!!

And what are you going to invest in?  show me your great project x 100!👇🏻👇🏻 https://…",1481478837573922817,2022-03-19 23:14:40+00:00,
31,1505321887043231744,"In Japan, #XRP is religion. I love it! All works! #eth #ethereum #binance #bitcoin btc #ripple #crypto #cryptocurrency https://t.co/emfYKGnDt3",1482749734293061636,2022-03-19 23:14:40+00:00,
32,1505321886980669443,"RT @AirdropDet: 🔍 New #Airdrop: Elite Cash

🏆 Total Airdrop Pool: 140,000 ELC [~$49,000]

🔴 Start the airdrop bot https://t.co/geX2YRhj5n…",1405564350732017669,2022-03-19 23:14:40+00:00,
33,1505321885613047811,"RT @binance: 💰 $10,000 giveaway 💰
 
Post your #BitcoinButton result to enter!
 
Rules:
🔸 Retweet this post
🔸 Follow @Binance
🔸 Play #Bitcoi…",1341551920897519616,2022-03-19 23:14:39+00:00,
34,1505321884652613633,"RT @TiernahrungPhil: Thanks for the question! I've recently invested into the coin from @defichain - $DFI ...

The project looks pretty pro…",1490442049,2022-03-19 23:14:39+00:00,
35,1505321883515895808,"BTCUSDT
4H
$42038.02
SUPPORT
37/75
19/03/22 23:14
Join https://t.co/OHlBpsAQS4 for all tickers and special charts.
#Bitcoin $BTC $ETH $LTC $SOL $BNB",845242213487575040,2022-03-19 23:14:39+00:00,
36,1505321880642674691,"RT @GiveawayInspect: New Giveaway: Retoken (USDT)
Total Reward: 2,000 USDT
Rate: ⭐️⭐️⭐️⭐️
Winners: 700 Random &amp; Top 50
Distribution: within…",1437025644395724806,2022-03-19 23:14:38+00:00,
37,1505321880265400327,We just know #XRP will moon #crypto #binance #cryptocurrency #bitcoin #btc https://t.co/7Mzarc8sMX,1003403346273808384,2022-03-19 23:14:38+00:00,
38,1505321878931521537,"RT @NeilJacobs: While we’re enjoying our weekends, remember, Ross Ulbricht was sentenced to life in prison without the possibility of parol…",1482392671767437313,2022-03-19 23:14:38+00:00,
39,1505321872447127555,We just know #XRP will moon #crypto #binance #cryptocurrency #bitcoin #btc https://t.co/4NEVWI6uO7,1462174500586409990,2022-03-19 23:14:36+00:00,
40,1505321870215761926,Get IN now don't be LATE #xrp #binance #cryptocurrency #bitcoin https://t.co/cSRcMCUta2,1131296733613449216,2022-03-19 23:14:36+00:00,
41,1505321870110994432,The strongest bullish signal flashed for #XRP #bitcoin #btc #ethereum #eth https://t.co/rKUiOn5is1,1365334350347333640,2022-03-19 23:14:36+00:00,
42,1505321869523644422,The strongest bullish signal flashed for #XRP #bitcoin #btc #ethereum #eth https://t.co/snWpV6S0S2,1459883006923980803,2022-03-19 23:14:35+00:00,
43,1505321867787354113,We just know #XRP will moon #crypto #binance #cryptocurrency #bitcoin #btc https://t.co/jIuVybxSqE,1394553911889981441,2022-03-19 23:14:35+00:00,
44,1505321866705129473,RT @AltcoinDailyio: Did anyone manage to buy #bitcoin under 40k?,1483604147857408004,2022-03-19 23:14:35+00:00,
45,1505321864242950144,RT @Muataz_Hadia: When we say $FEG will be the King of DEFI and google suite for crypto we mean it. What’s coming it is mind blowing. Sit b…,1405689190109511691,2022-03-19 23:14:34+00:00,
46,1505321863970537474,"RT @AirdropStario: 💧 SafeWallet Airdrop 💧

🏆 Task:        ➕ 175 SLT (~$3.5) for 1000 random participants

👨‍👩‍👧 Referral: ➕ 30,000 SLT (~$6…",1337087956096602114,2022-03-19 23:14:34+00:00,
47,1505321861877583872,The strongest bullish signal flashed for #XRP #bitcoin #btc #ethereum #eth https://t.co/NMbLImd0uM,1053654368866586624,2022-03-19 23:14:34+00:00,
48,1505321861529411586,"RT @AirdropDet: 🔍 New #Airdrop: YupVerse

💲 Reward: Up to 10M YuP (~$5) + 2M YuP (~$1,000) referral pool

🔴 Start the airdrop bot https://t…",1337441692543279105,2022-03-19 23:14:33+00:00,
49,1505321860568961029,Get IN now don't be LATE #xrp #binance #cryptocurrency #bitcoin https://t.co/cgvy2N6I9U,1463630176143740928,2022-03-19 23:14:33+00:00,
