,id,text,author_id,created_at,geo
0,1505329217994690561,"@BluesparrowC @bitfinex @BlueSparrowETH #BlueSparrow is a bridge between the stock market and crypto .. You will have both in the Blue Sparrow CEX
@BlueSparrowETH
@BluesparrowC
#BluesparrowCEX
#ETH
#BlueSparrow
#BlueSparrowtoken
#BlueSparrowCommunity
#bitcoin
#BestDrawToken
#Bluesparrowcharity
#Web3
#NFT💐q f",1465003913158049797,2022-03-19 23:43:47+00:00,
1,1505329217567064065,"RT @Revolotto: 🏏World's Dangerous Cricketer
Greatest Batsman of All-time in Cricket

🌎Universe Boss - Chris Gayle extending his support and…",1434012331533422593,2022-03-19 23:43:47+00:00,
2,1505329217311023110,"@BluesparrowC @bitfinex @BlueSparrowETH #BlueSparrow is a bridge between the stock market and crypto .. You will have both in the Blue Sparrow CEX
@BlueSparrowETH
@BluesparrowC
#BluesparrowCEX
#ETH
#BlueSparrow
#BlueSparrowtoken
#BlueSparrowCommunity
#bitcoin
#BestDrawToken
#Bluesparrowcharity
#Web3
#NFT💐135",1465003913158049797,2022-03-19 23:43:47+00:00,
3,1505329216979677185,RT @Meta_UFO: #bitcoin and #MetaUFO have no inflation.,1332423780786982915,2022-03-19 23:43:47+00:00,
4,1505329215935242245,"RT @AirdropStario: 💧 SafeWallet Airdrop 💧

🏆 Task:        ➕ 175 SLT (~$3.5) for 1000 random participants

👨‍👩‍👧 Referral: ➕ 30,000 SLT (~$6…",1454147141165887499,2022-03-19 23:43:47+00:00,
5,1505329214945386498,RT @selena1366: @BluesparrowC @bitfinex @BlueSparrowETH #BlueSparrow is a bridge between the stock market and crypto .. You will have both…,1471459986719059972,2022-03-19 23:43:47+00:00,
6,1505329213531897859,"@BluesparrowC @bitfinex @BlueSparrowETH #BlueSparrow is a bridge between the stock market and crypto .. You will have both in the Blue Sparrow CEX
@BlueSparrowETH
@BluesparrowC
#BluesparrowCEX
#ETH
#BlueSparrow
#BlueSparrowtoken
#BlueSparrowCommunity
#bitcoin
#BestDrawToken
#Bluesparrowcharity
#Web3
#NFT
13 https://t.co/nD2J5YHcrZ",1494393507619946498,2022-03-19 23:43:46+00:00,
7,1505329211904516096,RT @MatthewHyland_: BREAKING: #Bitcoin has been in a monthly uptrend of higher highs and higher lows for over two years now 🚨,1491667045108396033,2022-03-19 23:43:46+00:00,
8,1505329211506053121,"@BluesparrowC @bitfinex @BlueSparrowETH #BlueSparrow is a bridge between the stock market and crypto .. You will have both in the Blue Sparrow CEX
@BlueSparrowETH
@BluesparrowC
#BluesparrowCEX
#ETH
#BlueSparrow
#BlueSparrowtoken
#BlueSparrowCommunity
#bitcoin
#BestDrawToken
#Bluesparrowcharity
#Web3
#NFT💐40",1465003913158049797,2022-03-19 23:43:46+00:00,
9,1505329211497668615,"@BluesparrowC @bitfinex @BlueSparrowETH #BlueSparrow is a bridge between the stock market and crypto .. You will have both in the Blue Sparrow CEX
@BlueSparrowETH
@BluesparrowC
#BluesparrowCEX
#ETH
#BlueSparrow
#BlueSparrowtoken
#BlueSparrowCommunity
#bitcoin
#BestDrawToken
#Bluesparrowcharity
#Web3
#NFT💐138",1465003913158049797,2022-03-19 23:43:46+00:00,
10,1505329209413095425,RT @selena1366: @BluesparrowC @bitfinex @BlueSparrowETH #BlueSparrow is a bridge between the stock market and crypto .. You will have both…,1475581054752894978,2022-03-19 23:43:45+00:00,
11,1505329208717111296,"RT @Revolotto: 🏏World's Dangerous Cricketer
Greatest Batsman of All-time in Cricket

🌎Universe Boss - Chris Gayle extending his support and…",1481094331176198150,2022-03-19 23:43:45+00:00,
12,1505329207479398402,The strongest bullish signal flashed for #XRP #bitcoin #btc #ethereum #eth https://t.co/QHGG9X9MCZ,1463470324092223489,2022-03-19 23:43:45+00:00,
13,1505329204417683459,RT @TheRealPlanC: At this point #Bitcoin is in a common-law relationship with the 30-69k range. #Crypto,1468510460450377731,2022-03-19 23:43:44+00:00,
14,1505329203822006274,"RT @Revolotto: 🏏World's Dangerous Cricketer
Greatest Batsman of All-time in Cricket

🌎Universe Boss - Chris Gayle extending his support and…",1454412616298729479,2022-03-19 23:43:44+00:00,
15,1505329201842425859,XRP is getting ready to take off to the moon! #altcoin #bitcoin #binance #xrp #ripple https://t.co/CzPwoCtkRy,804760224531968000,2022-03-19 23:43:44+00:00,
16,1505329201540345860,"n Japan, #XRP is religion. I love it! All works! #eth #ethereum #binance #bitcoin btc #ripple #crypto #cryptocurrency

https://t.co/Rkk8Un6MbX",1432727614158819340,2022-03-19 23:43:43+00:00,
17,1505329201234202624,The strongest bullish signal flashed for #XRP #bitcoin #btc #ethereum #eth https://t.co/Ux37aXB8L9,979530226123378688,2022-03-19 23:43:43+00:00,
18,1505329199132950530,RT @selena1366: @BluesparrowC @bitfinex @BlueSparrowETH #BlueSparrow is a bridge between the stock market and crypto .. You will have both…,1471459986719059972,2022-03-19 23:43:43+00:00,
19,1505329197132226562,The strongest bullish signal flashed for #XRP #bitcoin #btc #ethereum #eth https://t.co/HAxLvKYtcX,1475880925665845252,2022-03-19 23:43:42+00:00,
20,1505329196767219715,"RT @CarolainCrypt0: #Bitcoin is worth 42K right now!!

And what are you going to invest in?  show me your great project x 100!👇🏻👇🏻 https://…",1391135337129205760,2022-03-19 23:43:42+00:00,
21,1505329196091916289,"RT @airdropinspect: New airdrop: Prizefighter (RING)
Total Reward: $5,000 worth of RING
Rate: ⭐️⭐️⭐️⭐️
Winners: 1,000 Random &amp; Top 100
Dist…",1474990497760366592,2022-03-19 23:43:42+00:00,
22,1505329195370663945,"RT @StephenPunwasi: India just bought 3 million barrels of oil from Russia at a 20% discount and paid in rupees, not USD.

The fight to de-…",525968197,2022-03-19 23:43:42+00:00,
23,1505329195215630336,"RT @chitaglorya__: giveaway 200$ | 2,800,000 IDR

-- rt follow @flagnetwork_NFT 

-- rt &amp; quoted their pinned with   #FlagNetwork  #cryptoc…",1382755056739524608,2022-03-19 23:43:42+00:00,
24,1505329194745712645,"RT @EtherNasyonaL: #Bitcoin dominance is falling ⬇️

#Altcoin dominance is rising ⬆️

#Altseason2022 WILL BE EPIC🔥🚀

Drive away the dry noi…",1504835550100000768,2022-03-19 23:43:42+00:00,
25,1505329189804683268,@CryptoInramko68 @KateMillerCZ Check this #BabyWoolfCoin $BABYWOOLF #BabyWoolfArmy #BabyWoolf1000x  #cryptocurrency #Crypto @BabyWoolfCoin @BabyWoolfArmy #nftsgiveaway  #MUNTOT #STARSTRUCK #cryptocoin #Bitcoin #Binance #UFCVegas50 #BTC #Airdrops #BNB #ADA #NFTs #DAZN #sundayvibes #Binance https://t.co/f8LTmaYjiA,1451889444370345998,2022-03-19 23:43:41+00:00,
26,1505329189200617472,"RT @chitaglorya__: giveaway 200$ | 2,800,000 IDR

-- rt follow @flagnetwork_NFT 

-- rt &amp; quoted their pinned with   #FlagNetwork  #cryptoc…",1082966491736109062,2022-03-19 23:43:41+00:00,
27,1505329188198563841,"RT @AirdropDet: 🔍 New #Airdrop: YupVerse

💲 Reward: Up to 10M YuP (~$5) + 2M YuP (~$1,000) referral pool

🔴 Start the airdrop bot https://t…",1500341148078206980,2022-03-19 23:43:40+00:00,
28,1505329188126949377,"RT @chitaglorya__: giveaway 200$ | 2,800,000 IDR

-- rt follow @flagnetwork_NFT 

-- rt &amp; quoted their pinned with   #FlagNetwork  #cryptoc…",1470351514317193217,2022-03-19 23:43:40+00:00,
29,1505329185924923393,"In Japan, #XRP is religion. I love it! All works! #eth #ethereum #binance #bitcoin btc #ripple #crypto #cryptocurrency https://t.co/Iu8O2m3HjV",1464030336510312455,2022-03-19 23:43:40+00:00,
30,1505329185765609482,"In Japan, #XRP is religion. I love it! All works! #eth #ethereum #binance #bitcoin btc #ripple #crypto #cryptocurrency https://t.co/QPElQLdoPq",1272082531228270593,2022-03-19 23:43:40+00:00,
31,1505329185149308932,"RT @rovercrc: I think #Bitcoin will break $100,000 by July 2022! 🚀",1423845306790260739,2022-03-19 23:43:40+00:00,
32,1505329185077792768,XRP is getting ready to take off to the moon! #altcoin #bitcoin #binance #xrp #ripple https://t.co/G3S69kA7wx,3989230521,2022-03-19 23:43:40+00:00,
33,1505329181760139265,"@BluesparrowC @bitfinex @BlueSparrowETH #BlueSparrow is a bridge between the stock market and crypto .. You will have both in the Blue Sparrow CEX
@BlueSparrowETH
@BluesparrowC
#BluesparrowCEX
#ETH
#BlueSparrow
#BlueSparrowtoken
#BlueSparrowCommunity
#bitcoin
#BestDrawToken
#Bluesparrowcharity
#Web3
#NFT
12 https://t.co/j7JHJoCJme",1494393507619946498,2022-03-19 23:43:39+00:00,
34,1505329177926455303,RT @selena1366: @BluesparrowC @bitfinex @BlueSparrowETH #BlueSparrow is a bridge between the stock market and crypto .. You will have both…,1475581054752894978,2022-03-19 23:43:38+00:00,
35,1505329177318158336,XRP is getting ready to take off to the moon! #altcoin #bitcoin #binance #xrp #ripple https://t.co/d1gUaPwvdL,178705730,2022-03-19 23:43:38+00:00,
36,1505329176433156096,"RT @Revolotto: 🏏World's Dangerous Cricketer
Greatest Batsman of All-time in Cricket

🌎Universe Boss - Chris Gayle extending his support and…",1497371202066608131,2022-03-19 23:43:37+00:00,
37,1505329175489613828,"In Japan, #XRP is religion. I love it! All works! #eth #ethereum #binance #bitcoin btc #ripple #crypto #cryptocurrency https://t.co/Z7GVIO5fAQ",921513008,2022-03-19 23:43:37+00:00,
38,1505329175414124546,Get IN now don't be LATE #xrp #binance #cryptocurrency #bitcoin https://t.co/ic4JZZeXen,1012747882116591617,2022-03-19 23:43:37+00:00,
39,1505329175137161217,RT @saylor: You do not sell your #bitcoin.  https://t.co/LJNgJeWxvR,81873440,2022-03-19 23:43:37+00:00,
40,1505329174957162498,"RT @tigerprooffical: Finally congrats 👏 

#NFTCommunity  #Bitcoin #BTC #crypto  #NFT #NFTs #ad #Airdrop   #StPatricksDay  #eth #StrayKids #…",72789355,2022-03-19 23:43:37+00:00,
41,1505329173854027778,RT @WatcherGuru: JUST IN: 🇺🇸 U.S. Congressman Pete Sessions says Texas will be the #Bitcoin capital.,1383504746590343177,2022-03-19 23:43:37+00:00,
42,1505329171886616578,"XRP is getting ready to take off to the moon! #altcoin #bitcoin #binance #xrp #ripple

https://t.co/9dVQvjxkYf",1167895623707889664,2022-03-19 23:43:36+00:00,
43,1505329170024628224,"RT @airdropinspect: New airdrop: NOS Watch
Total Reward: 1,100 Artwork NFT
Rate: ⭐️⭐️⭐️⭐️
Winners: 1,000 Random &amp; Top 100
Distribution: wit…",1357230437714718721,2022-03-19 23:43:36+00:00,
44,1505329169776979970,RT @selena1366: @BluesparrowC @bitfinex @BlueSparrowETH #BlueSparrow is a bridge between the stock market and crypto .. You will have both…,1471459986719059972,2022-03-19 23:43:36+00:00,
45,1505329169718288385,"In Japan, #XRP is religion. I love it! All works! #eth #ethereum #binance #bitcoin btc #ripple #crypto #cryptocurrency https://t.co/yFFJGeexVg",1318689012081590272,2022-03-19 23:43:36+00:00,
46,1505329169231716353,"In Japan, #XRP is religion. I love it! All works! #eth #ethereum #binance #bitcoin btc #ripple #crypto #cryptocurrency https://t.co/O2NypBFR4B",921513008,2022-03-19 23:43:36+00:00,
47,1505329168745213954,"RT @Saving_rhinos_: 11000 unique Rhinos in polygon chain
The purpose of this collection is to save and support rhinos
https://t.co/HOIOGgcz…",1459505581090349056,2022-03-19 23:43:36+00:00,
48,1505329167940087808,"RT @Revolotto: 🏏World's Dangerous Cricketer
Greatest Batsman of All-time in Cricket

🌎Universe Boss - Chris Gayle extending his support and…",1504422417376022528,2022-03-19 23:43:35+00:00,
49,1505329167377874948,"RT @AirdropDet: 🔍 New #Airdrop: YupVerse

💲 Reward: Up to 10M YuP (~$5) + 2M YuP (~$1,000) referral pool

🔴 Start the airdrop bot https://t…",2841180572,2022-03-19 23:43:35+00:00,
