,id,text,author_id,created_at,geo
0,1505314369596702722,"RT @Eunicedwong: FEELING BULLISH ON #Bitcoin 
🚀🚀🚀🚀🚀🚀🚀🚀🚀🚀🚀🚀 https://t.co/D2L9BAbFBZ",883300200550289408,2022-03-19 22:44:47+00:00,
1,1505314369147703303,"RT @AirdropDet: 🔍 New #Airdrop: YupVerse

💲 Reward: Up to 10M YuP (~$5) + 2M YuP (~$1,000) referral pool

🔴 Start the airdrop bot https://t…",1478661670943744004,2022-03-19 22:44:47+00:00,
2,1505314365129515014,"RT @tradeiseveryone: TradeEveryOne $SHIB Buy Signal Currently Have 226,2% Profit with 20x Leverage 💵
Entry Price : $0.0223
Current Price :…",1474485378761379842,2022-03-19 22:44:46+00:00,
3,1505314364856930309,"RT @rasim_mehdiyev_: @AdamEShelton #shinja #ShinjaSeason
#DubaiExpo2022
#DubaiCryptoExpo

#DOJOSWAP listing #Token
#Selena_Inu
#flokimusk
#…",1454678238295437314,2022-03-19 22:44:46+00:00,
4,1505314360285184007,"RT @CedYoungelman: Buying #Bitcoin is not spending your money it’s actually saving it. 

Protect your wealth.",915547056722317313,2022-03-19 22:44:45+00:00,
5,1505314357731033091,"RT @chitaglorya__: giveaway 200$ | 2,800,000 IDR

-- rt follow @flagnetwork_NFT 

-- rt &amp; quoted their pinned with   #FlagNetwork  #cryptoc…",1311911539079671809,2022-03-19 22:44:44+00:00,
6,1505314355432366082,"RT @rasim_mehdiyev_: @AltCryptoGems #shinja #ShinjaSeason
#DubaiExpo2022
#DubaiCryptoExpo

#DOJOSWAP listing #Token
#Selena_Inu
#flokimusk…",1454678238295437314,2022-03-19 22:44:44+00:00,
7,1505314353653985282,"RT @AirdropStario: 💧 Raiinmaker Airdrop 💧

🏆 Task:          ➕ 1,5 COIIN for 500 random participants each.

👨‍👩‍👧 Referral:   ➕ 5 COIIN for…",1468325926257803266,2022-03-19 22:44:43+00:00,
8,1505314350562689025,I will post about #bitcoin #MentalHealthAwareness #ChildhoodCancer #HealthandFitness and if you don’t like it you can go fuck yourself. I’m not here for followers 😆🤣🤣,926917453870800896,2022-03-19 22:44:43+00:00,
9,1505314350105563139,"RT @brandenvermaak0: Multiply your Bitcoin, Ethereum, Litecoin and Dogecoin
Start mining and increase your crypto capital now!
https://t.co…",1490901181971017728,2022-03-19 22:44:43+00:00,
10,1505314349593894922,"RT @shurabandit84: Meow!! Cat face It's coming!!! My first NFT collectionSun with face
https://t.co/pNS9APdgZ9     #NFTs #Polygon #NFTartis…",811217178859073537,2022-03-19 22:44:42+00:00,
11,1505314348675530752,"Do you need any type of template design for your business? Order here: https://t.co/oTa95UWqOp  #template #etsyshop #Seokjin #got7 @lifeandlibertee 
 #clothingbrand #style #brand #design #clothes #cloth  #Bitcoin #streetwear #Hoodwear #tshirts #Hoodies #SmallBusinesses #GiftIdeas https://t.co/jB5XjyZ9UK",1431540244143239168,2022-03-19 22:44:42+00:00,
12,1505314339183640582,RT @Meta_UFO: #bitcoin and #MetaUFO have no inflation.,1490090713538772994,2022-03-19 22:44:40+00:00,
13,1505314338462404610,"@GiveawayInspect Thank you so much for giving me the opportunity to participate in this project, I hope this project will always be active and grow with a strong team in the future.

@Dayoen26
@Andricloud26
@Yanaoray28

#Giveaway #Giveaways #GiveawayInspector #BSC #USDT #Retoken #Crypto #Bitcoin",1494264337644781569,2022-03-19 22:44:40+00:00,
14,1505314337858232324,"RT @AirdropDet: 🔍 New #Airdrop: YupVerse

💲 Reward: Up to 10M YuP (~$5) + 2M YuP (~$1,000) referral pool

🔴 Start the airdrop bot https://t…",1447579519225929731,2022-03-19 22:44:40+00:00,
15,1505314337698816005,"RT @AirdropStario: 💧 Bluca NFT Airdrop 💧

🏆 Task:         ➕  400 BULC (~$2) for 8000 random participants

👨‍👩‍👧 Referral:  ➕  4000 BULC (~$…",1468325926257803266,2022-03-19 22:44:40+00:00,
16,1505314337375723520,RT @WatcherGuru: JUST IN: 🇺🇸 U.S. Congressman Pete Sessions says Texas will be the #Bitcoin capital.,1279706143376306177,2022-03-19 22:44:40+00:00,
17,1505314335781969920,"RT @truthaboveus: While BTC, ETH consume thousands kW of energy and not banned in most of the countries, seems governments don't care about…",1391429847864340484,2022-03-19 22:44:39+00:00,
18,1505314334591057922,RT @WendyRogersAZ: If Arizona would have bought #Bitcoin when I said we would have more value now than we did then.,1428187157177327619,2022-03-19 22:44:39+00:00,
19,1505314334578290691,RT @Bitcoin_Norway: I bought my appartment in Norway in 2015 for 1100 #bitcoin. My assessment in 2022 valued it to 13.6 #bitcoin. Conclusio…,42956557,2022-03-19 22:44:39+00:00,
20,1505314333672189953,"RT @AirCoinreal: Sources: Honduras to announce #Bitcoin  as legal tender, 1 year after El Salvador did the same.

https://t.co/sS6X1AxNBF h…",1469639434052145153,2022-03-19 22:44:39+00:00,
21,1505314333261275136,"RT @rasim_mehdiyev_: @BSCGemsx100 #shinja #ShinjaSeason
#DubaiExpo2022
#DubaiCryptoExpo

#DOJOSWAP listing #Token
#Selena_Inu
#flokimusk
#s…",1454678238295437314,2022-03-19 22:44:39+00:00,
22,1505314332149657600,"slowly but surely
#Litecoin $LTC #Bitcoin $BTC",1396312012087435267,2022-03-19 22:44:38+00:00,
23,1505314330723688449,"The @EU_Commission  has gracefully disbursed another  €300 Million aid package to the Ukraine. The people have donated $60,000,000 directy to the Ukrainian Gov through #Bitcoin. €600M from the EU, peanuts. https://t.co/gCZ164aD32",1094230428226068480,2022-03-19 22:44:38+00:00,
24,1505314325115809792,"RT @chitaglorya__: giveaway 200$ | 2,800,000 IDR

-- rt follow @flagnetwork_NFT 

-- rt &amp; quoted their pinned with   #FlagNetwork  #cryptoc…",375437872,2022-03-19 22:44:37+00:00,
25,1505314324209975300,"RT @CryptoHayes: What happens when you ""cancel"" the world's largest energy producer ... ? ""Energy Cancelled"" is an essay on why the post-19…",882636624613474309,2022-03-19 22:44:36+00:00,
26,1505314323941498882,"RT @rasim_mehdiyev_: @AlbayScofield #shinja #ShinjaSeason
#DubaiExpo2022
#DubaiCryptoExpo

#DOJOSWAP listing #Token
#Selena_Inu
#flokimusk…",1454678238295437314,2022-03-19 22:44:36+00:00,
27,1505314323421298690,"#Bitcoin solves problems. Early on, it started as an amazing investment. Last few years, it protected us from inflation. Today, it protects us from censorship and frozen bank accounts. @saylor and @jack are onto something #crypto.",1491330225564569603,2022-03-19 22:44:36+00:00,
28,1505314320262975488,"RT @CarolainCrypt0: #Bitcoin is worth 42K right now!!

And what are you going to invest in?  show me your great project x 100!👇🏻👇🏻 https://…",1499568384492847104,2022-03-19 22:44:35+00:00,
29,1505314314974121992,"RT @rasim_mehdiyev_: @AltcoinWorldcom #shinja #ShinjaSeason
#DubaiExpo2022
#DubaiCryptoExpo

#DOJOSWAP listing #Token
#Selena_Inu
#flokimus…",1454678238295437314,2022-03-19 22:44:34+00:00,
30,1505314314294595588,"AAVE flash loans are a gateway for new financial models 

#Bitcoin #aave #ETH",962224063451148288,2022-03-19 22:44:34+00:00,
31,1505314307948617733,"RT @Btcexpertindia: 💥Russian 🇷🇺 people are using #Bitcoin as 'Lifeline' 
- Coinbase CEO",1442735288,2022-03-19 22:44:33+00:00,
32,1505314307667480576,"RT @chitaglorya__: giveaway 200$ | 2,800,000 IDR

-- rt follow @flagnetwork_NFT 

-- rt &amp; quoted their pinned with   #FlagNetwork  #cryptoc…",1237821693248163842,2022-03-19 22:44:32+00:00,
33,1505314305759080450,"RT @CarolainCrypt0: #Bitcoin is worth 42K right now!!

And what are you going to invest in?  show me your great project x 100!👇🏻👇🏻 https://…",1503990376532611072,2022-03-19 22:44:32+00:00,
34,1505314300050690052,"RT @airdropinspect: New airdrop: PlayZap X CoinBlock 
Total Reward: $3,500 worth of PLAYZAP
Rate: ⭐️⭐️⭐️⭐️
Winners: 1000 Random &amp; Top 50
Di…",1482741555521896453,2022-03-19 22:44:31+00:00,
35,1505314296925982728,"RT @Btcexpertindia: 💥Louisiana, USA has proposed a bill to accept #Bitcoin and #Crypto as payment for taxes.",1442735288,2022-03-19 22:44:30+00:00,
36,1505314296846241797,RT @WatcherGuru: JUST IN: 🇺🇸 U.S. Congressman Pete Sessions says Texas will be the #Bitcoin capital.,1480610340706701313,2022-03-19 22:44:30+00:00,
37,1505314288537329669,"RT @rasim_mehdiyev_: @krakenfx #shinja #ShinjaSeason
#DubaiExpo2022
#DubaiCryptoExpo

#DOJOSWAP listing #Token
#Selena_Inu
#flokimusk
#sait…",1454678238295437314,2022-03-19 22:44:28+00:00,
38,1505314287551750152,Once again it’s time for #Bitcoin,1354861039,2022-03-19 22:44:28+00:00,
39,1505314285492310023,RT @w_s_bitcoin: #Bitcoin's absolute scarcity is such a profound discovery. https://t.co/xGdlyQZGkD,1502839084510855170,2022-03-19 22:44:27+00:00,
40,1505314280736194560,"RT @GiveawayInspect: New Giveaway: Retoken (USDT)
Total Reward: 2,000 USDT
Rate: ⭐️⭐️⭐️⭐️
Winners: 700 Random &amp; Top 50
Distribution: within…",1494264337644781569,2022-03-19 22:44:26+00:00,
41,1505314278047330305,"RT @CarolainCrypt0: #Bitcoin is worth 42K right now!!

And what are you going to invest in?  show me your great project x 100!👇🏻👇🏻 https://…",1370429700007325696,2022-03-19 22:44:25+00:00,
42,1505314278039031811,"RT @rasim_mehdiyev_: @rovercrc #shinja #ShinjaSeason
#DubaiExpo2022
#DubaiCryptoExpo

#DOJOSWAP listing #Token
#Selena_Inu
#flokimusk
#sait…",1454678238295437314,2022-03-19 22:44:25+00:00,
43,1505314273547145216,"RT @MaximilianLex4: Analyst Lucy: I think we need to better spread the basics of the #Metaverse, and #NFT. No one was born knowing. We can…",1485040780482080769,2022-03-19 22:44:24+00:00,
44,1505314271491731462,RT @WatcherGuru: JUST IN: PayPal co-founder says the “biggest mistake I made in the last decade was getting too late and too little into #B…,990571505082920960,2022-03-19 22:44:24+00:00,
45,1505314270850039809,"YoBit AirDrop: Earn up to 4700 Fast Dollars daily: https://t.co/1nuI4vpYRO
#yobit #bitcoin #xrp",2993973460,2022-03-19 22:44:24+00:00,
46,1505314265879752706,"RT @rasim_mehdiyev_: @cryptogems555 #shinja #ShinjaSeason
#DubaiExpo2022
#DubaiCryptoExpo

#DOJOSWAP listing #Token
#Selena_Inu
#flokimusk…",1454678238295437314,2022-03-19 22:44:23+00:00,
47,1505314264311029762,@Diyojen777520 @Coinborsa01 @metaweartoken Great #MetaWear #Wear #Metaverse #Bitcoin #BTC #Binance #BinanceSmartChain #coinborsafamily,760076936,2022-03-19 22:44:22+00:00,
48,1505314261677056000,"RT @AirdropDet: 🔍 New #Airdrop: Elite Cash

🏆 Total Airdrop Pool: 140,000 ELC [~$49,000]

🔴 Start the airdrop bot https://t.co/geX2YRhj5n…",397279866,2022-03-19 22:44:22+00:00,
49,1505314259433103365,"RT @elitecash_io: #Bitcoin and other #cryptocurrencies have certainly changed the way how we bank.

To understand #crypto, you must underst…",1447579519225929731,2022-03-19 22:44:21+00:00,
