,id,text,author_id,created_at,geo
0,1505326698065244164,XRP is getting ready to take off to the moon! #altcoin #bitcoin #binance #xrp #ripple https://t.co/6zhnjU9BwO,307452069,2022-03-19 23:33:47+00:00,
1,1505326697641558018,We just know #XRP will moon #crypto #binance #cryptocurrency #bitcoin #btc https://t.co/6O20ZH1jHs,3234450510,2022-03-19 23:33:46+00:00,
2,1505326692700549120,We just know #XRP will moon #crypto #binance #cryptocurrency #bitcoin #btc https://t.co/wZEklkxudf,237146766,2022-03-19 23:33:45+00:00,
3,1505326686820347909,"RT @binance: 💰 $10,000 giveaway 💰
 
Post your #BitcoinButton result to enter!
 
Rules:
🔸 Retweet this post
🔸 Follow @Binance
🔸 Play #Bitcoi…",1498911465486659587,2022-03-19 23:33:44+00:00,
4,1505326686224936960,RT @DmitriyStoyko: What will happen next no one knows! China will win the US in the financial race or not? Time will tell who will survive…,1498798773564149762,2022-03-19 23:33:44+00:00,
5,1505326684572041217,We just know #XRP will moon #crypto #binance #cryptocurrency #bitcoin #btc https://t.co/mDHiiMpsDD,1310606061259436033,2022-03-19 23:33:43+00:00,
6,1505326682571526144,Get IN now don't be LATE #xrp #binance #cryptocurrency #bitcoin https://t.co/J4kQ8Ie2D8,784327100614311936,2022-03-19 23:33:43+00:00,
7,1505326682189697024,"RT @Revolotto: 🏏World's Dangerous Cricketer
Greatest Batsman of All-time in Cricket

🌎Universe Boss - Chris Gayle extending his support and…",1485177086482710532,2022-03-19 23:33:43+00:00,
8,1505326682005438465,"RT @TheMoonCarl: Holding fiat will turn billionaires into millionaires.

HODLing #Bitcoin will turn millionaires into ₿illionaires.",3075247201,2022-03-19 23:33:43+00:00,
9,1505326680201605121,RT @saylor: You do not sell your #bitcoin.  https://t.co/LJNgJeWxvR,120139577,2022-03-19 23:33:42+00:00,
10,1505326678154756099,RT @Bitcoin_Norway: I bought my appartment in Norway in 2015 for 1100 #bitcoin. My assessment in 2022 valued it to 13.6 #bitcoin. Conclusio…,1461207469426835459,2022-03-19 23:33:42+00:00,
11,1505326670500163584,"RT @Quinnvestments: #Bitcoin maxis try to encourage businesses to accept the Ponzi coin, when in reality, businesses hate it. 

When Steam…",1433486610121691145,2022-03-19 23:33:40+00:00,
12,1505326669879558153,"RT @AirdropDet: 🔍 New #Airdrop: YupVerse

💲 Reward: Up to 10M YuP (~$5) + 2M YuP (~$1,000) referral pool

🔴 Start the airdrop bot https://t…",1146060647366455296,2022-03-19 23:33:40+00:00,
13,1505326668403015683,"RT @airdropinspect: New airdrop: Fracproperty X PriMetaProp(FRAC)
Total Reward: $10,000 worth of FRAC 
Rate: ⭐️⭐️⭐️⭐️
Winners: 2000 Random…",1430980084316327937,2022-03-19 23:33:40+00:00,
14,1505326667518312450,"RT @CarolainCrypt0: #Bitcoin is worth 42K right now!!

And what are you going to invest in?  show me your great project x 100!👇🏻👇🏻 https://…",1501111435102851072,2022-03-19 23:33:39+00:00,
15,1505326663646814209,RT @MatthewHyland_: BREAKING: #Bitcoin has been in a monthly uptrend of higher highs and higher lows for over two years now 🚨,2977278345,2022-03-19 23:33:38+00:00,
16,1505326662426107904,"In Japan, #XRP is religion. I love it! All works! #eth #ethereum #binance #bitcoin btc #ripple #crypto #cryptocurrency https://t.co/IdhrK5pw5P",1267915070123716609,2022-03-19 23:33:38+00:00,
17,1505326661864239107,We just know #XRP will moon #crypto #binance #cryptocurrency #bitcoin #btc https://t.co/eeBSJe737h,1378563787922403331,2022-03-19 23:33:38+00:00,
18,1505326661499240450,Get IN now don't be LATE #xrp #binance #cryptocurrency #bitcoin https://t.co/G3KvWzCDId,2514469855,2022-03-19 23:33:38+00:00,
19,1505326661184921602,RT @cryptopipe82: She Won’t Go Out an Play On This Beautiful Day!!!😎😎😎  But at Least She’s Saving For College!!!💵💵💵💜💜💜💜💜💜💜💜💜💜💜 #KleeRun #Pl…,1443722852205690880,2022-03-19 23:33:38+00:00,
20,1505326660756951046,XRP is getting ready to take off to the moon! #altcoin #bitcoin #binance #xrp #ripple https://t.co/i2eiy37GkT,1387040169761533967,2022-03-19 23:33:38+00:00,
21,1505326658898874370,"RT @coins_anciant: 🇺🇦NEW NFT COIN🇺🇦
‼️BE the first owner of this coin in the NFT world‼️
...
Monaco 100 francs#074
...
PRICE: 0,03Eth
...
h…",1419683497753600005,2022-03-19 23:33:37+00:00,
22,1505326654700535808,"RT @Revolotto: 🏏World's Dangerous Cricketer
Greatest Batsman of All-time in Cricket

🌎Universe Boss - Chris Gayle extending his support and…",1456042275906080773,2022-03-19 23:33:36+00:00,
23,1505326654314496000,"Coinbase Sued for Allegedly Selling 79 Unregistered Crypto Securities — Including XRP, Dogecoin, Shiba Inu – Exchanges Bitcoin News 

A class-action lawsuit has been fi... https://t.co/9QD7iloXav #Bitcoin https://t.co/Um7rEyNghk",1463041582353969163,2022-03-19 23:33:36+00:00,
24,1505326654205403140,XRP is getting ready to take off to the moon! #altcoin #bitcoin #binance #xrp #ripple https://t.co/4WWTyIogTk,1318516013466529797,2022-03-19 23:33:36+00:00,
25,1505326653639204870,We just know #XRP will moon #crypto #binance #cryptocurrency #bitcoin #btc https://t.co/JhP1Tqr01c,1454839481077542913,2022-03-19 23:33:36+00:00,
26,1505326649990004740,The strongest bullish signal flashed for #XRP #bitcoin #btc #ethereum #eth https://t.co/KMMsIvQY7s,1482340468054794246,2022-03-19 23:33:35+00:00,
27,1505326649973239811,XRP is getting ready to take off to the moon! #altcoin #bitcoin #binance #xrp #ripple https://t.co/xQ4zMU9Nz1,1468573405251534849,2022-03-19 23:33:35+00:00,
28,1505326647398256641,"RT @Brisecommunity: What #Google Has To Say About Us💪
.
➡ #Bitgert To The MOON!🚀

#Brise #Bitgertcommunity #Bitgertarmy #Crypto #BRC20 #Bit…",1483197255255531528,2022-03-19 23:33:35+00:00,
29,1505326646278164487,"RT @Mawsoninc: $MIGI's site in Georgia is currently powering to produce approx. 6.5 #Bitcoin a day. ⚡
“We wanted to make sure a big site wa…",1243996113625063425,2022-03-19 23:33:34+00:00,
30,1505326640632823809,"RT @airdropinspect: New airdrop: Retoken (USDT)
Total Reward: 2,000 USDT
Rate: ⭐️⭐️⭐️⭐️
Winners: 700 Random &amp; Top 50
Distribution: within a…",1394628566088781831,2022-03-19 23:33:33+00:00,
31,1505326640179687429,"RT @AirdropDet: 🔍 New #Airdrop: YupVerse

💲 Reward: Up to 10M YuP (~$5) + 2M YuP (~$1,000) referral pool

🔴 Start the airdrop bot https://t…",1495433425574055936,2022-03-19 23:33:33+00:00,
32,1505326640062210052,"In Japan, #XRP is religion. I love it! All works! #eth #ethereum #binance #bitcoin btc #ripple #crypto #cryptocurrency https://t.co/IuIhmetWu6",1018303688379699207,2022-03-19 23:33:33+00:00,
33,1505326639302934531,We just know #XRP will moon #crypto #binance #cryptocurrency #bitcoin #btc https://t.co/rh6lnEu1DM,1461493596671160320,2022-03-19 23:33:33+00:00,
34,1505326638849945601,"RT @Revolotto: 🏏World's Dangerous Cricketer
Greatest Batsman of All-time in Cricket

🌎Universe Boss - Chris Gayle extending his support and…",1401665981601050624,2022-03-19 23:33:32+00:00,
35,1505326637935923200,"RT @DocumentingBTC: Hal Finney was a pioneer, cypherpunk, and the first to receive a #bitcoin  transaction from Satoshi Nakamoto. Hal gave…",550116503,2022-03-19 23:33:32+00:00,
36,1505326637394841602,"RT @Revolotto: 🏏World's Dangerous Cricketer
Greatest Batsman of All-time in Cricket

🌎Universe Boss - Chris Gayle extending his support and…",1331233421771776000,2022-03-19 23:33:32+00:00,
37,1505326637235195906,Get IN now don't be LATE #xrp #binance #cryptocurrency #bitcoin https://t.co/3FVA7MZgI6,1520619913,2022-03-19 23:33:32+00:00,
38,1505326635456761859,"@nft_momoco @OmaerAbd I have participated in following the guidelines and rules of this airdrop, I hope I will be lucky to get a prize from this airdrop. This very amazing project!!
@KNgaujack 
@celekotokan 
@april1828498765 

#Airdrop #Bitcoin  #AirdropDetective #AirdropStar #Blockchain",1186112452544434176,2022-03-19 23:33:32+00:00,
39,1505326634265501697,Get IN now don't be LATE #xrp #binance #cryptocurrency #bitcoin https://t.co/svahV611iB,500683392,2022-03-19 23:33:31+00:00,
40,1505326632386670594,"RT @AirdropStario: 💧 SafeWallet Airdrop 💧

🏆 Task:        ➕ 175 SLT (~$3.5) for 1000 random participants

👨‍👩‍👧 Referral: ➕ 30,000 SLT (~$6…",1552545013,2022-03-19 23:33:31+00:00,
41,1505326632370065409,"RT @CarolainCrypt0: #Bitcoin is worth 42K right now!!

And what are you going to invest in?  show me your great project x 100!👇🏻👇🏻 https://…",1500489656341008387,2022-03-19 23:33:31+00:00,
42,1505326631472312326,Get IN now don't be LATE #xrp #binance #cryptocurrency #bitcoin https://t.co/ge9WDeml0K,1407140292134903809,2022-03-19 23:33:31+00:00,
43,1505326628687122433,"RT @Revolotto: 🏏World's Dangerous Cricketer
Greatest Batsman of All-time in Cricket

🌎Universe Boss - Chris Gayle extending his support and…",1550105472,2022-03-19 23:33:30+00:00,
44,1505326627584352256,The strongest bullish signal flashed for #XRP #bitcoin #btc #ethereum #eth https://t.co/Yq6FweXFhh,1280622749950644224,2022-03-19 23:33:30+00:00,
45,1505326627030540291,We just know #XRP will moon #crypto #binance #cryptocurrency #bitcoin #btc https://t.co/TlrNgubou9,1126441441448820738,2022-03-19 23:33:30+00:00,
46,1505326624769777667,XRP is getting ready to take off to the moon! #altcoin #bitcoin #binance #xrp #ripple https://t.co/iPsbf8zQ74,1279470413538570244,2022-03-19 23:33:29+00:00,
47,1505326624098631681,"In Japan, #XRP is religion. I love it! All works! #eth #ethereum #binance #bitcoin btc #ripple #crypto #cryptocurrency https://t.co/k2kAHtbasp",1423352384705769476,2022-03-19 23:33:29+00:00,
