,id,text,author_id,created_at,geo
0,1505325695097995268,We just know #XRP will moon #crypto #binance #cryptocurrency #bitcoin #btc https://t.co/YkRkAfbVT9,1442935364650479616,2022-03-19 23:29:47+00:00,
1,1505325692661243904,RT @BitcoinMagazine: The revolution can not be stopped. #Bitcoin https://t.co/J51qviTWId,1124011496177119233,2022-03-19 23:29:47+00:00,
2,1505325691457482752,"Fantastic project with great potential, join this

$BABY #BabySwap #BSC #cryptocurrency #giveaway #NFT $Hera

@k_nariman
@Nariman56502974
@NKardann
@Arykary74
@Mahan1491

#Airdrop #Airdrops #Airdropinspector #NOSWatch #NFTs #Crypto #Bitcoin https://t.co/vqZo6u76za",1448900645172531205,2022-03-19 23:29:47+00:00,
3,1505325690559868933,XRP is getting ready to take off to the moon! #altcoin #bitcoin #binance #xrp #ripple https://t.co/qZQB4W9s8r,1445102712018903048,2022-03-19 23:29:46+00:00,
4,1505325690354286593,"RT @CryptonicZeus: If 🔥🔥🔥

#Bitcoin = $ 1,000,000
Then
#BNB = $100,000
#PIT        = $1
Mflateable #MFT =$5
#FEG       = $1
#ShibArmy = $1…",1463724196329107457,2022-03-19 23:29:46+00:00,
5,1505325687086862336,Get IN now don't be LATE #xrp #binance #cryptocurrency #bitcoin https://t.co/bgMgYoYZnZ,1304992348380647424,2022-03-19 23:29:46+00:00,
6,1505325686025687040,"RT @Revolotto: 🏏World's Dangerous Cricketer
Greatest Batsman of All-time in Cricket

🌎Universe Boss - Chris Gayle extending his support and…",1423899194159296512,2022-03-19 23:29:45+00:00,
7,1505325685493342208,"RT @CarolainCrypt0: #Bitcoin is worth 42K right now!!

And what are you going to invest in?  show me your great project x 100!👇🏻👇🏻 https://…",1501886497464938501,2022-03-19 23:29:45+00:00,
8,1505325684058562561,We just know #XRP will moon #crypto #binance #cryptocurrency #bitcoin #btc https://t.co/WwhOVCduIS,1474743687800365059,2022-03-19 23:29:45+00:00,
9,1505325683228266497,XRP is getting ready to take off to the moon! #altcoin #bitcoin #binance #xrp #ripple https://t.co/sHBIALcQed,1460553111437729792,2022-03-19 23:29:45+00:00,
10,1505325680258695170,"RT @BurnDrivexxx: Welcome in the Jungle Elementals! 💓🙏
I love every single one of them! 🤤💓 
Thanks to @madv_apesnft &amp; @worldofv_art for the…",1073641472900169728,2022-03-19 23:29:44+00:00,
11,1505325680107659264,"RT @Revolotto: 👑Dear Revolotto Investors and Holders, 
Now everything is fine and we are back on the track. 

🚀Let's fly together
💎Hold is…",1490004743657295874,2022-03-19 23:29:44+00:00,
12,1505325679356784642,"RT @Revolotto: 🏏World's Dangerous Cricketer
Greatest Batsman of All-time in Cricket

🌎Universe Boss - Chris Gayle extending his support and…",1484677778423562242,2022-03-19 23:29:44+00:00,
13,1505325679243452419,Get IN now don't be LATE #xrp #binance #cryptocurrency #bitcoin https://t.co/brUjTTpXgh,1160918033097003009,2022-03-19 23:29:44+00:00,
14,1505325677901500421,"In Japan, #XRP is religion. I love it! All works! #eth #ethereum #binance #bitcoin btc #ripple #crypto #cryptocurrency https://t.co/Xj7hY13lSh",1476491111510290435,2022-03-19 23:29:43+00:00,
15,1505325677205147649,Get IN now don't be LATE #xrp #binance #cryptocurrency #bitcoin https://t.co/bmHMdJqej0,878390709837074433,2022-03-19 23:29:43+00:00,
16,1505325672465530882,We just know #XRP will moon #crypto #binance #cryptocurrency #bitcoin #btc https://t.co/GCo8GOR1ue,1432458006994817028,2022-03-19 23:29:42+00:00,
17,1505325672272576512,"In Japan, #XRP is religion. I love it! All works! #eth #ethereum #binance #bitcoin btc #ripple #crypto #cryptocurrency https://t.co/siK0f7p1jj",1332676967041093632,2022-03-19 23:29:42+00:00,
18,1505325671429533697,"In Japan, #XRP is religion. I love it! All works! #eth #ethereum #binance #bitcoin btc #ripple #crypto #cryptocurrency https://t.co/jnAmpfvZKU",1290923187774132224,2022-03-19 23:29:42+00:00,
19,1505325671287242754,"RT @airdropinspect: New airdrop: Ubiquity DAO (USDT)
Total Reward: 2,500 USDT
Rate: ⭐️⭐️⭐️⭐️
Winners: 1,000 Random &amp; Top 100
Distribution:…",1448916487377358848,2022-03-19 23:29:42+00:00,
20,1505325670376873989,XRP is getting ready to take off to the moon! #altcoin #bitcoin #binance #xrp #ripple https://t.co/QD5MrhghoR,1391427278966599681,2022-03-19 23:29:42+00:00,
21,1505325670326431744,XRP is getting ready to take off to the moon! #altcoin #bitcoin #binance #xrp #ripple https://t.co/n9HeHnXmrp,1166689705729155072,2022-03-19 23:29:42+00:00,
22,1505325669617737728,The strongest bullish signal flashed for #XRP #bitcoin #btc #ethereum #eth https://t.co/0Ste3qabdF,1479320863522570241,2022-03-19 23:29:41+00:00,
23,1505325666408951808,"In Japan, #XRP is religion. I love it! All works! #eth #ethereum #binance #bitcoin btc #ripple #crypto #cryptocurrency https://t.co/E3bcTJzFxE",1464452886373543942,2022-03-19 23:29:41+00:00,
24,1505325663775264771,"RT @CarolainCrypt0: #Bitcoin is worth 42K right now!!

And what are you going to invest in?  show me your great project x 100!👇🏻👇🏻 https://…",1303713002454097920,2022-03-19 23:29:40+00:00,
25,1505325662856527883,RT @mikealfred: The only reckless and irresponsible allocation to #Bitcoin is 0%,1330223319971409930,2022-03-19 23:29:40+00:00,
26,1505325662713917445,XRP is getting ready to take off to the moon! #altcoin #bitcoin #binance #xrp #ripple https://t.co/OklljrZCqv,771042619363319809,2022-03-19 23:29:40+00:00,
27,1505325660922855429,XRP is getting ready to take off to the moon! #altcoin #bitcoin #binance #xrp #ripple https://t.co/hJFRGCbojA,1405308938124414981,2022-03-19 23:29:39+00:00,
28,1505325657743847424,RT @BTCfuel: #ALTCOINS are more BULLISH than #BITCOIN  🔥🔥🚀🚀,1383504746590343177,2022-03-19 23:29:39+00:00,
29,1505325657651396608,"RT @CedYoungelman: Buying #Bitcoin is not spending your money it’s actually saving it. 

Protect your wealth.",936343522248183811,2022-03-19 23:29:39+00:00,
30,1505325654933397506,"Hundredtonmantis found #bitcoin in a User vault at this location! Join me playing #coinhuntworld, It's awesome! https://t.co/Zm2TaCz8Iu #cryptocurrency #98200 https://t.co/r0a3ZelFUx",3288846542,2022-03-19 23:29:38+00:00,
31,1505325654807621645,XRP is getting ready to take off to the moon! #altcoin #bitcoin #binance #xrp #ripple https://t.co/0ftSPe8vC6,1166380960549613569,2022-03-19 23:29:38+00:00,
32,1505325654627303431,The strongest bullish signal flashed for #XRP #bitcoin #btc #ethereum #eth https://t.co/sXQFgTgGLW,1461129421432238088,2022-03-19 23:29:38+00:00,
33,1505325647907938311,"RT @CryptoHarry_: In relation to $UST and #bitcoin. 

🧵👇",847571184111816704,2022-03-19 23:29:36+00:00,
34,1505325644657344512,RT @TomerStrolight: When Ethereum fails people are going to ask if that means #Bitcoin will too. But Bitcoin has been built to last from th…,734500190212771840,2022-03-19 23:29:35+00:00,
35,1505325644355354624,RT @Muataz_Hadia: When we say $FEG will be the King of DEFI and google suite for crypto we mean it. What’s coming it is mind blowing. Sit b…,1462770247719600133,2022-03-19 23:29:35+00:00,
36,1505325644275671041,RT @BitcoinMagazine: The revolution can not be stopped. #Bitcoin https://t.co/J51qviTWId,1278384434673311744,2022-03-19 23:29:35+00:00,
37,1505325643885649925,RT @BitcoinMagazine: The revolution can not be stopped. #Bitcoin https://t.co/J51qviTWId,1435315256264380416,2022-03-19 23:29:35+00:00,
38,1505325641226465281,RT @w_s_bitcoin: #Bitcoin's absolute scarcity is such a profound discovery. https://t.co/xGdlyQZGkD,1417131044965396480,2022-03-19 23:29:35+00:00,
39,1505325640106807296,RT @BitcoinMagazine: The revolution can not be stopped. #Bitcoin https://t.co/J51qviTWId,2506773404,2022-03-19 23:29:34+00:00,
40,1505325639267618816,"RT @airdropinspect: New airdrop: Prizefighter (RING)
Total Reward: $5,000 worth of RING
Rate: ⭐️⭐️⭐️⭐️
Winners: 1,000 Random &amp; Top 100
Dist…",1482577407454629889,2022-03-19 23:29:34+00:00,
41,1505325638147747840,"In Japan, #XRP is religion. I love it! All works! #eth #ethereum #binance #bitcoin btc #ripple #crypto #cryptocurrency https://t.co/BrQvy3ZU6q",1470511364489691137,2022-03-19 23:29:34+00:00,
42,1505325637803941897,The strongest bullish signal flashed for #XRP #bitcoin #btc #ethereum #eth https://t.co/tHfXdm0YcQ,1356410915113947136,2022-03-19 23:29:34+00:00,
43,1505325636885544960,"RT @Revolotto: 🏏World's Dangerous Cricketer
Greatest Batsman of All-time in Cricket

🌎Universe Boss - Chris Gayle extending his support and…",1279583644256890880,2022-03-19 23:29:34+00:00,
44,1505325636784730112,"RT @AirdropStario: 💧 SafeWallet Airdrop 💧

🏆 Task:        ➕ 175 SLT (~$3.5) for 1000 random participants

👨‍👩‍👧 Referral: ➕ 30,000 SLT (~$6…",1501814953510113282,2022-03-19 23:29:34+00:00,
45,1505325634297290752,The strongest bullish signal flashed for #XRP #bitcoin #btc #ethereum #eth https://t.co/z2rJUyMTM3,1195758409431171073,2022-03-19 23:29:33+00:00,
46,1505325633483726850,The strongest bullish signal flashed for #XRP #bitcoin #btc #ethereum #eth https://t.co/0HN2xz1qqc,892045806085300224,2022-03-19 23:29:33+00:00,
47,1505325632519028736,Get IN now don't be LATE #xrp #binance #cryptocurrency #bitcoin https://t.co/s6uoHkbiEd,1365832554,2022-03-19 23:29:33+00:00,
48,1505325631977926658,"RT @adam3us: the petrodollar arose from military asymmetric offense in the physical domain.
#bitcoin grows from the math of individual asym…",44522530,2022-03-19 23:29:32+00:00,
