,id,text,author_id,created_at,geo
0,1505330224753348608,"A #Bitcoin #Ethereum #Solana thought.
Imagine in the next two weeks a peace deal between Russia and Ukraine.  Sanctions on Russia and Oligarchs over.
Massive rush into #Crypto in April.
Don't sell.
Don't let them take your coins.
We will be much higher by year's end. ❤️🙏💪",73937639,2022-03-19 23:47:47+00:00,
1,1505330224137125888,"What a pump with $GTC! 🔥
#GTC hit all targets and made 40% max gains!🎯

Stop missing out on these gains and be part of our trading group now!

Register for Pro Group here: https://t.co/6LRrCHlvUZ
Join free discord:
https://t.co/2eufjQ9mCI

#Binance  #Crypto #ALTSEASON #Bitcoin https://t.co/8WLv8LSOVc",1379764027321016324,2022-03-19 23:47:47+00:00,
2,1505330223096627206,"RT @SILVERBACKLGNDS: SILVERBACK LEGENDS
The godfathers of all apes.

🏆WEEKEND GIVEAWAY🏆
We are giving away 10 WHITELIST SPOTS on this post!…",1463174410869755904,2022-03-19 23:47:47+00:00,
3,1505330222849310739,The strongest bullish signal flashed for #XRP #bitcoin #btc #ethereum #eth https://t.co/By6vECkpvw,1472288587446198294,2022-03-19 23:47:47+00:00,
4,1505330221108678664,"RT @EtherNasyonaL: The chart of market stages with cycles and the chart of #Bitcoin match exactly, and based on this, we can see that we ar…",16344233,2022-03-19 23:47:47+00:00,
5,1505330220236169226,The strongest bullish signal flashed for #XRP #bitcoin #btc #ethereum #eth https://t.co/Io6azgAbo2,1387518030771589120,2022-03-19 23:47:46+00:00,
6,1505330219594485765,We just know #XRP will moon #crypto #binance #cryptocurrency #bitcoin #btc https://t.co/Hmst2sokDl,1392527272553467909,2022-03-19 23:47:46+00:00,
7,1505330219246395395,"@TheMoonCarl @kasta_app Sex with my #Bitcoin pussy is more than great! You can even buy a piece of it. #nfts 

https://t.co/Q4HzQaeHQ3",1499889215550730246,2022-03-19 23:47:46+00:00,
8,1505330217958707200,RT @rovercrc: #Bitcoin Bull run 3.0 loading... https://t.co/d1tUySOLOv,1051123683325071360,2022-03-19 23:47:46+00:00,
9,1505330216868196366,The strongest bullish signal flashed for #XRP #bitcoin #btc #ethereum #eth https://t.co/0r9CVfiTIq,998743638812246016,2022-03-19 23:47:46+00:00,
10,1505330216725450754,Anthony Farrer fraud exposed. Coaching clients are furious and demanding refunds. Anthony’s money came from #m4m escorting not watch sales. #fraud #vicesquad @DallasPD #rolex #rolexsubmariner #rolexwatch #nft #Crypto #Bitcoin # https://t.co/Dq4xSEUY2G,1461575203574538244,2022-03-19 23:47:46+00:00,
11,1505330215752384512,"XRP is getting ready to take off to the moon! #altcoin #bitcoin #binance #xrp #ripple

https://t.co/RrA7w86lxR",1330374327225753602,2022-03-19 23:47:45+00:00,
12,1505330215387426817,"@airdropinspect Specially Thanks sir
For sharing a great project   I Hope This project Future is Bright More Success &amp; Go To The Moon 🚀🚀

@Damonhehe12 @djAriie @gundilndil1282 

#Airdrop #Airdrops #Airdropinspector #FTM #Prizefighter #RING #Crypto #Bitcoin",1409340351345618949,2022-03-19 23:47:45+00:00,
13,1505330213995290624,"RT @Revolotto: 🏏World's Dangerous Cricketer
Greatest Batsman of All-time in Cricket

🌎Universe Boss - Chris Gayle extending his support and…",57562969,2022-03-19 23:47:45+00:00,
14,1505330213445591046,The strongest bullish signal flashed for #XRP #bitcoin #btc #ethereum #eth https://t.co/BYlOzCveD0,1190587138552647681,2022-03-19 23:47:45+00:00,
15,1505330212371935239,RT @BitcoinMagazine: The revolution can not be stopped. #Bitcoin https://t.co/J51qviTWId,56761335,2022-03-19 23:47:44+00:00,
16,1505330212350820353,Get IN now don't be LATE #xrp #binance #cryptocurrency #bitcoin https://t.co/BIhTZVAEnI,2672659656,2022-03-19 23:47:44+00:00,
17,1505330211218505732,"eicker.crypto › https://t.co/7iRj9ULQxj »Coinbase Sued for Allegedly Selling 79 Unregistered Crypto Securities — Including XRP, Dogecoin, Shiba Inu« https://t.co/4TcHPcpN0T #eickercrypto #chainestate #cryptonews #crypto #bitcoin",1317717857585823744,2022-03-19 23:47:44+00:00,
18,1505330209112924160,"RT @goldfingr: ✔️ Goldfingr Airdrop is live!

🔵 Airdrop Reward: Up to 150 GFT (~$9) 

🔵 Referral Reward: 33,300 GFT (~$2,000) referral pool…",1497231885935775746,2022-03-19 23:47:44+00:00,
19,1505330205065371655,"Don&amp;#39;t miss @inverseprotocol - Highest paying staking and auto compounding protocol with 400,000.00% APY! Fair Launch on Pinksale! #crypto #bitcoin #cryptocurrency #presale #staking #bsc #trading #binance #fairlaunch",964480851970019329,2022-03-19 23:47:43+00:00,
20,1505330202834276355,"We just know #XRP will moon #crypto #binance #cryptocurrency #bitcoin #btc

https://t.co/XM4s6wOEdx",1434470353913499649,2022-03-19 23:47:42+00:00,
21,1505330198849499154,RT @Allamoradi1: @Navid18714913 @SpyWolfNetwork Security is the most valuable asset that is not easily obtained. Our eyes are always open.…,1478271393687080963,2022-03-19 23:47:41+00:00,
22,1505330198602199041,"RT @Jayecane: sent you money #Bitcoin @mansoori_shifa who’s next , Rt + done",1037936076206166016,2022-03-19 23:47:41+00:00,
23,1505330195858804739,"RT @TheBitcoinConf: The largest #Bitcoin conference in history starts in 18 days!

Stop checking the fiat price every 15 minutes and join u…",1363430657502842885,2022-03-19 23:47:41+00:00,
24,1505330194634190851,We just know #XRP will moon #crypto #binance #cryptocurrency #bitcoin #btc https://t.co/5ZTxN9d3PL,296143719,2022-03-19 23:47:40+00:00,
25,1505330193115799556,XRP is getting ready to take off to the moon! #altcoin #bitcoin #binance #xrp #ripple https://t.co/k04tWUGI9E,4861445187,2022-03-19 23:47:40+00:00,
26,1505330190565609472,"RT @airdropinspect: New airdrop: Skygard Game
Total Reward: 1100 NFTs
Rate: ⭐️⭐️⭐️⭐️
Winners: 1,000 Random &amp; 100 Top
Distribution: within 1…",1438254264841687041,2022-03-19 23:47:39+00:00,
27,1505330189944999939,RT @LovecoinProject: Announcement: This January the Lovecoin Community has donated another $500 to support Marsh Childrens Home &amp; Orphanage…,1481800347630944256,2022-03-19 23:47:39+00:00,
28,1505330189584125954,"RT @cmrcamurrr: #shinja #ShinjaSeason
#DubaiExpo2022
#DubaiCryptoExpo

#DOJOSWAP listing #Token
#Selena_Inu
#flokimusk
#saitanobi
#bobatama…",1394021048178278402,2022-03-19 23:47:39+00:00,
29,1505330188812382214,"RT @Revolotto: 🏏World's Dangerous Cricketer
Greatest Batsman of All-time in Cricket

🌎Universe Boss - Chris Gayle extending his support and…",1500398056470052865,2022-03-19 23:47:39+00:00,
30,1505330185360617474,"RT @AirdropDet: 🔍 New #Airdrop: YupVerse

💲 Reward: Up to 10M YuP (~$5) + 2M YuP (~$1,000) referral pool

🔴 Start the airdrop bot https://t…",1454147141165887499,2022-03-19 23:47:38+00:00,
31,1505330181359104004,XRP is getting ready to take off to the moon! #altcoin #bitcoin #binance #xrp #ripple https://t.co/ZL2oqsVpCQ,984814259694702592,2022-03-19 23:47:37+00:00,
32,1505330181157765121,We just know #XRP will moon #crypto #binance #cryptocurrency #bitcoin #btc https://t.co/p7YDD4auap,966886801137790983,2022-03-19 23:47:37+00:00,
33,1505330180994342912,"RT @RichardHeartWin: Only 26 days until the 1 year anniversary of me calling the #Bitcoin top on the day, in profit every single day but 1.…",1382470636031909891,2022-03-19 23:47:37+00:00,
34,1505330178410508288,RT @Bitcoin_Norway: I bought my appartment in Norway in 2015 for 1100 #bitcoin. My assessment in 2022 valued it to 13.6 #bitcoin. Conclusio…,2548060314,2022-03-19 23:47:36+00:00,
35,1505330178339196933,The strongest bullish signal flashed for #XRP #bitcoin #btc #ethereum #eth https://t.co/SrRxr6uN6T,1450804198942121990,2022-03-19 23:47:36+00:00,
36,1505330176984461312,"n Japan, #XRP is religion. I love it! All works! #eth #ethereum #binance #bitcoin btc #ripple #crypto #cryptocurrency

https://t.co/QF6Pe6GtsF",1234126153109180418,2022-03-19 23:47:36+00:00,
37,1505330176133062657,We just know #XRP will moon #crypto #binance #cryptocurrency #bitcoin #btc https://t.co/oAD61bRHPU,65950521,2022-03-19 23:47:36+00:00,
38,1505330175323607044,We just know #XRP will moon #crypto #binance #cryptocurrency #bitcoin #btc https://t.co/aMowxKejNF,1252235972202213380,2022-03-19 23:47:36+00:00,
39,1505330174346285057,"RT @Jimakos13: I was watching the clouds from the hospital's window, while i was scratching my head i asked myself ""Will $theta achieve Glo…",1306765444645351425,2022-03-19 23:47:35+00:00,
40,1505330172244881410,The strongest bullish signal flashed for #XRP #bitcoin #btc #ethereum #eth https://t.co/mPPDAZn3Fg,1443535466016485377,2022-03-19 23:47:35+00:00,
41,1505330172215627784,"RT @airdropinspect: New airdrop: Prizefighter (RING)
Total Reward: $5,000 worth of RING
Rate: ⭐️⭐️⭐️⭐️
Winners: 1,000 Random &amp; Top 100
Dist…",1472295457414070273,2022-03-19 23:47:35+00:00,
42,1505330172106625026,Get IN now don't be LATE #xrp #binance #cryptocurrency #bitcoin https://t.co/3KWE7NUeae,979530226123378688,2022-03-19 23:47:35+00:00,
43,1505330171976560643,"RT @AirdropDet: 🔍 New #Airdrop: CVIP

💲 Reward: Up to 20 CVIP (~$2.5) + 40K CVIP (~$5K) referral pool

🔴 Start the airdrop bot https://t.co…",1480133901154758656,2022-03-19 23:47:35+00:00,
44,1505330170491723777,"RT @Baran13990823: @BluesparrowC @bitfinex @BlueSparrowETH Would you like to see crypto and the forex market on a platform?  
BlueSparrow…",1475581054752894978,2022-03-19 23:47:34+00:00,
45,1505330168763609089,"Coinbase Sued for Allegedly Selling 79 Unregistered Crypto Securities — Including XRP, Dogecoin, Shiba Inu - Is this the beginning of the end for the #ALT coin saga scams in the USA? Time to take cover and get back into #bitcoin ⁦@APompliano⁩ ⁦ https://t.co/TAIGSUxM1D",1133893405497413638,2022-03-19 23:47:34+00:00,
46,1505330164682694667,"RT @opeyemi_201: @binance #BITCOIN network is actually faster than the largest supercomputer in the world 🥶
#BitcoinButton 
#Binance https:…",1454389158579953669,2022-03-19 23:47:33+00:00,
47,1505330161566183424,"Check this out~ an amazing project😍 

#FlagNetwork  #cryptocurrency #Bitcoin  #StandWithUkraine https://t.co/au0SAiurty",1503971068809146368,2022-03-19 23:47:32+00:00,
48,1505330160886685701,RT @OGrymaylo: @RisingSunCoin next1000xgem don't miss out on this great opportunity!!! #risingsuncoin #art #Crypto #Metaverse #vampire #pas…,1452804446392438784,2022-03-19 23:47:32+00:00,
49,1505330160106717188,"Lucy: Take care of the essence of your project, then the instrumentation adapts.
#CryptoCurrencies #Bitcoin #Ethereum #NFT #NFTs #NFTCommunity #OtherEconomy #OtraEconomia #Metaverse #Gold https://t.co/0GCkMCajNH",1346218395310710786,2022-03-19 23:47:32+00:00,
