,id,text,author_id,created_at,geo
0,1505311851659534338,"RT @AndersTalige: @IIICapital The real #innovation with #stablecoins isn’t one backed by #Bitcoin, as #btc has no intrinsic value. @GAUGECA…",481107579,2022-03-19 22:34:47+00:00,
1,1505311845695078400,"RT @Samad65645945: ➡️ @CONNECTORCOIN ⬅️
Good Project 👌👌👌
#crypto #bitcoin 
#CONNECTORCOIN 
#ctco $bnb $bsc 
$ctco #bnb 
@Rocket__crypto
🎗 @…",1474460994323767302,2022-03-19 22:34:46+00:00,
2,1505311845174980611,RT @BTCTN: Paypal co-founder Peter Thiel said that his “biggest mistake” during the last ten years “was getting too late and too little int…,951988423287541760,2022-03-19 22:34:45+00:00,
3,1505311843946057728,RT @BitcoinMagazine: The revolution can not be stopped. #Bitcoin https://t.co/J51qviTWId,2380550576,2022-03-19 22:34:45+00:00,
4,1505311842465423360,"@CybernexusMedia × @ApesPlanetNFT 
Reward : 1500$ + 15 whitelist spot 
Joining link : https://t.co/Knj3q2xQup

#Nft #nftcommunity #nftcollector #nftartist #cryptoart @NFTnIDO #art #crypto #blockchain  #nftcollectors #bitcoin #cryptocurrency #NFTdrop #whitelist #ApesPlanet",1436983507323064326,2022-03-19 22:34:45+00:00,
5,1505311836530352132,We just know #XRP will moon #crypto #binance #cryptocurrency #bitcoin #btc https://t.co/gkxmIssWCd,1349055344299941890,2022-03-19 22:34:43+00:00,
6,1505311833921658880,"RT @Crypducation: Stop and think about what #money means.

#Crypducation #Bitcoin #Ethereum

https://t.co/NQ3EFm04n0",1431865033638752256,2022-03-19 22:34:43+00:00,
7,1505311826078273538,"@BSCGemsAlert I will never ask you, to buy or sell, i’m just asking you, just never lose🔥🤩

""Suzume""

@BlueSparrowETH
@BluesparrowC
#BluesparrowCEX
#ETH
#BlueSparrow
#BlueSparrowtoken
#BlueSparrowCommunity
#bitcoin
#BestDrawToken
#Bluesparrowcharity
#Web3
#NFT",735191667284774912,2022-03-19 22:34:41+00:00,
8,1505311822823718914,"RT @CarolainCrypt0: #Bitcoin is worth 42K right now!!

And what are you going to invest in?  show me your great project x 100!👇🏻👇🏻 https://…",1141619134171504640,2022-03-19 22:34:40+00:00,
9,1505311821472825345,The strongest bullish signal flashed for #XRP #bitcoin #btc #ethereum #eth https://t.co/kOwuONYM3H,1262416915735044096,2022-03-19 22:34:40+00:00,
10,1505311821460299776,"RT @airdropinspect: New airdrop: Prizefighter (RING)
Total Reward: $5,000 worth of RING
Rate: ⭐️⭐️⭐️⭐️
Winners: 1,000 Random &amp; Top 100
Dist…",1177153065398558720,2022-03-19 22:34:40+00:00,
11,1505311816930504705,RT @Maxim180965181: FlagNetwork #IDO #cryptocurrency #Bitcoin #NFTs,1497726535964442626,2022-03-19 22:34:39+00:00,
12,1505311816469024772,"RT @CarolainCrypt0: #Bitcoin is worth 42K right now!!

And what are you going to invest in?  show me your great project x 100!👇🏻👇🏻 https://…",1548106879,2022-03-19 22:34:39+00:00,
13,1505311815944839169,"RT @axion_network: ""President Volodymyr Zelensky of Ukraine has officially signed into law the structure upon which Ukraine will build #Bit…",385912658,2022-03-19 22:34:38+00:00,
14,1505311814833291269,"[⭐️ 🟡 FLASH-LOAN ⭐️]
COIN [BNBBACK] COULD HAVE BEEN FLASH-LOANED

More Info in bio

$AU #Bitcoin #AutoCrypto #crypto #cryptocurrecy #BNB #ToTheMoon #BSC #BSCGem #GEM #altcoin #token",1397480691269611521,2022-03-19 22:34:38+00:00,
15,1505311813818146817,Sats are the standard.  #Bitcoin https://t.co/1ps9bAvFVN,1305739224327401473,2022-03-19 22:34:38+00:00,
16,1505311812752793600,"RT @AirdropDet: 🔍 New #Airdrop: YupVerse

💲 Reward: Up to 10M YuP (~$5) + 2M YuP (~$1,000) referral pool

🔴 Start the airdrop bot https://t…",1498378827688550402,2022-03-19 22:34:38+00:00,
17,1505311811674902528,"In Japan, #XRP is religion. I love it! All works! #eth #ethereum #binance #bitcoin btc #ripple #crypto #cryptocurrency https://t.co/mYSDvsIbGm",2232742303,2022-03-19 22:34:37+00:00,
18,1505311808348991490,"The latest #bitcoin block 728110 with 2901 transactions was just mined by AntPool
Total Fees:0.10152154
Block Subsidy:6.25
#Bitcoin #BTC #blockchain #analysis",1383145917356728320,2022-03-19 22:34:37+00:00,
19,1505311807401074692,We just know #XRP will moon #crypto #binance #cryptocurrency #bitcoin #btc https://t.co/QR9vRwi7Ba,2232742303,2022-03-19 22:34:36+00:00,
20,1505311804108460035,"@BSCGemsAlert 🐦🐦🐦🐦🐦🐦🐦🐦🐦🐦

                   🔥A global project🔥 

Connect the whole world with bluesparrow

@BlueSparrowETH
@BluesparrowC
#BluesparrowCEX
#ETH
#BlueSparrow
#BlueSparrowtoken
#BlueSparrowCommunity
#bitcoin
#BestDrawToken
#Bluesparrowcharity
#Web3
#NFT https://t.co/EIyieCY2lI",735191667284774912,2022-03-19 22:34:36+00:00,
21,1505311797905170435,"@BitcoinMagazine Is the #Bitcoin #NASDAQ #SPX rally forreal?

https://t.co/jsHzVLGfRU https://t.co/l7ActXkEwp",3049373824,2022-03-19 22:34:34+00:00,
22,1505311789789364225,"RT @airdropinspect: New airdrop: Angelic (ANGL)
Total Reward: 50,000 ANGL
Rate: ⭐️⭐️⭐️⭐️
Winners: 1,500 Random &amp; Top 50
Distribution: withi…",1233172561959108608,2022-03-19 22:34:32+00:00,
23,1505311788539289602,"@TomBrady @Autograph Dude you might be the GOAT of NFL but this tweet is dumb AF

#Bitcoin only, educate yourself to understand why",1052968105016786944,2022-03-19 22:34:32+00:00,
24,1505311788514033666,"@chriscantino Also, tbh - other than #Bitcoin what else is totally decentralized? 

(If you also amassed enough miners, even #btc isn’t that centralized right?)",778245119061426176,2022-03-19 22:34:32+00:00,
25,1505311781740478464,"RT @MrFly69: 🥇 $100 GIVEAWAY 🥇

To Enter:

1️⃣ Follow Me &amp; @Roobet 
2️⃣ Like + Retweet
3️⃣ Comment Roobet Username

4️⃣ Bonus: Use code: fl…",1123623502341443590,2022-03-19 22:34:30+00:00,
26,1505311778183725063,"RT @chitaglorya__: giveaway 200$ | 2,800,000 IDR

-- rt follow @flagnetwork_NFT 

-- rt &amp; quoted their pinned with   #FlagNetwork  #cryptoc…",1432999241354334209,2022-03-19 22:34:29+00:00,
27,1505311776854134785,"RT @Jayecane: 3 WINNERS 60 mins 

RT +🔔 + done

post your cashapp, PayPal or #Bitcoin my Bitcoin is back !",1491745559392100357,2022-03-19 22:34:29+00:00,
28,1505311769547448326,"RT @axion_network: ""President Volodymyr Zelensky of Ukraine has officially signed into law the structure upon which Ukraine will build #Bit…",1381017760277393416,2022-03-19 22:34:27+00:00,
29,1505311767005908992,"RT @chitaglorya__: giveaway 200$ | 2,800,000 IDR

-- rt follow @flagnetwork_NFT 

-- rt &amp; quoted their pinned with   #FlagNetwork  #cryptoc…",1453684535644725248,2022-03-19 22:34:27+00:00,
30,1505311765214674951,"RT @AirdropDet: 🔍 New #Airdrop: YupVerse

💲 Reward: Up to 10M YuP (~$5) + 2M YuP (~$1,000) referral pool

🔴 Start the airdrop bot https://t…",1314223212084035585,2022-03-19 22:34:26+00:00,
31,1505311755093774336,Get IN now don't be LATE #xrp #binance #cryptocurrency #bitcoin https://t.co/hD9e4uDoxl,1361579210548998144,2022-03-19 22:34:24+00:00,
32,1505311753156141056,"RT @binance: 💰 $10,000 giveaway 💰
 
Post your #BitcoinButton result to enter!
 
Rules:
🔸 Retweet this post
🔸 Follow @Binance
🔸 Play #Bitcoi…",452158992,2022-03-19 22:34:23+00:00,
33,1505311747703459845,"@axion_network #Bitcoin YES!

#Axion YES!",1381017760277393416,2022-03-19 22:34:22+00:00,
34,1505311747086983179,"RT @XVGhulk: #chainlink $link #bitcoin
#PoweredByChainlink

Yesterday:

Chainlink Holders: 654,492

Today:

Chainlink Holders: 654,684

🔹🔹🔹…",1562763252,2022-03-19 22:34:22+00:00,
35,1505311744977113090,The strongest bullish signal flashed for #XRP #bitcoin #btc #ethereum #eth https://t.co/JtYjV416NP,1065810563433807872,2022-03-19 22:34:21+00:00,
36,1505311744822026244,"RT @YupVerse: ✔️ YupVerse Airdrop (New Round) is live!

🔵 Airdrop Reward: Up to 10 Million YuP (~$5)

🔵 Referral Reward: 2 Million YuP (~$1…",3229293225,2022-03-19 22:34:21+00:00,
37,1505311741919608833,"RT @DucTongCRT: @NoMo_NorMo @Thaitanium156 @AdamEShelton @shuna_inuverse 👀
Big things are coming👀

#shunainuverse #ShunaV2 #shuna #shunaarm…",1021830850357473280,2022-03-19 22:34:21+00:00,
38,1505311739482570752,"In Japan, #XRP is religion. I love it! All works! #eth #ethereum #binance #bitcoin btc #ripple #crypto #cryptocurrency https://t.co/HFqw7nKcEi",1349055344299941890,2022-03-19 22:34:20+00:00,
39,1505311738811535369,"RT @binance: 💰 $10,000 giveaway 💰
 
Post your #BitcoinButton result to enter!
 
Rules:
🔸 Retweet this post
🔸 Follow @Binance
🔸 Play #Bitcoi…",1326935918327042050,2022-03-19 22:34:20+00:00,
40,1505311727424090119,"@BSCGemsAlert #BlueSparrow is a bridge between the stock market and crypto .. You will have both in the Blue Sparrow CEX
@BlueSparrowETH
@BluesparrowC
#BluesparrowCEX
#ETH
#BlueSparrow
#BlueSparrowtoken
#BlueSparrowCommunity
#bitcoin
#BestDrawToken
#Bluesparrowcharity
#Web3
#NFT https://t.co/Am0eq5Zm47",735191667284774912,2022-03-19 22:34:17+00:00,
41,1505311727164051458,"This amazing faucet from @_bitcoiner is making me tweet this to claim my free Lightning sats. ⚡

@boltcoiner unlock me 04fbf846-45b2-45cf-9400-2c7be624032c

#Bitcoin #BTC #LN #LightningNetwork #boltcoiner
https://t.co/SeBQ3a1qnW",1496111579397603339,2022-03-19 22:34:17+00:00,
42,1505311726199316481,"RT @binance: 💰 $10,000 giveaway 💰
 
Post your #BitcoinButton result to enter!
 
Rules:
🔸 Retweet this post
🔸 Follow @Binance
🔸 Play #Bitcoi…",1461532055435718657,2022-03-19 22:34:17+00:00,
43,1505311726052560899,"RT @natbrunell: Senator Warren, with all due respect, when someone is trying to help you learn more about #Bitcoin, the most important thin…",1211376780105224192,2022-03-19 22:34:17+00:00,
44,1505311725762977793,"RT @YupVerse: ✔️ YupVerse Airdrop (New Round) is live!

🔵 Airdrop Reward: Up to 10 Million YuP (~$5)

🔵 Referral Reward: 2 Million YuP (~$1…",1459115324066832384,2022-03-19 22:34:17+00:00,
45,1505311723535884293,RT @Diyojen777520: You can look at this coin to see fashion with real feelings in the virtual world and to feel the face and heart of fashi…,1475793048797855749,2022-03-19 22:34:16+00:00,
46,1505311719102431232,We just know #XRP will moon #crypto #binance #cryptocurrency #bitcoin #btc https://t.co/VoX9xgIOnh,1060113778174496769,2022-03-19 22:34:15+00:00,
47,1505311711905124355,@binance We want non tax on cryptos please all over the world #Cryptos #cryptocurrency #CryptoNews #Bitcoin #cryptotrading #Coinbase #BTC #blockchain #Ethereum #CoinMarketCap,1459383213407842305,2022-03-19 22:34:14+00:00,
48,1505311708667072513,"RT @AirdropStario: 💧 RPGC Airdrop 💧

🏆 Task:         ➕  $8 worth of RPGC for 2000 random participants each.

👨‍👩‍👧 Referral:  ➕  $40 worth…",1479803169890779150,2022-03-19 22:34:13+00:00,
