,id,text,author_id,created_at,geo
0,1505324436907511810,Get IN now don't be LATE #xrp #binance #cryptocurrency #bitcoin https://t.co/mqDXnnAdnY,1464242188196491275,2022-03-19 23:24:47+00:00,
1,1505324436529946625,Jurassic Park #nft #nftart #nftartist #nftartists #nftcollector #nftcollectors #nftcollectibles #nfts #nftartists #nftdrop #nftcollection #bayc #digitalart #digitalartist #digitalartwork #digitalpainting #bitcoin #JurassicPark #film #movie #BoredApeYC #BoredApe https://t.co/foqnDgEo7U,1504683894464942080,2022-03-19 23:24:47+00:00,
2,1505324436203139072,"RT @Revolotto: 🏏World's Dangerous Cricketer
Greatest Batsman of All-time in Cricket

🌎Universe Boss - Chris Gayle extending his support and…",1473473567232647170,2022-03-19 23:24:47+00:00,
3,1505324435540221954,"In Japan, #XRP is religion. I love it! All works! #eth #ethereum #binance #bitcoin btc #ripple #crypto #cryptocurrency https://t.co/xBHOwEj0tc",1444290674313019392,2022-03-19 23:24:47+00:00,
4,1505324434059677696,Get IN now don't be LATE #xrp #binance #cryptocurrency #bitcoin https://t.co/FSDRWW65uX,459158305,2022-03-19 23:24:47+00:00,
5,1505324433594064896,"@BullBalls_NFT HINT!!🚨🚨: Could also change your life. I already buy BANXA OTC: BNXAF stock. Big wins awaits. Thank me later for that tip🔥 @BanxaOfficial #btc #bitcoin #defi #nft
https://t.co/FL8c0LTqQB",1403641732739260416,2022-03-19 23:24:47+00:00,
6,1505324432734179334,"In Japan, #XRP is religion. I love it! All works! #eth #ethereum #binance #bitcoin btc #ripple #crypto #cryptocurrency https://t.co/aUKk0cncit",801299147554951168,2022-03-19 23:24:46+00:00,
7,1505324432528531460,The strongest bullish signal flashed for #XRP #bitcoin #btc #ethereum #eth https://t.co/Yfu0gAMKYp,927093956076126209,2022-03-19 23:24:46+00:00,
8,1505324432188968971,XRP is getting ready to take off to the moon! #altcoin #bitcoin #binance #xrp #ripple https://t.co/r2j6lSyYhe,1488898826,2022-03-19 23:24:46+00:00,
9,1505324431752634369,XRP is getting ready to take off to the moon! #altcoin #bitcoin #binance #xrp #ripple https://t.co/FLPH6nZ4Dw,1317885007411605504,2022-03-19 23:24:46+00:00,
10,1505324430368526339,"RT @Revolotto: 🏏World's Dangerous Cricketer
Greatest Batsman of All-time in Cricket

🌎Universe Boss - Chris Gayle extending his support and…",1466773013026656259,2022-03-19 23:24:46+00:00,
11,1505324429663899653,XRP is getting ready to take off to the moon! #altcoin #bitcoin #binance #xrp #ripple https://t.co/G1KMdDxM32,237809541,2022-03-19 23:24:46+00:00,
12,1505324429072482304,"#Telefy is a  best answer is that everyone has the chance to stake the bag that they’re holding. On top of that, they’ll have chances to vote as far as the development of the platform.#DeFi #TeleFy #DEX #cryptocurrency #Ethereum #BinanceSmartChain #Bitcoin #Airdrop #polkadot",1486401762496237568,2022-03-19 23:24:46+00:00,
13,1505324426858016768,"RT @rovercrc: WARNING⚠️ IF #BITCOIN BREAKS $42,500 WE WILL GO PARABOLIC!!",32167337,2022-03-19 23:24:45+00:00,
14,1505324424081379329,"RT @BTC_Archive: #Bitcoin at $42k 👀
Nice and steady…👌",1457045024961617921,2022-03-19 23:24:44+00:00,
15,1505324422755926019,"RT @AirdropAchiever: New Airdrop: ABI Galaverse
Value: 100,000 ABI
Referral: Top 3 highest rewards
Winners: Top 2,500 
End Date: 26th March…",1466223629411274754,2022-03-19 23:24:44+00:00,
16,1505324421174956032,"RT @airdropinspect: New airdrop: Fracproperty X PriMetaProp(FRAC)
Total Reward: $10,000 worth of FRAC 
Rate: ⭐️⭐️⭐️⭐️
Winners: 2000 Random…",1448986149997871108,2022-03-19 23:24:44+00:00,
17,1505324419400404992,"In Japan, #XRP is religion. I love it! All works! #eth #ethereum #binance #bitcoin btc #ripple #crypto #cryptocurrency https://t.co/LhPnKILvBD",926843807483674624,2022-03-19 23:24:43+00:00,
18,1505324419308212224,"RT @AirdropStario: 💧 SafeWallet Airdrop 💧

🏆 Task:        ➕ 175 SLT (~$3.5) for 1000 random participants

👨‍👩‍👧 Referral: ➕ 30,000 SLT (~$6…",1428869554290270208,2022-03-19 23:24:43+00:00,
19,1505324418393907205,We just know #XRP will moon #crypto #binance #cryptocurrency #bitcoin #btc https://t.co/uRYBIJSpPF,1476442381344034819,2022-03-19 23:24:43+00:00,
20,1505324418054074368,"RT @rovercrc: WARNING⚠️ IF #BITCOIN BREAKS $42,500 WE WILL GO PARABOLIC!!",1476803959033851904,2022-03-19 23:24:43+00:00,
21,1505324417601228805,"RT @Memphis_MBB: Check out today's head-to-head stats. 👇

For more, download the @TigersAthletics app.

You can also download the @investvo…",1484378132039622660,2022-03-19 23:24:43+00:00,
22,1505324417206784000,Get IN now don't be LATE #xrp #binance #cryptocurrency #bitcoin https://t.co/wL9YGZLLoq,1426535988139118597,2022-03-19 23:24:43+00:00,
23,1505324416317616130,"RT @Revolotto: 🏏World's Dangerous Cricketer
Greatest Batsman of All-time in Cricket

🌎Universe Boss - Chris Gayle extending his support and…",1474585760611270661,2022-03-19 23:24:43+00:00,
24,1505324414598103043,We just know #XRP will moon #crypto #binance #cryptocurrency #bitcoin #btc https://t.co/neN5C9fjno,4920342323,2022-03-19 23:24:42+00:00,
25,1505324413474025472,XRP is getting ready to take off to the moon! #altcoin #bitcoin #binance #xrp #ripple https://t.co/yC1ZFuYV72,1134862220670701569,2022-03-19 23:24:42+00:00,
26,1505324413234733058,"In Japan, #XRP is religion. I love it! All works! #eth #ethereum #binance #bitcoin btc #ripple #crypto #cryptocurrency https://t.co/MT23nBqC5Q",1454846460227473412,2022-03-19 23:24:42+00:00,
27,1505324411876003841,"@BluesparrowC @bitfinex @BlueSparrowETH #BlueSparrow is a bridge between the stock market and crypto .. You will have both in the Blue Sparrow CEX
@BlueSparrowETH
@BluesparrowC
#BluesparrowCEX
#ETH
#BlueSparrow
#BlueSparrowtoken
#BlueSparrowCommunity
#bitcoin
#BestDrawToken
#Bluesparrowcharity
#Web3
#NFTCollection https://t.co/DDBLLPKNxI",1475581054752894978,2022-03-19 23:24:42+00:00,
28,1505324411867602949,The strongest bullish signal flashed for #XRP #bitcoin #btc #ethereum #eth https://t.co/VFj1b7qsQT,727313548246966273,2022-03-19 23:24:42+00:00,
29,1505324411687157765,The strongest bullish signal flashed for #XRP #bitcoin #btc #ethereum #eth https://t.co/M4zwO2JqVh,271383451,2022-03-19 23:24:41+00:00,
30,1505324411154485248,"RT @Memphis_MBB: Check out today's head-to-head stats. 👇

For more, download the @TigersAthletics app.

You can also download the @investvo…",3096488405,2022-03-19 23:24:41+00:00,
31,1505324410244268033,Get IN now don't be LATE #xrp #binance #cryptocurrency #bitcoin https://t.co/x6yxKHydCj,1416102960300363777,2022-03-19 23:24:41+00:00,
32,1505324410110156802,"In Japan, #XRP is religion. I love it! All works! #eth #ethereum #binance #bitcoin btc #ripple #crypto #cryptocurrency https://t.co/UJiwT2IqdY",1281600484868976641,2022-03-19 23:24:41+00:00,
33,1505324406154969091,"In Japan, #XRP is religion. I love it! All works! #eth #ethereum #binance #bitcoin btc #ripple #crypto #cryptocurrency https://t.co/egctdpE7og",1334159173739798537,2022-03-19 23:24:40+00:00,
34,1505324404607119360,"RT @Katie_ShibaHoly: We're giving away 100,000,000 #Shib to 10 random people (10,000,000 each)🚀💎🙌
 
 💯Follow Me!
 🔃Retweet and Like.
 💬Comm…",1267587629878407168,2022-03-19 23:24:40+00:00,
35,1505324404309381125,RT @saylor: You do not sell your #bitcoin.  https://t.co/LJNgJeWxvR,1441705175459057664,2022-03-19 23:24:40+00:00,
36,1505324403218866181,"RT @Trader4lyf: We buy when others cry

We sell when many are caught up under the Bubble’s spell

#Crypto #Bitcoin #1000xGems",1344702987013386242,2022-03-19 23:24:39+00:00,
37,1505324401973202949,"RT @catzNfts: 0.3 ETH ($750)💰

NFT Giveaway 🚀🚀

To enter 
- Follow Me 👍
- RT + LİKE ♥️
- Tag 2 friends ✅

⏰48H. 

#NFT #NFTGiveaway #Giweaw…",1491500409579610122,2022-03-19 23:24:39+00:00,
38,1505324400714960896,Get IN now don't be LATE #xrp #binance #cryptocurrency #bitcoin https://t.co/CdS605yjOH,735888293544534016,2022-03-19 23:24:39+00:00,
39,1505324399523766275,"RT @DYORToken_BSC: #Crypto Coffee is at 9pm EDT/8pm CDT or 1am GMT!!! Here from the CEO, new Twitter promo, plus, current crypto news!!!
#D…",1360355121675317262,2022-03-19 23:24:39+00:00,
40,1505324398999314435,We just know #XRP will moon #crypto #binance #cryptocurrency #bitcoin #btc https://t.co/xDsQN1nFRQ,1476101397410050048,2022-03-19 23:24:38+00:00,
41,1505324398181502981,"RT @AirdropStario: 💧 MetaMints Airdrop 💧

🏆 Task:         ➕  1 ROBOT NFT for 40 random participants each

👨‍👩‍👧 Referral:   ➕  1 ROBOT NFT…",1378337280079826945,2022-03-19 23:24:38+00:00,
42,1505324396818358279,@ShibnobiNews BREAKING!! 🚨🚨 The chance of a lifetime with this stock. This time you are in very early and a huge profit awaits.A Champ AWAKES!! #crypto #ethereum #bitcoin #btc #eth #crypto https://t.co/WO0QTuMDTI,1470148662122721285,2022-03-19 23:24:38+00:00,
43,1505324392049389574,Get IN now don't be LATE #xrp #binance #cryptocurrency #bitcoin https://t.co/mhzdldFtUa,212265846,2022-03-19 23:24:37+00:00,
44,1505324390908510215,"In Japan, #XRP is religion. I love it! All works! #eth #ethereum #binance #bitcoin btc #ripple #crypto #cryptocurrency https://t.co/5sl9UqFcAD",1278387997738708994,2022-03-19 23:24:37+00:00,
45,1505324390254546945,RT @WatcherGuru: JUST IN: PayPal co-founder says the “biggest mistake I made in the last decade was getting too late and too little into #B…,3057559283,2022-03-19 23:24:36+00:00,
46,1505324388945899522,"I am claiming my free Lightning sats from @_bitcoiner's amazing faucet! ⚡

@boltcoiner unlock me c82a1bfe-54a9-483b-825e-0953c50f16da

#Bitcoin #BTC #LN #LightningNetwork #boltcoiner
https://t.co/fy75yyF1K1",1499411979249025028,2022-03-19 23:24:36+00:00,
47,1505324388002189312,"RT @AirdropStario: 💧 SafeWallet Airdrop 💧

🏆 Task:        ➕ 175 SLT (~$3.5) for 1000 random participants

👨‍👩‍👧 Referral: ➕ 30,000 SLT (~$6…",1457994991486210054,2022-03-19 23:24:36+00:00,
48,1505324386714279936,Check out my NFT listing on OpenSea! https://t.co/vSokov6gHz via @opensea #NFT #NFTsales #ETH #EthereumNFTs #Metaverse #art #AcademyOfTheArt #OpenSeaNFT #opensea #raredigitalart #Web3 #NFTProject #nftcollectibles #NFTCommmunity #Trending #Bitcoin #cyberpops,1458941181740691458,2022-03-19 23:24:36+00:00,
49,1505324386210918402,"RT @BTCfuel: #Bitcoin dominance is reversing 👊👊

This is VERY BULLISH for #Altcoins 🔥🔥 https://t.co/2AfoQOavcu",740033701954740224,2022-03-19 23:24:35+00:00,
