,id,text,author_id,created_at,geo
0,1505317892979634177,Get IN now don't be LATE #xrp #binance #cryptocurrency #bitcoin https://t.co/aXUL9hwNRK,1258762415438585863,2022-03-19 22:58:47+00:00,
1,1505317892061122560,"RT @VeilleCyber3: What Is #ApeCoin and Who Is Behind It? 
https://t.co/ipMyabP3Oa

#AIEthics #MachineLearning #AI #Python #DeepLearning #Io…",1127829883013361665,2022-03-19 22:58:47+00:00,
2,1505317890194518020,Get IN now don't be LATE #xrp #binance #cryptocurrency #bitcoin https://t.co/8vQCrAVdVq,1385935936295378945,2022-03-19 22:58:47+00:00,
3,1505317888441298945,"In Japan, #XRP is religion. I love it! All works! #eth #ethereum #binance #bitcoin btc #ripple #crypto #cryptocurrency https://t.co/JvNGps1XCz",1429747015727124485,2022-03-19 22:58:46+00:00,
4,1505317888365891591,"RT @xbt_blvrg: Main resistances remain 43.5k to 44.8k

#Bitcoin $BTC #BTC #crypto $BTCUSD #BTCUSD $crypto https://t.co/svDcuEdkgS",408590934,2022-03-19 22:58:46+00:00,
5,1505317888068096003,This says 100k+ #Bitcoin  $btc but monthly div can't be ignored however first target for divs r this (mid level) so this tweet is almost pointless😅 https://t.co/nqXWwuIhGs,917519347085701120,2022-03-19 22:58:46+00:00,
6,1505317887820824579,"#bitcoin Block #728113 : 222441 bytes, 161 transactions, 6.25307439BTC($262,591) reward
            
For more information, visit https://t.co/dILNbx9s4F",1456568726,2022-03-19 22:58:46+00:00,
7,1505317887451426816,Get IN now don't be LATE #xrp #binance #cryptocurrency #bitcoin https://t.co/QkO8oUMfR5,765644615034740736,2022-03-19 22:58:46+00:00,
8,1505317886474260486,"In Japan, #XRP is religion. I love it! All works! #eth #ethereum #binance #bitcoin btc #ripple #crypto #cryptocurrency https://t.co/kJiyke0Ofw",1224707705174155266,2022-03-19 22:58:46+00:00,
9,1505317885391998979,RT @woonomic: #Bitcoin is being accumulated. https://t.co/Wdnhek2u6F,1341834732351307776,2022-03-19 22:58:45+00:00,
10,1505317884452429825,"In Japan, #XRP is religion. I love it! All works! #eth #ethereum #binance #bitcoin btc #ripple #crypto #cryptocurrency https://t.co/kq1m3Mu6d0",1340034819934351360,2022-03-19 22:58:45+00:00,
11,1505317883848671233,Get IN now don't be LATE #xrp #binance #cryptocurrency #bitcoin https://t.co/cgvg99qv04,1243268683180445700,2022-03-19 22:58:45+00:00,
12,1505317882980356097,XRP is getting ready to take off to the moon! #altcoin #bitcoin #binance #xrp #ripple https://t.co/18879hVNjL,1154736207684935681,2022-03-19 22:58:45+00:00,
13,1505317880212201474,Get IN now don't be LATE #xrp #binance #cryptocurrency #bitcoin https://t.co/nZaLtlv7cx,1392499645327216641,2022-03-19 22:58:44+00:00,
14,1505317878727421961,We just know #XRP will moon #crypto #binance #cryptocurrency #bitcoin #btc https://t.co/MpCEjsmdnC,1358809718807015425,2022-03-19 22:58:44+00:00,
15,1505317878207156224,"RT @YupVerse: ✔️ YupVerse Airdrop (New Round) is live!

🔵 Airdrop Reward: Up to 10 Million YuP (~$5)

🔵 Referral Reward: 2 Million YuP (~$1…",1459135691195969538,2022-03-19 22:58:44+00:00,
16,1505317878052044800,XRP is getting ready to take off to the moon! #altcoin #bitcoin #binance #xrp #ripple https://t.co/a4WYWlifcq,1212656042603008000,2022-03-19 22:58:44+00:00,
17,1505317877959716865,"In Japan, #XRP is religion. I love it! All works! #eth #ethereum #binance #bitcoin btc #ripple #crypto #cryptocurrency https://t.co/tXQWzI8PQL",974309835721400325,2022-03-19 22:58:44+00:00,
18,1505317874457407489,Get IN now don't be LATE #xrp #binance #cryptocurrency #bitcoin https://t.co/0CvF0Mbojq,1287436245568827392,2022-03-19 22:58:43+00:00,
19,1505317872544804868,XRP is getting ready to take off to the moon! #altcoin #bitcoin #binance #xrp #ripple https://t.co/nX4PGkpmwn,1381239189539221506,2022-03-19 22:58:42+00:00,
20,1505317871844528130,"In Japan, #XRP is religion. I love it! All works! #eth #ethereum #binance #bitcoin btc #ripple #crypto #cryptocurrency https://t.co/9FzcJvvw7c",1390203424881274887,2022-03-19 22:58:42+00:00,
21,1505317871580241925,"RT @EtherNasyonaL: #Bitcoin dominance is falling ⬇️

#Altcoin dominance is rising ⬆️

#Altseason2022 WILL BE EPIC🔥🚀

Drive away the dry noi…",1459960918486491137,2022-03-19 22:58:42+00:00,
22,1505317870468837380,"De Castle is an Affordable Luxury Empire Designed mainly for Kings 👑 and Queen’s 👸🏽 who values Royal magnificent homes 🏡🏘. 
WhatsApp /☎️ 07034911998 to book for inspection.   #GrammyAwards #Adesua #Liquorose #AnnieAwards #annieidibia #TheBritish #DuchessofCambridge #Bitcoin https://t.co/MInpfYl2nk",1043621122028253185,2022-03-19 22:58:42+00:00,
23,1505317870451916801,"$FIL / BTC Volume increase detected!

Spike: 5.08 BTC
24h Vol: 48.24 BTC

Get ALL the alerts here: https://t.co/2NPcHHFw2q

#crypto #bitcoin #binance #altcoins #hodl #defi #trading #freedom #blockchain $btc $high $audio $auction $quick $imx $ogn https://t.co/yaKxkn3Sy9",1265097730642321414,2022-03-19 22:58:42+00:00,
24,1505317870099738628,XRP is getting ready to take off to the moon! #altcoin #bitcoin #binance #xrp #ripple https://t.co/qhgex1NXQd,1263175980383944707,2022-03-19 22:58:42+00:00,
25,1505317869659205632,We just know #XRP will moon #crypto #binance #cryptocurrency #bitcoin #btc https://t.co/55PqAwf8Ad,817727620095709184,2022-03-19 22:58:42+00:00,
26,1505317868933550084,"RT @klaraliron: 🔥 We are giving away 20,000$ in $ZORO Inu tokens!

To enter all you have to do is follow this link and complete all the ste…",1462724940075978757,2022-03-19 22:58:42+00:00,
27,1505317867952095233,"@YupVerse I believe this is a faithful project.The projector has a lot of attractive so hopefully the project will be better in the future and will be the best.
@bychkovart

@SideEffectArt
@IdTenko 
@hsklaskyn

#Airdrops #Bitcoin #YupVerse #AirdropDet #Crypto #Blockchain",1384897582434979845,2022-03-19 22:58:41+00:00,
28,1505317867910316033,"RT @ProjectsIco: What is next leg up for #Bitcoin 

#Crypto #BTC #BTCUSDT #cryptocurrency",1500166515512987648,2022-03-19 22:58:41+00:00,
29,1505317867230834692,XRP is getting ready to take off to the moon! #altcoin #bitcoin #binance #xrp #ripple https://t.co/IEKFPSLQJb,736328731334221825,2022-03-19 22:58:41+00:00,
30,1505317867004182528,"RT @AirdropStario: 💧 SafeWallet Airdrop 💧

🏆 Task:        ➕ 175 SLT (~$3.5) for 1000 random participants

👨‍👩‍👧 Referral: ➕ 30,000 SLT (~$6…",1470286963613700097,2022-03-19 22:58:41+00:00,
31,1505317864793939973,Get IN now don't be LATE #xrp #binance #cryptocurrency #bitcoin https://t.co/l3dGjdCSOA,1283541739517562880,2022-03-19 22:58:41+00:00,
32,1505317864609398793,"RT @VeilleCyber3: What Is #ApeCoin and Who Is Behind It? 
https://t.co/ipMyabP3Oa

#AIEthics #MachineLearning #AI #Python #DeepLearning #Io…",1064120599847608320,2022-03-19 22:58:41+00:00,
33,1505317863883694094,We just know #XRP will moon #crypto #binance #cryptocurrency #bitcoin #btc https://t.co/C4Pr8P11Vz,4824944640,2022-03-19 22:58:40+00:00,
34,1505317862109593609,Get IN now don't be LATE #xrp #binance #cryptocurrency #bitcoin https://t.co/RaDwUFamr8,1330693561218547712,2022-03-19 22:58:40+00:00,
35,1505317861669093379,"RT @SmartTouro: New ATH today 💚🍾💹🚀🦍🔥

Lets go!! 🍾🔥😱

@smallcappick 
@Jsala_Defi 
@dogecoin
@DogecoinRide

#touro #feg $feg #smartdefi #fegt…",1400729700855599107,2022-03-19 22:58:40+00:00,
36,1505317858925899777,The strongest bullish signal flashed for #XRP #bitcoin #btc #ethereum #eth https://t.co/KDZQLjwd2o,1447190361944858629,2022-03-19 22:58:39+00:00,
37,1505317857269366785,XRP is getting ready to take off to the moon! #altcoin #bitcoin #binance #xrp #ripple https://t.co/qPC1E5Acva,1421374473773617153,2022-03-19 22:58:39+00:00,
38,1505317856984158209,The strongest bullish signal flashed for #XRP #bitcoin #btc #ethereum #eth https://t.co/uhzlaMMAvJ,1052233945935474688,2022-03-19 22:58:39+00:00,
39,1505317856908509185,"In Japan, #XRP is religion. I love it! All works! #eth #ethereum #binance #bitcoin btc #ripple #crypto #cryptocurrency https://t.co/lu9yJMKgE3",1447190361944858629,2022-03-19 22:58:39+00:00,
40,1505317856493375489,RT @TXMCtrades: Exactly two years has passed since #Bitcoin clawed its way back above the Realized Price- essentially the network cost basi…,1085663794062331904,2022-03-19 22:58:39+00:00,
41,1505317854878449668,"RT @AirdropStario: 💧 SafeMe Airdrop 💧

🏆 Task:          ➕  Up to 800 SAME (~$8)

👨‍👩‍👧 Referral:   ➕  400 SAME (~$4)

🔛 Airdrop Link &amp; Info…",1453374613837148160,2022-03-19 22:58:38+00:00,
42,1505317854505275392,"RT @ProjectsIco: What is next leg up for #Bitcoin 

#Crypto #BTC #BTCUSDT #cryptocurrency",1459960918486491137,2022-03-19 22:58:38+00:00,
43,1505317853519495170,"In Japan, #XRP is religion. I love it! All works! #eth #ethereum #binance #bitcoin btc #ripple #crypto #cryptocurrency https://t.co/z2KTJHPDmH",1476421710752718850,2022-03-19 22:58:38+00:00,
44,1505317852798394369,"This amazing faucet from @_bitcoiner is making me tweet this to claim my free Lightning sats. ⚡

@boltcoiner unlock me f77542c5-4eed-414b-b939-657aa5c78193

#Bitcoin #BTC #LN #LightningNetwork #boltcoiner
https://t.co/z8T1Vu2dD7",1490651745587920903,2022-03-19 22:58:38+00:00,
45,1505317852395442179,We just know #XRP will moon #crypto #binance #cryptocurrency #bitcoin #btc https://t.co/87HJqAab71,255925982,2022-03-19 22:58:38+00:00,
46,1505317851133267971,"RT @50_Eyes: #ElliottWave #CrudeOil #Gold #SPX #Nifty50 #Bitcoin
Book Announcement plus Monthly Webinar on 19th March, 2022:
https://t.co/b…",99709086,2022-03-19 22:58:37+00:00,
47,1505317850990669824,"RT @chitaglorya__: giveaway 200$ | 2,800,000 IDR

-- rt follow @flagnetwork_NFT 

-- rt &amp; quoted their pinned with   #FlagNetwork  #cryptoc…",833908756916301824,2022-03-19 22:58:37+00:00,
48,1505317847974793220,"RT @binance: 💰 $10,000 giveaway 💰
 
Post your #BitcoinButton result to enter!
 
Rules:
🔸 Retweet this post
🔸 Follow @Binance
🔸 Play #Bitcoi…",715018351,2022-03-19 22:58:37+00:00,
