,id,text,author_id,created_at,geo
0,1505319401477705729,"RT @mikealfred: Feeling a little sad today for all the people who wasted the opportunity to buy $32,900 #Bitcoin in January because they we…",1352329967451815936,2022-03-19 23:04:47+00:00,
1,1505319400764813314,Get IN now don't be LATE #xrp #binance #cryptocurrency #bitcoin https://t.co/AxQSUEySqt,1419723667433529344,2022-03-19 23:04:47+00:00,
2,1505319400559497217,"RT @AirdropStario: 💧 SafeWallet Airdrop 💧

🏆 Task:        ➕ 175 SLT (~$3.5) for 1000 random participants

👨‍👩‍👧 Referral: ➕ 30,000 SLT (~$6…",1452257256158994433,2022-03-19 23:04:47+00:00,
3,1505319399745413124,"In Japan, #XRP is religion. I love it! All works! #eth #ethereum #binance #bitcoin btc #ripple #crypto #cryptocurrency https://t.co/cLZnBbhOAQ",1468123166836994056,2022-03-19 23:04:47+00:00,
4,1505319397879160833,"RT @lab__NFT: 🎁 #NFTGiveaway 🎁

🏆 1 Punk Owl #NFT 🖼️
🏆 100 $ADA (85 $) 💰

✅ Rules :
1⃣ Follow @lab__NFT 
2⃣ ❤️ + RT + Tag friends 🔥

⏰  48…",1493346617939972097,2022-03-19 23:04:46+00:00,
5,1505319395555487745,"RT @binance: 💰 $10,000 giveaway 💰
 
Post your #BitcoinButton result to enter!
 
Rules:
🔸 Retweet this post
🔸 Follow @Binance
🔸 Play #Bitcoi…",615123415,2022-03-19 23:04:46+00:00,
6,1505319395526017026,"#bitcoin Block #728116 : 190621 bytes, 206 transactions, 6.26009111BTC($262,637) reward
            
For more information, visit https://t.co/d21cfpwDKM",1456568726,2022-03-19 23:04:46+00:00,
7,1505319395182231552,XRP is getting ready to take off to the moon! #altcoin #bitcoin #binance #xrp #ripple https://t.co/7CFzQrS1xW,1197999861544697857,2022-03-19 23:04:45+00:00,
8,1505319394590797825,RT @Dennis_Porter_: RT if you support 0% cap gains on #Bitcoin and want to see #Bitcoin become legal tender in the USA 🇺🇸,1471889931219918852,2022-03-19 23:04:45+00:00,
9,1505319393944903691,We just know #XRP will moon #crypto #binance #cryptocurrency #bitcoin #btc https://t.co/vZLlGL3cZ3,1459664256740253696,2022-03-19 23:04:45+00:00,
10,1505319393596776453,Get IN now don't be LATE #xrp #binance #cryptocurrency #bitcoin https://t.co/XxARVIQMTP,456135869,2022-03-19 23:04:45+00:00,
11,1505319393416429572,"RT @FloridianOG: @zerohedge lol #NFTs are dead?
wait, I’ve heard this one before
oh yeah, 2014 #Bitcoin critics

just wait
NFT use cases be…",3016140189,2022-03-19 23:04:45+00:00,
12,1505319393097564164,"@kyokoFinance @moon3dge @SolvProtocol @polkastarter @NeofiOfficial grants amazing tools to easily get into many #defi protocols safely, protecting retail investors from potential scam outflows and rugpulls.

$NEOFI #DeFi #Cryptocurrency #blockchain #Bitcoin #NFT https://t.co/uSj0oUcahs",1487074238368563204,2022-03-19 23:04:45+00:00,
13,1505319393038848005,XRP is getting ready to take off to the moon! #altcoin #bitcoin #binance #xrp #ripple https://t.co/QsskuqG5uc,1258603524721541120,2022-03-19 23:04:45+00:00,
14,1505319391990214657,"In Japan, #XRP is religion. I love it! All works! #eth #ethereum #binance #bitcoin btc #ripple #crypto #cryptocurrency https://t.co/cOimZvPW09",736716835,2022-03-19 23:04:45+00:00,
15,1505319391029866497,Get IN now don't be LATE #xrp #binance #cryptocurrency #bitcoin https://t.co/1kCjezKJYn,1361378750290661378,2022-03-19 23:04:44+00:00,
16,1505319389524025351,RT @saylor: You do not sell your #bitcoin.  https://t.co/LJNgJeWxvR,948776557111324672,2022-03-19 23:04:44+00:00,
17,1505319389440077827,The strongest bullish signal flashed for #XRP #bitcoin #btc #ethereum #eth https://t.co/aUHYGWMOyv,1252235972202213380,2022-03-19 23:04:44+00:00,
18,1505319388647362561,XRP is getting ready to take off to the moon! #altcoin #bitcoin #binance #xrp #ripple https://t.co/Mj1Mf2dyK5,81592616,2022-03-19 23:04:44+00:00,
19,1505319387913412616,"Do you want TRUE SAFU investing?
Go to https://t.co/1Mo7qdcgFO for crypto research!
We list scams, potential scams, trusted projects,and quick audits for upcoming tokens!
BNB Rewards for $SPY holders!
 
@SpyWolfNetwork $SPY #spywolf #bnb #bscgem #binance #bitcoin #ethereum bccvu",1473764166099947527,2022-03-19 23:04:44+00:00,
20,1505319387171016705,XRP is getting ready to take off to the moon! #altcoin #bitcoin #binance #xrp #ripple https://t.co/HyR7hysl3G,1389574936935731200,2022-03-19 23:04:44+00:00,
21,1505319387087183872,"In Japan, #XRP is religion. I love it! All works! #eth #ethereum #binance #bitcoin btc #ripple #crypto #cryptocurrency https://t.co/vkRXRi2SKH",1451937191186374668,2022-03-19 23:04:44+00:00,
22,1505319386755715073,We just know #XRP will moon #crypto #binance #cryptocurrency #bitcoin #btc https://t.co/niejyaKjS1,1222210509635825664,2022-03-19 23:04:43+00:00,
23,1505319386206384129,XRP is getting ready to take off to the moon! #altcoin #bitcoin #binance #xrp #ripple https://t.co/gSHwr1fgXn,3304770663,2022-03-19 23:04:43+00:00,
24,1505319385694674946,"BULL market confirmed.. I don’t have any evidence for this like everyone else apparently does I just like saying it..
#Crypto #Bitcoin #Ethereum #FLOKI",979088289717211139,2022-03-19 23:04:43+00:00,
25,1505319384931258374,The strongest bullish signal flashed for #XRP #bitcoin #btc #ethereum #eth https://t.co/AE4i2iJUbK,859009622077845504,2022-03-19 23:04:43+00:00,
26,1505319383962370050,"In Japan, #XRP is religion. I love it! All works! #eth #ethereum #binance #bitcoin btc #ripple #crypto #cryptocurrency https://t.co/psCQElOpMz",1183065601855672321,2022-03-19 23:04:43+00:00,
27,1505319382943092736,The strongest bullish signal flashed for #XRP #bitcoin #btc #ethereum #eth https://t.co/WmpOcGGYfF,976939784559104000,2022-03-19 23:04:43+00:00,
28,1505319382569914374,XRP is getting ready to take off to the moon! #altcoin #bitcoin #binance #xrp #ripple https://t.co/wPRDjSJYP5,1306449984515080192,2022-03-19 23:04:42+00:00,
29,1505319381416308738,XRP is getting ready to take off to the moon! #altcoin #bitcoin #binance #xrp #ripple https://t.co/HkKceFe7b6,2473598124,2022-03-19 23:04:42+00:00,
30,1505319380871225351,"Metaverse for education: How virtual reality can help schools and colleges

 #Bitcoin #BTC #Cryptocurrency #Crypto #Ethereum #BinanceSmartChain #Dogecoin #Airdrop #Cardano #Blockchain #Trading #Altcoin #Altcoins",4695125258,2022-03-19 23:04:42+00:00,
31,1505319379956748289,"In Japan, #XRP is religion. I love it! All works! #eth #ethereum #binance #bitcoin btc #ripple #crypto #cryptocurrency https://t.co/cUnjod5jt9",1412887171552448514,2022-03-19 23:04:42+00:00,
32,1505319378723684354,"In Japan, #XRP is religion. I love it! All works! #eth #ethereum #binance #bitcoin btc #ripple #crypto #cryptocurrency https://t.co/Y1bgmBzxW9",1478197575912079361,2022-03-19 23:04:42+00:00,
33,1505319378207838211,"In Japan, #XRP is religion. I love it! All works! #eth #ethereum #binance #bitcoin btc #ripple #crypto #cryptocurrency https://t.co/tVgNxhfL7h",1457466257486192642,2022-03-19 23:04:41+00:00,
34,1505319376798502914,XRP is getting ready to take off to the moon! #altcoin #bitcoin #binance #xrp #ripple https://t.co/GaBpLTnLMU,3225753210,2022-03-19 23:04:41+00:00,
35,1505319376655994885,The strongest bullish signal flashed for #XRP #bitcoin #btc #ethereum #eth https://t.co/yI1wUbiwkd,926843807483674624,2022-03-19 23:04:41+00:00,
36,1505319376546779137,"In Japan, #XRP is religion. I love it! All works! #eth #ethereum #binance #bitcoin btc #ripple #crypto #cryptocurrency https://t.co/AWh2KcDwDa",1271696078329581568,2022-03-19 23:04:41+00:00,
37,1505319375984893952,"In Japan, #XRP is religion. I love it! All works! #eth #ethereum #binance #bitcoin btc #ripple #crypto #cryptocurrency https://t.co/oA93AiDc6H",1481496930391781376,2022-03-19 23:04:41+00:00,
38,1505319374550454278,The strongest bullish signal flashed for #XRP #bitcoin #btc #ethereum #eth https://t.co/iPPPC1UlTo,1481292661113901061,2022-03-19 23:04:41+00:00,
39,1505319372818194433,"Did you get scammed?The good guys are here and we’ve got your back!
20% #scamsurvivor Charity! 20% charity in #SPY
Join us in the fight! Clean up the crypto space
Here: https://t.co/orShpWNDNG
@SpyWolfNetwork $SPY #spywolf #bnb #bscgem #binance #bitcoin #ethereum t46o4",1473764166099947527,2022-03-19 23:04:40+00:00,
40,1505319372394418180,Get IN now don't be LATE #xrp #binance #cryptocurrency #bitcoin https://t.co/nfOj49X47a,1413111433965961219,2022-03-19 23:04:40+00:00,
41,1505319370905554948,The strongest bullish signal flashed for #XRP #bitcoin #btc #ethereum #eth https://t.co/tN0kVI8IPf,1330017903895146497,2022-03-19 23:04:40+00:00,
42,1505319369689108481,The strongest bullish signal flashed for #XRP #bitcoin #btc #ethereum #eth https://t.co/LmhsOPuI0d,1209544848879112193,2022-03-19 23:04:39+00:00,
43,1505319369613578243,"I am claiming my free Lightning sats from @_bitcoiner's amazing faucet! ⚡

@boltcoiner unlock me b533686c-d142-4a1d-b760-2bc84fc07dcd

#Bitcoin #BTC #LN #LightningNetwork #boltcoiner
https://t.co/zKn4jx86S1",1353872383552212995,2022-03-19 23:04:39+00:00,
44,1505319368418373643,"In Japan, #XRP is religion. I love it! All works! #eth #ethereum #binance #bitcoin btc #ripple #crypto #cryptocurrency https://t.co/okom8BRIel",1477344162295037959,2022-03-19 23:04:39+00:00,
45,1505319368355287041,We just know #XRP will moon #crypto #binance #cryptocurrency #bitcoin #btc https://t.co/k1pcGhCwfY,1138179091369213952,2022-03-19 23:04:39+00:00,
46,1505319367126491147,"In Japan, #XRP is religion. I love it! All works! #eth #ethereum #binance #bitcoin btc #ripple #crypto #cryptocurrency https://t.co/kB8VcBlmfq",819658157756678144,2022-03-19 23:04:39+00:00,
47,1505319364702220290,"RT @rovercrc: #Bitcoin to $50,000 by the end of March! ⚡️",228536485,2022-03-19 23:04:38+00:00,
48,1505319364450525191,We just know #XRP will moon #crypto #binance #cryptocurrency #bitcoin #btc https://t.co/mTJyhZPpPl,1479098328872734722,2022-03-19 23:04:38+00:00,
49,1505319364328931339,The strongest bullish signal flashed for #XRP #bitcoin #btc #ethereum #eth https://t.co/wac7YyFt4q,3325841243,2022-03-19 23:04:38+00:00,
