,id,text,author_id,created_at,geo
0,1505331734476472331,XRP is getting ready to take off to the moon! #altcoin #bitcoin #binance #xrp #ripple https://t.co/kym7I6hFZy,807587560532873216,2022-03-19 23:53:47+00:00,
1,1505331733469794308,"@BluesparrowC @bitfinex @BlueSparrowETH #BlueSparrow is a bridge between the stock market and crypto .. You will have both in the Blue Sparrow CEX
@BlueSparrowETH
@BluesparrowC
#BluesparrowCEX
#ETH
#BlueSparrow
#BlueSparrowtoken
#BlueSparrowCommunity
#bitcoin
#BestDrawToken
#Bluesparrowcharity
#Web3
#NFT
73 https://t.co/PbJa7igljt",1494393507619946498,2022-03-19 23:53:47+00:00,
2,1505331730344910848,"RT @AirdropDet: 🔍 New #Airdrop: Elite Cash

🏆 Total Airdrop Pool: 140,000 ELC [~$49,000]

🔴 Start the airdrop bot https://t.co/geX2YRhj5n…",1492458148908912640,2022-03-19 23:53:46+00:00,
3,1505331727392194564,RT @SFp2m: @Navid18714913 @SpyWolfNetwork Security is the most valuable asset that is not easily obtained. Our eyes are always open. So tha…,1478271393687080963,2022-03-19 23:53:46+00:00,
4,1505331726859796483,"RT @Revolotto: 🏏World's Dangerous Cricketer
Greatest Batsman of All-time in Cricket

🌎Universe Boss - Chris Gayle extending his support and…",1502127400096010245,2022-03-19 23:53:46+00:00,
5,1505331726565916683,"RT @TheDustyBC: #Bitcoin Is HUGE, but #Altcoins will be way bigger!",371242712,2022-03-19 23:53:45+00:00,
6,1505331726473900033,"RT @CarolainCrypt0: #Bitcoin is worth 42K right now!!

And what are you going to invest in?  show me your great project x 100!👇🏻👇🏻 https://…",1324697347683569664,2022-03-19 23:53:45+00:00,
7,1505331725093777416,"RT @rovercrc: WARNING⚠️ IF #BITCOIN BREAKS $42,500 WE WILL GO PARABOLIC!!",2787997798,2022-03-19 23:53:45+00:00,
8,1505331721247633417,RT @eparar: @Navid18714913 @SpyWolfNetwork Fear the day you are surrounded by a pack of wolves. Escape as long as you have the chance. Or b…,1478271393687080963,2022-03-19 23:53:44+00:00,
9,1505331720186626051,RT @Bitcoin: The #Bitcoin rabbit hole. https://t.co/Ex4E8gPZAW,46214366,2022-03-19 23:53:44+00:00,
10,1505331719469211652,"RT @MartiniGuyYT: #Bitcoin stores value

#Altcoins change lives",1466012924800081922,2022-03-19 23:53:44+00:00,
11,1505331717774749858,"In Japan, #XRP is religion. I love it! All works! #eth #ethereum #binance #bitcoin btc #ripple #crypto #cryptocurrency https://t.co/sxnqB9Ssir",1314991518080434176,2022-03-19 23:53:43+00:00,
12,1505331717556609033,"RT @AirdropStario: 💧 Bee-Trade Finance Airdrop 💧

📍 Audited by: CertiK

🏆 Task:          ➕  Up to 36 BTF (~$51,48)

👨‍👩‍👧 Referral:   ➕  5…",1463519458803138561,2022-03-19 23:53:43+00:00,
13,1505331713152532486,We just know #XRP will moon #crypto #binance #cryptocurrency #bitcoin #btc https://t.co/bOrkTnw3Cj,1058223480196358144,2022-03-19 23:53:42+00:00,
14,1505331708454969351,Get IN now don't be LATE #xrp #binance #cryptocurrency #bitcoin https://t.co/u3lDG5zQrd,149163864,2022-03-19 23:53:41+00:00,
15,1505331708412968966,The strongest bullish signal flashed for #XRP #bitcoin #btc #ethereum #eth https://t.co/AWK2IDaNvQ,395154154,2022-03-19 23:53:41+00:00,
16,1505331705884082176,"RT @chitaglorya__: giveaway 200$ | 2,800,000 IDR

-- rt follow @flagnetwork_NFT 

-- rt &amp; quoted their pinned with   #FlagNetwork  #cryptoc…",1490852123948765189,2022-03-19 23:53:41+00:00,
17,1505331704503877633,"I am claiming my free Lightning sats from @_bitcoiner's amazing faucet! ⚡

@boltcoiner unlock me 485d0fb1-1a55-4df6-9382-abb0edde2fe8

#Bitcoin #BTC #LN #LightningNetwork #boltcoiner
https://t.co/m1ekkdvdqJ",1268337781589319680,2022-03-19 23:53:40+00:00,
18,1505331702490546176,"In Japan, #XRP is religion. I love it! All works! #eth #ethereum #binance #bitcoin btc #ripple #crypto #cryptocurrency https://t.co/Sgc6nIi0wg",1134494171623022595,2022-03-19 23:53:40+00:00,
19,1505331701446320131,"@BluesparrowC @bitfinex @BlueSparrowETH #BlueSparrow is a bridge between the stock market and crypto .. You will have both in the Blue Sparrow CEX
@BlueSparrowETH
@BluesparrowC
#BluesparrowCEX
#ETH
#BlueSparrow
#BlueSparrowtoken
#BlueSparrowCommunity
#bitcoin
#BestDrawToken
#Bluesparrowcharity
#Web3
#NFT
72 https://t.co/So0QZuZOdd",1494393507619946498,2022-03-19 23:53:39+00:00,
20,1505331697054715906,"We just know #XRP will moon #crypto #binance #cryptocurrency #bitcoin #btc

https://t.co/Ernv4FHpC8",1293646180845592577,2022-03-19 23:53:38+00:00,
21,1505331695741857794,"RT @AirdropStario: 💧 SafeWallet Airdrop 💧

🏆 Task:        ➕ 175 SLT (~$3.5) for 1000 random participants

👨‍👩‍👧 Referral: ➕ 30,000 SLT (~$6…",1454300234020888577,2022-03-19 23:53:38+00:00,
22,1505331694731157511,"RT @btc: Ethiopia gets orange pilled by @projectmano and @Excellion.

A full integration of #Bitcoin in Ethiopia could generate orange mome…",2330388670,2022-03-19 23:53:38+00:00,
23,1505331694475243521,"RT @Revolotto: 🏏World's Dangerous Cricketer
Greatest Batsman of All-time in Cricket

🌎Universe Boss - Chris Gayle extending his support and…",1496810603976945665,2022-03-19 23:53:38+00:00,
24,1505331694257139713,"RT @Tigerpro101: Ofcourse we can

#NFTCommunity  #Bitcoin #BTC #crypto  #NFT #NFTs #ad #Airdrop   #StPatricksDay  #eth #StrayKids #APECOIN…",1498831571280826370,2022-03-19 23:53:38+00:00,
25,1505331687554650113,"RT @AirdropDet: 🔍 New #Airdrop: YupVerse

💲 Reward: Up to 10M YuP (~$5) + 2M YuP (~$1,000) referral pool

🔴 Start the airdrop bot https://t…",1505140828296994816,2022-03-19 23:53:36+00:00,
26,1505331684325134337,Get IN now don't be LATE #xrp #binance #cryptocurrency #bitcoin https://t.co/50rwjbUKJ5,1663616916,2022-03-19 23:53:35+00:00,
27,1505331683503005705,Get IN now don't be LATE #xrp #binance #cryptocurrency #bitcoin https://t.co/AHFtzG9UCE,1463737492952141824,2022-03-19 23:53:35+00:00,
28,1505331682211213324,RT @Hakelbrifin1980: @Navid18714913 @SpyWolfNetwork We used to be afraid of wolves. But times have changed. a wolf has come that we feel sa…,1478271393687080963,2022-03-19 23:53:35+00:00,
29,1505331681556893699,"RT @airdropinspect: New airdrop: Prizefighter (RING)
Total Reward: $5,000 worth of RING
Rate: ⭐️⭐️⭐️⭐️
Winners: 1,000 Random &amp; Top 100
Dist…",1464747942003232773,2022-03-19 23:53:35+00:00,
30,1505331678847410177,"RT @AirdropStario: 💧 Meta Auction Airdrop 💧

🏆 Task:          ➕  Up to 40 METAU (~$16)

👨‍👩‍👧 Referral:   ➕  40 METAU (~$16)

🔛 Airdrop Lin…",1126794820243030017,2022-03-19 23:53:34+00:00,
31,1505331677408677889,"RT @airdropinspect: New airdrop: UMAY Network (UMAY)
Total Reward: $30,000 worth of UMAY
Rate:⭐️⭐️⭐️⭐️
Winners: 1,500 Random
Distribution:…",292961242,2022-03-19 23:53:34+00:00,
32,1505331674061623308,"RT @MMCrypto: SELLING LEFT AFTER I BOUGHT RIGHT

#BITCOIN #BULLMARKET START! https://t.co/WqucvTqHQY",1504777216034549774,2022-03-19 23:53:33+00:00,
33,1505331673864585216,RT @Sbastie1980: @Navid18714913 @SpyWolfNetwork We used to be afraid of wolves. But times have changed. a wolf has come that we feel safe t…,1478271393687080963,2022-03-19 23:53:33+00:00,
34,1505331673516634112,RT @Bitcoin: Owners of #Bitcoin. @RayDalio @ptj_official https://t.co/OXE9zsYr1y,46214366,2022-03-19 23:53:33+00:00,
35,1505331672463687681,"RT @airdropinspect: New airdrop: Prizefighter (RING)
Total Reward: $5,000 worth of RING
Rate: ⭐️⭐️⭐️⭐️
Winners: 1,000 Random &amp; Top 100
Dist…",976741357283880961,2022-03-19 23:53:33+00:00,
36,1505331671528181761,"@PattysClub What do you think of this Male Punks

#NFT #NFTs #NFTGiveaway #NFTCommunity #NFTCollection #NFTdrop #NFTartist #NFTProject #APECOIN #ETH #OpenSeaNFT #Bitcoin #NFTLaunch https://t.co/tt7iUutEhz",1491839485402882050,2022-03-19 23:53:32+00:00,
37,1505331670697844737,"@BluesparrowC @bitfinex @BlueSparrowETH #BlueSparrow is a bridge between the stock market and crypto .. You will have both in the Blue Sparrow CEX
@BlueSparrowETH
@BluesparrowC
#BluesparrowCEX
#ETH
#BlueSparrow
#BlueSparrowtoken
#BlueSparrowCommunity
#bitcoin
#BestDrawToken
#Bluesparrowcharity
#Web3
#NFT
71 https://t.co/CC51sQ9Stn",1494393507619946498,2022-03-19 23:53:32+00:00,
38,1505331669598978053,"RT @Doms_Crypto: #Bitcoin has done something which hasn't been done since last year 💥

1/

#BTC has successfully built SEVEN (7) consecutiv…",1444219361691045890,2022-03-19 23:53:32+00:00,
39,1505331668617515016,"In Japan, #XRP is religion. I love it! All works! #eth #ethereum #binance #bitcoin btc #ripple #crypto #cryptocurrency https://t.co/VgdzEfoHY8",919622031905304576,2022-03-19 23:53:32+00:00,
40,1505331668265185281,Get IN now don't be LATE #xrp #binance #cryptocurrency #bitcoin https://t.co/bp9IrD7nja,1245970883753074689,2022-03-19 23:53:32+00:00,
41,1505331668114042883,Get IN now don't be LATE #xrp #binance #cryptocurrency #bitcoin https://t.co/K4MDiFXdmu,1472702188208205827,2022-03-19 23:53:32+00:00,
42,1505331666675458052,We just know #XRP will moon #crypto #binance #cryptocurrency #bitcoin #btc https://t.co/0kKjp2Zhqf,1308753357134151680,2022-03-19 23:53:31+00:00,
43,1505331664716587008,"RT @Revolotto: 🏏World's Dangerous Cricketer
Greatest Batsman of All-time in Cricket

🌎Universe Boss - Chris Gayle extending his support and…",1175550770,2022-03-19 23:53:31+00:00,
44,1505331661835325440,"RT @Meta_Gaming99: Meta Gaming  🎁
 Airdrop for everyone

Steps:
1️⃣Follow us Twitter @Meta_Gaming99 RT&amp;Tag 3 friends
2️⃣Join us TG group: h…",1494850866184134657,2022-03-19 23:53:30+00:00,
45,1505331659637661698,"RT @ICOAnnouncement: 🎙 New Project

🔷 IotexPad (TEX)

🔶 IotexPad aims to be the first decentralized IDO platform based on the Iotex chain.…",1497146894795304966,2022-03-19 23:53:30+00:00,
46,1505331657636732940,"Learn the Design Skills You Need to Stand Out 

#stocks #money #investing #entrepreneur #bitcoin #forex #business #investment #investor #cryptocurrency #trading #invest #market #wealth #finance
#success #wallstreet
#motivation #trader
#entrepreneurshi...
https://t.co/wps7cU9tHQ",1367700165226864640,2022-03-19 23:53:29+00:00,
47,1505331657104138241,"In Japan, #XRP is religion. I love it! All works! #eth #ethereum #binance #bitcoin btc #ripple #crypto #cryptocurrency https://t.co/CAlaB1Kkby",1245970883753074689,2022-03-19 23:53:29+00:00,
48,1505331655069868032,RT @7wrlvfWDyrq1ywo: @Navid18714913 @SpyWolfNetwork We used to be afraid of wolves. But times have changed. a wolf has come that we feel sa…,1478271393687080963,2022-03-19 23:53:28+00:00,
