,id,text,author_id,created_at,geo
0,1505323932953591816,We just know #XRP will moon #crypto #binance #cryptocurrency #bitcoin #btc https://t.co/yDvtzJVgv9,1167289190758801408,2022-03-19 23:22:47+00:00,
1,1505323932429467648,"RT @Revolotto: 🏏World's Dangerous Cricketer
Greatest Batsman of All-time in Cricket

🌎Universe Boss - Chris Gayle extending his support and…",1452496804759490567,2022-03-19 23:22:47+00:00,
2,1505323932123283457,"RT @Revolotto: 🏏World's Dangerous Cricketer
Greatest Batsman of All-time in Cricket

🌎Universe Boss - Chris Gayle extending his support and…",1411530835795136514,2022-03-19 23:22:47+00:00,
3,1505323930554626048,"RT @Revolotto: 🏏World's Dangerous Cricketer
Greatest Batsman of All-time in Cricket

🌎Universe Boss - Chris Gayle extending his support and…",1504629059044900865,2022-03-19 23:22:47+00:00,
4,1505323930013163520,We just know #XRP will moon #crypto #binance #cryptocurrency #bitcoin #btc https://t.co/ue9NDqt19b,3471610102,2022-03-19 23:22:47+00:00,
5,1505323929879007232,"RT @airdropinspect: New airdrop: MOMOCO (USDT)
Total Reward: 3,000 USDT
Rate: ⭐️⭐️⭐️⭐️
Winners: 1000 Random &amp; Top 100
Distribution: within…",1427269950578728972,2022-03-19 23:22:47+00:00,
6,1505323929149353991,"RT @GiveawayInspect: New Giveaway: Retoken (USDT)
Total Reward: 2,000 USDT
Rate: ⭐️⭐️⭐️⭐️
Winners: 700 Random &amp; Top 50
Distribution: within…",1288559036066037761,2022-03-19 23:22:46+00:00,
7,1505323927471476737,We just know #XRP will moon #crypto #binance #cryptocurrency #bitcoin #btc https://t.co/QHS6xDlV3T,414074596,2022-03-19 23:22:46+00:00,
8,1505323926037348353,"RT @AirdropDet: 🔍 New #Airdrop: YupVerse

💲 Reward: Up to 10M YuP (~$5) + 2M YuP (~$1,000) referral pool

🔴 Start the airdrop bot https://t…",1495352920698945542,2022-03-19 23:22:46+00:00,
9,1505323923906334723,XRP is getting ready to take off to the moon! #altcoin #bitcoin #binance #xrp #ripple https://t.co/THvdpxnUvJ,1446857389714595842,2022-03-19 23:22:45+00:00,
10,1505323923184881667,"In Japan, #XRP is religion. I love it! All works! #eth #ethereum #binance #bitcoin btc #ripple #crypto #cryptocurrency https://t.co/MzJCz9Izi0",1469822872331948035,2022-03-19 23:22:45+00:00,
11,1505323922740625410,"RT @airdropinspect: New airdrop: Ubiquity DAO (USDT)
Total Reward: 2,500 USDT
Rate: ⭐️⭐️⭐️⭐️
Winners: 1,000 Random &amp; Top 100
Distribution:…",1444961466621128708,2022-03-19 23:22:45+00:00,
12,1505323922631593985,"RT @Revolotto: 🏏World's Dangerous Cricketer
Greatest Batsman of All-time in Cricket

🌎Universe Boss - Chris Gayle extending his support and…",1472470696269783045,2022-03-19 23:22:45+00:00,
13,1505323921779806210,"In Japan, #XRP is religion. I love it! All works! #eth #ethereum #binance #bitcoin btc #ripple #crypto #cryptocurrency https://t.co/Ymqxqwdn5k",1466861900961140749,2022-03-19 23:22:45+00:00,
14,1505323920857124864,XRP is getting ready to take off to the moon! #altcoin #bitcoin #binance #xrp #ripple https://t.co/K5VBBDpueY,1423999844025311233,2022-03-19 23:22:44+00:00,
15,1505323919955222528,We just know #XRP will moon #crypto #binance #cryptocurrency #bitcoin #btc https://t.co/tZAQYNqU48,1482747637879218177,2022-03-19 23:22:44+00:00,
16,1505323919355613190,"RT @binance: 💰 $10,000 giveaway 💰
 
Post your #BitcoinButton result to enter!
 
Rules:
🔸 Retweet this post
🔸 Follow @Binance
🔸 Play #Bitcoi…",141476830,2022-03-19 23:22:44+00:00,
17,1505323919011688449,"RT @airdropinspect: New airdrop: Prizefighter (RING)
Total Reward: $5,000 worth of RING
Rate: ⭐️⭐️⭐️⭐️
Winners: 1,000 Random &amp; Top 100
Dist…",1485346149334720512,2022-03-19 23:22:44+00:00,
18,1505323917178814464,"RT @airdropinspect: New airdrop: Prizefighter (RING)
Total Reward: $5,000 worth of RING
Rate: ⭐️⭐️⭐️⭐️
Winners: 1,000 Random &amp; Top 100
Dist…",1496818489818034176,2022-03-19 23:22:44+00:00,
19,1505323916990029826,@Daveeesandavee @GinTonic1989 ATTENTION! 🚨🚨 There is one share that will change your life forever! AND NASDAQ Uplisting is coming! BNXA is the door of #crypto and #bitcoin #btc #eth #ethereum #doge https://t.co/rttY6VkDZy,1457084698274971650,2022-03-19 23:22:44+00:00,
20,1505323916562075649,"RT @Revolotto: 🏏World's Dangerous Cricketer
Greatest Batsman of All-time in Cricket

🌎Universe Boss - Chris Gayle extending his support and…",1377986823213838346,2022-03-19 23:22:43+00:00,
21,1505323916289523713,XRP is getting ready to take off to the moon! #altcoin #bitcoin #binance #xrp #ripple https://t.co/tPOwELX0zN,2672659656,2022-03-19 23:22:43+00:00,
22,1505323915735879685,"RT @derekmross: Being bullish on the decentralization and security of the #Bitcoin network is one thing, but the fact that Bitcoin's Layer…",3598844840,2022-03-19 23:22:43+00:00,
23,1505323915345743875,"RT @Revolotto: 🏏World's Dangerous Cricketer
Greatest Batsman of All-time in Cricket

🌎Universe Boss - Chris Gayle extending his support and…",1498499722322927619,2022-03-19 23:22:43+00:00,
24,1505323914712723456,"RT @Revolotto: 🏏World's Dangerous Cricketer
Greatest Batsman of All-time in Cricket

🌎Universe Boss - Chris Gayle extending his support and…",1403146012387012608,2022-03-19 23:22:43+00:00,
25,1505323914632699906,"RT @YupVerse: ✔️ YupVerse Airdrop (New Round) is live!

🔵 Airdrop Reward: Up to 10 Million YuP (~$5)

🔵 Referral Reward: 2 Million YuP (~$1…",1472790512792866817,2022-03-19 23:22:43+00:00,
26,1505323912992903171,"@muser_crypto @derekmross You know it's run by a company right?

That means it is not decentralized.

#Bitcoin",1415501934782451716,2022-03-19 23:22:43+00:00,
27,1505323912284016650,We just know #XRP will moon #crypto #binance #cryptocurrency #bitcoin #btc https://t.co/VYweoNMLwY,829727142309195777,2022-03-19 23:22:42+00:00,
28,1505323912208400388,Get IN now don't be LATE #xrp #binance #cryptocurrency #bitcoin https://t.co/Ul5JzeeqmM,1364022144406069258,2022-03-19 23:22:42+00:00,
29,1505323911910731782,"@AltcoinWorldcom Don’t missed #SHINJA 🥷🏿🔥
Buy Now and Happy later 🥷🏿🔥

#Shibnobi #Crypto #DeFi #BTC #SHIB #Ceek #AVAX #BNB
#Ethereum #Bitcoin #APECOIN #altcoin #FLOKI https://t.co/K20elYtrcM",946877922714976256,2022-03-19 23:22:42+00:00,
30,1505323911331782656,"RT @YupVerse: ✔️ YupVerse Airdrop (New Round) is live!

🔵 Airdrop Reward: Up to 10 Million YuP (~$5)

🔵 Referral Reward: 2 Million YuP (~$1…",1458269273034399746,2022-03-19 23:22:42+00:00,
31,1505323909511585792,"$jasmy bull flaggin' 

Moving $shping profits into #jasmy ♻️

#shping #jasmy #jasmycoin #jasmyusdt #bitcoin #cryptocurrency https://t.co/zLxURabmSR",1965963320,2022-03-19 23:22:42+00:00,
32,1505323908727132163,"#Bitcoin Breakout Status

https://t.co/xEwQMQZ660 https://t.co/YgRdv1gkNC",1304556457262829569,2022-03-19 23:22:42+00:00,
33,1505323908001525760,We just know #XRP will moon #crypto #binance #cryptocurrency #bitcoin #btc https://t.co/boqQm1Vn51,1353278908578332672,2022-03-19 23:22:41+00:00,
34,1505323907628212224,"RT @Revolotto: 🏏World's Dangerous Cricketer
Greatest Batsman of All-time in Cricket

🌎Universe Boss - Chris Gayle extending his support and…",1427482519927099393,2022-03-19 23:22:41+00:00,
35,1505323906919452681,The strongest bullish signal flashed for #XRP #bitcoin #btc #ethereum #eth https://t.co/RmOvkSs37C,1234547975080247297,2022-03-19 23:22:41+00:00,
36,1505323904419651588,"RT @rovercrc: I think #Bitcoin will break $100,000 by July 2022! 🚀",1255935020394479616,2022-03-19 23:22:41+00:00,
37,1505323899415793667,"In Japan, #XRP is religion. I love it! All works! #eth #ethereum #binance #bitcoin btc #ripple #crypto #cryptocurrency https://t.co/xildHucd5X",1172452268089720832,2022-03-19 23:22:39+00:00,
38,1505323897981263872,We just know #XRP will moon #crypto #binance #cryptocurrency #bitcoin #btc https://t.co/u7TQ4dESbU,1053654368866586624,2022-03-19 23:22:39+00:00,
39,1505323894613286922,The strongest bullish signal flashed for #XRP #bitcoin #btc #ethereum #eth https://t.co/IRfB3Zf5eF,1452097858279202816,2022-03-19 23:22:38+00:00,
40,1505323893627977731,"RT @Revolotto: 🏏World's Dangerous Cricketer
Greatest Batsman of All-time in Cricket

🌎Universe Boss - Chris Gayle extending his support and…",1503011435064213506,2022-03-19 23:22:38+00:00,
41,1505323892591583237,RT @FakeNewsDOTNews: If people had any sense they'd mine #Litecoin not #Bitcoin There are few #BTC left to mine and it costs an enormous am…,1556193157,2022-03-19 23:22:38+00:00,
42,1505323891912110081,RT @MatthewHyland_: #Bitcoin Monthly RSI Falling Wedge 😯 https://t.co/Ee220HUQ96,800987531336482818,2022-03-19 23:22:38+00:00,
43,1505323891861819392,The strongest bullish signal flashed for #XRP #bitcoin #btc #ethereum #eth https://t.co/xJXohafKM8,1478414499375894529,2022-03-19 23:22:38+00:00,
44,1505323890742292481,"RT @airdropinspect: New airdrop: Angelic (ANGL)
Total Reward: 50,000 ANGL
Rate: ⭐️⭐️⭐️⭐️
Winners: 1,500 Random &amp; Top 50
Distribution: withi…",1428006499826106380,2022-03-19 23:22:37+00:00,
45,1505323890725240836,Get IN now don't be LATE #xrp #binance #cryptocurrency #bitcoin https://t.co/FajIZV1rHl,1451370811290497025,2022-03-19 23:22:37+00:00,
46,1505323887961116672,"RT @Revolotto: 🏏World's Dangerous Cricketer
Greatest Batsman of All-time in Cricket

🌎Universe Boss - Chris Gayle extending his support and…",1469241444862889985,2022-03-19 23:22:37+00:00,
47,1505323883792064522,The strongest bullish signal flashed for #XRP #bitcoin #btc #ethereum #eth https://t.co/sn209Hb9D3,1313676414017851392,2022-03-19 23:22:36+00:00,
48,1505323883716612101,The strongest bullish signal flashed for #XRP #bitcoin #btc #ethereum #eth https://t.co/s3fVMXms8R,1339054069625839621,2022-03-19 23:22:36+00:00,
49,1505323883703914498,"RT @AirdropDet: 🔍 New #Airdrop: YupVerse

💲 Reward: Up to 10M YuP (~$5) + 2M YuP (~$1,000) referral pool

🔴 Start the airdrop bot https://t…",1445305681439977474,2022-03-19 23:22:36+00:00,
