,id,text,author_id,created_at,geo
0,1505325443112910849,join guys   #FlagNetwork  #cryptocurrency #Bitcoin  #StandWithUkraine https://t.co/WaPYJ36368,992829905820778497,2022-03-19 23:28:47+00:00,
1,1505325443108454408,"RT @Coinsquare: 🍀 GIVEAWAY ALERT🍀
Happy #StPatricksDay!! To celebrate, we'll be choosing one lucky winner to win $1000 in #Bitcoin. Feeling…",1415368221201477641,2022-03-19 23:28:47+00:00,
2,1505325443032961033,"@BluesparrowC @bitfinex @BlueSparrowETH #BlueSparrow is a bridge between the stock market and crypto .. You will have both in the Blue Sparrow CEX
@BlueSparrowETH
@BluesparrowC
#BluesparrowCEX
#ETH
#BlueSparrow
#BlueSparrowtoken
#BlueSparrowCommunity
#bitcoin
#BestDrawToken
#Bluesparrowcharity
#Web3
#NFT🔥ee",1465003913158049797,2022-03-19 23:28:47+00:00,
3,1505325442030575624,"@BluesparrowC @bitfinex @BlueSparrowETH #BlueSparrow is a bridge between the stock market and crypto .. You will have both in the Blue Sparrow CEX
@BlueSparrowETH
@BluesparrowC
#BluesparrowCEX
#ETH
#BlueSparrow
#BlueSparrowtoken
#BlueSparrowCommunity
#bitcoin
#BestDrawToken
#Bluesparrowcharity
#Web3
#NFT🔥ww",1465003913158049797,2022-03-19 23:28:47+00:00,
4,1505325441632006149,"RT @elitecash_io: #Bitcoin and other #cryptocurrencies have certainly changed the way how we bank.

To understand #crypto, you must underst…",726089415412453376,2022-03-19 23:28:47+00:00,
5,1505325441569144836,"@BluesparrowC @bitfinex @BlueSparrowETH #BlueSparrow is a bridge between the stock market and crypto .. You will have both in the Blue Sparrow CEX
@BlueSparrowETH
@BluesparrowC
#BluesparrowCEX
#ETH
#BlueSparrow
#BlueSparrowtoken
#BlueSparrowCommunity
#bitcoin
#BestDrawToken
#Bluesparrowcharity
#Web3
#NFT🔥qq",1465003913158049797,2022-03-19 23:28:47+00:00,
6,1505325441367908360,"@BluesparrowC @bitfinex @BlueSparrowETH #BlueSparrow is a bridge between the stock market and crypto .. You will have both in the Blue Sparrow CEX
@BlueSparrowETH
@BluesparrowC
#BluesparrowCEX
#ETH
#BlueSparrow
#BlueSparrowtoken
#BlueSparrowCommunity
#bitcoin
#BestDrawToken
#Bluesparrowcharity
#Web3
#NFT🔥.z",1465003913158049797,2022-03-19 23:28:47+00:00,
7,1505325441246273539,"@BluesparrowC @bitfinex @BlueSparrowETH #BlueSparrow is a bridge between the stock market and crypto .. You will have both in the Blue Sparrow CEX
@BlueSparrowETH
@BluesparrowC
#BluesparrowCEX
#ETH
#BlueSparrow
#BlueSparrowtoken
#BlueSparrowCommunity
#bitcoin
#BestDrawToken
#Bluesparrowcharity
#Web3
#NFT🔥.x",1465003913158049797,2022-03-19 23:28:47+00:00,
8,1505325440806064128,"RT @TheCryptoLark: What are your top 3 passive income earners?
#bitcoin #crypto #stocks 
👇👇👇",385428345,2022-03-19 23:28:47+00:00,
9,1505325440398897152,"In Japan, #XRP is religion. I love it! All works! #eth #ethereum #binance #bitcoin btc #ripple #crypto #cryptocurrency https://t.co/62iKN2t4vZ",1244581419839602690,2022-03-19 23:28:47+00:00,
10,1505325440361283587,"@BluesparrowC @bitfinex @BlueSparrowETH #BlueSparrow is a bridge between the stock market and crypto .. You will have both in the Blue Sparrow CEX
@BlueSparrowETH
@BluesparrowC
#BluesparrowCEX
#ETH
#BlueSparrow
#BlueSparrowtoken
#BlueSparrowCommunity
#bitcoin
#BestDrawToken
#Bluesparrowcharity
#Web3
#NFT🔥.c",1465003913158049797,2022-03-19 23:28:47+00:00,
11,1505325440348602369,"RT @airdropinspect: New airdrop: Prizefighter (RING)
Total Reward: $5,000 worth of RING
Rate: ⭐️⭐️⭐️⭐️
Winners: 1,000 Random &amp; Top 100
Dist…",880055043403239426,2022-03-19 23:28:47+00:00,
12,1505325439782375424,Get IN now don't be LATE #xrp #binance #cryptocurrency #bitcoin https://t.co/IlY2pWx72a,212427134,2022-03-19 23:28:47+00:00,
13,1505325436934537217,XRP is getting ready to take off to the moon! #altcoin #bitcoin #binance #xrp #ripple https://t.co/DdqfRTXw2B,1468573405251534849,2022-03-19 23:28:46+00:00,
14,1505325436926324737,"In Japan, #XRP is religion. I love it! All works! #eth #ethereum #binance #bitcoin btc #ripple #crypto #cryptocurrency https://t.co/ObKiDGVrKu",1446548849552678925,2022-03-19 23:28:46+00:00,
15,1505325436364279808,"RT @Revolotto: 🏏World's Dangerous Cricketer
Greatest Batsman of All-time in Cricket

🌎Universe Boss - Chris Gayle extending his support and…",1503510643953250309,2022-03-19 23:28:46+00:00,
16,1505325435499986953,@SKYmetaverseNFT UNBELIEVABLE!! 🚨🚨 The chance of a lifetime with this share. This time you are in very early and a huge profit awaits.A Giant AWAKES!! #crypto #ethereum #bitcoin #btc #eth #crypto https://t.co/WO0QTuMDTI,1470148662122721285,2022-03-19 23:28:46+00:00,
17,1505325435236028417,Get IN now don't be LATE #xrp #binance #cryptocurrency #bitcoin https://t.co/g33IL3nAtG,523220260,2022-03-19 23:28:46+00:00,
18,1505325432744284163,We just know #XRP will moon #crypto #binance #cryptocurrency #bitcoin #btc https://t.co/8IQtx0AAwr,1481711036545781760,2022-03-19 23:28:45+00:00,
19,1505325432060719106,We just know #XRP will moon #crypto #binance #cryptocurrency #bitcoin #btc https://t.co/7VxEda2GIJ,1477607006324228096,2022-03-19 23:28:45+00:00,
20,1505325430953463809,XRP is getting ready to take off to the moon! #altcoin #bitcoin #binance #xrp #ripple https://t.co/O3CtUHoH5E,1415633479866277889,2022-03-19 23:28:44+00:00,
21,1505325430508822536,Get IN now don't be LATE #xrp #binance #cryptocurrency #bitcoin https://t.co/2JlsI8ehq2,1477418753063366659,2022-03-19 23:28:44+00:00,
22,1505325429380374528,We just know #XRP will moon #crypto #binance #cryptocurrency #bitcoin #btc https://t.co/gpAcs6qMkw,1445177054484254722,2022-03-19 23:28:44+00:00,
23,1505325426792710146,"In Japan, #XRP is religion. I love it! All works! #eth #ethereum #binance #bitcoin btc #ripple #crypto #cryptocurrency https://t.co/oEW96Dps1A",1447837301564977157,2022-03-19 23:28:43+00:00,
24,1505325425165144064,"ninja7 found #bitcoin in a User vault at this location! Join me playing #coinhuntworld, It's awesome! https://t.co/rrLnrnQyUc #cryptocurrency #54576 https://t.co/61ZfGNT1CL",1467491944666439681,2022-03-19 23:28:43+00:00,
25,1505325423760076802,XRP is getting ready to take off to the moon! #altcoin #bitcoin #binance #xrp #ripple https://t.co/qs4ZaLl7ee,1482241795350220801,2022-03-19 23:28:43+00:00,
26,1505325419662249985,"RT @Revolotto: 🏏World's Dangerous Cricketer
Greatest Batsman of All-time in Cricket

🌎Universe Boss - Chris Gayle extending his support and…",1476974832008896514,2022-03-19 23:28:42+00:00,
27,1505325418982871044,"RT @elitecash_io: #Bitcoin and other #cryptocurrencies have certainly changed the way how we bank.

To understand #crypto, you must underst…",1495433425574055936,2022-03-19 23:28:42+00:00,
28,1505325416621486083,"RT @Revolotto: 🏏World's Dangerous Cricketer
Greatest Batsman of All-time in Cricket

🌎Universe Boss - Chris Gayle extending his support and…",1472544368477315076,2022-03-19 23:28:41+00:00,
29,1505325414558105602,"RT @PasinoCom: Play your favorite Casino games with #Ethereum on https://t.co/YXrRw5ppZV!

$100 Giveaway drawing tomorrow!
✅Like👍 &amp; Follow…",1429060160,2022-03-19 23:28:41+00:00,
30,1505325411634663424,"RT @Revolotto: 🏏World's Dangerous Cricketer
Greatest Batsman of All-time in Cricket

🌎Universe Boss - Chris Gayle extending his support and…",1268950086194573313,2022-03-19 23:28:40+00:00,
31,1505325411340886018,"In Japan, #XRP is religion. I love it! All works! #eth #ethereum #binance #bitcoin btc #ripple #crypto #cryptocurrency https://t.co/WWGuwAnMfp",118281125,2022-03-19 23:28:40+00:00,
32,1505325410975981568,"In Japan, #XRP is religion. I love it! All works! #eth #ethereum #binance #bitcoin btc #ripple #crypto #cryptocurrency https://t.co/coBKeGzoJO",1332741868233371649,2022-03-19 23:28:40+00:00,
33,1505325410590117894,"RT @AirdropDet: 🔍 New #Airdrop: LeisurePay

💲 Reward: Up to 1,250 LPY (~$5) + 200K LPY (~$1K) referral pool

🔴 Start the airdrop bot https:…",1501272742171230212,2022-03-19 23:28:40+00:00,
34,1505325410501939202,"In Japan, #XRP is religion. I love it! All works! #eth #ethereum #binance #bitcoin btc #ripple #crypto #cryptocurrency https://t.co/JAICybCM6l",1392795113831677955,2022-03-19 23:28:40+00:00,
35,1505325407184117762,"RT @Meta_Gaming99: Meta Gaming  🎁
 Airdrop for everyone

Steps:
1️⃣Follow us Twitter @Meta_Gaming99 RT&amp;Tag 3 friends
2️⃣Join us TG group: h…",1241385657269805056,2022-03-19 23:28:39+00:00,
36,1505325406177533952,"RT @OrignalVentures: #Bitcoin look at this - just had to get one!: submitted by  /u/i_need_wolf_cola  
 [link] [comments] https://t.co/RCqI…",1479422974755147777,2022-03-19 23:28:39+00:00,
37,1505325403699036163,"RT @Jayecane: sent you money #Bitcoin @mansoori_shifa who’s next , Rt + done",1464457698674716672,2022-03-19 23:28:38+00:00,
38,1505325402222256130,We just know #XRP will moon #crypto #binance #cryptocurrency #bitcoin #btc https://t.co/apMFbcwHaG,1123379065245671426,2022-03-19 23:28:38+00:00,
39,1505325401844994055,Get IN now don't be LATE #xrp #binance #cryptocurrency #bitcoin https://t.co/M0ejzlmNZF,3225753210,2022-03-19 23:28:38+00:00,
40,1505325399642820609,Get IN now don't be LATE #xrp #binance #cryptocurrency #bitcoin https://t.co/tSoNm7wECC,862112555023704066,2022-03-19 23:28:37+00:00,
41,1505325398787338243,@AvaxMarket @SlimeShadies BANXA HOLDINGS FRA: AC00🚨 SOON NASDAQ! 🚨 This company will change your life now! IR coming to states #crypto #bitcoin #btc #eth #ethereum #doge https://t.co/TYLiryZgbQ,1485755209162936328,2022-03-19 23:28:37+00:00,
42,1505325398170619905,RT @OrignalVentures: #Bitcoin Pending Blockchain transaction: I had $3k worth of btc sent to my private wallet from a btc trading wallet an…,1479422974755147777,2022-03-19 23:28:37+00:00,
43,1505325396665024516,Get IN now don't be LATE #xrp #binance #cryptocurrency #bitcoin https://t.co/uAjHPWRLc2,176297998,2022-03-19 23:28:36+00:00,
44,1505325395360600067,"@BluesparrowC @bitfinex @BlueSparrowETH #BlueSparrow is a bridge between the stock market and crypto .. You will have both in the Blue Sparrow CEX
@BlueSparrowETH
@BluesparrowC
#BluesparrowCEX
#ETH
#BlueSparrow
#BlueSparrowtoken
#BlueSparrowCommunity
#bitcoin
#BestDrawToken
#Bluesparrowcharity
#Web3
#NFT🔥.v",1465003913158049797,2022-03-19 23:28:36+00:00,
45,1505325393854693376,We just know #XRP will moon #crypto #binance #cryptocurrency #bitcoin #btc https://t.co/yfWeQkveA1,1215521379828695040,2022-03-19 23:28:36+00:00,
46,1505325392252579840,"RT @Bybit_Official: Dear #Bitcoin, _____________.",1498648855797276672,2022-03-19 23:28:35+00:00,
47,1505325391279374337,"RT @OrignalVentures: #Bitcoin Future president of South Korea has promised a major crypto push.: submitted by  /u/simplelifestyle  
 [link]…",1479422974755147777,2022-03-19 23:28:35+00:00,
48,1505325391183065090,"RT @Xposed: When Tom Brady wins another Super Bowl this year I’ll give 20 people who retweet this and are following me @xposed $1000. 

$20…",2807932257,2022-03-19 23:28:35+00:00,
49,1505325390121910276,We just know #XRP will moon #crypto #binance #cryptocurrency #bitcoin #btc https://t.co/QcKGBlCNZ2,1453462976770478083,2022-03-19 23:28:35+00:00,
