,id,text,author_id,created_at,geo
0,1505329720623345669,The strongest bullish signal flashed for #XRP #bitcoin #btc #ethereum #eth https://t.co/dy6qVU5iPu,1413089243182817280,2022-03-19 23:45:47+00:00,
1,1505329720442998787,RT @Jimmy78l: @Navid18714913 @SpyWolfNetwork Fear the day you are surrounded by a pack of wolves. Escape as long as you have the chance. Or…,1478271393687080963,2022-03-19 23:45:47+00:00,
2,1505329718278733826,"RT @ProjectsIco: What is next leg up for #Bitcoin 

#Crypto #BTC #BTCUSDT #cryptocurrency",1430253170589114378,2022-03-19 23:45:47+00:00,
3,1505329717456809990,"RT @airdropinspect: New airdrop: Ubiquity DAO (USDT)
Total Reward: 2,500 USDT
Rate: ⭐️⭐️⭐️⭐️
Winners: 1,000 Random &amp; Top 100
Distribution:…",1448925023620657158,2022-03-19 23:45:46+00:00,
4,1505329716596723719,"RT @airdropinspect: New airdrop: Prizefighter (RING)
Total Reward: $5,000 worth of RING
Rate: ⭐️⭐️⭐️⭐️
Winners: 1,000 Random &amp; Top 100
Dist…",1485810270597484549,2022-03-19 23:45:46+00:00,
5,1505329716345163781,"@BluesparrowC @bitfinex @BlueSparrowETH #BlueSparrow is a bridge between the stock market and crypto .. You will have both in the Blue Sparrow CEX
@BlueSparrowETH
@BluesparrowC
#BluesparrowCEX
#ETH
#BlueSparrow
#BlueSparrowtoken
#BlueSparrowCommunity
#bitcoin
#BestDrawToken
#Bluesparrowcharity
#Web3
#NFT
28 https://t.co/JG9dthiSr6",1494393507619946498,2022-03-19 23:45:46+00:00,
6,1505329715845877762,1 BTC Price: Bitstamp 42203.14 USD #BTC #Bitcoin 2022-03-19 19:45 https://t.co/RNJ1RnQ3LJ,2232163009,2022-03-19 23:45:46+00:00,
7,1505329714977996801,"RT @Revolotto: 🏏World's Dangerous Cricketer
Greatest Batsman of All-time in Cricket

🌎Universe Boss - Chris Gayle extending his support and…",1473523694450343937,2022-03-19 23:45:46+00:00,
8,1505329713962647556,"In Japan, #XRP is religion. I love it! All works! #eth #ethereum #binance #bitcoin btc #ripple #crypto #cryptocurrency https://t.co/2GL9dS5dEH",1306982209275023361,2022-03-19 23:45:46+00:00,
9,1505329711060340743,"RT @Coinsquare: 🍀 GIVEAWAY ALERT🍀
Happy #StPatricksDay!! To celebrate, we'll be choosing one lucky winner to win $1000 in #Bitcoin. Feeling…",1296819504836677632,2022-03-19 23:45:45+00:00,
10,1505329710699626498,RT @saylor: We are lucky☘️ to have #bitcoin.,1441691400618209284,2022-03-19 23:45:45+00:00,
11,1505329710187786240,We just know #XRP will moon #crypto #binance #cryptocurrency #bitcoin #btc https://t.co/w1tkcjalCm,1309663406992101376,2022-03-19 23:45:45+00:00,
12,1505329709046919171,"RT @Revolotto: 🏏World's Dangerous Cricketer
Greatest Batsman of All-time in Cricket

🌎Universe Boss - Chris Gayle extending his support and…",782320051089207297,2022-03-19 23:45:44+00:00,
13,1505329707616968704,"RT @AirdropDet: 🔍 New #Airdrop: YupVerse

💲 Reward: Up to 10M YuP (~$5) + 2M YuP (~$1,000) referral pool

🔴 Start the airdrop bot https://t…",1504891302072434688,2022-03-19 23:45:44+00:00,
14,1505329706069069829,"RT @rovercrc: WARNING⚠️ IF #BITCOIN BREAKS $42,500 WE WILL GO PARABOLIC!!",1457045024961617921,2022-03-19 23:45:44+00:00,
15,1505329705712762881,"This project is looks so innovative and impactful, happy to take participate in such huge project. 
@athiraardilla79 @bobbyrizkihamda @reyka_angelin 
#Airdrops #YupVerse #Bitcoin #AirdropDetective #YuP https://t.co/17gyLYPKBI",1395226047046508544,2022-03-19 23:45:44+00:00,
16,1505329704752107522,RT @selena1366: @BluesparrowC @bitfinex @BlueSparrowETH #BlueSparrow is a bridge between the stock market and crypto .. You will have both…,1471459986719059972,2022-03-19 23:45:43+00:00,
17,1505329703715889155,XRP is getting ready to take off to the moon! #altcoin #bitcoin #binance #xrp #ripple https://t.co/Im8tOGGLim,1421393498104901633,2022-03-19 23:45:43+00:00,
18,1505329702919155714,"RT @FabricFeet: Come see me on onlyfans and fansly for a great time 😋 

https://t.co/cP3QAibo7B

https://t.co/yN6AffdpKK

#AdultWork #Alter…",944729229345935360,2022-03-19 23:45:43+00:00,
19,1505329702025973760,"RT @TheCryptoLark: Elon Musk owns only 3 coins. 
#Bitcoin 
#ethereum
$doge",1383504746590343177,2022-03-19 23:45:43+00:00,
20,1505329700603764736,"RT @AirdropDet: 🔍 New #Airdrop: YupVerse

💲 Reward: Up to 10M YuP (~$5) + 2M YuP (~$1,000) referral pool

🔴 Start the airdrop bot https://t…",1417204960995921921,2022-03-19 23:45:42+00:00,
21,1505329699366465538,"n Japan, #XRP is religion. I love it! All works! #eth #ethereum #binance #bitcoin btc #ripple #crypto #cryptocurrency

https://t.co/nSUkqmmw1q",1040189382358122496,2022-03-19 23:45:42+00:00,
22,1505329697521119232,"RT @airdropinspect: New airdrop: Ground Zero
Total Reward: $200,000 worth of rewards
Rate:⭐️⭐️⭐️⭐️
Winners: 2,000 Random
Distribution: Befo…",292961242,2022-03-19 23:45:42+00:00,
23,1505329697223233536,We just know #XRP will moon #crypto #binance #cryptocurrency #bitcoin #btc https://t.co/Qs7ziRRJbP,1443936004130459654,2022-03-19 23:45:42+00:00,
24,1505329697063727112,"RT @Revolotto: 🏏World's Dangerous Cricketer
Greatest Batsman of All-time in Cricket

🌎Universe Boss - Chris Gayle extending his support and…",1422003400783261704,2022-03-19 23:45:42+00:00,
25,1505329696829059076,"In Japan, #XRP is religion. I love it! All works! #eth #ethereum #binance #bitcoin btc #ripple #crypto #cryptocurrency https://t.co/rxH0QncOE0",783898423586131968,2022-03-19 23:45:42+00:00,
26,1505329696686305282,Get IN now don't be LATE #xrp #binance #cryptocurrency #bitcoin https://t.co/JPO88EjmOw,3296383182,2022-03-19 23:45:42+00:00,
27,1505329695876952064,RT @Dennis_Porter_: I’m working on the federal side and in multiple states pushing #Bitcoin and digital asset laws forward so the USA is he…,1417218420253372423,2022-03-19 23:45:41+00:00,
28,1505329695285399555,"We just know #XRP will moon #crypto #binance #cryptocurrency #bitcoin #btc

https://t.co/QjEtsjHps8",1385943146,2022-03-19 23:45:41+00:00,
29,1505329693742018562,"RT @deficonnect: As we're gradually getting set to bring back Staking, 

Get your coins ready and let's go Farming deficonnectors 🚀

#dfc #…",1480556615447334914,2022-03-19 23:45:41+00:00,
30,1505329691502297093,"RT @AirdropStario: 💧 SafeWallet Airdrop 💧

🏆 Task:        ➕ 175 SLT (~$3.5) for 1000 random participants

👨‍👩‍👧 Referral: ➕ 30,000 SLT (~$6…",1467719941889482752,2022-03-19 23:45:40+00:00,
31,1505329691321847809,"RT @Arminsaber1771: @Navid18714913 @SpyWolfNetwork Scammers.....
You can hear the sound of our wolves breathing behind you. There is little…",1478271393687080963,2022-03-19 23:45:40+00:00,
32,1505329690675978240,RT @Baran13990823: @BluesparrowC @bitfinex @BlueSparrowETH #BlueSparrow is a bridge between the stock market and crypto .. You will have bo…,1475581054752894978,2022-03-19 23:45:40+00:00,
33,1505329690260742145,"RT @Blockstream: “We are, kind of, the SpaceX of the #Bitcoin world building much of the technology.”

Dr. @adam3us on how Blockstream is d…",96899214,2022-03-19 23:45:40+00:00,
34,1505329690139303936,"RT @Revolotto: 🏏World's Dangerous Cricketer
Greatest Batsman of All-time in Cricket

🌎Universe Boss - Chris Gayle extending his support and…",1435088781296631815,2022-03-19 23:45:40+00:00,
35,1505329689736495107,XRP is getting ready to take off to the moon! #altcoin #bitcoin #binance #xrp #ripple https://t.co/ZGf2DRNSXk,1245946650796982273,2022-03-19 23:45:40+00:00,
36,1505329689291755523,"RT @chitaglorya__: giveaway 200$ | 2,800,000 IDR

-- rt follow @flagnetwork_NFT 

-- rt &amp; quoted their pinned with   #FlagNetwork  #cryptoc…",1497072239514361858,2022-03-19 23:45:40+00:00,
37,1505329687416999937,"RT @JohnPompliano: The world is getting a crash course on the benefits of #Bitcoin right now.

A decentralized, permissionless, peer-to-pee…",2496247650,2022-03-19 23:45:39+00:00,
38,1505329686267797505,"RT @XRPayNet: The World's most diverse payment network. Settlements in FIAT currencies, BTC, ETH, and XRPayNet. Payments settled in seconds…",1367468519726612483,2022-03-19 23:45:39+00:00,
39,1505329685651021826,XRP is getting ready to take off to the moon! #altcoin #bitcoin #binance #xrp #ripple https://t.co/koMcKF8DH6,1403250307711311873,2022-03-19 23:45:39+00:00,
40,1505329684808089601,"RT @Eunicedwong: FEELING BULLISH ON #Bitcoin 
🚀🚀🚀🚀🚀🚀🚀🚀🚀🚀🚀🚀 https://t.co/D2L9BAbFBZ",1346855000589348864,2022-03-19 23:45:39+00:00,
41,1505329684094996480,XRP is getting ready to take off to the moon! #altcoin #bitcoin #binance #xrp #ripple https://t.co/0af7Px93mT,1231842114574614529,2022-03-19 23:45:39+00:00,
42,1505329684040593408,RT @Arminsaber1771: @Navid18714913 @SpyWolfNetwork Security is the most valuable asset that is not easily obtained. Our eyes are always ope…,1478271393687080963,2022-03-19 23:45:39+00:00,
43,1505329683700854787,"RT @airdropinspect: New airdrop: Prizefighter (RING)
Total Reward: $5,000 worth of RING
Rate: ⭐️⭐️⭐️⭐️
Winners: 1,000 Random &amp; Top 100
Dist…",1349948630300565504,2022-03-19 23:45:38+00:00,
44,1505329683520528395,"@BluesparrowC @bitfinex @BlueSparrowETH #BlueSparrow is a bridge between the stock market and crypto .. You will have both in the Blue Sparrow CEX
@BlueSparrowETH
@BluesparrowC
#BluesparrowCEX
#ETH
#BlueSparrow
#BlueSparrowtoken
#BlueSparrowCommunity
#bitcoin
#BestDrawToken
#Bluesparrowcharity
#Web3
#NFT
27 https://t.co/xiZx6JJGnU",1494393507619946498,2022-03-19 23:45:38+00:00,
45,1505329683512332288,"RT @Revolotto: 🏏World's Dangerous Cricketer
Greatest Batsman of All-time in Cricket

🌎Universe Boss - Chris Gayle extending his support and…",1501471958235377666,2022-03-19 23:45:38+00:00,
46,1505329683407142912,"XRP is getting ready to take off to the moon! #altcoin #bitcoin #binance #xrp #ripple

https://t.co/eSbcssW7tk",1464437116130283523,2022-03-19 23:45:38+00:00,
47,1505329683243622405,"RT @AirdropStario: 💧 SafeWallet Airdrop 💧

🏆 Task:        ➕ 175 SLT (~$3.5) for 1000 random participants

👨‍👩‍👧 Referral: ➕ 30,000 SLT (~$6…",1119588776915894272,2022-03-19 23:45:38+00:00,
48,1505329681599451137,XRP is getting ready to take off to the moon! #altcoin #bitcoin #binance #xrp #ripple https://t.co/sdsDoSRExH,1144842378747895815,2022-03-19 23:45:38+00:00,
49,1505329677933719558,We just know #XRP will moon #crypto #binance #cryptocurrency #bitcoin #btc https://t.co/XMJBG9LaST,1278282406135545856,2022-03-19 23:45:37+00:00,
