,id,text,author_id,created_at,geo
0,1505330475967315969,"RT @Revolotto: 🏏World's Dangerous Cricketer
Greatest Batsman of All-time in Cricket

🌎Universe Boss - Chris Gayle extending his support and…",1338667361142886400,2022-03-19 23:48:47+00:00,
1,1505330475258286094,XRP is getting ready to take off to the moon! #altcoin #bitcoin #binance #xrp #ripple https://t.co/CbbvwJmZ45,1136421687719800832,2022-03-19 23:48:47+00:00,
2,1505330470934007818,RT @navadan100: @Navid18714913 @SpyWolfNetwork Security is the most valuable asset that is not easily obtained. Our eyes are always open. S…,1478271393687080963,2022-03-19 23:48:46+00:00,
3,1505330466915860480,Get IN now don't be LATE #xrp #binance #cryptocurrency #bitcoin https://t.co/hjyk6asQGM,1471561446454669317,2022-03-19 23:48:45+00:00,
4,1505330466509180928,"RT @AirdropStario: 💧 Two Monkey Airdrop 💧

🏆 Task:          ➕  Up to $3 worth of TMON

👨‍👩‍👧 Referral:   ➕  $2 worth of TMON

🔛 Airdrop Lin…",1437772517863788561,2022-03-19 23:48:45+00:00,
5,1505330465997172737,"RT @BTCTN: Two #cryptocurrency exchanges, #Binance and #FTX, have been licensed in Dubai. #crypto #bitcoin $BTC https://t.co/u963egVeCp",1496559100338999299,2022-03-19 23:48:45+00:00,
6,1505330465389039625,"RT @TheCryptoLaunch: 💥The Crypto Launchpad Giveaway💥

🏆 Task: Up to $50 worth of TCL Partners' Tokens.

👨‍👩‍👧 Referral: $25 worth of TCL Pa…",1496100706373283844,2022-03-19 23:48:45+00:00,
7,1505330465359609856,"RT @ProjectsIco: What is next leg up for #Bitcoin 

#Crypto #BTC #BTCUSDT #cryptocurrency",1481603402845265920,2022-03-19 23:48:45+00:00,
8,1505330464558665734,"RT @navadan100: @Navid18714913 @SpyWolfNetwork Scammers.....
You can hear the sound of our wolves breathing behind you. There is little tim…",1478271393687080963,2022-03-19 23:48:45+00:00,
9,1505330464223293442,"RT @airdropinspect: New airdrop: Prizefighter (RING)
Total Reward: $5,000 worth of RING
Rate: ⭐️⭐️⭐️⭐️
Winners: 1,000 Random &amp; Top 100
Dist…",1458101559712178176,2022-03-19 23:48:45+00:00,
10,1505330464168448000,"RT @AirdropDet: 🔍 New #Airdrop: YupVerse

💲 Reward: Up to 10M YuP (~$5) + 2M YuP (~$1,000) referral pool

🔴 Start the airdrop bot https://t…",1485746358862888961,2022-03-19 23:48:45+00:00,
11,1505330464110026753,"RT @yachtclub_NFT: 💎#NFTGiveaway💎

To celebrate our partnership with @DeadApeClub
we're giving away 1 #NFT🍀 +5 WL spots

🏆1x @DeadApeClub 🐒…",1503400860042231808,2022-03-19 23:48:44+00:00,
12,1505330462763364352,Get IN now don't be LATE #xrp #binance #cryptocurrency #bitcoin https://t.co/P0IomqG9tB,1193834783236743168,2022-03-19 23:48:44+00:00,
13,1505330461052047361,"We just know #XRP will moon #crypto #binance #cryptocurrency #bitcoin #btc

https://t.co/mbZkf8L6Mi",1388152816775090178,2022-03-19 23:48:44+00:00,
14,1505330459315736576,RT @shazii2015: @Navid18714913 @SpyWolfNetwork We were always afraid of wolves. But now they have decided to protect us. I'm not afraid of…,1478271393687080963,2022-03-19 23:48:43+00:00,
15,1505330457952542720,XRP is getting ready to take off to the moon! #altcoin #bitcoin #binance #xrp #ripple https://t.co/NSW08EEz69,721092625,2022-03-19 23:48:43+00:00,
16,1505330454907478016,Get IN now don't be LATE #xrp #binance #cryptocurrency #bitcoin https://t.co/zIiaKybJgb,1329211028,2022-03-19 23:48:42+00:00,
17,1505330453779259406,The strongest bullish signal flashed for #XRP #bitcoin #btc #ethereum #eth https://t.co/ZfWbXMyMhF,1301731661911142401,2022-03-19 23:48:42+00:00,
18,1505330452793495552,"We just know #XRP will moon #crypto #binance #cryptocurrency #bitcoin #btc

https://t.co/q23tQIeVzE",936171370068680705,2022-03-19 23:48:42+00:00,
19,1505330450499264526,"@BluesparrowC @bitfinex @BlueSparrowETH #BlueSparrow is a bridge between the stock market and crypto .. You will have both in the Blue Sparrow CEX
@BlueSparrowETH
@BluesparrowC
#BluesparrowCEX
#ETH
#BlueSparrow
#BlueSparrowtoken
#BlueSparrowCommunity
#bitcoin
#BestDrawToken
#Bluesparrowcharity
#Web3
#NFT
34 https://t.co/ObvZoE6wSR",1494393507619946498,2022-03-19 23:48:41+00:00,
20,1505330450482581508,RT @Sadegh2102: @Navid18714913 @SpyWolfNetwork Security is the most valuable asset that is not easily obtained. Our eyes are always open. S…,1478271393687080963,2022-03-19 23:48:41+00:00,
21,1505330449933033476,"@ck_SNARKs @JasonPLowery Exactly- They do change the logic of violence. But #Bitcoin is not violent.

That's also why his ideas aren't new.",934775377179881473,2022-03-19 23:48:41+00:00,
22,1505330449924739076,"RT @jsm1727: FREE NFT GIVEAWAY!!!
To Win:
1. Follow @jsm1727
2. Like and Retweet
3. Drop your Eth Wallet address
#luxury #bhfyp #success #m…",1500188200354074626,2022-03-19 23:48:41+00:00,
23,1505330449652109321,Get IN now don't be LATE #xrp #binance #cryptocurrency #bitcoin https://t.co/EXea7ksCNJ,730274298,2022-03-19 23:48:41+00:00,
24,1505330448364306436,"RT @Meta_Gaming99: Meta Gaming  🎁
 Airdrop for everyone

Steps:
1️⃣Follow us Twitter @Meta_Gaming99 RT&amp;Tag 3 friends
2️⃣Join us TG group: h…",1491396451611541507,2022-03-19 23:48:41+00:00,
25,1505330444807593986,"RT @binance: 💰 $10,000 giveaway 💰
 
Post your #BitcoinButton result to enter!
 
Rules:
🔸 Retweet this post
🔸 Follow @Binance
🔸 Play #Bitcoi…",1486519404242292742,2022-03-19 23:48:40+00:00,
26,1505330443612172291,"RT @bpmcrypto: @elonmusk Hey Genius,
Lets not miss out on @Catcoinbsc¡!
Remember, 2022 is the year of the #cats 

We are pumping even witho…",1504834069439614977,2022-03-19 23:48:40+00:00,
27,1505330439770177537,"RT @Revolotto: 🏏World's Dangerous Cricketer
Greatest Batsman of All-time in Cricket

🌎Universe Boss - Chris Gayle extending his support and…",302951931,2022-03-19 23:48:39+00:00,
28,1505330439216582663,"RT @del7325: @Navid18714913 @SpyWolfNetwork Scammers.....
You can hear the sound of our wolves breathing behind you. There is little time l…",1478271393687080963,2022-03-19 23:48:39+00:00,
29,1505330438667071488,The strongest bullish signal flashed for #XRP #bitcoin #btc #ethereum #eth https://t.co/HtT9Nb1Pg4,1057054899056361474,2022-03-19 23:48:38+00:00,
30,1505330433352904705,"We just know #XRP will moon #crypto #binance #cryptocurrency #bitcoin #btc

https://t.co/s8LwkIEy8a",1417178415145242633,2022-03-19 23:48:37+00:00,
31,1505330432581070849,XRP is getting ready to take off to the moon! #altcoin #bitcoin #binance #xrp #ripple https://t.co/XxsSmLIbzh,1161869533050802176,2022-03-19 23:48:37+00:00,
32,1505330432283447302,"RT @AirdropDet: 🔍 New #Airdrop: Robot Warriors

💲 Reward: Up to 400 METABOT + 200K METABOT referral pool

🔴 Start the airdrop bot https://t…",1428133815466303488,2022-03-19 23:48:37+00:00,
33,1505330429422931970,XRP is getting ready to take off to the moon! #altcoin #bitcoin #binance #xrp #ripple https://t.co/qMlqHZFOEK,1359988578613420044,2022-03-19 23:48:36+00:00,
34,1505330424964341760,RT @Hakelbrifin1980: @Navid18714913 @SpyWolfNetwork We used to be afraid of wolves. But times have changed. a wolf has come that we feel sa…,1478271393687080963,2022-03-19 23:48:35+00:00,
35,1505330424473608197,"In Japan, #XRP is religion. I love it! All works! #eth #ethereum #binance #bitcoin btc #ripple #crypto #cryptocurrency https://t.co/ZeeJYfmE73",1263202646975901697,2022-03-19 23:48:35+00:00,
36,1505330424112766984,"RT @Revolotto: 🏏World's Dangerous Cricketer
Greatest Batsman of All-time in Cricket

🌎Universe Boss - Chris Gayle extending his support and…",1496522977227468800,2022-03-19 23:48:35+00:00,
37,1505330422578053120,RT @newsbtc: Please 🙏 Help the man out! 1️⃣ #Bitcoin,1076390351236083713,2022-03-19 23:48:35+00:00,
38,1505330419964657666,The strongest bullish signal flashed for #XRP #bitcoin #btc #ethereum #eth https://t.co/RtVNi2skG4,3093654200,2022-03-19 23:48:34+00:00,
39,1505330419713159170,RT @Sbastie1980: @Navid18714913 @SpyWolfNetwork We used to be afraid of wolves. But times have changed. a wolf has come that we feel safe t…,1478271393687080963,2022-03-19 23:48:34+00:00,
40,1505330418534469636,"@BluesparrowC @bitfinex @BlueSparrowETH #BlueSparrow is a bridge between the stock market and crypto .. You will have both in the Blue Sparrow CEX
@BlueSparrowETH
@BluesparrowC
#BluesparrowCEX
#ETH
#BlueSparrow
#BlueSparrowtoken
#BlueSparrowCommunity
#bitcoin
#BestDrawToken
#Bluesparrowcharity
#Web3
#NFT
33 https://t.co/HmIJ3a4x0Z",1494393507619946498,2022-03-19 23:48:34+00:00,
41,1505330415271555073,"RT @AirdropDet: 🔍 New #Airdrop: YupVerse

💲 Reward: Up to 10M YuP (~$5) + 2M YuP (~$1,000) referral pool

🔴 Start the airdrop bot https://t…",1418164042707783681,2022-03-19 23:48:33+00:00,
42,1505330414755344387,The strongest bullish signal flashed for #XRP #bitcoin #btc #ethereum #eth https://t.co/HBJ2j5QNPl,346043985,2022-03-19 23:48:33+00:00,
43,1505330410561032192,The strongest bullish signal flashed for #XRP #bitcoin #btc #ethereum #eth https://t.co/HminPYHYw4,1348726270725558274,2022-03-19 23:48:32+00:00,
44,1505330407960547331,"RT @Wealth_Theory: Debasement is late cycle empire behaviour.

#Bitcoin",1242870710017462273,2022-03-19 23:48:31+00:00,
45,1505330406362648584,XRP is getting ready to take off to the moon! #altcoin #bitcoin #binance #xrp #ripple https://t.co/2zzzHp2INq,1301037124079112192,2022-03-19 23:48:31+00:00,
46,1505330406245109760,"RT @paoloardoino: GM
What's the best #Bitcoin mining pool for private home miners?",415298026,2022-03-19 23:48:31+00:00,
47,1505330405670588423,XRP is getting ready to take off to the moon! #altcoin #bitcoin #binance #xrp #ripple https://t.co/DHETwVCTLH,1374061512688422916,2022-03-19 23:48:31+00:00,
48,1505330405288800257,"We just know #XRP will moon #crypto #binance #cryptocurrency #bitcoin #btc

https://t.co/Y0jleBju8B",1048852856340697088,2022-03-19 23:48:30+00:00,
49,1505330403971899405,"RT @WeBullOnly: #BabyDoge on #Binance 🚀🚀❤️‍🔥💸📈

Can i get a follow?? @WeBullOnly 

#BabyDoge #BabyDogeCoin #BNB #Bitcoin #BinanceBlockchain…",1498138188556259328,2022-03-19 23:48:30+00:00,
