,id,text,author_id,created_at,geo
0,1505312348717916168,RT @Senator84347187: @BluesparrowC @bitfinex @BlueSparrowETH #BlueSparrow is a bridge between the stock market and crypto .. You will have…,1444941177921228803,2022-03-19 22:36:45+00:00,
1,1505312345177800705,"RT @WatcherGuru: Someone transferred $86,720,000 in #Bitcoin and paid a fee of $2.49

That’s a transaction fee of 0.0000028712%

No governm…",1120493899137437697,2022-03-19 22:36:45+00:00,
2,1505312345081331714,"Come over to https://t.co/ZFh68yn5za 
to see my #NftArtwork you can own. 

#Bitcoin #Opensea #Crypto #Nft #Artwork #EnvyBitstar #Green #Cryptocurrency #ArtByJackStorms #GlassArtByJackStorms  #NftOwner #NftOwnership #NftCreator #NftReels #ArtOnReels #TwitterArt #TwitterNft https://t.co/vAoHnbyiYe",1367653599447195657,2022-03-19 22:36:45+00:00,
3,1505312344884273154,RT @saylor: You do not sell your #bitcoin.  https://t.co/LJNgJeWxvR,8409182,2022-03-19 22:36:45+00:00,
4,1505312344234242054,Get IN now don't be LATE #xrp #binance #cryptocurrency #bitcoin https://t.co/8KXJ7FgADn,4671977232,2022-03-19 22:36:44+00:00,
5,1505312344020336648,"RT @Bitboy_Crypto: If you own #Bitcoin,pat yourself on the back.

If you own #Ethereum, your great great grandchildren will one day build s…",1463873590948995072,2022-03-19 22:36:44+00:00,
6,1505312341864370179,We just know #XRP will moon #crypto #binance #cryptocurrency #bitcoin #btc https://t.co/DbCrq10zJQ,1317369636346753024,2022-03-19 22:36:44+00:00,
7,1505312340878966786,"RT @elitecash_io: #Bitcoin and other #cryptocurrencies have certainly changed the way how we bank.

To understand #crypto, you must underst…",1487323280142786560,2022-03-19 22:36:44+00:00,
8,1505312339347841031,"RT @MrFly69: 🥇 $100 GIVEAWAY 🥇

To Enter:

1️⃣ Follow Me &amp; @Roobet 
2️⃣ Like + Retweet
3️⃣ Comment Roobet Username

4️⃣ Bonus: Use code: fl…",1119398051674775556,2022-03-19 22:36:43+00:00,
9,1505312339104616451,#Megan #Fox #straddles #Machine #Gun #Kelly #stage #Jacksonville #bitcoin news Megan Fox straddles Machine Gun Kelly on stage in Jacksonville https://t.co/5qnhlEuP4G,1467806874326110209,2022-03-19 22:36:43+00:00,
10,1505312335749160960,"RT @ffurknaydnn: @TheMoonCarl Don’t missed #SHINJA 🥷🏿🔥
Buy Now and Happy later 🥷🏿🔥

#Shibnobi #Crypto #DeFi #BTC #SHIB #Ceek #AVAX #BNB
#Et…",1454678238295437314,2022-03-19 22:36:42+00:00,
11,1505312335606558726,XRP is getting ready to take off to the moon! #altcoin #bitcoin #binance #xrp #ripple https://t.co/FWWvUor6lh,1379828558848266246,2022-03-19 22:36:42+00:00,
12,1505312334968934402,RT @Senator84347187: @BluesparrowC @bitfinex @BlueSparrowETH #BlueSparrow is a bridge between the stock market and crypto .. You will have…,1444941177921228803,2022-03-19 22:36:42+00:00,
13,1505312329931628553,"GeeDeeZee found #bitcoin in a User vault at this location! Join me playing #coinhuntworld, It's awesome! https://t.co/uc0ClA3xvd #cryptocurrency #14209 https://t.co/laMzlSx3yg",1467739166989508614,2022-03-19 22:36:41+00:00,
14,1505312327792529411,"RT @AirdropStario: 💧 Raiinmaker Airdrop 💧

🏆 Task:          ➕ 1,5 COIIN for 500 random participants each.

👨‍👩‍👧 Referral:   ➕ 5 COIIN for…",1387761005455937542,2022-03-19 22:36:40+00:00,
15,1505312324659421191,"RT @AirdropDet: 🔍 New #Airdrop: TeddyDoge

💲 Reward: Up to 2,800 TEDDY + 800K TEDDY referral pool

🔴 Start the airdrop bot https://t.co/bJW…",868014855533588480,2022-03-19 22:36:40+00:00,
16,1505312323870748672,"westbeachmusic found #bitcoin in a User vault at this location! Join me playing #coinhuntworld, It's awesome! https://t.co/Vy9guRWDNS #cryptocurrency #52499 https://t.co/kAKOKkJ3IJ",2449956582,2022-03-19 22:36:40+00:00,
17,1505312323468242952,"RT @Bitboy_Crypto: If you own #Bitcoin,pat yourself on the back.

If you own #Ethereum, your great great grandchildren will one day build s…",1170295641962143746,2022-03-19 22:36:39+00:00,
18,1505312318724390913,"RT @decodejar: #Bitcoin EWT update.

Primary count is progressing according to script, with the minute X wave triangle likely complete.

Ex…",992212052,2022-03-19 22:36:38+00:00,
19,1505312317214322690,"RT @AirdropStario: 💧 RPGC Airdrop 💧

🏆 Task:         ➕  $8 worth of RPGC for 2000 random participants each.

👨‍👩‍👧 Referral:  ➕  $40 worth…",1376685058707222528,2022-03-19 22:36:38+00:00,
20,1505312314630672388,"RT @binance: 💰 $10,000 giveaway 💰
 
Post your #BitcoinButton result to enter!
 
Rules:
🔸 Retweet this post
🔸 Follow @Binance
🔸 Play #Bitcoi…",1503562449101881348,2022-03-19 22:36:37+00:00,
21,1505312313867489282,"RT @ffurknaydnn: @DaCryptoGeneral Don’t missed #SHINJA 🥷🏿🔥
Buy Now and Happy later 🥷🏿🔥

#Shibnobi #Crypto #DeFi #BTC #SHIB #Ceek #AVAX #BNB…",1454678238295437314,2022-03-19 22:36:37+00:00,
22,1505312309576617991,"RT @MrFly69: 🥇 $100 GIVEAWAY 🥇

To Enter:

1️⃣ Follow Me &amp; @Roobet 
2️⃣ Like + Retweet
3️⃣ Comment Roobet Username

4️⃣ Bonus: Use code: fl…",1519570662,2022-03-19 22:36:36+00:00,
23,1505312307081281540,"@BluesparrowC @bitfinex @BlueSparrowETH #BlueSparrow is a bridge between the stock market and crypto .. You will have both in the Blue Sparrow CEX
@BlueSparrowETH
@BluesparrowC
#BluesparrowCEX
#ETH
#BlueSparrow
#BlueSparrowtoken
#BlueSparrowCommunity
#bitcoin
#BestDrawToken
#Bluesparrowcharity
#Web3
#NFT🦋 https://t.co/qnwIeLj3fD",1488095143685234688,2022-03-19 22:36:36+00:00,
24,1505312306066042889,RT @BitcoinMagazine: The revolution can not be stopped. #Bitcoin https://t.co/J51qviTWId,1458523924640239616,2022-03-19 22:36:35+00:00,
25,1505312301100019720,RT @WatcherGuru: JUST IN: PayPal co-founder says the “biggest mistake I made in the last decade was getting too late and too little into #B…,1411762502065610756,2022-03-19 22:36:34+00:00,
26,1505312300944740357,RT @MatthewHyland_: #Bitcoin Monthly RSI Falling Wedge 😯 https://t.co/Ee220HUQ96,1478855587328835591,2022-03-19 22:36:34+00:00,
27,1505312300907048962,Get IN now don't be LATE #xrp #binance #cryptocurrency #bitcoin https://t.co/48eDNzzvEB,1420920854024638465,2022-03-19 22:36:34+00:00,
28,1505312297140379649,The strongest bullish signal flashed for #XRP #bitcoin #btc #ethereum #eth https://t.co/N3xygPE4Rs,1216911866825445376,2022-03-19 22:36:33+00:00,
29,1505312296964587520,"RT @CarolainCrypt0: #Bitcoin is worth 42K right now!!

And what are you going to invest in?  show me your great project x 100!👇🏻👇🏻 https://…",1482964749562576896,2022-03-19 22:36:33+00:00,
30,1505312296704577538,"RT @airdropinspect: New airdrop: Prizefighter (RING)
Total Reward: $5,000 worth of RING
Rate: ⭐️⭐️⭐️⭐️
Winners: 1,000 Random &amp; Top 100
Dist…",1502154094483750912,2022-03-19 22:36:33+00:00,
31,1505312296297504780,RT @BronxBlockchain: https://t.co/qRgfdprKHa Happy to be home next to my queen 👸 life @BBcrypto777 #god #love #LoveyDovey #truly #alcohol #…,1340435439803633666,2022-03-19 22:36:33+00:00,
32,1505312293600604165,"RT @Senator84347187: @BluesparrowC @bitfinex @BlueSparrowETH What does BlueSparrow CEX  offer to you?
Gold,Oil, Stocks trading ,Commodities…",1444941177921228803,2022-03-19 22:36:32+00:00,
33,1505312292501483520,"RT @AirdropDet: 🔍 New #Airdrop: YupVerse

💲 Reward: Up to 10M YuP (~$5) + 2M YuP (~$1,000) referral pool

🔴 Start the airdrop bot https://t…",1495802846427561986,2022-03-19 22:36:32+00:00,
34,1505312291935469568,"RT @AirdropStario: 💧 Bluca NFT Airdrop 💧

🏆 Task:         ➕  400 BULC (~$2) for 8000 random participants

👨‍👩‍👧 Referral:  ➕  4000 BULC (~$…",1387761005455937542,2022-03-19 22:36:32+00:00,
35,1505312291092271111,"RT @TheCryptoLark: What percent of someone's total portfolio should be in #bitcoin? 
👇👇",99204108,2022-03-19 22:36:32+00:00,
36,1505312290823888898,"RT @binance: 💰 $10,000 giveaway 💰
 
Post your #BitcoinButton result to enter!
 
Rules:
🔸 Retweet this post
🔸 Follow @Binance
🔸 Play #Bitcoi…",1481305940498558983,2022-03-19 22:36:32+00:00,
37,1505312289427185674,"RT @gregosuri: Honduran president said “we’re still early” as the country recognizes #Bitcoin as a legal tender.

WAGMI https://t.co/UJ1lHU…",1943579274,2022-03-19 22:36:31+00:00,
38,1505312289196494849,XRP is getting ready to take off to the moon! #altcoin #bitcoin #binance #xrp #ripple https://t.co/Yw3FH3SsJs,1361579210548998144,2022-03-19 22:36:31+00:00,
39,1505312279524528128,RT @Senator84347187: @BluesparrowC @bitfinex @BlueSparrowETH #BlueSparrow is a bridge between the stock market and crypto .. You will have…,1444941177921228803,2022-03-19 22:36:29+00:00,
40,1505312277452500996,"RT @ffurknaydnn: @stickytoffita Don’t missed #SHINJA 🥷🏿🔥
Buy Now and Happy later 🥷🏿🔥

#Shibnobi #Crypto #DeFi #BTC #SHIB #Ceek #AVAX #BNB
#…",1293578695077253122,2022-03-19 22:36:28+00:00,
41,1505312274994671618,RT @LiquidityL: Binance Labs leads seed round for Ultiverse to expand Metaverse offerings https://t.co/bZjdvYXVnX #crypto #bitcoin #fintech…,1493402999787593732,2022-03-19 22:36:28+00:00,
42,1505312271207047174,"Join to this project because will have a very great future. With such a strong team, I'm sure we will see a very good price! 
#DeFi #TeleFy #DEX #cryptocurrency #Ethereum #BinanceSmartChain #Bitcoin #Airdrop #polkadot #MATIC #Polygon $TELE #Cardano #ETH
https://t.co/HrRfyGrULY",1448331036383870978,2022-03-19 22:36:27+00:00,
43,1505312268019449861,RT @BronxBlockchain: I had my own family not respecting my genius my whole entire life Now I dont give a fuck anymore I asked all of ya for…,1340435439803633666,2022-03-19 22:36:26+00:00,
44,1505312266480402432,"RT @airdropinspect: New airdrop: Fracproperty X PriMetaProp(FRAC)
Total Reward: $10,000 worth of FRAC 
Rate: ⭐️⭐️⭐️⭐️
Winners: 2000 Random…",1426427287231098885,2022-03-19 22:36:26+00:00,
45,1505312260352270346,"RT @BobMalakasPI: Sources: Honduras to announce #Bitcoin as legal tender, 1 year after El Salvador did the same
https://t.co/JbQ7Y5uS4B htt…",1279745419879354370,2022-03-19 22:36:24+00:00,
46,1505312259211509766,RT @WatcherGuru: JUST IN: 🇺🇸 U.S. Congressman Pete Sessions says Texas will be the #Bitcoin capital.,2949579778,2022-03-19 22:36:24+00:00,
47,1505312257571536899,RT @Million_aire_CL: Owning just 1 #MillionToken in the future will be even more rare. It’s 21 times more rare than #Bitcoin. https://t.co/…,824344235293966340,2022-03-19 22:36:24+00:00,
48,1505312257542131712,RT @mekado11: Just doing the lords work! Zoom@in #hexicans #Crypto #pulsechain #follow #trending #hex #Ethereum #Bitcoin https://t.co/PK3Lz…,761717060183416833,2022-03-19 22:36:24+00:00,
49,1505312256438976512,"RT @airdropinspect: New airdrop: PlayZap X CoinBlock 
Total Reward: $3,500 worth of PLAYZAP
Rate: ⭐️⭐️⭐️⭐️
Winners: 1000 Random &amp; Top 50
Di…",1478836066807422976,2022-03-19 22:36:23+00:00,
