,id,text,author_id,created_at,geo
0,1505332489451155459,"RT @JacobOracle: BREAKING: Since El Salvador adopted #Bitcoin, 86% of Salvadoran merchants have not processed a single BTC transaction. htt…",1455098394687508483,2022-03-19 23:56:47+00:00,
1,1505332489191325707,"RT @CarolainCrypt0: #Bitcoin is worth 42K right now!!

And what are you going to invest in?  show me your great project x 100!👇🏻👇🏻 https://…",1465166951643160580,2022-03-19 23:56:47+00:00,
2,1505332488507314181,Get IN now don't be LATE #xrp #binance #cryptocurrency #bitcoin https://t.co/nmuCayQkCx,2416219226,2022-03-19 23:56:47+00:00,
3,1505332487559565320,Get IN now don't be LATE #xrp #binance #cryptocurrency #bitcoin https://t.co/ut7QQJYyTI,1259917372238057473,2022-03-19 23:56:47+00:00,
4,1505332485097496576,"RT @AirdropStario: 💧 Hero Arena Airdrop 💧

📍 Listed on: CoinMarketCap, PancakeSwap

🏆 Task: ➕  100 HERA (~$4) for 3000 random participants…",1323490457020624898,2022-03-19 23:56:46+00:00,
5,1505332483814047746,Get IN now don't be LATE #xrp #binance #cryptocurrency #bitcoin https://t.co/BEkGzug58j,1444336092417650690,2022-03-19 23:56:46+00:00,
6,1505332479061749761,"RT @Revolotto: 🏏World's Dangerous Cricketer
Greatest Batsman of All-time in Cricket

🌎Universe Boss - Chris Gayle extending his support and…",1501220612735340545,2022-03-19 23:56:45+00:00,
7,1505332475551092736,Get IN now don't be LATE #xrp #binance #cryptocurrency #bitcoin https://t.co/RU3wtPaXTE,149163864,2022-03-19 23:56:44+00:00,
8,1505332474779475973,I just voted in #okornotok from @Okcoin — submit your votes &amp; tweet about it for a chance to win 12k in #bitcoin.   It's all right here: 👇 https://t.co/zGNPGw3tdM,1489769243323383808,2022-03-19 23:56:44+00:00,
9,1505332473332666369,"RT @CarolainCrypt0: #Bitcoin is worth 42K right now!!

And what are you going to invest in?  show me your great project x 100!👇🏻👇🏻 https://…",1903495292,2022-03-19 23:56:44+00:00,
10,1505332470970916866,"RT @Revolotto: 🏏World's Dangerous Cricketer
Greatest Batsman of All-time in Cricket

🌎Universe Boss - Chris Gayle extending his support and…",1455394726455046146,2022-03-19 23:56:43+00:00,
11,1505332470350233606,"RT @TheCryptoLark: What are your top 3 passive income earners?
#bitcoin #crypto #stocks 
👇👇👇",1258454424760078338,2022-03-19 23:56:43+00:00,
12,1505332469780074496,"@flagnetwork_NFT @HyperRacer_NFT To the moon

#IDO #FlagNetwork #cryptocurrecy #Bitcoin #NFTs",1466471099881836544,2022-03-19 23:56:43+00:00,
13,1505332468416593920,"Nice!

@Gemini #EARN #Crypto #Mastercard #Rewards #Bitcoin https://t.co/hxSqjXox7V",76375045,2022-03-19 23:56:42+00:00,{'place_id': '057f8a6fa3c286f9'}
14,1505332467557101569,"RT @Revolotto: 🏏World's Dangerous Cricketer
Greatest Batsman of All-time in Cricket

🌎Universe Boss - Chris Gayle extending his support and…",1132709078361264128,2022-03-19 23:56:42+00:00,
15,1505332466181103617,"RT @rovercrc: #Bitcoin to $50,000 by the end of March! ⚡️",3420170151,2022-03-19 23:56:42+00:00,
16,1505332465828777995,"RT @TheRealPlanC: In the last 54 days, #BTC is quietly up 26%. 

#Bitcoin #Crypto",1475159778318036996,2022-03-19 23:56:42+00:00,
17,1505332465711595520,"RT @airdropinspect: New airdrop: Prizefighter (RING)
Total Reward: $5,000 worth of RING
Rate: ⭐️⭐️⭐️⭐️
Winners: 1,000 Random &amp; Top 100
Dist…",1489764127899672576,2022-03-19 23:56:42+00:00,
18,1505332465564487681,"RT @Revolotto: 🏏World's Dangerous Cricketer
Greatest Batsman of All-time in Cricket

🌎Universe Boss - Chris Gayle extending his support and…",886077073382457344,2022-03-19 23:56:42+00:00,
19,1505332463379238916,"RT @Revolotto: 🏏World's Dangerous Cricketer
Greatest Batsman of All-time in Cricket

🌎Universe Boss - Chris Gayle extending his support and…",1461940014456078342,2022-03-19 23:56:41+00:00,
20,1505332463173840896,"@BluesparrowC @bitfinex @BlueSparrowETH #BlueSparrow is a bridge between the stock market and crypto .. You will have both in the Blue Sparrow CEX
@BlueSparrowETH
@BluesparrowC
#BluesparrowCEX
#ETH
#BlueSparrow
#BlueSparrowtoken
#BlueSparrowCommunity
#bitcoin
#BestDrawToken
#Bluesparrowcharity
#Web3
#NFT
95 https://t.co/ulNQzrLwa7",1494393507619946498,2022-03-19 23:56:41+00:00,
21,1505332462724935680,RT @BitcoinMagazine: The revolution can not be stopped. #Bitcoin https://t.co/J51qviTWId,1490453717304455175,2022-03-19 23:56:41+00:00,
22,1505332461970272256,"RT @Revolotto: 🏏World's Dangerous Cricketer
Greatest Batsman of All-time in Cricket

🌎Universe Boss - Chris Gayle extending his support and…",990259777,2022-03-19 23:56:41+00:00,
23,1505332461579943948,"In Japan, #XRP is religion. I love it! All works! #eth #ethereum #binance #bitcoin btc #ripple #crypto #cryptocurrency https://t.co/IZgUoMnvlo",877982492292198400,2022-03-19 23:56:41+00:00,
24,1505332457721122816,"RT @Revolotto: 🏏World's Dangerous Cricketer
Greatest Batsman of All-time in Cricket

🌎Universe Boss - Chris Gayle extending his support and…",1456402644344635394,2022-03-19 23:56:40+00:00,
25,1505332457289453570,"RT @Revolotto: 🏏World's Dangerous Cricketer
Greatest Batsman of All-time in Cricket

🌎Universe Boss - Chris Gayle extending his support and…",1496393830748532736,2022-03-19 23:56:40+00:00,
26,1505332455997599747,"RT @Revolotto: 🏏World's Dangerous Cricketer
Greatest Batsman of All-time in Cricket

🌎Universe Boss - Chris Gayle extending his support and…",1500066809621323777,2022-03-19 23:56:39+00:00,
27,1505332455640690689,"RT @Revolotto: 🏏World's Dangerous Cricketer
Greatest Batsman of All-time in Cricket

🌎Universe Boss - Chris Gayle extending his support and…",2921747664,2022-03-19 23:56:39+00:00,
28,1505332454567350274,"RT @airdropinspect: New airdrop: Jureance (JURE)
Total Reward: 50,000 JURE
Rate: ⭐️⭐️⭐️⭐️
Winners: 2,000 Random &amp; Top 200
Distribution: wit…",1504075540411518979,2022-03-19 23:56:39+00:00,
29,1505332453824626689,"RT @Revolotto: 🏏World's Dangerous Cricketer
Greatest Batsman of All-time in Cricket

🌎Universe Boss - Chris Gayle extending his support and…",1403641556133834758,2022-03-19 23:56:39+00:00,
30,1505332453744934913,"In Japan, #XRP is religion. I love it! All works! #eth #ethereum #binance #bitcoin btc #ripple #crypto #cryptocurrency https://t.co/bvNh3fGUI2",4861445187,2022-03-19 23:56:39+00:00,
31,1505332450741817345,"RT @AirdropStario: 💧 SafeWallet Airdrop 💧

🏆 Task:        ➕ 175 SLT (~$3.5) for 1000 random participants

👨‍👩‍👧 Referral: ➕ 30,000 SLT (~$6…",1482370778826153986,2022-03-19 23:56:38+00:00,
32,1505332449986813956,"We just know #XRP will moon #crypto #binance #cryptocurrency #bitcoin #btc

https://t.co/1hidrrc9bs",254342904,2022-03-19 23:56:38+00:00,
33,1505332449160871936,"RT @Revolotto: 🏏World's Dangerous Cricketer
Greatest Batsman of All-time in Cricket

🌎Universe Boss - Chris Gayle extending his support and…",1488819258306211840,2022-03-19 23:56:38+00:00,
34,1505332448049119236,"In Japan, #XRP is religion. I love it! All works! #eth #ethereum #binance #bitcoin btc #ripple #crypto #cryptocurrency https://t.co/anhlWaGDul",1355163342365728770,2022-03-19 23:56:37+00:00,
35,1505332447973879808,"RT @AirdropDet: 🔍 New #Airdrop: TeddyDoge

💲 Reward: Up to 2,800 TEDDY + 800K TEDDY referral pool

🔴 Start the airdrop bot https://t.co/bJW…",1402863982474522629,2022-03-19 23:56:37+00:00,
36,1505332447625428992,"XRP is getting ready to take off to the moon! #altcoin #bitcoin #binance #xrp #ripple

https://t.co/1hidrrc9bs",254342904,2022-03-19 23:56:37+00:00,
37,1505332447038382085,@nftvz OTC: BNXAF ALARM! 🚨🚨 This share will change your life now! investor relations coming to US #crypto #bitcoin #btc #eth #ethereum #doge https://t.co/0soCJT8K6P,1457084698274971650,2022-03-19 23:56:37+00:00,
38,1505332446656856065,"RT @Revolotto: 🏏World's Dangerous Cricketer
Greatest Batsman of All-time in Cricket

🌎Universe Boss - Chris Gayle extending his support and…",1446989160732975111,2022-03-19 23:56:37+00:00,
39,1505332446526685189,"RT @DocumentingBTC: Hal Finney was a pioneer, cypherpunk, and the first to receive a #bitcoin  transaction from Satoshi Nakamoto. Hal gave…",2398135021,2022-03-19 23:56:37+00:00,
40,1505332443389194241,XRP is getting ready to take off to the moon! #altcoin #bitcoin #binance #xrp #ripple https://t.co/UG3FiLLSt2,1331880922711527424,2022-03-19 23:56:36+00:00,
41,1505332443083067397,"RT @binance: 💰 $10,000 giveaway 💰
 
Post your #BitcoinButton result to enter!
 
Rules:
🔸 Retweet this post
🔸 Follow @Binance
🔸 Play #Bitcoi…",1417305848049807361,2022-03-19 23:56:36+00:00,
42,1505332442445451266,"RT @CarolainCrypt0: #Bitcoin is worth 42K right now!!

And what are you going to invest in?  show me your great project x 100!👇🏻👇🏻 https://…",1002663447828393984,2022-03-19 23:56:36+00:00,
43,1505332441988411397,Get IN now don't be LATE #xrp #binance #cryptocurrency #bitcoin https://t.co/hGBEdbbh83,1291633914214100993,2022-03-19 23:56:36+00:00,
44,1505332441556619266,"RT @CarolainCrypt0: #Bitcoin is worth 42K right now!!

And what are you going to invest in?  show me your great project x 100!👇🏻👇🏻 https://…",1499341388626165762,2022-03-19 23:56:36+00:00,
45,1505332441531416576,RT @BitcoinMagazine: Anyone up for some #Bitcoin cake? 🎂 https://t.co/0ZBCPbsqdu,1383504746590343177,2022-03-19 23:56:36+00:00,
46,1505332438255677440,"RT @Revolotto: 🏏World's Dangerous Cricketer
Greatest Batsman of All-time in Cricket

🌎Universe Boss - Chris Gayle extending his support and…",1326790886584356866,2022-03-19 23:56:35+00:00,
47,1505332437538447365,We just know #XRP will moon #crypto #binance #cryptocurrency #bitcoin #btc https://t.co/izIvvaenPI,1475776267073032194,2022-03-19 23:56:35+00:00,
48,1505332436216934400,"RT @Revolotto: 🏏World's Dangerous Cricketer
Greatest Batsman of All-time in Cricket

🌎Universe Boss - Chris Gayle extending his support and…",424052088,2022-03-19 23:56:35+00:00,
49,1505332433872429057,"RT @AirdropStario: 💧 SafeWallet Airdrop 💧

🏆 Task:        ➕ 175 SLT (~$3.5) for 1000 random participants

👨‍👩‍👧 Referral: ➕ 30,000 SLT (~$6…",3207511113,2022-03-19 23:56:34+00:00,
