,id,text,author_id,created_at,geo
0,1505321416907919362,XRP is getting ready to take off to the moon! #altcoin #bitcoin #binance #xrp #ripple https://t.co/Mf5kIIECdm,1453774703777095708,2022-03-19 23:12:47+00:00,
1,1505321416865968132,We just know #XRP will moon #crypto #binance #cryptocurrency #bitcoin #btc https://t.co/VWWiCgMSYY,1421293447747678209,2022-03-19 23:12:47+00:00,
2,1505321416681566208,"RT @AirdropDet: 🔍 New #Airdrop: YupVerse

💲 Reward: Up to 10M YuP (~$5) + 2M YuP (~$1,000) referral pool

🔴 Start the airdrop bot https://t…",1486209969724825602,2022-03-19 23:12:47+00:00,
3,1505321414672326660,Get IN now don't be LATE #xrp #binance #cryptocurrency #bitcoin https://t.co/8mrcIoxFwl,1251291826096660480,2022-03-19 23:12:47+00:00,
4,1505321414114652163,We just know #XRP will moon #crypto #binance #cryptocurrency #bitcoin #btc https://t.co/0g9cEXijna,1432661102878412801,2022-03-19 23:12:47+00:00,
5,1505321413732978694,"RT @Xposed: When Tom Brady wins another Super Bowl this year I’ll give 20 people who retweet this and are following me @xposed $1000. 

$20…",1489885739244531713,2022-03-19 23:12:47+00:00,
6,1505321412835229699,We just know #XRP will moon #crypto #binance #cryptocurrency #bitcoin #btc https://t.co/kZHoHhrfQk,1251291826096660480,2022-03-19 23:12:46+00:00,
7,1505321412810133507,Get IN now don't be LATE #xrp #binance #cryptocurrency #bitcoin https://t.co/hwSsev20Oa,965175812591902720,2022-03-19 23:12:46+00:00,
8,1505321410935283721,We just know #XRP will moon #crypto #binance #cryptocurrency #bitcoin #btc https://t.co/N8iYHDfs0w,1183833717288116225,2022-03-19 23:12:46+00:00,
9,1505321410809446413,"@CryptoGemsCom I will never ask you, to buy or sell, i’m just asking you, just never lose🔥🤩

""Suzume""

@BlueSparrowETH
@BluesparrowC
#BluesparrowCEX
#ETH
#BlueSparrow
#BlueSparrowtoken
#BlueSparrowCommunity
#bitcoin
#BestDrawToken
#Bluesparrowcharity
#Web3
#NFT۷۸ https://t.co/rBL8aRFFwT",1450929819135328256,2022-03-19 23:12:46+00:00,
10,1505321409928589314,"Paypal co-founder Peter Thiel said that his “biggest mistake” during the last ten years “was getting too late and too little into #bitcoin."" https://t.co/lZ4xbwzPqJ",1158292083318202369,2022-03-19 23:12:46+00:00,
11,1505321409702154249,Get IN now don't be LATE #xrp #binance #cryptocurrency #bitcoin https://t.co/7KIYvRBEaZ,777474200575549440,2022-03-19 23:12:46+00:00,
12,1505321409425383425,We just know #XRP will moon #crypto #binance #cryptocurrency #bitcoin #btc https://t.co/AfQqnczP55,815208744,2022-03-19 23:12:46+00:00,
13,1505321406724120582,"RT @airdropinspect: New airdrop: Fracproperty X PriMetaProp(FRAC)
Total Reward: $10,000 worth of FRAC 
Rate: ⭐️⭐️⭐️⭐️
Winners: 2000 Random…",1448984697250336776,2022-03-19 23:12:45+00:00,
14,1505321406082473986,XRP is getting ready to take off to the moon! #altcoin #bitcoin #binance #xrp #ripple https://t.co/SyIioM9xoE,3108337890,2022-03-19 23:12:45+00:00,
15,1505321406061555719,The strongest bullish signal flashed for #XRP #bitcoin #btc #ethereum #eth https://t.co/1JtvUAOHjK,2359599318,2022-03-19 23:12:45+00:00,
16,1505321404652208128,The strongest bullish signal flashed for #XRP #bitcoin #btc #ethereum #eth https://t.co/F6BdLmwG9H,585984333,2022-03-19 23:12:45+00:00,
17,1505321404564127756,"RT @Jimakos13: I was watching the clouds from the hospital's window, while i was scratching my head i asked myself ""Will $theta achieve Glo…",1446068654269997063,2022-03-19 23:12:45+00:00,
18,1505321404471943176,We just know #XRP will moon #crypto #binance #cryptocurrency #bitcoin #btc https://t.co/kppH78KzQ7,2167977212,2022-03-19 23:12:45+00:00,
19,1505321402634801155,We just know #XRP will moon #crypto #binance #cryptocurrency #bitcoin #btc https://t.co/4WjiZbT5UU,859009622077845504,2022-03-19 23:12:44+00:00,
20,1505321401774862339,"In Japan, #XRP is religion. I love it! All works! #eth #ethereum #binance #bitcoin btc #ripple #crypto #cryptocurrency https://t.co/EdmKGtMDVP",1391564864049405952,2022-03-19 23:12:44+00:00,
21,1505321401519026176,The strongest bullish signal flashed for #XRP #bitcoin #btc #ethereum #eth https://t.co/KMk7c0GJwN,1435955630653820934,2022-03-19 23:12:44+00:00,
22,1505321400957128706,XRP is getting ready to take off to the moon! #altcoin #bitcoin #binance #xrp #ripple https://t.co/bymGxN2g8N,1384853128927924226,2022-03-19 23:12:44+00:00,
23,1505321399606394882,The strongest bullish signal flashed for #XRP #bitcoin #btc #ethereum #eth https://t.co/o5mqqOFw1g,1382112048981671939,2022-03-19 23:12:43+00:00,
24,1505321399027585025,We just know #XRP will moon #crypto #binance #cryptocurrency #bitcoin #btc https://t.co/cypTz5YNKy,1286772038645030913,2022-03-19 23:12:43+00:00,
25,1505321397492486145,XRP is getting ready to take off to the moon! #altcoin #bitcoin #binance #xrp #ripple https://t.co/fpmTacZjEG,1468673154755162115,2022-03-19 23:12:43+00:00,
26,1505321396821544965,"RT @EtherNasyonaL: #Bitcoin dominance is falling ⬇️

#Altcoin dominance is rising ⬆️

#Altseason2022 WILL BE EPIC🔥🚀

Drive away the dry noi…",1262422250793439234,2022-03-19 23:12:43+00:00,
27,1505321396792143878,We just know #XRP will moon #crypto #binance #cryptocurrency #bitcoin #btc https://t.co/hOnuz1jpcx,1191396100021858304,2022-03-19 23:12:43+00:00,
28,1505321396347580417,"In Japan, #XRP is religion. I love it! All works! #eth #ethereum #binance #bitcoin btc #ripple #crypto #cryptocurrency https://t.co/5YF07TTPw2",538216852,2022-03-19 23:12:43+00:00,
29,1505321394392866816,"RT @CarolainCrypt0: #Bitcoin is worth 42K right now!!

And what are you going to invest in?  show me your great project x 100!👇🏻👇🏻 https://…",1205798845461876737,2022-03-19 23:12:42+00:00,
30,1505321392060788737,"RT @chitaglorya__: giveaway 200$ | 2,800,000 IDR

-- rt follow @flagnetwork_NFT 

-- rt &amp; quoted their pinned with   #FlagNetwork  #cryptoc…",1464899287008313344,2022-03-19 23:12:42+00:00,
31,1505321391641739265,"RT @AirdropStario: 💧 RPGC Airdrop 💧

🏆 Task:         ➕  $8 worth of RPGC for 2000 random participants each.

👨‍👩‍👧 Referral:  ➕  $40 worth…",943558525254434816,2022-03-19 23:12:41+00:00,
32,1505321389569548291,The strongest bullish signal flashed for #XRP #bitcoin #btc #ethereum #eth https://t.co/PeKW8wv6te,1126322945213763584,2022-03-19 23:12:41+00:00,
33,1505321385748582410,"#Algorand, Did some art of my favorite blockchain. &gt;&gt;https://t.co/difNkEoYVx

#algo, algorand, crypto, shitcoin #btc #bitcoin - #virtual #metaverse #meta #metaverse #crypto #defi #ethereum #eth #btc #bitcoin #exchange #metaverse #binance #coinbase #stex #EthereumTowers #NFT #NFTs",1444760013822701568,2022-03-19 23:12:40+00:00,
34,1505321384494641153,"RT @airdropinspect: New airdrop: Prizefighter (RING)
Total Reward: $5,000 worth of RING
Rate: ⭐️⭐️⭐️⭐️
Winners: 1,000 Random &amp; Top 100
Dist…",1574135190,2022-03-19 23:12:40+00:00,
35,1505321384465113095,Get IN now don't be LATE #xrp #binance #cryptocurrency #bitcoin https://t.co/TB2VmqktIi,851461410,2022-03-19 23:12:40+00:00,
36,1505321382934040579,"In Japan, #XRP is religion. I love it! All works! #eth #ethereum #binance #bitcoin btc #ripple #crypto #cryptocurrency https://t.co/NIE7ss1wEJ",1429864007301742593,2022-03-19 23:12:39+00:00,
37,1505321382728515584,The strongest bullish signal flashed for #XRP #bitcoin #btc #ethereum #eth https://t.co/CAM9wIRoje,1459639882851270658,2022-03-19 23:12:39+00:00,
38,1505321381772382208,We just know #XRP will moon #crypto #binance #cryptocurrency #bitcoin #btc https://t.co/8v95c3AsUz,1462813994234875905,2022-03-19 23:12:39+00:00,
39,1505321381290033155,"In Japan, #XRP is religion. I love it! All works! #eth #ethereum #binance #bitcoin btc #ripple #crypto #cryptocurrency https://t.co/Mn1XBfGS8X",1449883596236288003,2022-03-19 23:12:39+00:00,
40,1505321380501495812,"RT @Jimakos13: I was watching the clouds from the hospital's window, while i was scratching my head i asked myself ""Will $theta achieve Glo…",1480723289727193088,2022-03-19 23:12:39+00:00,
41,1505321378328690689,RT @TomerStrolight: When Ethereum fails people are going to ask if that means #Bitcoin will too. But Bitcoin has been built to last from th…,1460278260663603209,2022-03-19 23:12:38+00:00,
42,1505321378219655168,The strongest bullish signal flashed for #XRP #bitcoin #btc #ethereum #eth https://t.co/GSil1WH7Gs,1224227058898722821,2022-03-19 23:12:38+00:00,
43,1505321378064461824,We just know #XRP will moon #crypto #binance #cryptocurrency #bitcoin #btc https://t.co/BxAcipysFt,1326174964840615937,2022-03-19 23:12:38+00:00,
44,1505321378043494402,"RT @CarolainCrypt0: #Bitcoin is worth 42K right now!!

And what are you going to invest in?  show me your great project x 100!👇🏻👇🏻 https://…",1503048390325653506,2022-03-19 23:12:38+00:00,
45,1505321376739172367,RT @Bitcoin_Norway: I bought my appartment in Norway in 2015 for 1100 #bitcoin. My assessment in 2022 valued it to 13.6 #bitcoin. Conclusio…,756535061655220224,2022-03-19 23:12:38+00:00,
46,1505321376068079616,We just know #XRP will moon #crypto #binance #cryptocurrency #bitcoin #btc https://t.co/bX8VCFmlLk,870311052654915584,2022-03-19 23:12:38+00:00,
47,1505321375711391746,"RT @CarolainCrypt0: #Bitcoin is worth 42K right now!!

And what are you going to invest in?  show me your great project x 100!👇🏻👇🏻 https://…",1399672257790705667,2022-03-19 23:12:38+00:00,
48,1505321373568155649,"In Japan, #XRP is religion. I love it! All works! #eth #ethereum #binance #bitcoin btc #ripple #crypto #cryptocurrency https://t.co/Zainkd6GTh",933931850954768384,2022-03-19 23:12:37+00:00,
49,1505321373341650950,The strongest bullish signal flashed for #XRP #bitcoin #btc #ethereum #eth https://t.co/2Vv8WqcCdt,1124858925034221568,2022-03-19 23:12:37+00:00,
