,id,text,author_id,created_at,geo
0,1505315125351391239,RT @protonpundit: @BobMalakasPI Good for them. IMF and high cost countries  predatory loan are burden to emerging counties.  Ultimately in…,1504385374881206274,2022-03-19 22:47:47+00:00,
1,1505315121660559361,"Looking to short #Bitcoin? #btc #eth #crypto #ltc #blockchain

Try Bitmex, Up to 100x leverage. Trading without expiry dates. Industry-leading security. 100% verified customer base.

https://t.co/7AsjLKIjLr",1331262398557270026,2022-03-19 22:47:47+00:00,
2,1505315119924117504,RT @AltcoinDailyio: #Bitcoin is daddy. #Ethereum is mommy. 👪,1443280795813048322,2022-03-19 22:47:46+00:00,
3,1505315113938694148,"RT @VeilleCyber3: Alexa for #Animals: #AI Is Teaching Us How Creatures #Communicate 
https://t.co/iFVWeRmwSd

#AIEthics #MachineLearning #A…",1295715136141963267,2022-03-19 22:47:45+00:00,
4,1505315113116606472,"RT @Gate_io_Signal: Join us!

#gateio #trade #signal #altcoin #bitcoin
https://t.co/z4MOXpTxeJ",1505313482903855109,2022-03-19 22:47:45+00:00,
5,1505315112025997321,RT @Btcexpertindia: #Bitcoin $7000 up 📈 within a day touched $44000.,1442735288,2022-03-19 22:47:44+00:00,
6,1505315109652303872,"RT @rektcapital: Welcome back to $42,000 #BTC 

$BTC #Crypto #Bitcoin",1443280795813048322,2022-03-19 22:47:44+00:00,
7,1505315108137979911,RT @MerazMario: #Bitcoin #CyberSecurity #crypto scams https://t.co/OsdEAY4JSf,1493063670175305728,2022-03-19 22:47:43+00:00,
8,1505315106552492033,"RT @airdropinspect: New airdrop: Ubiquity DAO (USDT)
Total Reward: 2,500 USDT
Rate: ⭐️⭐️⭐️⭐️
Winners: 1,000 Random &amp; Top 100
Distribution:…",1402696005280321539,2022-03-19 22:47:43+00:00,
9,1505315104224874497,"RT @FiatHealth: 1 unit of #dirtyfiat 💵 gets you this much #bitcoin:

🇺🇸 $1 USD = 2375 sat
🇪🇺 €1 EUR = 2630 sat
🇬🇧 £1 GBP = 3131 sat
🇨🇭 1 CH…",947455639156125696,2022-03-19 22:47:42+00:00,
10,1505315101934563341,"RT @StrenghSearch: Tobo formation on Bitcoin chart, target 58K if this works. 

But it will be safer to get 29 - 30K support and go up

#Bi…",357739856,2022-03-19 22:47:42+00:00,
11,1505315100609110019,"@WipeHomophobia #shinja #ShinjaSeason
#DubaiExpo2022
#DubaiCryptoExpo

#DOJOSWAP listing #Token
#Selena_Inu
#flokimusk
#saitanobi
#bobatama
#threeohdao
#YetiCoin
#kuonotori
#planataso

#shiba #Ceek #mana #raca #xrp
#altcoin #AVAX #dogecoin
#BabyDoge #GALA
@cz_binance @elonmusk #Bitcoin #ethereum https://t.co/HuKz7hCOv8",1502671018623750145,2022-03-19 22:47:42+00:00,
12,1505315100533858305,RT @TheCryptoLark: The system is broken. Buy #bitcoin,1443280795813048322,2022-03-19 22:47:42+00:00,
13,1505315097698353152,RT @UonSTANmee: @jf_nft The Below teaser video is a quick tour of the NFTgurus Sandbox game in the Metaverse. #p2e And at the end of the vi…,565461450,2022-03-19 22:47:41+00:00,
14,1505315097492828160,RT @saylor: You do not sell your #bitcoin.  https://t.co/LJNgJeWxvR,1481683293137518599,2022-03-19 22:47:41+00:00,
15,1505315089741541382,"RT @chitaglorya__: giveaway 200$ | 2,800,000 IDR

-- rt follow @flagnetwork_NFT 

-- rt &amp; quoted their pinned with   #FlagNetwork  #cryptoc…",1406536491006791683,2022-03-19 22:47:39+00:00,
16,1505315083089588225,"RT @bpmcrypto: @binance @cz_binance @Catcoinbsc Jurassic Park is Back!

This time not with Dinosaurs ,but with $CATS

@Catcoinbsc  Beast is…",1390959740784627712,2022-03-19 22:47:37+00:00,
17,1505315079658610691,"RT @Btcexpertindia: 💥 Bitcoin shining ⭐✨ in the toughest time for the world. 
El Salvador President: The intrinsic value of #Bitcoin  is no…",1442735288,2022-03-19 22:47:37+00:00,
18,1505315078782033925,"RT @ZanderBTC: This amazing faucet from @_bitcoiner is making me tweet this to claim my free Lightning sats. ⚡

@boltcoiner unlock me b67f6…",1246117723500941312,2022-03-19 22:47:36+00:00,
19,1505315077733625859,"RT @AirdropDet: 🔍 New #Airdrop: Elite Cash

🏆 Total Airdrop Pool: 140,000 ELC [~$49,000]

🔴 Start the airdrop bot https://t.co/geX2YRhj5n…",1137831561414422528,2022-03-19 22:47:36+00:00,
20,1505315077632978948,"RT @rovercrc: I think #Bitcoin will break $100,000 by July 2022! 🚀",1443280795813048322,2022-03-19 22:47:36+00:00,
21,1505315071035125760,RT @Btcexpertindia: #Bitcoin is a perfect example of how things and minds changes within no time. We believe our government is also observi…,1442735288,2022-03-19 22:47:34+00:00,
22,1505315067579011073,"@ProTheDoge World 1st bitcoin transection NFT  

https://t.co/emFH7mWmGG    

@opensea 

#Bitcoin  #nft #BinanceNFT #PolygonNFT #legend #100xgem #NFT #memoriesNFTseller #NFTs #opensea #OpenSeaNFT",1320236448575033344,2022-03-19 22:47:34+00:00,
23,1505315065532239873,RT @Dennis_Porter_: The USA will adopt #Bitcoin. The momentum is too strong. The incentive too great. The historical moment too profound. T…,1495411913508937734,2022-03-19 22:47:33+00:00,
24,1505315063602860041,"RT @airdropinspect: New airdrop: Prizefighter (RING)
Total Reward: $5,000 worth of RING
Rate: ⭐️⭐️⭐️⭐️
Winners: 1,000 Random &amp; Top 100
Dist…",1501192157754974214,2022-03-19 22:47:33+00:00,
25,1505315062222888962,"RT @airdropinspect: New airdrop: Prizefighter (RING)
Total Reward: $5,000 worth of RING
Rate: ⭐️⭐️⭐️⭐️
Winners: 1,000 Random &amp; Top 100
Dist…",1503367644145143817,2022-03-19 22:47:32+00:00,
26,1505315059307667456,"#DeFi #TeleFy #DEX #cryptocurrency #Ethereum #BinanceSmartChain #Bitcoin #Airdrop #polkadot #MATIC #Polygon $TELE #Cardano #ETH
https://t.co/HrRfyGrULY https://t.co/0DGWqFF2Aj",1448331036383870978,2022-03-19 22:47:32+00:00,
27,1505315057189629956,"RT @weeblueghost: - 
BTC price: $41,879 / £31,772 

23.88 Naks per USD
31.47 Naks per GBP

&lt;price steady&gt; 

A #Nak is a millionth of a #Bit…",1246117723500941312,2022-03-19 22:47:31+00:00,
28,1505315056447328256,"App based #Bitcoin       Wallets are now prone to new hidden viruses which steal your 12 #passphrases!

Use a secure wallet like https://t.co/UayWAPct6H instead and move your funds NOW 

#btc                    
#crypto",410645759,2022-03-19 22:47:31+00:00,
29,1505315049950392331,"New premium (member) post by ""CtheLightTrading"" was published #bitcoin Live. 

Title -New post: Weekly Crypto report

Link to post: https://t.co/2uYuMSYxbB",2232005233,2022-03-19 22:47:29+00:00,
30,1505315047211425792,"RT @SyedZaib15: @LayahHeilpern World 1st bitcoin transection NFT  

https://t.co/emFH7mWmGG    

@opensea 

#Bitcoin  #nft #BinanceNFT #Pol…",1335479047376101377,2022-03-19 22:47:29+00:00,
31,1505315045265358848,"RT @Jayecane: 3 WINNERS 60 mins 

RT +🔔 + done

post your cashapp, PayPal or #Bitcoin my Bitcoin is back !",1483876440944828418,2022-03-19 22:47:28+00:00,
32,1505315044501954562,"RT @deficonnect: Ladiesand gentlemen deficonnectors,

Staking 2.0 is now LIVE

Stake here https://t.co/c1YbCI7JKY

#dfc #staking #BNB #BTC…",1478712739107328005,2022-03-19 22:47:28+00:00,
33,1505315044170608644,"RT @GiveawayInspect: New Giveaway: Retoken (USDT)
Total Reward: 2,000 USDT
Rate: ⭐️⭐️⭐️⭐️
Winners: 700 Random &amp; Top 50
Distribution: within…",1475161010176770055,2022-03-19 22:47:28+00:00,
34,1505315042631294976,"RT @BOB27736359: Global prices are rising like a tide, the new crown virus is too painful, life is not easy for the people, only the air is…",1480194516850130944,2022-03-19 22:47:28+00:00,
35,1505315038164242433,"RT @WatcherGuru: FUN FACT: The largest non-exchange #Bitcoin wallet in existence holds 126,428 $BTC worth approximately $5.1 billion USD.",1381105914069934085,2022-03-19 22:47:27+00:00,
36,1505315037711196161,RT @BuddyLMusic: @Do82Nic El Salvador leading the way with Bitcoin adoption 🇸🇻💯❤️ #btc #BTC #Bitcoin #nftart #PolygonNFT #BitcoinBudyz http…,1422063805383602183,2022-03-19 22:47:27+00:00,
37,1505315035933212672,"@VoltInuOfficial #shinja #ShinjaSeason
#DubaiExpo2022
#DubaiCryptoExpo

#DOJOSWAP listing #Token
#Selena_Inu
#flokimusk
#saitanobi
#bobatama
#threeohdao
#YetiCoin
#kuonotori
#planataso

#shiba #Ceek #mana #raca #xrp
#altcoin #AVAX #dogecoin
#BabyDoge #GALA
@cz_binance @elonmusk #Bitcoin #ethereum https://t.co/NjGef979Qh",1502671018623750145,2022-03-19 22:47:26+00:00,
38,1505315029444349961,"RT @dontkms: I’m alive. I appreciate y’all. Thank you. I’m sorry. I won’t give up. I won’t. 

#Bitcoin carry me, carry us all.",1392431199625297921,2022-03-19 22:47:25+00:00,
39,1505315028748091394,"Are you thirsty? Drink a Yama cola or stay thirsty my friend!!! 

Yama cola NFT

#NFTCollection #nftcollector #Bitcoin https://t.co/7pNevCEywR",962224063451148288,2022-03-19 22:47:24+00:00,
40,1505315026458099714,"RT @Btcexpertindia: Finally #Bitcoin 📈 is doing opposite to the stocks 📉
This is what it is made for 👍🏻
#DigitalGold
Shared this view 2 wee…",1442735288,2022-03-19 22:47:24+00:00,
41,1505315024323198980,"@WatcherGuru World 1st bitcoin transection NFT  

https://t.co/emFH7mWmGG    

@opensea 

#Bitcoin  #nft #BinanceNFT #PolygonNFT #legend #100xgem #NFT #memoriesNFTseller #NFTs #opensea #OpenSeaNFT",1320236448575033344,2022-03-19 22:47:23+00:00,
42,1505315021676494848,"RT @Apecointrader1: Huge giveaway

Retweet, follow, @ 5 freinds

90 APECOIN (1000 dollars 💸)

5 winners split 👏

#NFTCommunity  #Bitcoin #B…",1230510161976057856,2022-03-19 22:47:23+00:00,
43,1505315020556718087,"RT @MrFly69: 🥇 $100 GIVEAWAY 🥇

To Enter:

1️⃣ Follow Me &amp; @Roobet 
2️⃣ Like + Retweet
3️⃣ Comment Roobet Username

4️⃣ Bonus: Use code: fl…",805518122220457984,2022-03-19 22:47:22+00:00,
44,1505315018820263939,RT @marccraigart: 1 LEFT IN DISPENSER “PEPENEWT” https://t.co/Qhxq48RAMe #Bitcoin #NFT #NFTs #NFTCommunity @CounterpartyXCP @FreeWallet @Ca…,1246117723500941312,2022-03-19 22:47:22+00:00,
45,1505315016907579407,"RT @airdropinspect: New airdrop: PlayZap X CoinBlock 
Total Reward: $3,500 worth of PLAYZAP
Rate: ⭐️⭐️⭐️⭐️
Winners: 1000 Random &amp; Top 50
Di…",1495737406313664514,2022-03-19 22:47:22+00:00,
46,1505315016228360194,"RT @airdropinspect: New airdrop: Skygard Game
Total Reward: 1100 NFTs
Rate: ⭐️⭐️⭐️⭐️
Winners: 1,000 Random &amp; 100 Top
Distribution: within 1…",1433033236175749120,2022-03-19 22:47:21+00:00,
47,1505315015003361281,I just voted in #okornotok from @Okcoin — submit your votes &amp; tweet about it for a chance to win 12k in #bitcoin.   It's all right here: 👇 https://t.co/521vPHqUzO,1454443296374370308,2022-03-19 22:47:21+00:00,
48,1505315013959069698,"RT @BMBCoin: 💢Dear user
See pinned post
1: https://t.co/JJpvDvcYUc
2: Then click on the tweet
3: Then tweet 5 of your friends in this post…",1475848463137050627,2022-03-19 22:47:21+00:00,
49,1505315012948152330,RT @Bitboy_Crypto: $BTC just passed $42k. Some people say #Bitcoin is now more important than the meaning of life.,1498398040243253253,2022-03-19 22:47:21+00:00,
