,id,text,author_id,created_at,geo
0,1505332740572729344,"RT @Revolotto: 🏏World's Dangerous Cricketer
Greatest Batsman of All-time in Cricket

🌎Universe Boss - Chris Gayle extending his support and…",1482606413633691648,2022-03-19 23:57:47+00:00,
1,1505332740295729157,The strongest bullish signal flashed for #XRP #bitcoin #btc #ethereum #eth https://t.co/Zu4FdSHd13,879354426003144704,2022-03-19 23:57:47+00:00,
2,1505332740098510857,"RT @Revolotto: 🏏World's Dangerous Cricketer
Greatest Batsman of All-time in Cricket

🌎Universe Boss - Chris Gayle extending his support and…",1501394593308622848,2022-03-19 23:57:47+00:00,
3,1505332737544110081,"n Japan, #XRP is religion. I love it! All works! #eth #ethereum #binance #bitcoin btc #ripple #crypto #cryptocurrency

https://t.co/xkg04C5mrC",1480295073715732484,2022-03-19 23:57:47+00:00,
4,1505332737128820737,"RT @Revolotto: 🏏World's Dangerous Cricketer
Greatest Batsman of All-time in Cricket

🌎Universe Boss - Chris Gayle extending his support and…",1388832226125643777,2022-03-19 23:57:46+00:00,
5,1505332736231419917,We just know #XRP will moon #crypto #binance #cryptocurrency #bitcoin #btc https://t.co/FtO33PtoOg,237146766,2022-03-19 23:57:46+00:00,
6,1505332734327398400,"RT @Revolotto: 🏏World's Dangerous Cricketer
Greatest Batsman of All-time in Cricket

🌎Universe Boss - Chris Gayle extending his support and…",1499674212750876672,2022-03-19 23:57:46+00:00,
7,1505332731311374337,"RT @airdropinspect: New airdrop: Prizefighter (RING)
Total Reward: $5,000 worth of RING
Rate: ⭐️⭐️⭐️⭐️
Winners: 1,000 Random &amp; Top 100
Dist…",1500830984693903360,2022-03-19 23:57:45+00:00,
8,1505332729453424654,"RT @AirdropStario: 💧 MegaTRON Airdrop 💧

🏆 Task:       ➕ 200,000 MTRON for 5000 random participants each.

👨‍👩‍👧 Referral: ➕ 20,000 MTRON…",1484996196473184266,2022-03-19 23:57:45+00:00,
9,1505332729319202816,"RT @JustCryptoLeaks: 2/2 Total #market cap remains below our $2 Trillion key level, however, one this level is broken, we’re seeing the rea…",1426171358480900102,2022-03-19 23:57:45+00:00,
10,1505332727113003011,"RT @GiveawayInspect: New Giveaway: Retoken (USDT)
Total Reward: 2,000 USDT
Rate: ⭐️⭐️⭐️⭐️
Winners: 700 Random &amp; Top 50
Distribution: within…",1502044773288345600,2022-03-19 23:57:44+00:00,
11,1505332727012335626,XRP is getting ready to take off to the moon! #altcoin #bitcoin #binance #xrp #ripple https://t.co/cRDoyrYi1Z,771042619363319809,2022-03-19 23:57:44+00:00,
12,1505332726429224960,"n Japan, #XRP is religion. I love it! All works! #eth #ethereum #binance #bitcoin btc #ripple #crypto #cryptocurrency

https://t.co/yDkSfanuMQ",408082630,2022-03-19 23:57:44+00:00,
13,1505332722352353282,"RT @AirdropStario: 💧 SafeWallet Airdrop 💧

🏆 Task:        ➕ 175 SLT (~$3.5) for 1000 random participants

👨‍👩‍👧 Referral: ➕ 30,000 SLT (~$6…",1245232174439133184,2022-03-19 23:57:43+00:00,
14,1505332721240862720,"In Japan, #XRP is religion. I love it! All works! #eth #ethereum #binance #bitcoin btc #ripple #crypto #cryptocurrency https://t.co/je0s9fkJ2w",1289688720883548167,2022-03-19 23:57:43+00:00,
15,1505332719697502214,RT @maxkeiser: Best legs in #Bitcoin https://t.co/s7SJoRgcBn,1433352091838386183,2022-03-19 23:57:42+00:00,
16,1505332717499559936,XRP is getting ready to take off to the moon! #altcoin #bitcoin #binance #xrp #ripple https://t.co/AGo3QdHYdq,1481636381638402048,2022-03-19 23:57:42+00:00,
17,1505332716950147073,"RT @MisterSpread: #analysis #DXY #Bitcoin #EGLD # SP500

1/13 Hello everyone,

As discussed here: https://t.co/Hc2CSshPOf

The DXY continue…",1224045741884297216,2022-03-19 23:57:42+00:00,
18,1505332715960348678,The strongest bullish signal flashed for #XRP #bitcoin #btc #ethereum #eth https://t.co/v4dcoKQRNk,1438088114803777538,2022-03-19 23:57:41+00:00,
19,1505332713561239565,We just know #XRP will moon #crypto #binance #cryptocurrency #bitcoin #btc https://t.co/v14JesWfnS,1438534537424691202,2022-03-19 23:57:41+00:00,
20,1505332711648550918,We just know #XRP will moon #crypto #binance #cryptocurrency #bitcoin #btc https://t.co/Qt3vSLM3i5,1050583933,2022-03-19 23:57:40+00:00,
21,1505332710528626688,"In Japan, #XRP is religion. I love it! All works! #eth #ethereum #binance #bitcoin btc #ripple #crypto #cryptocurrency https://t.co/jvrR497IpD",1143388847348338689,2022-03-19 23:57:40+00:00,
22,1505332710465748997,"n Japan, #XRP is religion. I love it! All works! #eth #ethereum #binance #bitcoin btc #ripple #crypto #cryptocurrency

https://t.co/551v9w1HY9",1457724968280678404,2022-03-19 23:57:40+00:00,
23,1505332710331482117,RT @Muataz_Hadia: When we say $FEG will be the King of DEFI and google suite for crypto we mean it. What’s coming it is mind blowing. Sit b…,1450490477065629702,2022-03-19 23:57:40+00:00,
24,1505332708829933569,"RT @Revolotto: 🏏World's Dangerous Cricketer
Greatest Batsman of All-time in Cricket

🌎Universe Boss - Chris Gayle extending his support and…",1391798897933131777,2022-03-19 23:57:40+00:00,
25,1505332704858222593,"RT @Revolotto: 🏏World's Dangerous Cricketer
Greatest Batsman of All-time in Cricket

🌎Universe Boss - Chris Gayle extending his support and…",1397920287727915019,2022-03-19 23:57:39+00:00,
26,1505332704006623236,XRP is getting ready to take off to the moon! #altcoin #bitcoin #binance #xrp #ripple https://t.co/AZnZb7ptf2,432006236,2022-03-19 23:57:39+00:00,
27,1505332703520227329,"RT @chitaglorya__: giveaway 200$ | 2,800,000 IDR

-- rt follow @flagnetwork_NFT 

-- rt &amp; quoted their pinned with   #FlagNetwork  #cryptoc…",1496859351684108295,2022-03-19 23:57:38+00:00,
28,1505332702009982977,"RT @Revolotto: 🏏World's Dangerous Cricketer
Greatest Batsman of All-time in Cricket

🌎Universe Boss - Chris Gayle extending his support and…",1287762445268738048,2022-03-19 23:57:38+00:00,
29,1505332701263446027,RT @WatcherGuru: JUST IN: PayPal co-founder says the “biggest mistake I made in the last decade was getting too late and too little into #B…,1083509376365797379,2022-03-19 23:57:38+00:00,
30,1505332698428157960,"RT @Bitboy_Crypto: If you own #Bitcoin,pat yourself on the back.

If you own #Ethereum, your great great grandchildren will one day build s…",1462567147763347460,2022-03-19 23:57:37+00:00,
31,1505332697404641281,"XRP is getting ready to take off to the moon! #altcoin #bitcoin #binance #xrp #ripple

https://t.co/iSQfsOWLDP",1454919655987032066,2022-03-19 23:57:37+00:00,
32,1505332693763985409,XRP is getting ready to take off to the moon! #altcoin #bitcoin #binance #xrp #ripple https://t.co/SjhXFUkBSM,948750218044026880,2022-03-19 23:57:36+00:00,
33,1505332693684391940,"RT @MartiniGuyYT: #Bitcoin stores value

#Altcoins change lives",352290543,2022-03-19 23:57:36+00:00,
34,1505332693399228417,"Slowly then suddenly. 
#Bitcoin https://t.co/3dPZQxsg8D",1486896485652443136,2022-03-19 23:57:36+00:00,
35,1505332692996481027,"RT @binance: 💰 $10,000 giveaway 💰
 
Post your #BitcoinButton result to enter!
 
Rules:
🔸 Retweet this post
🔸 Follow @Binance
🔸 Play #Bitcoi…",1372901404327739395,2022-03-19 23:57:36+00:00,
36,1505332691817820162,"RT @Revolotto: 🏏World's Dangerous Cricketer
Greatest Batsman of All-time in Cricket

🌎Universe Boss - Chris Gayle extending his support and…",1486765373563146240,2022-03-19 23:57:36+00:00,
37,1505332688311357441,"RT @AirdropStario: 💧 Hero Arena Airdrop 💧

📍 Listed on: CoinMarketCap, PancakeSwap

🏆 Task: ➕  100 HERA (~$4) for 3000 random participants…",1438401776193921027,2022-03-19 23:57:35+00:00,
38,1505332688286191616,We just know #XRP will moon #crypto #binance #cryptocurrency #bitcoin #btc https://t.co/psq4PB2Ntz,1370981238211760128,2022-03-19 23:57:35+00:00,
39,1505332684301737986,"RT @chitaglorya__: giveaway 200$ | 2,800,000 IDR

-- rt follow @flagnetwork_NFT 

-- rt &amp; quoted their pinned with   #FlagNetwork  #cryptoc…",1451720745134919683,2022-03-19 23:57:34+00:00,
40,1505332683102363648,"RT @airdropinspect: New airdrop: NOS Watch
Total Reward: 1,100 Artwork NFT
Rate: ⭐️⭐️⭐️⭐️
Winners: 1,000 Random &amp; Top 100
Distribution: wit…",1427463455238356992,2022-03-19 23:57:34+00:00,
41,1505332682187849734,"RT @EtherNasyonaL: #Bitcoin dominance is falling ⬇️

#Altcoin dominance is rising ⬆️

#Altseason2022 WILL BE EPIC🔥🚀

Drive away the dry noi…",1493289347797430277,2022-03-19 23:57:33+00:00,
42,1505332680967172097,"RT @Revolotto: 🏏World's Dangerous Cricketer
Greatest Batsman of All-time in Cricket

🌎Universe Boss - Chris Gayle extending his support and…",1505021757605875716,2022-03-19 23:57:33+00:00,
43,1505332678274392064,RT @WatcherGuru: JUST IN: PayPal co-founder says the “biggest mistake I made in the last decade was getting too late and too little into #B…,1486667570333769729,2022-03-19 23:57:32+00:00,
44,1505332678190669830,"RT @AirdropDet: 🔍 New #Airdrop: YupVerse

💲 Reward: Up to 10M YuP (~$5) + 2M YuP (~$1,000) referral pool

🔴 Start the airdrop bot https://t…",1470677757394890757,2022-03-19 23:57:32+00:00,
45,1505332677481799699,"RT @Blockstream: “We are, kind of, the SpaceX of the #Bitcoin world building much of the technology.”

Dr. @adam3us on how Blockstream is d…",1088839257848897537,2022-03-19 23:57:32+00:00,
46,1505332676357623809,"RT @Revolotto: 🏏World's Dangerous Cricketer
Greatest Batsman of All-time in Cricket

🌎Universe Boss - Chris Gayle extending his support and…",1480078364711190532,2022-03-19 23:57:32+00:00,
47,1505332675951067139,"RT @Revolotto: 🏏World's Dangerous Cricketer
Greatest Batsman of All-time in Cricket

🌎Universe Boss - Chris Gayle extending his support and…",1490589842031333385,2022-03-19 23:57:32+00:00,
48,1505332675783327744,RT @saylor: You do not sell your #bitcoin.  https://t.co/LJNgJeWxvR,1069006626856685568,2022-03-19 23:57:32+00:00,
49,1505332675640696834,"RT @AirdropDet: 🔍 New #Airdrop: YupVerse

💲 Reward: Up to 10M YuP (~$5) + 2M YuP (~$1,000) referral pool

🔴 Start the airdrop bot https://t…",1501794939801194499,2022-03-19 23:57:32+00:00,
