,id,text,author_id,created_at,geo
0,1505316383600566275,"RT @Azel1000X: @Vforrkripto #shinja #ShinjaSeason
#DubaiExpo2022
#DubaiCryptoExpo

#DOJOSWAP listing #Token
#Selena_Inu
#flokimusk
#saitano…",1502671018623750145,2022-03-19 22:52:47+00:00,
1,1505316382963081217,"RT @rovercrc: I think #Bitcoin will break $100,000 by July 2022! 🚀",1385254808244924418,2022-03-19 22:52:47+00:00,
2,1505316381973172227,"In Japan, #XRP is religion. I love it! All works! #eth #ethereum #binance #bitcoin btc #ripple #crypto #cryptocurrency https://t.co/Bljr1k9I0x",1428126068687450121,2022-03-19 22:52:47+00:00,
3,1505316381809598466,"We are @SpyWolfNetwork and we are here to clean up the crypto space and to make you
 
https://t.co/1Mo7qdcgFO is our anti-scam and SAFU investment portal. IT'S THE 1ST PLACE TO GO FOR DYOR!
@SpyWolfNetwork $SPY #spywolf #bnb #bscgem #binance #bitcoin ioedi",1473764166099947527,2022-03-19 22:52:47+00:00,
4,1505316380597370881,The strongest bullish signal flashed for #XRP #bitcoin #btc #ethereum #eth https://t.co/6sEw5Dfc55,3136384237,2022-03-19 22:52:47+00:00,
5,1505316380039532545,The strongest bullish signal flashed for #XRP #bitcoin #btc #ethereum #eth https://t.co/aSS8KbemCk,1431065840879869958,2022-03-19 22:52:47+00:00,
6,1505316378873540609,We just know #XRP will moon #crypto #binance #cryptocurrency #bitcoin #btc https://t.co/UuXkJeg0uz,1287146129109458949,2022-03-19 22:52:46+00:00,
7,1505316377464344578,"RT @ABOLFAZ_RBXS: You too can join the great army of samurai today and choose the token you want  #RBXS
💣💯🤑

https://t.co/9cISStUjVA

#RBXS…",1440974162198138880,2022-03-19 22:52:46+00:00,
8,1505316377405571072,RT @saylor: You do not sell your #bitcoin.  https://t.co/LJNgJeWxvR,713626011,2022-03-19 22:52:46+00:00,
9,1505316372863242243,RT @w_s_bitcoin: #Bitcoin's absolute scarcity is such a profound discovery. https://t.co/xGdlyQZGkD,1415343903486713863,2022-03-19 22:52:45+00:00,
10,1505316372364079110,"@Altcoin_Mark @NeofiOfficial seeks security for their users, that's why they created a platform that will allow in one place, bet, lend, and provide liquidity with defi protocols, without any gas fees!

$NEOFI #DeFi #Cryptocurrency #blockchain #Bitcoin #NFT https://t.co/FXrBhMxQMo",1487074238368563204,2022-03-19 22:52:45+00:00,
11,1505316372347203585,XRP is getting ready to take off to the moon! #altcoin #bitcoin #binance #xrp #ripple https://t.co/VjCuBtLXyj,1201073549638651905,2022-03-19 22:52:45+00:00,
12,1505316371495796743,XRP is getting ready to take off to the moon! #altcoin #bitcoin #binance #xrp #ripple https://t.co/Vi5ayMQr2v,996739063401955329,2022-03-19 22:52:45+00:00,
13,1505316371042811904,"RT @CarolainCrypt0: #Bitcoin is worth 42K right now!!

And what are you going to invest in?  show me your great project x 100!👇🏻👇🏻 https://…",1501690979165917201,2022-03-19 22:52:44+00:00,
14,1505316370929500161,"In Japan, #XRP is religion. I love it! All works! #eth #ethereum #binance #bitcoin btc #ripple #crypto #cryptocurrency https://t.co/fbwZ32HYtg",2378316533,2022-03-19 22:52:44+00:00,
15,1505316369021157383,"RT @tradeiseveryone: 🎉10 #AVAX  Giveaway to Celebrate $BTC 42K
🎁1 #AVAX  to 10 People, Winners Will Be Announced in 96 Hours

1) Follow @tr…",1415749764331843591,2022-03-19 22:52:44+00:00,
16,1505316368975077383,RT @werseatching: @SpyWolf1Fan @BTC_Archive @SpyWolfNetwork The fascinating world of crypto has made us no longer afraid of wolves. But see…,1485276061009125381,2022-03-19 22:52:44+00:00,
17,1505316367570018305,Get IN now don't be LATE #xrp #binance #cryptocurrency #bitcoin https://t.co/7RYRMczyst,1385935936295378945,2022-03-19 22:52:44+00:00,
18,1505316367272230923,Get IN now don't be LATE #xrp #binance #cryptocurrency #bitcoin https://t.co/70VxcmBgfS,1401092125962428416,2022-03-19 22:52:44+00:00,
19,1505316366164930562,We just know #XRP will moon #crypto #binance #cryptocurrency #bitcoin #btc https://t.co/nBcOtQqXeF,2487022017,2022-03-19 22:52:43+00:00,
20,1505316365833748480,RT @saylor: You do not sell your #bitcoin.  https://t.co/LJNgJeWxvR,81814932,2022-03-19 22:52:43+00:00,
21,1505316365380562950,The strongest bullish signal flashed for #XRP #bitcoin #btc #ethereum #eth https://t.co/eobsQ8Fzql,1470207370601115650,2022-03-19 22:52:43+00:00,
22,1505316363002269697,@binance the game is hard haha.. but its fun.. 🤣 follow me guys on twitter. thanks #Bitcoin #BitcoinButton #Binance https://t.co/2RY5nNmv1p,1503562449101881348,2022-03-19 22:52:43+00:00,
23,1505316362830417921,We just know #XRP will moon #crypto #binance #cryptocurrency #bitcoin #btc https://t.co/N4dVERZY8x,770319133502242816,2022-03-19 22:52:42+00:00,
24,1505316362683662336,Get IN now don't be LATE #xrp #binance #cryptocurrency #bitcoin https://t.co/eaouIrsQE7,1459836749039996929,2022-03-19 22:52:42+00:00,
25,1505316361903345664,"In Japan, #XRP is religion. I love it! All works! #eth #ethereum #binance #bitcoin btc #ripple #crypto #cryptocurrency https://t.co/JTvL6hsqrG",160676260,2022-03-19 22:52:42+00:00,
26,1505316361790230529,Get IN now don't be LATE #xrp #binance #cryptocurrency #bitcoin https://t.co/ifOQu6Q6qj,1438855843068497920,2022-03-19 22:52:42+00:00,
27,1505316360900931584,The strongest bullish signal flashed for #XRP #bitcoin #btc #ethereum #eth https://t.co/EQYdJUaKjC,1458886631713353730,2022-03-19 22:52:42+00:00,
28,1505316360674492419,"RT @Apecointrader1: Join discord in bio for a giveaway happening soon follow if your new and retweet If your not

#NFTCommunity  #Bitcoin #…",1497662698414395395,2022-03-19 22:52:42+00:00,
29,1505316356203466753,RT @Ali1989sirik5: @SpyWolf1Fan @BTC_Archive @SpyWolfNetwork The smell of scammers can be smelled from miles away. You have the opportunity…,1485276061009125381,2022-03-19 22:52:41+00:00,
30,1505316352470716416,"RT @AirdropStario: 💧 SafeWallet Airdrop 💧

🏆 Task:        ➕ 175 SLT (~$3.5) for 1000 random participants

👨‍👩‍👧 Referral: ➕ 30,000 SLT (~$6…",1498802206958661633,2022-03-19 22:52:40+00:00,
31,1505316352210386944,"Why $XPR @ProtonXPR is one of the Greatest Projects out there?
This should help you + 0 Fees and almost instant transactions

CC: @protonarmy 

#Crypto #altcoin $BTC #BTC #Bitcoin $ETH #Ethereum #XPR #Protonchain $XMT $MTL https://t.co/eqnMjuhYhl",1490108746147762179,2022-03-19 22:52:40+00:00,
32,1505316352139030528,"In Japan, #XRP is religion. I love it! All works! #eth #ethereum #binance #bitcoin btc #ripple #crypto #cryptocurrency https://t.co/9fXCxb0Gfh",1280873692239724544,2022-03-19 22:52:40+00:00,
33,1505316350897627140,"In Japan, #XRP is religion. I love it! All works! #eth #ethereum #binance #bitcoin btc #ripple #crypto #cryptocurrency https://t.co/4GcAklRqZT",1473865574136664064,2022-03-19 22:52:40+00:00,
34,1505316350893469704,"RT @airdropinspect: New airdrop: PlayZap X CoinBlock 
Total Reward: $3,500 worth of PLAYZAP
Rate: ⭐️⭐️⭐️⭐️
Winners: 1000 Random &amp; Top 50
Di…",1417573912934821889,2022-03-19 22:52:40+00:00,
35,1505316349727457289,"RT @ABOLFAZ_RBXS: Smart people use their creativity, achieve your goals with #RBXS
🤑💯💣

https://t.co/9cISStUjVA

#RBXS #RBXSAMURAI #BITCOIN…",1440974162198138880,2022-03-19 22:52:39+00:00,
36,1505316347328167936,The strongest bullish signal flashed for #XRP #bitcoin #btc #ethereum #eth https://t.co/VQUODvpVIB,1374462043722379264,2022-03-19 22:52:39+00:00,
37,1505316344794865666,"In Japan, #XRP is religion. I love it! All works! #eth #ethereum #binance #bitcoin btc #ripple #crypto #cryptocurrency https://t.co/cTooJR8jik",1475776267073032194,2022-03-19 22:52:38+00:00,
38,1505316343771328512,We just know #XRP will moon #crypto #binance #cryptocurrency #bitcoin #btc https://t.co/hE2Y3LfXWI,1453168699108564993,2022-03-19 22:52:38+00:00,
39,1505316342794129410,"RT @AirdropDet: 🔍 New #Airdrop: YupVerse

💲 Reward: Up to 10M YuP (~$5) + 2M YuP (~$1,000) referral pool

🔴 Start the airdrop bot https://t…",67582638,2022-03-19 22:52:38+00:00,
40,1505316342487867395,The strongest bullish signal flashed for #XRP #bitcoin #btc #ethereum #eth https://t.co/zsp7jtBqBb,1449037616679170056,2022-03-19 22:52:38+00:00,
41,1505316342177558533,We just know #XRP will moon #crypto #binance #cryptocurrency #bitcoin #btc https://t.co/sKCMff7x84,1416532907435479042,2022-03-19 22:52:38+00:00,
42,1505316341665861633,"Discord Giveaway has been Announced, well done everyone who participated!! Next giveaway will be soon, join discord to have your chance to win! 📣LINK IN BIO📣

#nft #nftart #art #digitalart #nfts #nftartist #crypto #cryptoart #nftcommunity #nftcollector #ethereum #Bitcoin https://t.co/VIdJrL3Pxk",1492094829123481605,2022-03-19 22:52:37+00:00,
43,1505316338532765701,Get IN now don't be LATE #xrp #binance #cryptocurrency #bitcoin https://t.co/kPxBXqZ4e8,388360167,2022-03-19 22:52:37+00:00,
44,1505316337710559233,XRP is getting ready to take off to the moon! #altcoin #bitcoin #binance #xrp #ripple https://t.co/oRoFqDdhBT,1298394070901981185,2022-03-19 22:52:36+00:00,
45,1505316337404547075,"RT @rocket__crypto: @Hotbit_news @DeCryptoSteam IF YOU WANNA KNOW HOW BIG THIS NEWS IS I GOT COMING 

LIKE I SAID LETS SEE WHAT THE

WHALES…",1502267593754882049,2022-03-19 22:52:36+00:00,
46,1505316335294697474,The strongest bullish signal flashed for #XRP #bitcoin #btc #ethereum #eth https://t.co/b2rxfzkcpQ,1479942976117870595,2022-03-19 22:52:36+00:00,
47,1505316334401249282,"RT @AirdropDet: 🔍 New #Airdrop: YupVerse

💲 Reward: Up to 10M YuP (~$5) + 2M YuP (~$1,000) referral pool

🔴 Start the airdrop bot https://t…",1406936975366516742,2022-03-19 22:52:36+00:00,
48,1505316333855993860,RT @Dennis_Porter_: The #Bitcoin orange wave that will move across the USA will be lead by the sovereign states.,1444677272212959237,2022-03-19 22:52:36+00:00,
49,1505316332664983566,RT @Ali1989Sirik12: @SpyWolf1Fan @BTC_Archive @SpyWolfNetwork Fear the day you are surrounded by a pack of wolves. Escape as long as you ha…,1485276061009125381,2022-03-19 22:52:35+00:00,
