,id,text,author_id,created_at,geo
0,1505325190330392584,"RT @ProjectsIco: What is next leg up for #Bitcoin 

#Crypto #BTC #BTCUSDT #cryptocurrency",1494889523091845122,2022-03-19 23:27:47+00:00,
1,1505325189965377537,this tweet made me #bitcoin on https://t.co/TOnCU0o2ds @jobboycom,3413291773,2022-03-19 23:27:47+00:00,
2,1505325187079753735,We just know #XRP will moon #crypto #binance #cryptocurrency #bitcoin #btc https://t.co/juiRConQTg,1415633479866277889,2022-03-19 23:27:46+00:00,
3,1505325186840625154,"#Bitcoin Future president of South Korea has promised a major crypto push.: submitted by  /u/simplelifestyle  
 [link] [comments] https://t.co/97sivamEbM https://t.co/W0D1mcEv5U",1293449003716055040,2022-03-19 23:27:46+00:00,
4,1505325184139542531,"RT @Mawsoninc: $MIGI's site in Georgia is currently powering to produce approx. 6.5 #Bitcoin a day. ⚡
“We wanted to make sure a big site wa…",1342219305644150794,2022-03-19 23:27:46+00:00,
5,1505325180780163073,"RT @AirdropStario: 💧 SafeWallet Airdrop 💧

🏆 Task:        ➕ 175 SLT (~$3.5) for 1000 random participants

👨‍👩‍👧 Referral: ➕ 30,000 SLT (~$6…",1348852713941913600,2022-03-19 23:27:45+00:00,
6,1505325179769077765,"RT @airdropinspect: New airdrop: Prizefighter (RING)
Total Reward: $5,000 worth of RING
Rate: ⭐️⭐️⭐️⭐️
Winners: 1,000 Random &amp; Top 100
Dist…",1455049792036347905,2022-03-19 23:27:45+00:00,
7,1505325177491451904,"#Bitcoin How does multisig protect you against the 5 dollar wrench attack?: People often say that multisig is more secure than having a single wallet / seed phrase backed up somewhere in your own custody, because with mutlisig, there is no single point… https://t.co/C6ujzoDEV6",1293449003716055040,2022-03-19 23:27:44+00:00,
8,1505325177009172489,XRP is getting ready to take off to the moon! #altcoin #bitcoin #binance #xrp #ripple https://t.co/8hBryRxSaG,991260612477923329,2022-03-19 23:27:44+00:00,
9,1505325175096717315,XRP is getting ready to take off to the moon! #altcoin #bitcoin #binance #xrp #ripple https://t.co/fK6LQLb4MT,2978884523,2022-03-19 23:27:43+00:00,
10,1505325174119452675,"RT @ProjectsIco: What is next leg up for #Bitcoin 

#Crypto #BTC #BTCUSDT #cryptocurrency",1466025642017837056,2022-03-19 23:27:43+00:00,
11,1505325173863587842,XRP is getting ready to take off to the moon! #altcoin #bitcoin #binance #xrp #ripple https://t.co/tVf4dp7xLu,1321284766872854531,2022-03-19 23:27:43+00:00,
12,1505325173569986565,@boyroberts @rovercrc It means #Bitcoin is going to pump up.,1487555829494603777,2022-03-19 23:27:43+00:00,
13,1505325172823248898,"RT @Revolotto: 🏏World's Dangerous Cricketer
Greatest Batsman of All-time in Cricket

🌎Universe Boss - Chris Gayle extending his support and…",1501394807221940229,2022-03-19 23:27:43+00:00,
14,1505325171980201984,"#Bitcoin Money has gravity - The lower the inflation rate, the higher the gravity. Eventually Bitcoin will have infinite gravity. All money will follow into Bitcoin eventually.: submitted by  /u/IRightReelGud  
 [link] [comments] https://t.co/H0u8CRwnhJ",1293449003716055040,2022-03-19 23:27:43+00:00,
15,1505325171066163201,"RT @rovercrc: I think #Bitcoin will break $100,000 by July 2022! 🚀",1383504746590343177,2022-03-19 23:27:43+00:00,
16,1505325169912397826,XRP is getting ready to take off to the moon! #altcoin #bitcoin #binance #xrp #ripple https://t.co/33vqBHoVkk,1107281554710118401,2022-03-19 23:27:42+00:00,
17,1505325167907594240,"In Japan, #XRP is religion. I love it! All works! #eth #ethereum #binance #bitcoin btc #ripple #crypto #cryptocurrency https://t.co/LrKKqUlwT9",1368163025425989632,2022-03-19 23:27:42+00:00,
18,1505325167119147012,"#BTC #ETH #Bitcoin #Cryptos 
Trust Wallet gives at least 100 twts for free.  it's doing something like $85-90 right now.  By clicking on the link, you can sign up on telegram and wait for it to be uploaded to your wallet on March 31. 🟢🟢🟢🟢🟢🟢
 https://t.co/MJnW86aha8",1314043340254572545,2022-03-19 23:27:42+00:00,
19,1505325166896713729,The strongest bullish signal flashed for #XRP #bitcoin #btc #ethereum #eth https://t.co/t3TSDSABml,1446515761560776711,2022-03-19 23:27:42+00:00,
20,1505325166594695171,"#Bitcoin Post On Why Bitcoin Is Going To $100k This Year: submitted by  /u/StonkHolder11  
 [link] [comments] https://t.co/LyzyORydxa",1293449003716055040,2022-03-19 23:27:41+00:00,
21,1505325166515167236,XRP is getting ready to take off to the moon! #altcoin #bitcoin #binance #xrp #ripple https://t.co/Vcae6UfwNV,1366478256225026055,2022-03-19 23:27:41+00:00,
22,1505325165361577987,We just know #XRP will moon #crypto #binance #cryptocurrency #bitcoin #btc https://t.co/PpgnFKF2Do,1254160792183877635,2022-03-19 23:27:41+00:00,
23,1505325165164613638,We just know #XRP will moon #crypto #binance #cryptocurrency #bitcoin #btc https://t.co/mH01UL2DHN,1479992527138795520,2022-03-19 23:27:41+00:00,
24,1505325164820672521,"RT @AirdropStario: 💧 SafeWallet Airdrop 💧

🏆 Task:        ➕ 175 SLT (~$3.5) for 1000 random participants

👨‍👩‍👧 Referral: ➕ 30,000 SLT (~$6…",1500619110689947649,2022-03-19 23:27:41+00:00,
25,1505325162350223369,Get IN now don't be LATE #xrp #binance #cryptocurrency #bitcoin https://t.co/xJOCQ9v7eO,1475104151625424899,2022-03-19 23:27:40+00:00,
26,1505325161549074432,"@BluesparrowC @bitfinex @BlueSparrowETH #BlueSparrow is a bridge between the stock market and crypto .. You will have both in the Blue Sparrow CEX
@BlueSparrowETH
@BluesparrowC
#BluesparrowCEX
#ETH
#BlueSparrow
#BlueSparrowtoken
#BlueSparrowCommunity
#bitcoin
#BestDrawToken
#Bluesparrowcharity
#Web3
#NFT🔥33",1465003913158049797,2022-03-19 23:27:40+00:00,
27,1505325161066557440,XRP is getting ready to take off to the moon! #altcoin #bitcoin #binance #xrp #ripple https://t.co/wOVf2IC8gT,1368245122597584896,2022-03-19 23:27:40+00:00,
28,1505325160022392835,RT @rovercrc: #Bitcoin Bull run 3.0 loading... https://t.co/d1tUySOLOv,545597178,2022-03-19 23:27:40+00:00,
29,1505325159309357066,Get IN now don't be LATE #xrp #binance #cryptocurrency #bitcoin https://t.co/1azPt53YTx,1476689609874624529,2022-03-19 23:27:40+00:00,
30,1505325158130761731,XRP is getting ready to take off to the moon! #altcoin #bitcoin #binance #xrp #ripple https://t.co/0cojxdT1jd,1380891499450236928,2022-03-19 23:27:39+00:00,
31,1505325157023289346,"@BluesparrowC @bitfinex @BlueSparrowETH #BlueSparrow is a bridge between the stock market and crypto .. You will have both in the Blue Sparrow CEX
@BlueSparrowETH
@BluesparrowC
#BluesparrowCEX
#ETH
#BlueSparrow
#BlueSparrowtoken
#BlueSparrowCommunity
#bitcoin
#BestDrawToken
#Bluesparrowcharity
#Web3
#NFT🔥22",1465003913158049797,2022-03-19 23:27:39+00:00,
32,1505325156826238978,Get IN now don't be LATE #xrp #binance #cryptocurrency #bitcoin https://t.co/mLG4JrD2W0,771527335,2022-03-19 23:27:39+00:00,
33,1505325155710640129,"@BluesparrowC @bitfinex @BlueSparrowETH #BlueSparrow is a bridge between the stock market and crypto .. You will have both in the Blue Sparrow CEX
@BlueSparrowETH
@BluesparrowC
#BluesparrowCEX
#ETH
#BlueSparrow
#BlueSparrowtoken
#BlueSparrowCommunity
#bitcoin
#BestDrawToken
#Bluesparrowcharity
#Web3
#NFT🔥11",1465003913158049797,2022-03-19 23:27:39+00:00,
34,1505325154452320263,"RT @MartiniGuyYT: #Bitcoin stores value

#Altcoins change lives",1173571987106648065,2022-03-19 23:27:39+00:00,
35,1505325154284544006,"@BluesparrowC @bitfinex @BlueSparrowETH #BlueSparrow is a bridge between the stock market and crypto .. You will have both in the Blue Sparrow CEX
@BlueSparrowETH
@BluesparrowC
#BluesparrowCEX
#ETH
#BlueSparrow
#BlueSparrowtoken
#BlueSparrowCommunity
#bitcoin
#BestDrawToken
#Bluesparrowcharity
#Web3
#NFT🔥.",1465003913158049797,2022-03-19 23:27:39+00:00,
36,1505325153596710921,"@BluesparrowC @bitfinex @BlueSparrowETH #BlueSparrow is a bridge between the stock market and crypto .. You will have both in the Blue Sparrow CEX
@BlueSparrowETH
@BluesparrowC
#BluesparrowCEX
#ETH
#BlueSparrow
#BlueSparrowtoken
#BlueSparrowCommunity
#bitcoin
#BestDrawToken
#Bluesparrowcharity
#Web3
#NFT🔥m",1465003913158049797,2022-03-19 23:27:38+00:00,
37,1505325152791375881,We just know #XRP will moon #crypto #binance #cryptocurrency #bitcoin #btc https://t.co/Mx2iV4wbAP,1469991292952219652,2022-03-19 23:27:38+00:00,
38,1505325152652955650,"@BluesparrowC @bitfinex @BlueSparrowETH #BlueSparrow is a bridge between the stock market and crypto .. You will have both in the Blue Sparrow CEX
@BlueSparrowETH
@BluesparrowC
#BluesparrowCEX
#ETH
#BlueSparrow
#BlueSparrowtoken
#BlueSparrowCommunity
#bitcoin
#BestDrawToken
#Bluesparrowcharity
#Web3
#NFT🔥n",1465003913158049797,2022-03-19 23:27:38+00:00,
39,1505325152212451328,"RT @TinY_WHALEE: #shinja #ShinjaSeason
#DubaiExpo2022
#DubaiCryptoExpo

#DOJOSWAP listing #Token
#Selena_Inu
#flokimusk
#saitanobi
#bobatam…",1448306876735574020,2022-03-19 23:27:38+00:00,
40,1505325152116092929,"@BluesparrowC @bitfinex @BlueSparrowETH #BlueSparrow is a bridge between the stock market and crypto .. You will have both in the Blue Sparrow CEX
@BlueSparrowETH
@BluesparrowC
#BluesparrowCEX
#ETH
#BlueSparrow
#BlueSparrowtoken
#BlueSparrowCommunity
#bitcoin
#BestDrawToken
#Bluesparrowcharity
#Web3
#NFT🔥b",1465003913158049797,2022-03-19 23:27:38+00:00,
41,1505325150920654850,"In Japan, #XRP is religion. I love it! All works! #eth #ethereum #binance #bitcoin btc #ripple #crypto #cryptocurrency https://t.co/Llp7iTxZdE",314071368,2022-03-19 23:27:38+00:00,
42,1505325149037334532,Get IN now don't be LATE #xrp #binance #cryptocurrency #bitcoin https://t.co/pq0OW0HRct,1369257208882495490,2022-03-19 23:27:37+00:00,
43,1505325148013965313,The strongest bullish signal flashed for #XRP #bitcoin #btc #ethereum #eth https://t.co/NLj4WmYPFq,1304313957231013888,2022-03-19 23:27:37+00:00,
44,1505325147837718528,The strongest bullish signal flashed for #XRP #bitcoin #btc #ethereum #eth https://t.co/LoZ79MOIm4,1171310956535799808,2022-03-19 23:27:37+00:00,
45,1505325147477233664,We just know #XRP will moon #crypto #binance #cryptocurrency #bitcoin #btc https://t.co/hGnQ15DkwN,1423867472092880897,2022-03-19 23:27:37+00:00,
46,1505325147062177792,"RT @Revolotto: 🏏World's Dangerous Cricketer
Greatest Batsman of All-time in Cricket

🌎Universe Boss - Chris Gayle extending his support and…",1499978521334411268,2022-03-19 23:27:37+00:00,
47,1505325144620773377,We just know #XRP will moon #crypto #binance #cryptocurrency #bitcoin #btc https://t.co/kiOEUjGHMz,1447430663423021059,2022-03-19 23:27:36+00:00,
48,1505325144025309193,XRP is getting ready to take off to the moon! #altcoin #bitcoin #binance #xrp #ripple https://t.co/m3eROBPgr2,1025176447621779457,2022-03-19 23:27:36+00:00,
49,1505325143366639618,"RT @binance: 💰 $10,000 giveaway 💰
 
Post your #BitcoinButton result to enter!
 
Rules:
🔸 Retweet this post
🔸 Follow @Binance
🔸 Play #Bitcoi…",1487351785337589761,2022-03-19 23:27:36+00:00,
