,id,text,author_id,created_at,geo
0,1505320913725628417,Get IN now don't be LATE #xrp #binance #cryptocurrency #bitcoin https://t.co/ZvuqBKJMJA,815208744,2022-03-19 23:10:47+00:00,
1,1505320913595617281,Get IN now don't be LATE #xrp #binance #cryptocurrency #bitcoin https://t.co/pNW734Tre0,1348157169854676994,2022-03-19 23:10:47+00:00,
2,1505320913205882884,"RT @AirdropStario: 💧 SafeWallet Airdrop 💧

🏆 Task:        ➕ 175 SLT (~$3.5) for 1000 random participants

👨‍👩‍👧 Referral: ➕ 30,000 SLT (~$6…",1481458524274438146,2022-03-19 23:10:47+00:00,
3,1505320913042309121,"RT @AirdropStario: 💧 SafeWallet Airdrop 💧

🏆 Task:        ➕ 175 SLT (~$3.5) for 1000 random participants

👨‍👩‍👧 Referral: ➕ 30,000 SLT (~$6…",1479303680071327745,2022-03-19 23:10:47+00:00,
4,1505320912929038340,"RT @AirdropStario: 💧 SafeWallet Airdrop 💧

🏆 Task:        ➕ 175 SLT (~$3.5) for 1000 random participants

👨‍👩‍👧 Referral: ➕ 30,000 SLT (~$6…",1465223796177006593,2022-03-19 23:10:47+00:00,
5,1505320912874504193,"RT @AirdropStario: 💧 SafeWallet Airdrop 💧

🏆 Task:        ➕ 175 SLT (~$3.5) for 1000 random participants

👨‍👩‍👧 Referral: ➕ 30,000 SLT (~$6…",1463745899457224705,2022-03-19 23:10:47+00:00,
6,1505320912836435968,"RT @AirdropStario: 💧 SafeWallet Airdrop 💧

🏆 Task:        ➕ 175 SLT (~$3.5) for 1000 random participants

👨‍👩‍👧 Referral: ➕ 30,000 SLT (~$6…",1478716299299590149,2022-03-19 23:10:47+00:00,
7,1505320912786112514,"RT @AirdropStario: 💧 SafeWallet Airdrop 💧

🏆 Task:        ➕ 175 SLT (~$3.5) for 1000 random participants

👨‍👩‍👧 Referral: ➕ 30,000 SLT (~$6…",1473479372937986049,2022-03-19 23:10:47+00:00,
8,1505320912781930499,"RT @AirdropStario: 💧 SafeWallet Airdrop 💧

🏆 Task:        ➕ 175 SLT (~$3.5) for 1000 random participants

👨‍👩‍👧 Referral: ➕ 30,000 SLT (~$6…",1475431057226797058,2022-03-19 23:10:47+00:00,
9,1505320909229342721,The strongest bullish signal flashed for #XRP #bitcoin #btc #ethereum #eth https://t.co/MoJFgXAkpL,1339869651656990720,2022-03-19 23:10:46+00:00,
10,1505320907413155842,"In Japan, #XRP is religion. I love it! All works! #eth #ethereum #binance #bitcoin btc #ripple #crypto #cryptocurrency https://t.co/4iCc6zpHTp",1358397189999915009,2022-03-19 23:10:46+00:00,
11,1505320906943512577,"RT @AirdropStario: 💧 Bluca NFT Airdrop 💧

🏆 Task:         ➕  400 BULC (~$2) for 8000 random participants

👨‍👩‍👧 Referral:  ➕  4000 BULC (~$…",1488374139844972545,2022-03-19 23:10:46+00:00,
12,1505320906435956736,"RT @BTCfuel: #Bitcoin vs #Ethereum 

You know what that means ... https://t.co/4Q1TdQsXnT",1381105914069934085,2022-03-19 23:10:46+00:00,
13,1505320906020773893,"#Bitcoin dominance is falling ⬇️

#Altcoin dominance is rising ⬆️

#Altseason2022 WILL BE EPIC🔥🚀

Drive away the dry noise, FOCUS ON THE TARGET ONLY ⏳👌

#Btc #Bitcoin #Ethereum #ETH #bnb #avax #DOT #LINK #Hot #dent #doge #SHIB #cryptocurrency #Crypto #cryptocommunity #ATOM https://t.co/iMaJvZVb79",1497228497810505734,2022-03-19 23:10:46+00:00,
14,1505320905928491008,"RT @Xposed: When Tom Brady wins another Super Bowl this year I’ll give 20 people who retweet this and are following me @xposed $1000. 

$20…",1489740478694240260,2022-03-19 23:10:46+00:00,
15,1505320905836277764,The strongest bullish signal flashed for #XRP #bitcoin #btc #ethereum #eth https://t.co/9UUnHyld8e,1287793583504990210,2022-03-19 23:10:46+00:00,
16,1505320905811058688,Get IN now don't be LATE #xrp #binance #cryptocurrency #bitcoin https://t.co/6P2LPivadI,1342938576061927426,2022-03-19 23:10:46+00:00,
17,1505320905425182721,Get IN now don't be LATE #xrp #binance #cryptocurrency #bitcoin https://t.co/2e6erPUv5G,1442219286634762240,2022-03-19 23:10:46+00:00,
18,1505320905295241217,We just know #XRP will moon #crypto #binance #cryptocurrency #bitcoin #btc https://t.co/fnQjgRICjK,108916887,2022-03-19 23:10:45+00:00,
19,1505320903579779074,"@_bitcoinprice Congratulations for buying #DOGE &amp; #BTC  !!Winners 💪ARE BUYING💯 #BITCOIN and #DOGECOIN 
NOW I HAVE 500,000 #DOGECOIN   ONLY GOING HIGHER🚀 Great Opportunity to get in #DOGECOIN NOW! get @ least 500,000 #DOGECOIN !! Or whatever You can afford and Become a Multi Millionaire 🔷🐳 https://t.co/TDMkn0hFWw",1417877800867049476,2022-03-19 23:10:45+00:00,
20,1505320901490851842,"RT @scottmelker: #Bitcoin 

That’s it. That’s the tweet.",1360497186606260224,2022-03-19 23:10:45+00:00,
21,1505320901423865872,"In Japan, #XRP is religion. I love it! All works! #eth #ethereum #binance #bitcoin btc #ripple #crypto #cryptocurrency https://t.co/DrEjlLZj5a",1452958644115542028,2022-03-19 23:10:45+00:00,
22,1505320899234443273,We just know #XRP will moon #crypto #binance #cryptocurrency #bitcoin #btc https://t.co/kwWoRtAtnW,1468986243006484486,2022-03-19 23:10:44+00:00,
23,1505320897216983041,RT @Breedlove22: Who wants to see @adam3us and @JasonPLowery on The @WhatisMoneyShow for an in-depth conversation on the geopolitical aspec…,1333525641690550272,2022-03-19 23:10:44+00:00,
24,1505320896466194437,"RT @AirdropStario: 💧 SafeWallet Airdrop 💧

🏆 Task:        ➕ 175 SLT (~$3.5) for 1000 random participants

👨‍👩‍👧 Referral: ➕ 30,000 SLT (~$6…",1488374139844972545,2022-03-19 23:10:43+00:00,
25,1505320894784323590,We just know #XRP will moon #crypto #binance #cryptocurrency #bitcoin #btc https://t.co/3FJgMyHshY,1212656042603008000,2022-03-19 23:10:43+00:00,
26,1505320892640989184,"RT @Xposed: When Tom Brady wins another Super Bowl this year I’ll give 20 people who retweet this and are following me @xposed $1000. 

$20…",1310945309623808002,2022-03-19 23:10:42+00:00,
27,1505320892225761286,XRP is getting ready to take off to the moon! #altcoin #bitcoin #binance #xrp #ripple https://t.co/zKsVQndv61,1382922948361658373,2022-03-19 23:10:42+00:00,
28,1505320891462438916,We just know #XRP will moon #crypto #binance #cryptocurrency #bitcoin #btc https://t.co/c0Dt0jZUDf,1447398266585460742,2022-03-19 23:10:42+00:00,
29,1505320891214934020,"In Japan, #XRP is religion. I love it! All works! #eth #ethereum #binance #bitcoin btc #ripple #crypto #cryptocurrency https://t.co/I0yfpfGoO6",912029780429520896,2022-03-19 23:10:42+00:00,
30,1505320889810026497,"RT @chitaglorya__: giveaway 200$ | 2,800,000 IDR

-- rt follow @flagnetwork_NFT 

-- rt &amp; quoted their pinned with   #FlagNetwork  #cryptoc…",1475054457419284480,2022-03-19 23:10:42+00:00,
31,1505320888555618307,RT @longtermalts: Bitcoin is for Poors and Poors are not aware about it. #BTC #Bitcoin or are they?,17862903,2022-03-19 23:10:41+00:00,
32,1505320887884595214,XRP is getting ready to take off to the moon! #altcoin #bitcoin #binance #xrp #ripple https://t.co/ESsAxAhKvs,1454624040623149057,2022-03-19 23:10:41+00:00,
33,1505320886877896706,"In Japan, #XRP is religion. I love it! All works! #eth #ethereum #binance #bitcoin btc #ripple #crypto #cryptocurrency https://t.co/kYqkSbxvGB",2750152844,2022-03-19 23:10:41+00:00,
34,1505320885615579137,@Daveeesandavee BREAKING! 🚨🚨 There is one share that will change your life forever! AND NASDAQ Uplisting is soon! BNXA is the paypal of #crypto and #bitcoin #btc #eth #ethereum #doge https://t.co/rttY6VkDZy,1457084698274971650,2022-03-19 23:10:41+00:00,
35,1505320885431021570,"@JasonPLowery @saifedean Why do people insist on putting #Bitcoin  in a box? It’s amazing because it can be something different for each person. #Bitcoin  literally doesn’t care what you think it is, what you use it for, or who uses it. It’s just, Tick Tock another block. No true Bitcoiner is the enemy.",556184526,2022-03-19 23:10:41+00:00,
36,1505320884298391553,RT @GarethSoloway: Going to have some fun tonight and get my debate on. We will be talking Fundamentals vs. Technicals. #Bitcoin #Crypto #T…,1485503045580599296,2022-03-19 23:10:40+00:00,
37,1505320882608218114,"RT @rektcapital: Welcome back to $42,000 #BTC 

$BTC #Crypto #Bitcoin",1471667179439415296,2022-03-19 23:10:40+00:00,
38,1505320881488232454,"RT @AirdropDet: 🔍 New #Airdrop: Elite Cash

🏆 Total Airdrop Pool: 140,000 ELC [~$49,000]

🔴 Start the airdrop bot https://t.co/geX2YRhj5n…",465097136,2022-03-19 23:10:40+00:00,
39,1505320878745296897,"RT @AirdropDet: 🔍 New #Airdrop: YupVerse

💲 Reward: Up to 10M YuP (~$5) + 2M YuP (~$1,000) referral pool

🔴 Start the airdrop bot https://t…",1425717491750350855,2022-03-19 23:10:39+00:00,
40,1505320877449269252,RT @Diyojen777520: You can look at this coin to see fashion with real feelings in the virtual world and to feel the face and heart of fashi…,883686203794632704,2022-03-19 23:10:39+00:00,
41,1505320876862066690,"RT @CryptoHarry_: In relation to $UST and #bitcoin. 

🧵👇",2545769795,2022-03-19 23:10:39+00:00,
42,1505320876643958785,"RT @AirdropStario: 💧 SafeWallet Airdrop 💧

🏆 Task:        ➕ 175 SLT (~$3.5) for 1000 random participants

👨‍👩‍👧 Referral: ➕ 30,000 SLT (~$6…",1502413365456556034,2022-03-19 23:10:39+00:00,
43,1505320875511402499,"RT @XYOPepe: Wow $shping went to moon $0.0227! Craaaazzzy coin!

#shping 

Wen $xyo pump ?

#xyo #HODL 💎🙌

#cryptocrash #bitcoincrash #cryp…",4815260656,2022-03-19 23:10:38+00:00,
44,1505320871879184387,"Traders… Make sure you’re longing supports and shorting resistances. Stop trying to do it the other way around!

#BTC #Bitcoin #cryptotrading #tradingstrategy #altcoins #nft",2548778346,2022-03-19 23:10:38+00:00,
45,1505320870792859653,We just know #XRP will moon #crypto #binance #cryptocurrency #bitcoin #btc https://t.co/l6V4H2qPS0,1467916440116383748,2022-03-19 23:10:37+00:00,
46,1505320869404553216,XRP is getting ready to take off to the moon! #altcoin #bitcoin #binance #xrp #ripple https://t.co/0YS9Wxc8n6,1404969708164718592,2022-03-19 23:10:37+00:00,
47,1505320867852697601,"@flagnetwork_NFT Thanks for the information

@abracryptabra @kleo_cleo  @Cryptana55 
#FlagNetwork #IDO #cryptocurrency #Bitcoin #NFTs",1478766863094005760,2022-03-19 23:10:37+00:00,
48,1505320867215073288,We just know #XRP will moon #crypto #binance #cryptocurrency #bitcoin #btc https://t.co/i3oE04Y20X,1333605446163132416,2022-03-19 23:10:36+00:00,
49,1505320866053120003,"@gate_io @flokiinfo In the next decade, crypto will have evolved into many different categories. #floki will lead the metaverse and #Bitcoin will be the top currency https://t.co/adzf30axTr",1454678209476268035,2022-03-19 23:10:36+00:00,
