,id,text,author_id,created_at,geo
0,1505326953078960129,"In Japan, #XRP is religion. I love it! All works! #eth #ethereum #binance #bitcoin btc #ripple #crypto #cryptocurrency https://t.co/vzuz9MCANh",1422566844003540996,2022-03-19 23:34:47+00:00,
1,1505326952969916416,"hope the project will be successful
@MetaMask
@TrustWallet
@jiang2530 
 @ljxzhcn 
@binance
#NFTs
#FlagNetwork #IDO #cryptocurrency #Bitcoin https://t.co/0fZPgujdjo",1499583625720999937,2022-03-19 23:34:47+00:00,
2,1505326952772620289,RT @OrignalVentures: #Bitcoin #among #Candle Sandbox Price Prediction: Doji Candle Hints Indecision Among SAND traders; Hold Or sell?: For…,1479422974755147777,2022-03-19 23:34:47+00:00,
3,1505326951409532933,Get IN now don't be LATE #xrp #binance #cryptocurrency #bitcoin https://t.co/Lh0DHDdro4,125694355,2022-03-19 23:34:47+00:00,
4,1505326950797099014,RT @OrignalVentures: #Bitcoin #among #Candle Sandbox Price Prediction: Doji Candle Hints Indecision Among SAND traders; Hold Or sell?: For…,1451806052794519559,2022-03-19 23:34:47+00:00,
5,1505326950428155912,"RT @Mawsoninc: $MIGI's site in Georgia is currently powering to produce approx. 6.5 #Bitcoin a day. ⚡
“We wanted to make sure a big site wa…",1473609405262405634,2022-03-19 23:34:47+00:00,
6,1505326950340042753,"RT @40_and_proud: If you are a beginner @IXFIworld got you back cause here you can see some tricks for beginners https://t.co/Ynj4l9npHT

#…",1027033492474011652,2022-03-19 23:34:47+00:00,
7,1505326947932401665,The strongest bullish signal flashed for #XRP #bitcoin #btc #ethereum #eth https://t.co/swKhbzQP6Y,4861445187,2022-03-19 23:34:46+00:00,
8,1505326946976108546,We just know #XRP will moon #crypto #binance #cryptocurrency #bitcoin #btc https://t.co/VubdVekJi0,1461808148000522243,2022-03-19 23:34:46+00:00,
9,1505326946141491202,Get IN now don't be LATE #xrp #binance #cryptocurrency #bitcoin https://t.co/Vj7hDiDHaE,1405559675609772038,2022-03-19 23:34:46+00:00,
10,1505326945092874240,"RT @OrignalVentures: #Bitcoin #day #ETH Ethereum Flashes Ultra-Bullish Signal — Nearly 200,000 ETH Withdrawn From Exchanges In A Day ⋆ ZyCr…",1479422974755147777,2022-03-19 23:34:45+00:00,
11,1505326944593788932,Get IN now don't be LATE #xrp #binance #cryptocurrency #bitcoin https://t.co/HOGjsPHfcS,2199730356,2022-03-19 23:34:45+00:00,
12,1505326943708712960,"RT @OrignalVentures: #Bitcoin #day #ETH Ethereum Flashes Ultra-Bullish Signal — Nearly 200,000 ETH Withdrawn From Exchanges In A Day ⋆ ZyCr…",1451806052794519559,2022-03-19 23:34:45+00:00,
13,1505326941125107717,"RT @Mehrdad31046861: @kucoincom Make money! Prosecute scammers! All at the same time.
 
Make passive income in BNB rewards for holding $SPY…",1485276061009125381,2022-03-19 23:34:45+00:00,
14,1505326940680777728,"RT @Revolotto: 🏏World's Dangerous Cricketer
Greatest Batsman of All-time in Cricket

🌎Universe Boss - Chris Gayle extending his support and…",1437819221530976258,2022-03-19 23:34:44+00:00,
15,1505326938499411972,"RT @OrignalVentures: #Bitcoin #BTCUSD #prediction Bitcoin Price Prediction: BTC/USD Targets $45,000 Resistance: Bitcoin Price Prediction –…",1479422974755147777,2022-03-19 23:34:44+00:00,
16,1505326937673068544,"RT @AirdropDet: 🔍 New #Airdrop: YupVerse

💲 Reward: Up to 10M YuP (~$5) + 2M YuP (~$1,000) referral pool

🔴 Start the airdrop bot https://t…",1437610655402496006,2022-03-19 23:34:44+00:00,
17,1505326936767098882,"RT @OrignalVentures: #Bitcoin #BTCUSD #prediction Bitcoin Price Prediction: BTC/USD Targets $45,000 Resistance: Bitcoin Price Prediction –…",1451806052794519559,2022-03-19 23:34:44+00:00,
18,1505326935907389443,We just know #XRP will moon #crypto #binance #cryptocurrency #bitcoin #btc https://t.co/fBRgZNFhJK,1346027440032927744,2022-03-19 23:34:43+00:00,
19,1505326933902471170,"RT @airdropinspect: New airdrop: Prizefighter (RING)
Total Reward: $5,000 worth of RING
Rate: ⭐️⭐️⭐️⭐️
Winners: 1,000 Random &amp; Top 100
Dist…",1482580368608083969,2022-03-19 23:34:43+00:00,
20,1505326932950351874,XRP is getting ready to take off to the moon! #altcoin #bitcoin #binance #xrp #ripple https://t.co/L1eMyr30SZ,1207786985085112320,2022-03-19 23:34:43+00:00,
21,1505326930224160768,"RT @coins_anciant: 🇺🇦NEW NFT COIN🇺🇦
‼️BE the first owner of this coin in the NFT world‼️
...
20 lire 1852 Sardinia#069
...
PRICE: 0,03Eth
.…",1419683497753600005,2022-03-19 23:34:42+00:00,
22,1505326928957521927,"RT @Mehrdad31046861: @kucoincom Make money! Prosecute scammers! All at the same time.
 
Make passive income in BNB rewards for holding $SPY…",1485276061009125381,2022-03-19 23:34:42+00:00,
23,1505326928642945028,We just know #XRP will moon #crypto #binance #cryptocurrency #bitcoin #btc https://t.co/7v24Hv0maf,2793241006,2022-03-19 23:34:42+00:00,
24,1505326928512921608,"@BluesparrowC @bitfinex @BlueSparrowETH #BlueSparrow is a bridge between the stock market and crypto .. You will have both in the Blue Sparrow CEX
@BlueSparrowETH
@BluesparrowC
#BluesparrowCEX
#ETH
#BlueSparrow
#BlueSparrowtoken
#BlueSparrowCommunity
#bitcoin
#BestDrawToken
#Bluesparrowcharity
#Web3
#NFTCollection https://t.co/yKOTECNfmy",1475581054752894978,2022-03-19 23:34:42+00:00,
25,1505326927753760771,"RT @BaderJadoun: To Be Honest, I really believe that all #Saitama holders are gonna be rich very soon💰💰 #Saitama is the best project out th…",1372778141056307202,2022-03-19 23:34:41+00:00,
26,1505326926960943104,"RT @derekmross: Being bullish on the decentralization and security of the #Bitcoin network is one thing, but the fact that Bitcoin's Layer…",2691493267,2022-03-19 23:34:41+00:00,
27,1505326923769073664,"@CryptoCapo_ Funny enough I expect to see Luna @ 45 only after #bitcoin's drop, once we are bullish again. ~90% of $LUNA burning ist due to $UST minting for Anchor. And stablecoin fixed interest demand goes up when markets are bearish and down when markets are bullish.",1396046133819019272,2022-03-19 23:34:40+00:00,
28,1505326923311943683,"In Japan, #XRP is religion. I love it! All works! #eth #ethereum #binance #bitcoin btc #ripple #crypto #cryptocurrency https://t.co/xNTFUQQ1FS",1086226224328966144,2022-03-19 23:34:40+00:00,
29,1505326921499901955,Get IN now don't be LATE #xrp #binance #cryptocurrency #bitcoin https://t.co/ToEdAzOY7A,1323625424262320128,2022-03-19 23:34:40+00:00,
30,1505326917561593867,"RT @Coinsquare: 🍀 GIVEAWAY ALERT🍀
Happy #StPatricksDay!! To celebrate, we'll be choosing one lucky winner to win $1000 in #Bitcoin. Feeling…",1485777553344368641,2022-03-19 23:34:39+00:00,
31,1505326917125230593,"“We are, kind of, the SpaceX of the #Bitcoin world building much of the technology.”

Dr. @adam3us on how Blockstream is driving innovation. https://t.co/zDdC73RUQB",2307692107,2022-03-19 23:34:39+00:00,
32,1505326916668047361,"In Japan, #XRP is religion. I love it! All works! #eth #ethereum #binance #bitcoin btc #ripple #crypto #cryptocurrency https://t.co/35zlwBgWa7",1253171502872006656,2022-03-19 23:34:39+00:00,
33,1505326914440818688,We just know #XRP will moon #crypto #binance #cryptocurrency #bitcoin #btc https://t.co/Er4USnJDF8,3296383182,2022-03-19 23:34:38+00:00,
34,1505326914164375553,"RT @CarolainCrypt0: #Bitcoin is worth 42K right now!!

And what are you going to invest in?  show me your great project x 100!👇🏻👇🏻 https://…",1459116270297567238,2022-03-19 23:34:38+00:00,
35,1505326913908322308,"In Japan, #XRP is religion. I love it! All works! #eth #ethereum #binance #bitcoin btc #ripple #crypto #cryptocurrency https://t.co/6SXnzNzqNY",261441104,2022-03-19 23:34:38+00:00,
36,1505326910347173890,The strongest bullish signal flashed for #XRP #bitcoin #btc #ethereum #eth https://t.co/DuxiiaF5CV,1963203919,2022-03-19 23:34:37+00:00,
37,1505326909181378565,@ThePegxsu ALARM! 🚨🚨 There is one stock that will change your life forever! AND NASDAQ Listing is coming! BNXA is the gate of #crypto and #bitcoin #btc #eth #ethereum #doge https://t.co/rttY6VkDZy,1457084698274971650,2022-03-19 23:34:37+00:00,
38,1505326904932507658,Get IN now don't be LATE #xrp #binance #cryptocurrency #bitcoin https://t.co/XqrHjd2OQ7,1258603524721541120,2022-03-19 23:34:36+00:00,
39,1505326903221137410,"n Japan, #XRP is religion. I love it! All works! #eth #ethereum #binance #bitcoin btc #ripple #crypto #cryptocurrency

https://t.co/fT7xTCFm3Q",51498827,2022-03-19 23:34:36+00:00,
40,1505326901010874370,"@bopinion Save in the strongest money the world has ever seen

#Bitcoin",997145150127304705,2022-03-19 23:34:35+00:00,
41,1505326897617510403,"RT @WatcherGuru: Top 10 Coins Mentioned on Twitter in the last 24h

1. #Bitcoin 344,177
2. #ApeCoin 200,055
3. #Ethereum 128,776
4. #Cake 8…",1381105914069934085,2022-03-19 23:34:34+00:00,
42,1505326896648622081,"#Bitcoin #Accelerate #Adoption Billionaire Mike Novogratz Rules Out Bitcoin Being Used As Currency, Reveals What Will Accelerate BTC Adoption: Galaxy Digital CEO Mike Novogratz is unveiling...
 
 [[ This is a content summary only. Visit my website for… https://t.co/KTEzNMEu6y",1293449003716055040,2022-03-19 23:34:34+00:00,
43,1505326896376123395,We just know #XRP will moon #crypto #binance #cryptocurrency #bitcoin #btc https://t.co/XDW0O5hQ6s,1349813277799362562,2022-03-19 23:34:34+00:00,
44,1505326894362738688,XRP is getting ready to take off to the moon! #altcoin #bitcoin #binance #xrp #ripple https://t.co/jTcASWEtYE,4054587766,2022-03-19 23:34:33+00:00,
45,1505326892446097411,"RT @Mehrdad31046861: @kucoincom Make money! Prosecute scammers! All at the same time.
 
Make passive income in BNB rewards for holding $SPY…",1485276061009125381,2022-03-19 23:34:33+00:00,
46,1505326889669480448,XRP is getting ready to take off to the moon! #altcoin #bitcoin #binance #xrp #ripple https://t.co/Y7D9SBa0WZ,1150628834171072512,2022-03-19 23:34:32+00:00,
47,1505326887073067009,XRP is getting ready to take off to the moon! #altcoin #bitcoin #binance #xrp #ripple https://t.co/ifI4qQ9ZKT,1156964815836856325,2022-03-19 23:34:32+00:00,
48,1505326883235368963,"RT @Mehrdad31046861: @kucoincom Did you get scammed? The good guys are here and we’ve got your back!
 
20% #scamsurvivor Charity! 20% chari…",1485276061009125381,2022-03-19 23:34:31+00:00,
49,1505326882182426625,We just know #XRP will moon #crypto #binance #cryptocurrency #bitcoin #btc https://t.co/9w8TIdZoA8,1428523706658209792,2022-03-19 23:34:30+00:00,
