,id,text,author_id,created_at,geo
0,1505315627413745667,"In Japan, #XRP is religion. I love it! All works! #eth #ethereum #binance #bitcoin btc #ripple #crypto #cryptocurrency https://t.co/rCbVfwmrOo",1343567872082132994,2022-03-19 22:49:47+00:00,
1,1505315626230816769,We just know #XRP will moon #crypto #binance #cryptocurrency #bitcoin #btc https://t.co/TixLX2QihL,3136384237,2022-03-19 22:49:47+00:00,
2,1505315626147004418,"@MetaLadies_ #shinja #ShinjaSeason
#DubaiExpo2022
#DubaiCryptoExpo

#DOJOSWAP listing #Token
#Selena_Inu
#flokimusk
#saitanobi
#bobatama
#threeohdao
#YetiCoin
#kuonotori
#planataso

#shiba #Ceek #mana #raca #xrp
#altcoin #AVAX #dogecoin
#BabyDoge #GALA
@cz_binance @elonmusk #Bitcoin #ethereum https://t.co/84MGSg4UH9",1502671018623750145,2022-03-19 22:49:47+00:00,
3,1505315625585061890,"RT @LunarCrush: 🔍 Top 10 current trending searches on #LunarCrush.

$zec #zcash
$mrx #metrixcoin
$vra #verasity
$jasmy #jasmycoin
$xrp #xrp…",1496980756253622286,2022-03-19 22:49:47+00:00,
4,1505315625354375169,The strongest bullish signal flashed for #XRP #bitcoin #btc #ethereum #eth https://t.co/6k59sx7v5A,1144501907777392642,2022-03-19 22:49:47+00:00,
5,1505315624574144513,"RT @SyedZaib15: @GiveAwayHost World 1st bitcoin transection NFT  

https://t.co/emFH7mWmGG    

@opensea 

#Bitcoin  #nft #BinanceNFT #Poly…",21980603,2022-03-19 22:49:46+00:00,
6,1505315624305713157,We just know #XRP will moon #crypto #binance #cryptocurrency #bitcoin #btc https://t.co/XA79JP5AfT,1202823776888442880,2022-03-19 22:49:46+00:00,
7,1505315623345270784,RT @rovercrc: Next week will be huge for #Bitcoin,1490828088493682689,2022-03-19 22:49:46+00:00,
8,1505315621818486786,"RT @Saving_rhinos_: 11000 unique Rhinos in polygon chain
The purpose of this collection is to save and support rhinos
https://t.co/HOIOGgcz…",1419683497753600005,2022-03-19 22:49:46+00:00,
9,1505315619528445954,"@GiveAwayHost World 1st bitcoin transection NFT  

https://t.co/emFH7mWmGG    

@opensea 

#Bitcoin  #nft #BinanceNFT #PolygonNFT #legend #100xgem #NFT #memoriesNFTseller #NFTs #opensea #OpenSeaNFT",1320236448575033344,2022-03-19 22:49:45+00:00,
10,1505315618475683842,XRP is getting ready to take off to the moon! #altcoin #bitcoin #binance #xrp #ripple https://t.co/X6o9VMJ6zE,1294117293140647936,2022-03-19 22:49:45+00:00,
11,1505315616416141322,"In Japan, #XRP is religion. I love it! All works! #eth #ethereum #binance #bitcoin btc #ripple #crypto #cryptocurrency https://t.co/5okMtorIhm",4198290082,2022-03-19 22:49:45+00:00,
12,1505315616311635969,"@AirdropDet Good project
@MdAlami98429451 
@arabi055 
@MDRidoy42114541 #Airdrops #Goldfingr #Bitcoin #AirdropDetective",1459980586202791936,2022-03-19 22:49:44+00:00,
13,1505315616131014661,"Start investing now and start earning good money based on weekly inbox me on how to get started .
#cryptocurrency #bitcoin #crypto #blockchain #london #forex #money #ethereum #btc #trading #forextrader #investing #entrepreneur #investment #blockchaintechnology #success #mancheste https://t.co/pCdD4ZinMR",1504611207575220229,2022-03-19 22:49:44+00:00,
14,1505315614579212290,The strongest bullish signal flashed for #XRP #bitcoin #btc #ethereum #eth https://t.co/KnRKP3prPc,1396404092851736577,2022-03-19 22:49:44+00:00,
15,1505315612691685384,"In Japan, #XRP is religion. I love it! All works! #eth #ethereum #binance #bitcoin btc #ripple #crypto #cryptocurrency https://t.co/gS1vVtyUWO",1339985091817304066,2022-03-19 22:49:44+00:00,
16,1505315611643105284,The strongest bullish signal flashed for #XRP #bitcoin #btc #ethereum #eth https://t.co/LyOS8bM0Tf,1416940205198675973,2022-03-19 22:49:43+00:00,
17,1505315611382935552,We just know #XRP will moon #crypto #binance #cryptocurrency #bitcoin #btc https://t.co/lNgRzWdqMK,1249953545291522049,2022-03-19 22:49:43+00:00,
18,1505315610221232134,@rairesz @TheMoonCarl Dm if you want to know when to buy and sell your #bitcoin And I also teach you how to understand the market.,1481242239862915076,2022-03-19 22:49:43+00:00,
19,1505315608178884608,"RT @airdropinspect: New airdrop: Prizefighter (RING)
Total Reward: $5,000 worth of RING
Rate: ⭐️⭐️⭐️⭐️
Winners: 1,000 Random &amp; Top 100
Dist…",1367503721417048075,2022-03-19 22:49:43+00:00,
20,1505315608061120513,XRP is getting ready to take off to the moon! #altcoin #bitcoin #binance #xrp #ripple https://t.co/acV7HChmT9,1396576201,2022-03-19 22:49:43+00:00,
21,1505315607734067203,Get IN now don't be LATE #xrp #binance #cryptocurrency #bitcoin https://t.co/IEqiF2Y0RN,1386383395781898241,2022-03-19 22:49:42+00:00,
22,1505315607385935873,"RT @AirdropStario: 💧 SafeWallet Airdrop 💧

🏆 Task:        ➕ 175 SLT (~$3.5) for 1000 random participants

👨‍👩‍👧 Referral: ➕ 30,000 SLT (~$6…",1500441399669493762,2022-03-19 22:49:42+00:00,
23,1505315607323066368,We just know #XRP will moon #crypto #binance #cryptocurrency #bitcoin #btc https://t.co/yZ6tsQyIwe,1380805645633527809,2022-03-19 22:49:42+00:00,
24,1505315607213920261,Get IN now don't be LATE #xrp #binance #cryptocurrency #bitcoin https://t.co/uiaDLH2B1i,1267657213566320641,2022-03-19 22:49:42+00:00,
25,1505315606370799622,We just know #XRP will moon #crypto #binance #cryptocurrency #bitcoin #btc https://t.co/opNbeElJiG,3319266389,2022-03-19 22:49:42+00:00,
26,1505315606132047875,"RT @CarolainCrypt0: #Bitcoin is worth 42K right now!!

And what are you going to invest in?  show me your great project x 100!👇🏻👇🏻 https://…",1392509170411184132,2022-03-19 22:49:42+00:00,
27,1505315599248994307,Get IN now don't be LATE #xrp #binance #cryptocurrency #bitcoin https://t.co/6LW7CMysly,1409311401852628997,2022-03-19 22:49:40+00:00,
28,1505315599190220805,Get IN now don't be LATE #xrp #binance #cryptocurrency #bitcoin https://t.co/V3Xo8iItjO,130794450,2022-03-19 22:49:40+00:00,
29,1505315598640762897,The strongest bullish signal flashed for #XRP #bitcoin #btc #ethereum #eth https://t.co/IR6k6jeKLL,1459485430638804995,2022-03-19 22:49:40+00:00,
30,1505315596208336897,"RT @airdropinspect: New airdrop: Prizefighter (RING)
Total Reward: $5,000 worth of RING
Rate: ⭐️⭐️⭐️⭐️
Winners: 1,000 Random &amp; Top 100
Dist…",1472065429304578048,2022-03-19 22:49:40+00:00,
31,1505315596149440515,"In Japan, #XRP is religion. I love it! All works! #eth #ethereum #binance #bitcoin btc #ripple #crypto #cryptocurrency https://t.co/I10IXflTgh",1392527272553467909,2022-03-19 22:49:40+00:00,
32,1505315594278637569,XRP is getting ready to take off to the moon! #altcoin #bitcoin #binance #xrp #ripple https://t.co/HA6WCXAZMG,1335051738764640256,2022-03-19 22:49:39+00:00,
33,1505315594094231552,XRP is getting ready to take off to the moon! #altcoin #bitcoin #binance #xrp #ripple https://t.co/jXLJbU7C42,1460183606530228226,2022-03-19 22:49:39+00:00,
34,1505315593146322954,We just know #XRP will moon #crypto #binance #cryptocurrency #bitcoin #btc https://t.co/gqucYPqytD,1416721453563531271,2022-03-19 22:49:39+00:00,
35,1505315592189980672,RT @WatcherGuru: JUST IN: PayPal co-founder says the “biggest mistake I made in the last decade was getting too late and too little into #B…,1490828088493682689,2022-03-19 22:49:39+00:00,
36,1505315591623790593,"RT @AirdropStario: 💧 SafeWallet Airdrop 💧

🏆 Task:        ➕ 175 SLT (~$3.5) for 1000 random participants

👨‍👩‍👧 Referral: ➕ 30,000 SLT (~$6…",1484667570598801408,2022-03-19 22:49:39+00:00,
37,1505315590919106562,"In Japan, #XRP is religion. I love it! All works! #eth #ethereum #binance #bitcoin btc #ripple #crypto #cryptocurrency https://t.co/YlHTYWzvIW",1304508601894162433,2022-03-19 22:49:38+00:00,
38,1505315588817645570,We just know #XRP will moon #crypto #binance #cryptocurrency #bitcoin #btc https://t.co/zbHJuEGngi,1476888550306160641,2022-03-19 22:49:38+00:00,
39,1505315587228332032,Get IN now don't be LATE #xrp #binance #cryptocurrency #bitcoin https://t.co/OxHDcqF1yQ,720628902238887937,2022-03-19 22:49:38+00:00,
40,1505315585915330560,XRP is getting ready to take off to the moon! #altcoin #bitcoin #binance #xrp #ripple https://t.co/nj8Rt4fo3s,512422627,2022-03-19 22:49:37+00:00,
41,1505315585831636992,#bitcoin today in accumulation zone,1472922518553985024,2022-03-19 22:49:37+00:00,
42,1505315584367816704,"RT @airdropinspect: New airdrop: Prizefighter (RING)
Total Reward: $5,000 worth of RING
Rate: ⭐️⭐️⭐️⭐️
Winners: 1,000 Random &amp; Top 100
Dist…",1445156991249174531,2022-03-19 22:49:37+00:00,
43,1505315581330956290,"Oof... 

Cause when you feel it....you know
Avail on @KnownOrigin_io
https://t.co/sF6DalT9eF

#nfts #nft #nftart #nftcommunity #nftcollector #nftartist #cryptoart #digitalart #art #crypto #ethereum #nftcollectors #bitcoin #cryptocurrency #3D #cryptoartist #nftcollectibles https://t.co/lwThTvw1Nt",1345859857,2022-03-19 22:49:36+00:00,
44,1505315581075271681,"RT @CarolainCrypt0: #Bitcoin is worth 42K right now!!

And what are you going to invest in?  show me your great project x 100!👇🏻👇🏻 https://…",1394306966508367878,2022-03-19 22:49:36+00:00,
45,1505315577186996229,"RT @BitcoinMagazine: 💥 #Bitcoin's Lightning Network can currently perform over 1,000 times as much transactions as Visa  https://t.co/4FcvY…",1498574006613598210,2022-03-19 22:49:35+00:00,
46,1505315576432013320,"RT @airdropinspect: New airdrop: Prizefighter (RING)
Total Reward: $5,000 worth of RING
Rate: ⭐️⭐️⭐️⭐️
Winners: 1,000 Random &amp; Top 100
Dist…",1436590165686829057,2022-03-19 22:49:35+00:00,
47,1505315575614132226,We just know #XRP will moon #crypto #binance #cryptocurrency #bitcoin #btc https://t.co/YAsuXTiqip,1471365967208980485,2022-03-19 22:49:35+00:00,
48,1505315574339014658,"@Selcoin #shinja #ShinjaSeason
#DubaiExpo2022
#DubaiCryptoExpo

#DOJOSWAP listing #Token
#Selena_Inu
#flokimusk
#saitanobi
#bobatama
#threeohdao
#YetiCoin
#kuonotori
#planataso

#shiba #Ceek #mana #raca #xrp
#altcoin #AVAX #dogecoin
#BabyDoge #GALA
@cz_binance @elonmusk #Bitcoin #ethereum https://t.co/pYvxMTeatP",1502671018623750145,2022-03-19 22:49:34+00:00,
