,id,text,author_id,created_at,geo
0,1505327205148250112,"In Japan, #XRP is religion. I love it! All works! #eth #ethereum #binance #bitcoin btc #ripple #crypto #cryptocurrency https://t.co/JJC4NrSCIW",212265846,2022-03-19 23:35:47+00:00,
1,1505327202186969089,"hope the project will be successful
@MetaMask
@TrustWallet
@jiang2530 
 @ljxzhcn 
@binance
#NFTs
#FlagNetwork #IDO #cryptocurrency #Bitcoin https://t.co/Wb8jlADekf",1496120409208541197,2022-03-19 23:35:47+00:00,
2,1505327201817747457,"In Japan, #XRP is religion. I love it! All works! #eth #ethereum #binance #bitcoin btc #ripple #crypto #cryptocurrency https://t.co/86YaR44LHq",1729680714,2022-03-19 23:35:47+00:00,
3,1505327201235124224,"RT @AirdropStario: 💧 Bee-Trade Finance Airdrop 💧

📍 Audited by: CertiK

🏆 Task:          ➕  Up to 36 BTF (~$51,48)

👨‍👩‍👧 Referral:   ➕  5…",1461130307575238660,2022-03-19 23:35:47+00:00,
4,1505327199066415104,"RT @Marii6771: Make money!Prosecute scammers!All at the same time
Make passive income in BNB rewards for holding $SPY
Your rewards accumula…",1485276061009125381,2022-03-19 23:35:46+00:00,
5,1505327198198149120,"RT @Revolotto: 🏏World's Dangerous Cricketer
Greatest Batsman of All-time in Cricket

🌎Universe Boss - Chris Gayle extending his support and…",1500257560850415618,2022-03-19 23:35:46+00:00,
6,1505327196692439040,RT @Bergani43: @Altcoin_Mark https://t.co/Mrznmc2svb SHINJA WILL CHANGE LIVES IN THE GAMING INDUSTRY..🤯🥷🔥👀‼️ #shinja #Shibnobi #ShinjaSeaso…,1498781970846949376,2022-03-19 23:35:45+00:00,
7,1505327190849773570,"RT @prodoodleclub: NFT Giveaway 🎁

🏆 1 winner 

To participate:
Follow + ♥️ + ♻️

#NFTGiveaway #Doodle #NFTCollection #ProDoodle #Airdrop #…",1498994243494453253,2022-03-19 23:35:44+00:00,
8,1505327190476472323,"RT @Marii6771: Do you want TRUE SAFU investing?
Go to https://t.co/1Mo7qdcgFO for crypto research!
We list scams, potential scams, trusted…",1485276061009125381,2022-03-19 23:35:44+00:00,
9,1505327189646008323,"RT @BaderJadoun: To Be Honest, I really believe that all #Saitama holders are gonna be rich very soon💰💰 #Saitama is the best project out th…",1440008425652506627,2022-03-19 23:35:44+00:00,
10,1505327186500546561,"RT @chitaglorya__: giveaway 200$ | 2,800,000 IDR

-- rt follow @flagnetwork_NFT 

-- rt &amp; quoted their pinned with   #FlagNetwork  #cryptoc…",1452143223153971208,2022-03-19 23:35:43+00:00,
11,1505327186110291968,We just know #XRP will moon #crypto #binance #cryptocurrency #bitcoin #btc https://t.co/toQGCG7DRG,1438259223310262281,2022-03-19 23:35:43+00:00,
12,1505327186068209665,"RT @airdropinspect: New airdrop: Ubiquity DAO (USDT)
Total Reward: 2,500 USDT
Rate: ⭐️⭐️⭐️⭐️
Winners: 1,000 Random &amp; Top 100
Distribution:…",1431553334184271874,2022-03-19 23:35:43+00:00,
13,1505327182775611393,"BTC supply shock imminent. ULTRA BULLISH!!!
#btc #bitcoin https://t.co/UShj2npRtY",900910231,2022-03-19 23:35:42+00:00,
14,1505327181626736645,"RT @airdropinspect: New airdrop: Prizefighter (RING)
Total Reward: $5,000 worth of RING
Rate: ⭐️⭐️⭐️⭐️
Winners: 1,000 Random &amp; Top 100
Dist…",1495734211214381065,2022-03-19 23:35:42+00:00,
15,1505327175116992517,XRP is getting ready to take off to the moon! #altcoin #bitcoin #binance #xrp #ripple https://t.co/wFNSDFKPp5,1479035826298359815,2022-03-19 23:35:40+00:00,
16,1505327174072647680,"RT @Marii6771: Did you get scammed?The good guys are here and we’ve got your back!
20% #scamsurvivor Charity! 20% charity in #SPY
Join us i…",1485276061009125381,2022-03-19 23:35:40+00:00,
17,1505327170570567682,"RT @Revolotto: 🏏World's Dangerous Cricketer
Greatest Batsman of All-time in Cricket

🌎Universe Boss - Chris Gayle extending his support and…",1499980532196974592,2022-03-19 23:35:39+00:00,
18,1505327168481640450,"In Japan, #XRP is religion. I love it! All works! #eth #ethereum #binance #bitcoin btc #ripple #crypto #cryptocurrency https://t.co/osgghFpOzg",1434793089604800512,2022-03-19 23:35:39+00:00,
19,1505327167529488384,The strongest bullish signal flashed for #XRP #bitcoin #btc #ethereum #eth https://t.co/Bia4UPLmpB,51408460,2022-03-19 23:35:39+00:00,
20,1505327167323836417,"RT @BilliamThorson: Nine years ago, Hal Finney wrote one of his last posts. He was a visionary, a cypherpunk, and the first person, besides…",1463978645555331095,2022-03-19 23:35:38+00:00,
21,1505327165797289986,"RT @binance: 💰 $10,000 giveaway 💰
 
Post your #BitcoinButton result to enter!
 
Rules:
🔸 Retweet this post
🔸 Follow @Binance
🔸 Play #Bitcoi…",1472144881619509248,2022-03-19 23:35:38+00:00,
22,1505327165100810241,"RT @Revolotto: 🏏World's Dangerous Cricketer
Greatest Batsman of All-time in Cricket

🌎Universe Boss - Chris Gayle extending his support and…",1502266748560556032,2022-03-19 23:35:38+00:00,
23,1505327163091787778,"RT @airdropinspect: New airdrop: Ubiquity DAO (USDT)
Total Reward: 2,500 USDT
Rate: ⭐️⭐️⭐️⭐️
Winners: 1,000 Random &amp; Top 100
Distribution:…",1446382122680287235,2022-03-19 23:35:37+00:00,
24,1505327162525888513,"RT @Trader4lyf: We buy when others cry

We sell when many are caught up under the Bubble’s spell

#Crypto #Bitcoin #1000xGems",914048772,2022-03-19 23:35:37+00:00,
25,1505327161309286402,The strongest bullish signal flashed for #XRP #bitcoin #btc #ethereum #eth https://t.co/GCHKCZbYwE,1453712872203227140,2022-03-19 23:35:37+00:00,
26,1505327160625664003,"RT @elitecash_io: #Bitcoin and other #cryptocurrencies have certainly changed the way how we bank.

To understand #crypto, you must underst…",1329910948044259328,2022-03-19 23:35:37+00:00,
27,1505327159736520711,The strongest bullish signal flashed for #XRP #bitcoin #btc #ethereum #eth https://t.co/7OsV1WzzOX,250562204,2022-03-19 23:35:37+00:00,
28,1505327158708764673,We just know #XRP will moon #crypto #binance #cryptocurrency #bitcoin #btc https://t.co/5T6ukPAAqp,1457333379532267526,2022-03-19 23:35:36+00:00,
29,1505327156951461890,"@BluesparrowC @bitfinex @BlueSparrowETH #BlueSparrow is a bridge between the stock market and crypto .. You will have both in the Blue Sparrow CEX
@BlueSparrowETH
@BluesparrowC
#BluesparrowCEX
#ETH
#BlueSparrow
#BlueSparrowtoken
#BlueSparrowCommunity
#bitcoin
#BestDrawToken
#Bluesparrowcharity
#Web3
#NFTCollection https://t.co/YnxslDlX2D",1475581054752894978,2022-03-19 23:35:36+00:00,
30,1505327154803867648,"RT @Revolotto: 🏏World's Dangerous Cricketer
Greatest Batsman of All-time in Cricket

🌎Universe Boss - Chris Gayle extending his support and…",1278548088815116289,2022-03-19 23:35:35+00:00,
31,1505327153251971074,We just know #XRP will moon #crypto #binance #cryptocurrency #bitcoin #btc https://t.co/5iDg5e1T2C,1623643454,2022-03-19 23:35:35+00:00,
32,1505327153076137984,"RT @airdropinspect: New airdrop: Retoken (USDT)
Total Reward: 2,000 USDT
Rate: ⭐️⭐️⭐️⭐️
Winners: 700 Random &amp; Top 50
Distribution: within a…",1474663698568417281,2022-03-19 23:35:35+00:00,
33,1505327151947595780,"RT @Apecointrader1: 1 BIG GIVEAWAY SOON WE HIT 85 FOLLOWERS NEXT GOAL IS 100 💯 SO FOLLOW AND RETWEET 

#NFTCommunity  #Bitcoin #BTC #crypto…",1503800894055407625,2022-03-19 23:35:35+00:00,
34,1505327148646678529,"RT @AirdropDet: 🔍 New #Airdrop: YupVerse

💲 Reward: Up to 10M YuP (~$5) + 2M YuP (~$1,000) referral pool

🔴 Start the airdrop bot https://t…",1502783416122683395,2022-03-19 23:35:34+00:00,
35,1505327147606441985,"In Japan, #XRP is religion. I love it! All works! #eth #ethereum #binance #bitcoin btc #ripple #crypto #cryptocurrency https://t.co/HNv2tdtDcR",1349725017530126337,2022-03-19 23:35:34+00:00,
36,1505327146725695488,We just know #XRP will moon #crypto #binance #cryptocurrency #bitcoin #btc https://t.co/500Z9KWTrN,1096012411453075457,2022-03-19 23:35:34+00:00,
37,1505327146600116225,"RT @Revolotto: 🏏World's Dangerous Cricketer
Greatest Batsman of All-time in Cricket

🌎Universe Boss - Chris Gayle extending his support and…",1425488305366339588,2022-03-19 23:35:34+00:00,
38,1505327146104983555,"In Japan, #XRP is religion. I love it! All works! #eth #ethereum #binance #bitcoin btc #ripple #crypto #cryptocurrency https://t.co/9xcrdVCsJt",1381239189539221506,2022-03-19 23:35:33+00:00,
39,1505327142216867841,"You think #Bitcoin  is the best store of value?
Then its obvious that #DeFi on #BTC is the best way of creating value in finance…
Check out #NativeDeFi with $DFI on @defichain @cakedefi

👉$30 free $dfi w/ code 788689 on @cakedefi if you prefer an easy UX https://t.co/eBexS0v6cf https://t.co/NNbFZsVpc7",3377662565,2022-03-19 23:35:32+00:00,
40,1505327142204289028,"RT @StarJetofficial: Star-Jet AIRDROP Live ♤
 5,000 FOR EACH SUCCESSFUL ENTRY 
 500 FOR EACH REFERRAL!

 AIRDROP FORM : https://t.co/RR5jVv…",1437741119484346369,2022-03-19 23:35:32+00:00,
41,1505327141541580800,The strongest bullish signal flashed for #XRP #bitcoin #btc #ethereum #eth https://t.co/iGx0iG2hdH,758628473430769664,2022-03-19 23:35:32+00:00,
42,1505327137921945602,"In Japan, #XRP is religion. I love it! All works! #eth #ethereum #binance #bitcoin btc #ripple #crypto #cryptocurrency https://t.co/zH5sLNLLj9",1467225305244966922,2022-03-19 23:35:31+00:00,
43,1505327137624309760,RT @MatthewHyland_: BREAKING: #Bitcoin has been in a monthly uptrend of higher highs and higher lows for over two years now 🚨,968648266303774720,2022-03-19 23:35:31+00:00,
44,1505327136189595653,"RT @prodoodleclub: NFT Giveaway 🎁

🏆 1 winner 

To participate:
Follow + ♥️ + ♻️

#NFTGiveaway #Doodle #NFTCollection #ProDoodle #Airdrop #…",1498994243494453253,2022-03-19 23:35:31+00:00,
45,1505327136009342976,"RT @hhenrytx: 5 years ago #Bitcoin on this day was $1,256. And today is $42,012. In the nearest  future it will be $100,000 and then finall…",760052005,2022-03-19 23:35:31+00:00,
46,1505327135791136773,The strongest bullish signal flashed for #XRP #bitcoin #btc #ethereum #eth https://t.co/7UCZnKQgDf,1432429033229328385,2022-03-19 23:35:31+00:00,
47,1505327134914531328,Get IN now don't be LATE #xrp #binance #cryptocurrency #bitcoin https://t.co/wb5sf4YHcH,84869105,2022-03-19 23:35:31+00:00,
48,1505327133341724675,Get IN now don't be LATE #xrp #binance #cryptocurrency #bitcoin https://t.co/5V8scFq0Sg,237146766,2022-03-19 23:35:30+00:00,
