,id,text,author_id,created_at,geo
0,1505593256641699840,"This amazing faucet from @_bitcoiner is making me tweet this to claim my free Lightning sats. ⚡

@boltcoiner unlock me febddb70-4b3d-4ceb-bc8d-e1fde5f15d64

#Bitcoin #BTC #LN #LightningNetwork #boltcoiner
https://t.co/AhxnGt4OfC",1494385440115552256,2022-03-20 17:12:59+00:00,
1,1505593254330347521,"RT @metabot_bsc: ✔️ Robot Warriors Airdrop (New Round) is live!

🔵 Airdrop Reward: Up to 400 METABOT

🔵 Referral Reward: 200,000 METABOT re…",1455880618076565506,2022-03-20 17:12:59+00:00,
2,1505593253986545666,"Waykichain project has Modern technologies, a good team, fast dynamics of development. best of luck. Thank you for keeping us informed of all events and actively developing the project!  
#WICC #Waykichain #blockchain #crypto #bitcoin #ethereum  https://t.co/myxLZ5gYiY",914318674403540993,2022-03-20 17:12:58+00:00,
3,1505593251952095237,"RT @AirdropDet: 🔍 New #Airdrop: YupVerse

💲 Reward: Up to 10M YuP (~$5) + 2M YuP (~$1,000) referral pool

🔴 Start the airdrop bot https://t…",1447837146933448704,2022-03-20 17:12:58+00:00,
4,1505593245845569537,"RT @AirdropStario: 💧 CRAT Airdrop 💧

🏆 Task:         ➕  $50 worth of CRAT for 1000 random participants each

👨‍👩‍👧 Referral:  ➕  $100 worth…",486437158,2022-03-20 17:12:57+00:00,
5,1505593241483177988,"RT @MRroy_AKA: FLUPPER the newest subs for 
@kaleidoscopexcp

early price on #XCP
https://t.co/gl6cEwiXQI

dispenser 40/40
https://t.co/8W2…",601036867,2022-03-20 17:12:55+00:00,
6,1505593239185035265,"RT @AirdropDet: 🔍 New #Airdrop: Battle World

💲 Reward: Up to 500 BWO (~$20) + 500K BWO (~$20K) referral pool

🔴 Start the airdrop bot http…",819423352917991424,2022-03-20 17:12:55+00:00,
7,1505593236739420161,"RT @AirdropStario: 💧 SafeWallet Airdrop 💧

🏆 Task:        ➕ 175 SLT (~$3.5) for 1000 random participants

👨‍👩‍👧 Referral: ➕ 30,000 SLT (~$6…",1471789515698151426,2022-03-20 17:12:54+00:00,
8,1505593233451384832,"RT @LunoGlobal: Your #bitcoin journey starts with Luno – the safest and easiest way to invest in cryptocurrency. 

Try it for yourself toda…",1362064659914756096,2022-03-20 17:12:54+00:00,
9,1505593230062088199,"RT @ICOAnnouncement: 🎙 New Project

🔷 SteamPad (STPD)

🔶 SteamPad is a decentralized launchpad based on the Binance Smart Chain

🔶 Details:…",1395476799534993408,2022-03-20 17:12:53+00:00,
10,1505593229726531589,"RT @p2ePrizeFighter: Who will be the next challenger?
(Screenshot from Actual Gameplay)

#nft #nftart #art #digitalart #nfts #nftartist #cr…",1123715586901594112,2022-03-20 17:12:53+00:00,
11,1505593223380713477,"RT @mercury_token: Mercury token info:
Name: Mercury Token

🏆 Task:          ➕  1,25,000 MER to each participants.

👨‍👩‍👧 Referral:   ➕  25…",1241457331206004745,2022-03-20 17:12:51+00:00,
12,1505593222470414343,"RT @AirdropDet: 🔍 New #Airdrop: YupVerse

💲 Reward: Up to 10M YuP (~$5) + 2M YuP (~$1,000) referral pool

🔴 Start the airdrop bot https://t…",1453954275592204292,2022-03-20 17:12:51+00:00,
13,1505593218796118023,"RT @BitcoinMagazine: 💥 In 17 days, the biggest #Bitcoin  conference in history kicks off in Miami 👀",1465673829401841678,2022-03-20 17:12:50+00:00,
14,1505593217391157248,RT @Meta_UFO: #bitcoin and #MetaUFO have no inflation.,1505591866737233928,2022-03-20 17:12:50+00:00,
15,1505593215075815424,"RT @AirdropStario: 💧 CRAT Airdrop 💧

🏆 Task:         ➕  $50 worth of CRAT for 1000 random participants each

👨‍👩‍👧 Referral:  ➕  $100 worth…",1437006598170316800,2022-03-20 17:12:49+00:00,
16,1505593214593556488,"RT @saylor: If you don't understand money, you won't understand #bitcoin.",1363994166015967235,2022-03-20 17:12:49+00:00,
17,1505593214090326020,"RT @TrishHaines3: @clif_high Know your local (country) WEFers. Vote them out, or ostracize them.
Buy all the #bitcoin you can.
Here's ""cryp…",926963871688134656,2022-03-20 17:12:49+00:00,
18,1505593213695844352,"RT @AirdropStario: 💧 CRAT Airdrop 💧

🏆 Task:         ➕  $50 worth of CRAT for 1000 random participants each

👨‍👩‍👧 Referral:  ➕  $100 worth…",1471789515698151426,2022-03-20 17:12:49+00:00,
19,1505593211380662275,"RT @AirdropStario: 💧 Hero Arena Airdrop 💧

📍 Listed on: CoinMarketCap, PancakeSwap

🏆 Task: ➕  100 HERA (~$4) for 3000 random participants…",1444714368801726465,2022-03-20 17:12:48+00:00,
20,1505593210978160641,"Waykichain come with 100% on-chain prediction with reviewable smart contracts. This ensure that your crypto funds are always safe on a transparent, fairplay games.  
#WICC #Waykichain #blockchain #crypto #bitcoin #ethereum  https://t.co/myxLZ5gYiY",914318674403540993,2022-03-20 17:12:48+00:00,
21,1505593209329795080,RT @Vince_Prince_: The Canadian Purpose #Bitcoin ETF is accumulating as increased holdings during the dip show. https://t.co/06O2nF7C2Z,399594332,2022-03-20 17:12:48+00:00,
22,1505593202761478147,RT @Bitcoin: Probably not going to happen on the #Bitcoin network. https://t.co/57Dj7KthFV,1296706801665269760,2022-03-20 17:12:46+00:00,
23,1505593202069364748,"RT @AirdropAchiever: New Whitelist: STMAN × FamCentral
Allocation: ≤ 30 BUSD (TBA)
Winners: All Participants
End Date: 22nd March, 2022

🔗…",1464221728943583232,2022-03-20 17:12:46+00:00,
24,1505593201914269701,"RT @AirdropDet: 🔍 New #Airdrop: YupVerse

💲 Reward: Up to 10M YuP (~$5) + 2M YuP (~$1,000) referral pool

🔴 Start the airdrop bot https://t…",1505477510028578816,2022-03-20 17:12:46+00:00,
25,1505593200638976002,"RT @airdropinspect: New airdrop: Prizefighter (RING)
Total Reward: $5,000 worth of RING
Rate: ⭐️⭐️⭐️⭐️
Winners: 1,000 Random &amp; Top 100
Dist…",1381252366796660743,2022-03-20 17:12:46+00:00,
26,1505593197589721089,"#BlueSparrow is a bridge between the stock market and crypto .. You will have both in the Blue Sparrow CEX
#ETH
#BlueSparrow
#BlueSparrowtoken
#BlueSparrowCommunity
#BestDrawToken
#Bluesparrowcharity
@BlueSparrowETH
#web3
#Bitcoin
@BluesparrowC https://t.co/lVta4c8a5b",1482419810466107397,2022-03-20 17:12:45+00:00,
27,1505593196314824705,"RT @rovercrc: #Bitcoin to $50,000 next week!",1219761809374269441,2022-03-20 17:12:45+00:00,
28,1505593193953632257,"RT @AirdropStario: 💧 RPGC Airdrop 💧

🏆 Task:         ➕  $8 worth of RPGC for 2000 random participants each.

👨‍👩‍👧 Referral:  ➕  $40 worth…",1423646484528988160,2022-03-20 17:12:44+00:00,
29,1505593192934420482,RT @foxycuddels: When next big move for #bitcoin is going to happen?,1484520042494849028,2022-03-20 17:12:44+00:00,
30,1505593192124755975,"RT @BitSler: 👩‍🎤#DOTA2 👩‍🎤 in 15 min
🏆 DPC CN 2021/2022 Tour 2: Division I🏆

BET NOW ➡️ https://t.co/nZllsMmT2L

1️⃣ Xtreme Gaming
❎
2️⃣ LB…",1356292454660661248,2022-03-20 17:12:44+00:00,
31,1505593190371405825,"RT @AirdropStario: 💧 PeaSwap Finance Airdrop 💧

🏆 Task:          ➕ 10 PEA for 300 random participants each.

🔛 Airdrop Link &amp; Information:…",1471789515698151426,2022-03-20 17:12:43+00:00,
32,1505593190296047617,RT @defi_daria: Can you really argue that #bitcoin is involved in everything now? https://t.co/EQQv6Za3nA,1088478615258447877,2022-03-20 17:12:43+00:00,
33,1505593190123913217,"RT @aantonop: What is the essence of #bitcoin?

It’s not #blockchain.

It's the ability to operate in a decentralized way without having to…",1368937998146961418,2022-03-20 17:12:43+00:00,
34,1505593187577917440,"RT @AirdropDet: 🔍 New #Airdrop: HappyLandPlus

💲 Reward: Up to 25 USDT + 2,5K USDT referral pool

🔴 Start the airdrop bot https://t.co/j64j…",1442763824856276995,2022-03-20 17:12:43+00:00,
35,1505593186617462790,"RT @AirdropStario: 💧 SafeWallet Airdrop 💧

🏆 Task:        ➕ 175 SLT (~$3.5) for 1000 random participants

👨‍👩‍👧 Referral: ➕ 30,000 SLT (~$6…",1499806930658750465,2022-03-20 17:12:42+00:00,
36,1505593186441662465,"I'm in these 4 trades at the moment..
$near $rose $btc $1inch
https://t.co/dL3cITJYcH
#btc #bitcoin #Crypto #Binance #BinanceSmartChain #SHIB #BITCOIN https://t.co/q2ZvokikLj https://t.co/9LisFAn0yk",1478256140626513921,2022-03-20 17:12:42+00:00,
37,1505593184961052672,"RT @rovercrc: I think #Bitcoin will break $100,000 by July 2022! 🚀",1491647595873435649,2022-03-20 17:12:42+00:00,
38,1505593184659079170,"RT @GiveawayInspect: New Giveaway: OverDose
Total Reward: $600 USDT
Winners: 200 Random &amp; Top 20
Distribution: within a week after the Give…",1381967850038910978,2022-03-20 17:12:42+00:00,
39,1505593183534825473,"RT @CyberToolsClub: Learn how to beat crypto volatility. Visit our website. 
#crypto #bitcoin
https://t.co/ytus5ffPAz https://t.co/kUo195PZ…",299233581,2022-03-20 17:12:42+00:00,
40,1505593173271220224,"RT @StephenPunwasi: India just bought 3 million barrels of oil from Russia at a 20% discount and paid in rupees, not USD.

The fight to de-…",950203498674634753,2022-03-20 17:12:39+00:00,
41,1505593173162221573,RT @Blockworks_: PayPal Co-Founder: The biggest mistake I made in the last decade was getting too late and too little into #Bitcoin,415501255,2022-03-20 17:12:39+00:00,
42,1505593172449464320,"RT @Revolotto: 👑We're very happy to announce that ;
on this beautiful journey, now we are a bigger family of 30K Followers on Twitter. 

💎R…",1172541127611707392,2022-03-20 17:12:39+00:00,
43,1505593168888139778,"RT @AirdropStario: 💧 Koraplay Airdrop 💧

🏆 Task:          ➕  Up to 5000 KPLAY

👨‍👩‍👧 Referral:   ➕  500 KPLAY

🔛 Airdrop Link &amp; Information…",1479209404394135555,2022-03-20 17:12:38+00:00,
44,1505593167386537985,"RT @AirdropStario: 💧 CryptoZerofi Airdrop 💧

🏆 Task:          ➕ 22,000 USDT » Total reward pool.

🔛 Airdrop Link &amp; Information: https://t.c…",1471789515698151426,2022-03-20 17:12:38+00:00,
45,1505593161833361409,"RT @MatthewHyland_: So basically 2 weeks until 90% of the #Bitcoin supply is in the hands of the free market

That leaves 10% from now unti…",1449559747548499969,2022-03-20 17:12:37+00:00,
46,1505593161514557440,"RT @AirdropStario: 💧 Odds96 Airdrop 💧

🏆 Task:          ➕ $10 worth of Odds96 Tokens.

🔛 Airdrop Link &amp; Information: https://t.co/rBb5KjyM1…",1458061438077923329,2022-03-20 17:12:36+00:00,
47,1505593160101027840,RT @Blockworks_: PayPal Co-Founder: The biggest mistake I made in the last decade was getting too late and too little into #Bitcoin,201255489,2022-03-20 17:12:36+00:00,
48,1505593158201094145,"@TelefyConnect 
This project is a good and strong team, in a predictable and transparent road map, planned and predicted growth of both t#DEX #cryptocurrency  #Ethereum #BinanceSmartChain #Bitcoin #Airdrop #polkadot #MATIC #Polygon $TELE #Cardano #ETH https://t.co/pzcyJhLZBJ",1381867215511674883,2022-03-20 17:12:36+00:00,
49,1505593158121541635,"RT @Brisecommunity: #Bitgert Growing Rapidly With Its Startup Studio Program.

#Brise #Bitgertcommunity #Bitgertchain #Crypto #bitcoin #bnb…",1085051763177197576,2022-03-20 17:12:36+00:00,
