,id,text,author_id,created_at,geo
0,1505435216608866305,"RT @airdropinspect: New airdrop: Prizefighter (RING)
Total Reward: $5,000 worth of RING
Rate: ⭐️⭐️⭐️⭐️
Winners: 1,000 Random &amp; Top 100
Dist…",1475332318373953539,2022-03-20 06:44:59+00:00,
1,1505435216265072640,"RT @dorsa___noble: Staking currently live with 4% monthly returns or 48% APY
#RBXS 
DEX : https://t.co/31pjkoJ7r4
🌐 https://t.co/rReHRapdAf…",1493927841217626113,2022-03-20 06:44:59+00:00,
2,1505435215107444743,"RT @mariiaaa_ch: always be in #bullish with bluesparrow
#ETH
#BlueSparrow
#BlueSparrowtoken
#BlueSparrowCommunity
#BestDrawToken
#Bluesparr…",1492410190066503682,2022-03-20 06:44:59+00:00,
3,1505435214830616576,RT @Donna_BTC: Still accepting Investments ✅ @Donna_BTC #BitcoinButton #Bitcoin #TheBachelor #HolbyCity #VeritasRaids #rose #TejRan https:/…,1450122510436081677,2022-03-20 06:44:59+00:00,
4,1505435211303198725,RT @mr_eng_88: @SpyWolf1Fan @BTC_Archive @SpyWolfNetwork When wolves decide to hunt. There is no chance for prey. They waked up and smell t…,1501820173153705984,2022-03-20 06:44:58+00:00,
5,1505435210061848579,"RT @Revolotto: 🏏World's Dangerous Cricketer
Greatest Batsman of All-time in Cricket

🌎Universe Boss - Chris Gayle extending his support and…",1171796756205432833,2022-03-20 06:44:58+00:00,
6,1505435209595953154,"RT @airdropinspect: New airdrop: Prizefighter (RING)
Total Reward: $5,000 worth of RING
Rate: ⭐️⭐️⭐️⭐️
Winners: 1,000 Random &amp; Top 100
Dist…",1456476672459702273,2022-03-20 06:44:58+00:00,
7,1505435205502308352,"This is a Fantastic project with great potential. The team's ingenuity with excellent fan support will make this the envy of the crypto world

@mamungpageone
@farhana_bd
@Naharnet

#Airdrop #Airdrops #Airdropinspector #FTM #Prizefighter #RING #Crypto #Bitcoin https://t.co/rWCRAxtMWp",1475332318373953539,2022-03-20 06:44:57+00:00,
8,1505435201823985666,"RT @Arad064083512: @SpyWolf1Fan @BTC_Archive @SpyWolfNetwork Scammers.....
You can hear the sound of our wolves breathing behind you. There…",1501820173153705984,2022-03-20 06:44:56+00:00,
9,1505435199659974657,"RT @TheRealPlanC: We will see a #Bitcoin All-Time High in 2022, mark my words. 

Screen shot this post if you want, I am extremely confiden…",1457686888404303874,2022-03-20 06:44:55+00:00,
10,1505435198972133380,RT @BitcoinMagazine: The revolution can not be stopped. #Bitcoin https://t.co/J51qviTWId,1503295130631274501,2022-03-20 06:44:55+00:00,
11,1505435196564582401,"RT @DeathNote_Token: DEATH NOTE TOKEN REFERRAL CONTEST 🔥 

Join our contest and win #Prizes for inviting the most people to our @telegram 🍎…",1500679886020935680,2022-03-20 06:44:55+00:00,
12,1505435196304334850,"RT @AirdropDet: 🔍 New #Airdrop: YupVerse

💲 Reward: Up to 10M YuP (~$5) + 2M YuP (~$1,000) referral pool

🔴 Start the airdrop bot https://t…",1360792278986608641,2022-03-20 06:44:55+00:00,
13,1505435195289317376,Money Laundering Danger Associated With Cryptocurrencies #CryptoCurrencies #bitcoin via https://t.co/l0Y4qQSQ4o https://t.co/Ad31vMptBH,1163155231586357250,2022-03-20 06:44:54+00:00,
14,1505435194265907203,"Crypto-fueled relief aid for Ukraine
#crypto #dogecoin #bitcoin
 https://t.co/vSnIGfLDkt https://t.co/w3Ha6QvWAx",15045645,2022-03-20 06:44:54+00:00,
15,1505435193410134017,XRP is getting ready to take off to the moon! #altcoin #bitcoin #binance #xrp #ripple https://t.co/jObX2DOuTv,961600753,2022-03-20 06:44:54+00:00,
16,1505435192667869189,RT @Hiwa216101451: @SpyWolf1Fan @BTC_Archive @SpyWolfNetwork Fear the day you are surrounded by a pack of wolves. Escape as long as you hav…,1501820173153705984,2022-03-20 06:44:54+00:00,
17,1505435190826479621,"RT @airdropinspect: New airdrop: Prizefighter (RING)
Total Reward: $5,000 worth of RING
Rate: ⭐️⭐️⭐️⭐️
Winners: 1,000 Random &amp; Top 100
Dist…",1280504791911796739,2022-03-20 06:44:53+00:00,
18,1505435187844464640,"RT @clancyRbtb: We are living in two parallel timelines. 

One is violent commies rooting for deadly experiments on ourselves and children,…",1495761714645807108,2022-03-20 06:44:53+00:00,
19,1505435185818472449,"@AirdropDet Nice project
#Airdrops #Yupverse #Bitcoin #AirdropDetection #Yup",1496479870846595072,2022-03-20 06:44:52+00:00,
20,1505435184283279360,"This amazing faucet from @_bitcoiner is making me tweet this to claim my free Lightning sats. ⚡

@boltcoiner unlock me e1c8a314-9cf7-4040-b371-43a2595a0a70

#Bitcoin #BTC #LN #LightningNetwork #boltcoiner
https://t.co/6kMdusPAW6",1348210611063115777,2022-03-20 06:44:52+00:00,
21,1505435184140886017,RT @lilianii62: @SpyWolf1Fan @BTC_Archive @SpyWolfNetwork The smell of scammers can be smelled from miles away. You have the opportunity. L…,1501820173153705984,2022-03-20 06:44:52+00:00,
22,1505435181179543556,"RT @AirdropStario: 💧 Meta Auction Airdrop 💧

🏆 Task:          ➕  Up to 40 METAU (~$16)

👨‍👩‍👧 Referral:   ➕  40 METAU (~$16)

🔛 Airdrop Lin…",1366758468825194497,2022-03-20 06:44:51+00:00,
23,1505435179132747780,"RT @airdropinspect: New airdrop: Prizefighter (RING)
Total Reward: $5,000 worth of RING
Rate: ⭐️⭐️⭐️⭐️
Winners: 1,000 Random &amp; Top 100
Dist…",1455816197799235586,2022-03-20 06:44:50+00:00,
24,1505435178138624002,"RT @Revolotto: 🏏World's Dangerous Cricketer
Greatest Batsman of All-time in Cricket

🌎Universe Boss - Chris Gayle extending his support and…",1403683883653074945,2022-03-20 06:44:50+00:00,
25,1505435176142348290,"RT @Revolotto: 🏏World's Dangerous Cricketer
Greatest Batsman of All-time in Cricket

🌎Universe Boss - Chris Gayle extending his support and…",1480666442865516545,2022-03-20 06:44:50+00:00,
26,1505435175060226052,"BITCOIN WENT UP!

USD $41,989.66 (+0,24%)
Yesterday: +0,50%
Last 30 days: +3,58%

#bitcoin",1136421278624243712,2022-03-20 06:44:50+00:00,
27,1505435173722402817,"RT @SafeMeCompany: 💧 SafeMe Airdrop 💧

🏆 Task:          ➕  Up to 800 SAME (~$8)

👨‍👩‍👧 Referral:   ➕  400 SAME (~$4)

🔛 Airdrop Link &amp; Info…",214152715,2022-03-20 06:44:49+00:00,
28,1505435172799676416,"RT @Jimakos13: #nft songs are coming to @Theta_Network according to @USATODAY!

First song is ""Smile"" by @dionnewarwick!

Can't wait for @k…",1364469515178807298,2022-03-20 06:44:49+00:00,
29,1505435172132429828,RT @saylor: We are lucky☘️ to have #bitcoin.,1503295130631274501,2022-03-20 06:44:49+00:00,
30,1505435171977576452,"RT @AirdropDet: 🔍 New #Airdrop: YupVerse

💲 Reward: Up to 10M YuP (~$5) + 2M YuP (~$1,000) referral pool

🔴 Start the airdrop bot https://t…",1433684896346632196,2022-03-20 06:44:49+00:00,
31,1505435166491222017,"RT @TheCryptoLaunch: 💥The Crypto Launchpad Giveaway💥

🏆 Task: Up to $50 worth of TCL Partners' Tokens.

👨‍👩‍👧 Referral: $25 worth of TCL Pa…",1498029632846770190,2022-03-20 06:44:47+00:00,
32,1505435163362271234,"RT @pete_rizzo_: ✨ ‘I was extraordinarily lucky to be there at the beginning.’

#Bitcoin legend Hal Finney tells his story exactly 9 years…",1504789587176140821,2022-03-20 06:44:47+00:00,
33,1505435162796040194,"RT @AirdropDet: 🔍 New #Airdrop: YupVerse

💲 Reward: Up to 10M YuP (~$5) + 2M YuP (~$1,000) referral pool

🔴 Start the airdrop bot https://t…",1494439570699599882,2022-03-20 06:44:47+00:00,
34,1505435158501023744,RT @Arad064083512: @SpyWolf1Fan @BTC_Archive @SpyWolfNetwork Security is the most valuable asset that is not easily obtained. Our eyes are…,1501820173153705984,2022-03-20 06:44:46+00:00,
35,1505435157234212873,"@Eljaboom $SKUY
SEKUYA THE 1ST MULTIVERSE META-FI PROJECT IN CRYPTO SPACE   

Multiverse
Meta-fi
WEB 3.0
RWANFT  
P2E Ecosystem
🔥🔥🔥🔥🔥🔥🔥🔥🔥
✅ Company-backed
✅ 5% #SKUY Rewards 

@sekuyaofficial

#Sekuya #Bitcoin #Binance #BSCGem #BSC #Metaverse #NFT https://t.co/PjUl208JHK",1362720044275224579,2022-03-20 06:44:45+00:00,
36,1505435157087490053,Current #Bitcoin Price is $41958 #BTC #Crypto,1443994358651359234,2022-03-20 06:44:45+00:00,
37,1505435156793888771,"RT @TheCryptoGifter: If you don't have @coinbase already, then use my code. 
After you buy or sell $100 or more in #Crypto, you get $10 in…",1496723224335650816,2022-03-20 06:44:45+00:00,
38,1505435156529790976,"RT @AirdropDet: 🔍 New #Airdrop: YupVerse

💲 Reward: Up to 10M YuP (~$5) + 2M YuP (~$1,000) referral pool

🔴 Start the airdrop bot https://t…",1493584745141178371,2022-03-20 06:44:45+00:00,
39,1505435156374556672,XRP is getting ready to take off to the moon! #altcoin #bitcoin #binance #xrp #ripple https://t.co/n1XNSK513O,1452974321362636803,2022-03-20 06:44:45+00:00,
40,1505435154273419269,"RT @airdropinspect: New airdrop: PlayZap X CoinBlock 
Total Reward: $3,500 worth of PLAYZAP
Rate: ⭐️⭐️⭐️⭐️
Winners: 1000 Random &amp; Top 50
Di…",1505135192196804608,2022-03-20 06:44:45+00:00,
41,1505435153069268994,"RT @AirdropDet: 🔍 New #Airdrop: YupVerse

💲 Reward: Up to 10M YuP (~$5) + 2M YuP (~$1,000) referral pool

🔴 Start the airdrop bot https://t…",1441727108221263878,2022-03-20 06:44:44+00:00,
42,1505435151584710657,RT @natbrunell: Heading to a sail race for the first time ever. What a beautiful day in San Diego. Might lose my #Bitcoin I dunno. 🤷🏻‍♀️⛵️…,2323595696,2022-03-20 06:44:44+00:00,
43,1505435150905012228,"XRP is getting ready to take off to the moon! #altcoin #bitcoin #binance #xrp #ripple

https://t.co/nRlNFyhHWr",1085644222697373697,2022-03-20 06:44:44+00:00,
44,1505435150292717573,"We just know #XRP will moon #crypto #binance #cryptocurrency #bitcoin #btc

https://t.co/h1qedhTT90",1203970786819760128,2022-03-20 06:44:44+00:00,
45,1505435146299846658,RT @Lion54770549: @SpyWolf1Fan @BTC_Archive @SpyWolfNetwork When wolves decide to hunt. There is no chance for prey. They waked up and smel…,1501820173153705984,2022-03-20 06:44:43+00:00,
46,1505435142495490050,The strongest bullish signal flashed for #XRP #bitcoin #btc #ethereum #eth https://t.co/uhfWEriA0G,816665104997646336,2022-03-20 06:44:42+00:00,
47,1505435139824062467,"RT @Revolotto: 🏏World's Dangerous Cricketer
Greatest Batsman of All-time in Cricket

🌎Universe Boss - Chris Gayle extending his support and…",1498557733041471502,2022-03-20 06:44:41+00:00,
48,1505435139232391168,"RT @TheRealPlanC: We will see a #Bitcoin All-Time High in 2022, mark my words. 

Screen shot this post if you want, I am extremely confiden…",1463584546658652164,2022-03-20 06:44:41+00:00,
49,1505435138955612160,"RT @MetallurgyGold: ⚡We are about to push it at the next level⚡

Passive income financial system in the #GoldFi web3.0 era

We #build &amp; we…",1396326438974988290,2022-03-20 06:44:41+00:00,
