,id,text,author_id,created_at,geo
0,1505618673658081283,"RT @p2ePrizeFighter: Who will be the next challenger?
(Screenshot from Actual Gameplay)

#nft #nftart #art #digitalart #nfts #nftartist #cr…",1407382760231104519,2022-03-20 18:53:59+00:00,
1,1505618672668319747,"@babelonNFT @KirekaNFT World 1st bitcoin transection NFT  

https://t.co/emFH7mWmGG    

@opensea 

#Bitcoin  #nft #BinanceNFT #PolygonNFT #legend #100xgem #NFT #memoriesNFTseller #NFTs #opensea #OpenSeaNFT",1320236448575033344,2022-03-20 18:53:59+00:00,
2,1505618671321952256,"RT @AirdropAchiever: New Whitelist: STMAN × FamCentral
Allocation: ≤ 30 BUSD (TBA)
Winners: All Participants
End Date: 22nd March, 2022

🔗…",4925551763,2022-03-20 18:53:58+00:00,
3,1505618671225303044,"RT @AirdropDet: 🔍 New #Airdrop: YupVerse

💲 Reward: Up to 10M YuP (~$5) + 2M YuP (~$1,000) referral pool

🔴 Start the airdrop bot https://t…",1460574952600465409,2022-03-20 18:53:58+00:00,
4,1505618669673590787,"@maxkeiser I'm not worried about #Bitcoin   , the strongest computer network and monetary technology in the world. I’m actually worried about those who have sold their Bitcoin for fear 

follow @Cryptofundedtra  He knows his stuff when it come to BTC his tweets have been so helpful",785940361147396096,2022-03-20 18:53:58+00:00,
5,1505618664602619908,"RT @LaluWWG: #Bitcoin dominance is on the rise so the members @WalshWealthWWG are long on it.

Entry: $1,254 (DCA)

@tmv_crypto killing the…",1296169065338241026,2022-03-20 18:53:57+00:00,
6,1505618663432409090,"RT @p2ePrizeFighter: Who will be the next challenger?
(Screenshot from Actual Gameplay)

#nft #nftart #art #digitalart #nfts #nftartist #cr…",1450260712807272454,2022-03-20 18:53:57+00:00,
7,1505618661830184965,"We just know #XRP will moon #crypto #binance #cryptocurrency #bitcoin #btc

https://t.co/OghcmCXKkB",1493561444972986376,2022-03-20 18:53:56+00:00,
8,1505618661704355845,"@RyhanhThrany What does BlueSparrow CEX  offer to you?
Gold,Oil, Stocks trading , Commodities and Crypto 
All you need for trading....
#ETH
#BlueSparrow
#BlueSparrowtoken
#BlueSparrowCommunity
#BestDrawToken
#Bluesparrowcharity
@BlueSparrowETH
#web3
#Bitcoin
@BluesparrowC 
6 https://t.co/fD24eod5JC",1422507419469598723,2022-03-20 18:53:56+00:00,
9,1505618660395831305,"@maxkeiser I'm not worried about #Bitcoin   , the strongest computer network and monetary technology in the world. I’m actually worried about those who have sold their Bitcoin for fear 

follow @Cryptofundedtra  He knows his stuff when it come to BTC his tweets have been so helpful",785940361147396096,2022-03-20 18:53:56+00:00,
10,1505618659535847428,"RT @AirdropStario: 💧 Odds96 Airdrop 💧

🏆 Task:          ➕ $10 worth of Odds96 Tokens.

🔛 Airdrop Link &amp; Information: https://t.co/rBb5KjyM1…",1482634343906705408,2022-03-20 18:53:56+00:00,
11,1505618657367392256,"We just know #XRP will moon #crypto #binance #cryptocurrency #bitcoin #btc

https://t.co/g4spuFSgs8",1474080032440135685,2022-03-20 18:53:55+00:00,
12,1505618654712549381,"@kaiyabunga World 1st bitcoin transection NFT  

https://t.co/emFH7mWmGG    

@opensea 

#Bitcoin  #nft #BinanceNFT #PolygonNFT #legend #100xgem #NFT #memoriesNFTseller #NFTs #opensea #OpenSeaNFT",1320236448575033344,2022-03-20 18:53:54+00:00,
13,1505618653995311105,"RT @TheCryptoKazi: #Bitcoin bearish 3 drive, and flush could be a possibility 👀

Don't be overleveraged here ✍🏻 https://t.co/acR5EBeBgO",1417848591679377410,2022-03-20 18:53:54+00:00,
14,1505618653156282370,RT @Meta_UFO: #bitcoin and #MetaUFO have no inflation.,1497495032261132290,2022-03-20 18:53:54+00:00,
15,1505618652132876288,"RT @AirdropStario: 💧 Leaf Protocol Airdrop 💧

🏆 Task:          ➕  Up to $5 worth of LEAF

👨‍👩‍👧 Referral:   ➕  $2.5 worth of LEAF

🔛 Airdro…",1501991532517199874,2022-03-20 18:53:54+00:00,
16,1505618648739856391,"We just know #XRP will moon #crypto #binance #cryptocurrency #bitcoin #btc

https://t.co/km2ii0KSSA",1494716412455432196,2022-03-20 18:53:53+00:00,
17,1505618646042759168,"RT @AirdropDet: 🔍 New #Airdrop: Elite Cash

🏆 Total Airdrop Pool: 140,000 ELC [~$49,000]

🔴 Start the airdrop bot https://t.co/geX2YRhj5n…",1499427241742467072,2022-03-20 18:53:52+00:00,
18,1505618641659723778,"RT @airdropinspect: New airdrop: Antmons (USDT)
Total Reward: 3,000 USDT
Rate: ⭐️⭐️⭐️⭐️
Winners: 1,000 Random &amp; Top 100
Distribution: withi…",1453218537993129988,2022-03-20 18:53:51+00:00,
19,1505618640397377546,"XRP is getting ready to take off to the moon! #altcoin #bitcoin #binance #xrp #ripple

https://t.co/mWTtel5gkz",1431271365240410115,2022-03-20 18:53:51+00:00,
20,1505618639973597184,"RT @AirdropDet: 🔍 New #Airdrop: YupVerse

💲 Reward: Up to 10M YuP (~$5) + 2M YuP (~$1,000) referral pool

🔴 Start the airdrop bot https://t…",1457349108457373697,2022-03-20 18:53:51+00:00,
21,1505618639193473024,"XRP is getting ready to take off to the moon! #altcoin #bitcoin #binance #xrp #ripple

https://t.co/IFOTf8iPpA",1421859327275540481,2022-03-20 18:53:51+00:00,
22,1505618637268398084,"@binance @AlpineF1Team I'm not worried about #Bitcoin   , the strongest computer network and monetary technology in the world. I’m actually worried about those who have sold their Bitcoin for fear 

follow @Cryptofundedtra  He knows his stuff when it come to BTC his tweets have been so helpful",785940361147396096,2022-03-20 18:53:50+00:00,
23,1505618637201178626,"n Japan, #XRP is religion. I love it! All works! #eth #ethereum #binance #bitcoin btc #ripple #crypto #cryptocurrency

https://t.co/1ybAKHaVLe",1465209954361503744,2022-03-20 18:53:50+00:00,
24,1505618634433077249,"@crypto_birb @Bobatama
The Gem of the year, Token of the future.🚀🚀
Check it out🚀
#BOBAMASK #BOBATAMA
#BOBATAMA1000x

@AuzsomeAustin @elonmusk @MattWallace888 @JakeGagain
@Yourpop8 @Z_humphries
#ETH #Bitcoin  #nftart #NFTartist
#Crypto $Boba
#1000xGem #LBANK

👉 https://t.co/rW4kKwV3S8🌟💫",1327235463682383872,2022-03-20 18:53:50+00:00,
25,1505618632541450246,"@psikoape World 1st bitcoin transection NFT  

https://t.co/emFH7mWmGG    

@opensea 

#Bitcoin  #nft #BinanceNFT #PolygonNFT #legend #100xgem #NFT #memoriesNFTseller #NFTs #opensea #OpenSeaNFT",1320236448575033344,2022-03-20 18:53:49+00:00,
26,1505618631123738630,AMERICA PAY FOR THE CIVIL WAR WITH #BITCOIN STOP #TAXING US!,1423013140506284033,2022-03-20 18:53:49+00:00,
27,1505618630070910982,"RT @LaluWWG: Today we scalp longed #AVAX

Entry: $84.40/$83.60 (DCA)

Perfect limit order by @CryptoGodJohn

Get 20% off on annual membersh…",1296169065338241026,2022-03-20 18:53:49+00:00,
28,1505618629886451717,"RT @therationalroot: Having no #Bitcoin will hit you hard.
21M #BTC vs infinite #USD. #inflation https://t.co/rPcPw635CI",1472335236323282945,2022-03-20 18:53:49+00:00,
29,1505618629827915776,"RT @YupVerse: ✔️ YupVerse Airdrop (New Round) is live!

🔵 Airdrop Reward: Up to 10 Million YuP (~$5)

🔵 Referral Reward: 2 Million YuP (~$1…",1407984146496901123,2022-03-20 18:53:49+00:00,
30,1505618629542518788,"XRP is getting ready to take off to the moon! #altcoin #bitcoin #binance #xrp #ripple

https://t.co/3vAxyXTlBE",1255957706285948930,2022-03-20 18:53:48+00:00,
31,1505618628938702848,"RT @AirdropStario: 💧 CRAT Airdrop 💧

🏆 Task:         ➕  $50 worth of CRAT for 1000 random participants each

👨‍👩‍👧 Referral:  ➕  $100 worth…",1439918730780106755,2022-03-20 18:53:48+00:00,
32,1505618625843007488,"RT @airdropinspect: New airdrop: Ubiquity DAO (USDT)
Total Reward: 2,500 USDT
Rate: ⭐️⭐️⭐️⭐️
Winners: 1,000 Random &amp; Top 100
Distribution:…",1448903148614029313,2022-03-20 18:53:48+00:00,
33,1505618622697414659,"RT @Lord_Brise: @bitgertbrise is seriously gaining momentum and will hit a $10b market cap 🔥🔥🔥

#Brise 
#Bitgert 
#BRC20 
#bitcoin 
#ETH 
#…",1458014383183958016,2022-03-20 18:53:47+00:00,
34,1505618620105519109,#bitcoin will always move upwards in the long run. And so will the rest of #Crypto ❤️,263207927,2022-03-20 18:53:46+00:00,
35,1505618618704449537,"n Japan, #XRP is religion. I love it! All works! #eth #ethereum #binance #bitcoin btc #ripple #crypto #cryptocurrency

https://t.co/ubHTanXtIV",1447096626,2022-03-20 18:53:46+00:00,
36,1505618618448588801,Digital Currencys are unstopable !!!  #ripple #XRP #Bitcoin #btc #Ether #ethereum #crypto #cryptocurrency #money #ico https://t.co/ZQZR1HL5Cv,893305069059403776,2022-03-20 18:53:46+00:00,
37,1505618617563418624,"RT @cryptotigers12: The pre-sale date is March 21🗓

You can still sign up to join the @escacrypto waitlist👇

🌐https://t.co/NKF7wS4aB7

#esc…",1500638754293239809,2022-03-20 18:53:46+00:00,
38,1505618616716337154,"@RyhanhThrany What does BlueSparrow CEX  offer to you?
Gold,Oil, Stocks trading , Commodities and Crypto 
All you need for trading....
#ETH
#BlueSparrow
#BlueSparrowtoken
#BlueSparrowCommunity
#BestDrawToken
#Bluesparrowcharity
@BlueSparrowETH
#web3
#Bitcoin
@BluesparrowC 
5 https://t.co/1v6MTKQndW",1422507419469598723,2022-03-20 18:53:45+00:00,
39,1505618614728237065,"@MetaLadies_ World 1st bitcoin transection NFT  

https://t.co/emFH7mWmGG    

@opensea 

#Bitcoin  #nft #BinanceNFT #PolygonNFT #legend #100xgem #NFT #memoriesNFTseller #NFTs #opensea #OpenSeaNFT",1320236448575033344,2022-03-20 18:53:45+00:00,
40,1505618614623391750,"@garyvee I'm not worried about #Bitcoin   , the strongest computer network and monetary technology in the world. I’m actually worried about those who have sold their Bitcoin for fear 

follow @Cryptofundedtra  He knows his stuff when it come to BTC his tweets have been so helpful",785940361147396096,2022-03-20 18:53:45+00:00,
41,1505618614509989889,"RT @airdropinspect: New airdrop: Tuniver (TNV)
Total Reward: $5,000 worth of TNV
Rate: ⭐️⭐️⭐️⭐️
Winners: 1,000 Random &amp; 100 Top
Distributio…",1453218537993129988,2022-03-20 18:53:45+00:00,
42,1505618613650305031,RT @Antagonists14: I AM VERY BULLISH ON #BITCOIN￼   #SHIB #KASTA $MATIC $SHINJA &amp; $FEG,1498781970846949376,2022-03-20 18:53:45+00:00,
43,1505618612131872776,"RT @binance: 💰 $10,000 giveaway 💰
 
Post your #BitcoinButton result to enter!
 
Rules:
🔸 Retweet this post
🔸 Follow @Binance
🔸 Play #Bitcoi…",1505562608509890566,2022-03-20 18:53:44+00:00,
44,1505618607308685312,RT @DefichainW: Stil missing $DFi from @defichain 😭 It‘s a fact you lost money every day you don‘t listed it on @BitpandaPro and @bitpanda…,115029553,2022-03-20 18:53:43+00:00,
45,1505618606436274176,"RT @p2ePrizeFighter: Who will be the next challenger?
(Screenshot from Actual Gameplay)

#nft #nftart #art #digitalart #nfts #nftartist #cr…",1433460606116548608,2022-03-20 18:53:43+00:00,
46,1505618604573687809,"RT @AirdropStario: 💧 Odds96 Airdrop 💧

🏆 Task:          ➕ $10 worth of Odds96 Tokens.

🔛 Airdrop Link &amp; Information: https://t.co/rBb5KjyM1…",1504873820376559619,2022-03-20 18:53:43+00:00,
47,1505618603327983619,RT @Meta_UFO: #bitcoin and #MetaUFO have no inflation.,1446870010098446341,2022-03-20 18:53:42+00:00,
48,1505618603059470337,"We just know #XRP will moon #crypto #binance #cryptocurrency #bitcoin #btc

https://t.co/9MS18aQfPx",1493234914690543621,2022-03-20 18:53:42+00:00,
