,id,text,author_id,created_at,geo
0,1505555508497096705,"RT @AirdropDet: 🔍 New #Airdrop: Elite Cash

🏆 Total Airdrop Pool: 140,000 ELC [~$49,000]

🔴 Start the airdrop bot https://t.co/geX2YRhj5n…",1500390739960004608,2022-03-20 14:42:59+00:00,
1,1505555507959906311,"RT @og_tigress: $CYBL 50 more followers until @CyberluxC hits 10K… where my longs and future longs at?!😜

Anyone who is long on #Web3, #BTC…",1265825348001783809,2022-03-20 14:42:59+00:00,
2,1505555507695976451,"RT @AirdropStario: 💧 CryptoZerofi Airdrop 💧

🏆 Task:          ➕ 22,000 USDT » Total reward pool.

🔛 Airdrop Link &amp; Information: https://t.c…",1491331831446532097,2022-03-20 14:42:59+00:00,
3,1505555506739355648,"RT @AirdropStario: 💧 CRAT Airdrop 💧

🏆 Task:         ➕  $50 worth of CRAT for 1000 random participants each

👨‍👩‍👧 Referral:  ➕  $100 worth…",1503981660307542020,2022-03-20 14:42:59+00:00,
4,1505555506701643776,"RT @SydneyIfergan: Good Morning, Today I realized how all the prices were increased, not just only petrol or food but also for materials or…",1086857063165157376,2022-03-20 14:42:59+00:00,
5,1505555504059215879,"RT @AirdropDet: 🔍 New #Airdrop: Elite Cash

🏆 Total Airdrop Pool: 140,000 ELC [~$49,000]

🔴 Start the airdrop bot https://t.co/geX2YRhj5n…",1503809095178276866,2022-03-20 14:42:58+00:00,
6,1505555503983861765,"RT @SteelieCole: BIG things are happening on #Revival #Sunday in the #RevivalDeFi Discord server!

0:400 PM UTC/10:00 AM CST – Live Stream…",919916942219149313,2022-03-20 14:42:58+00:00,
7,1505555503019134981,RT @artbyizzybg: Got myself a #Bitcoin mug to match with my man. Thanks @MemeFactoryTM we've got the best looking coffee on the block 🔥 #po…,1465321759822036992,2022-03-20 14:42:58+00:00,
8,1505555499898773506,"RT @saylor: If you don't understand money, you won't understand #bitcoin.",1461290485943652356,2022-03-20 14:42:57+00:00,
9,1505555497360904194,"Good project and I look forward to the growth and success of this project
@himaa_42
@kenlucy98
@Barabaiiika_26

#Airdrops #YupVerse #Bitcoin #AirdropDetective #YuP https://t.co/8IUCJj9ZEN",822817985756696576,2022-03-20 14:42:57+00:00,
10,1505555495926616071,@FameDogeCoin FameDoge will be 10x easily... #Bitcoin #Binance $Doge,1483382719593734146,2022-03-20 14:42:56+00:00,
11,1505555494718476288,"We just know #XRP will moon #crypto #binance #cryptocurrency #bitcoin #btc

https://t.co/eCcf5usxdb",1344872788528545793,2022-03-20 14:42:56+00:00,
12,1505555493489676290,"RT @duczko: exciting space about #Bitcoin Andorra 🇦🇩 starting soon (in ~6h)!

help spread the word, win 100,000 or 50,000 sats

1. retweet…",1322191774266306566,2022-03-20 14:42:56+00:00,
13,1505555493359525895,"RT @saylor: If you don't understand money, you won't understand #bitcoin.",1503510529259687936,2022-03-20 14:42:56+00:00,
14,1505555492734611457,#IgniteBlockchain #Ignite #IGT #blockchain #cryptocurrency #technology #bitcoin #money #crypto #Binance #BNB #cryptocurrencies #fintech and mention @ignitechain https://t.co/3r5RknRMRx,1203682277764546563,2022-03-20 14:42:55+00:00,
15,1505555492151586820,RT @defi_daria: Can you really argue that #bitcoin is involved in everything now? https://t.co/EQQv6Za3nA,1503682335484805123,2022-03-20 14:42:55+00:00,
16,1505555491619217409,"RT @Revolotto: 🏏World's Dangerous Cricketer
Greatest Batsman of All-time in Cricket

🌎Universe Boss - Chris Gayle extending his support and…",1476209110777401344,2022-03-20 14:42:55+00:00,
17,1505555491522449414,"We just know #XRP will moon #crypto #binance #cryptocurrency #bitcoin #btc

https://t.co/wAfji98ktM",1221288811214163968,2022-03-20 14:42:55+00:00,
18,1505555489769533445,"RT @WeLive2BICONic: It's been a good week for crypto so far. I am positive we'll survive weekend!

#Bitcoin",1491192775542718464,2022-03-20 14:42:55+00:00,
19,1505555488934617090,"RT @LovecoinProject: ❤️200,000,000 (200 MILLION COIN) LOVECOIN VALENTINES DAY GIVEAWAY RAFFLE CONTEST❤️

RETWEET THIS POST &amp; POST YOUR LOVE…",1443235523900936198,2022-03-20 14:42:55+00:00,
20,1505555487647215617,Not looking at bitcoin for Fomo sake but from a perspective where I don’t miss a bus where people make millions in next few years and I m left out. #Bitcoin,1274779500,2022-03-20 14:42:54+00:00,
21,1505555481061957639,RT @mikealfred: The only reckless and irresponsible allocation to #Bitcoin is 0%,1400496057226731520,2022-03-20 14:42:53+00:00,
22,1505555480545923076,"RT @Revolotto: 💎25K TWITTER FOLLOWERS💎
Revolotto Team saying thanks to our most valuable and beautiful Community.

🌏Join the Revolution🌏
👑H…",1400531451083300864,2022-03-20 14:42:53+00:00,
23,1505555477693755392,"We just know #XRP will moon #crypto #binance #cryptocurrency #bitcoin #btc

https://t.co/NW5dTD0beh",1482129982910615552,2022-03-20 14:42:52+00:00,
24,1505555475542122497,"n Japan, #XRP is religion. I love it! All works! #eth #ethereum #binance #bitcoin btc #ripple #crypto #cryptocurrency

https://t.co/fz1nHGdfoD",967656293983969280,2022-03-20 14:42:51+00:00,
25,1505555475215138820,"RT @btc_halving: ▓▓▓▓▓▓▓░░░░░░░░ 46.8% 

776 days left  ($41549 per #bitcoin)",1078938603521216512,2022-03-20 14:42:51+00:00,
26,1505555475009470472,"RT @iLoveJaneAdams: Nevada is the #1 gold producing state in the nation. While I am proud of Nevada's past, it's time to make Nevada and ou…",214731175,2022-03-20 14:42:51+00:00,
27,1505555474200076288,"RT @AirdropDet: 🔍 New #Airdrop: YupVerse

💲 Reward: Up to 10M YuP (~$5) + 2M YuP (~$1,000) referral pool

🔴 Start the airdrop bot https://t…",1400073623961014274,2022-03-20 14:42:51+00:00,
28,1505555471998017536,"RT @saylor: If you don't understand money, you won't understand #bitcoin.",1366509374202646531,2022-03-20 14:42:51+00:00,
29,1505555468273713152,"RT @HawkBlaze_: What is #APECOIN ? The #Cryptocurrency Behind #BoredApeYachtClub #NFTs 
$BTC  $ETH
https://t.co/MD4ZsJ53IR
#Bitcoin #Ethere…",1150064251945406464,2022-03-20 14:42:50+00:00,
30,1505555465497092096,"RT @AirdropStario: 💧 RPGC Airdrop 💧

🏆 Task:         ➕  $8 worth of RPGC for 2000 random participants each.

👨‍👩‍👧 Referral:  ➕  $40 worth…",1475794083704573958,2022-03-20 14:42:49+00:00,
31,1505555461763870721,"We just know #XRP will moon #crypto #binance #cryptocurrency #bitcoin #btc

https://t.co/vA5B7EjoTm",1339565819404185600,2022-03-20 14:42:48+00:00,
32,1505555460958564355,"RT @AirdropStario: 💧 SafeWallet Airdrop 💧

🏆 Task:        ➕ 175 SLT (~$3.5) for 1000 random participants

👨‍👩‍👧 Referral: ➕ 30,000 SLT (~$6…",1494497260042072065,2022-03-20 14:42:48+00:00,
33,1505555459855560711,"RT @Rachelwolf00: #SXSW2022 featured #NFTs &amp; #Web3 experiences, but lacked #bitcoin &amp; #crypto panels. Here is my take: https://t.co/5wWseyE…",31605123,2022-03-20 14:42:48+00:00,
34,1505555453899587595,"@meesh_da1 Official launch in a month
#NFT #NFTs #NFTGiveaway #NFTCommunity #NFTCollection #NFTdrop #NFTartist #NFTProject #APECOIN #ETH #OpenSeaNFT #Bitcoin #NFTLaunch https://t.co/FRmFxFim03",1491839485402882050,2022-03-20 14:42:46+00:00,
35,1505555448379838469,"RT @GiveawayInspect: New Giveaway: Retoken (USDT)
Total Reward: 2,000 USDT
Rate: ⭐️⭐️⭐️⭐️
Winners: 700 Random &amp; Top 50
Distribution: within…",1451540688298921987,2022-03-20 14:42:45+00:00,
36,1505555446643404800,XRP is getting ready to take off to the moon! #altcoin #bitcoin #binance #xrp #ripple https://t.co/ttSYcl28dK,1467484858100457472,2022-03-20 14:42:45+00:00,
37,1505555441329197065,"RT @Rahez13: Meme contest

@ScoobyInuToken 
https://t.co/0sU2NzAnKY

#ScoobyInu #BSCGems #Metavarse #cryptocurrecy #Binance #Bitcoin 
Good…",1376472713405992964,2022-03-20 14:42:43+00:00,
38,1505555440590983168,"RT @PotatoCoinSPL: 25B Potato giveaway

Potato will surprise you all with what we are about to announce.

Like, Retweet and Tag 3 friends t…",1384793846937112577,2022-03-20 14:42:43+00:00,
39,1505555440108806152,"@CatFunToken @elonmusk @cz_binance @bsc_daily @CatFunToken best community 🔥🔥🔥🚀

#btc #bitcoin #binance #bnb #Crypto #cryptocurrecy #cryptomonnaie #Altseason2022 #token #shiba #shibainu #SHINJA #SHIBARMY #cryptomonnaie #Saitama",1415650813503057920,2022-03-20 14:42:43+00:00,
40,1505555435302326276,"RT @AirdropStario: 💧 SafeWallet Airdrop 💧

🏆 Task:        ➕ 175 SLT (~$3.5) for 1000 random participants

👨‍👩‍👧 Referral: ➕ 30,000 SLT (~$6…",1406814570035892224,2022-03-20 14:42:42+00:00,
41,1505555434748395523,RT @AlanAubutPPC: The #DigitalID and #CBDCs will give government unprecedented control over what you buy and consume. This is complete loss…,933064035146244096,2022-03-20 14:42:42+00:00,
42,1505555434467254272,"RT @AirdropDet: 🔍 New #Airdrop: Elite Cash

🏆 Total Airdrop Pool: 140,000 ELC [~$49,000]

🔴 Start the airdrop bot https://t.co/geX2YRhj5n…",1493834579756851200,2022-03-20 14:42:42+00:00,
43,1505555432890265606,"n Japan, #XRP is religion. I love it! All works! #eth #ethereum #binance #bitcoin btc #ripple #crypto #cryptocurrency

https://t.co/1nNuLvjBfZ",1442028310431555584,2022-03-20 14:42:41+00:00,
44,1505555429392207881,"RT @AirdropStario: 💧 CRAT Airdrop 💧

🏆 Task:         ➕  $50 worth of CRAT for 1000 random participants each

👨‍👩‍👧 Referral:  ➕  $100 worth…",1945956199,2022-03-20 14:42:40+00:00,
45,1505555428230410250,"We just know #XRP will moon #crypto #binance #cryptocurrency #bitcoin #btc

https://t.co/3c8Yecma7K",1314485653149630464,2022-03-20 14:42:40+00:00,
46,1505555428079333376,"RT @Barchart: Which #cryptocurrency will generate the largest return over the next 5 years?

#Bitcoin $BTC
#Shiba $SHIB
#Ethereum $ETH
#Sol…",1364953867323080706,2022-03-20 14:42:40+00:00,
47,1505555427974545408,RT @crypstax: PayPal co-founder says the “biggest mistake I made in the last decade was getting too late and too little into #Bitcoin.” In…,1432720931848441864,2022-03-20 14:42:40+00:00,
48,1505555427559284737,#Bitcoin is money,19046879,2022-03-20 14:42:40+00:00,
49,1505555425118519302,"RT @AirdropDet: 🔍 New #Airdrop: Elite Cash

🏆 Total Airdrop Pool: 140,000 ELC [~$49,000]

🔴 Start the airdrop bot https://t.co/geX2YRhj5n…",1463454178001313797,2022-03-20 14:42:39+00:00,
