,id,text,author_id,created_at,geo
0,1505366212024598529,"#bitcoin Block #728138 : 36721 bytes, 57 transactions, 6.25225448BTC($262,658) reward
            
For more information, visit https://t.co/jB0jBpoqvI",1456568726,2022-03-20 02:10:47+00:00,
1,1505366211483168773,"RT @Revolotto: 🏏World's Dangerous Cricketer
Greatest Batsman of All-time in Cricket

🌎Universe Boss - Chris Gayle extending his support and…",1422541248888336396,2022-03-20 02:10:47+00:00,
2,1505366210615169030,"I am claiming my free Lightning sats from @_bitcoiner's amazing faucet! ⚡

@boltcoiner unlock me dc2a0f71-52b3-4bcd-a372-21942e30942e

#Bitcoin #BTC #LN #LightningNetwork #boltcoiner
https://t.co/sl20y9x3kt",3361103531,2022-03-20 02:10:47+00:00,
3,1505366210288193536,"RT @airdropinspect: New airdrop: Prizefighter (RING)
Total Reward: $5,000 worth of RING
Rate: ⭐️⭐️⭐️⭐️
Winners: 1,000 Random &amp; Top 100
Dist…",1502259402291945474,2022-03-20 02:10:47+00:00,
4,1505366205917323264,RT @WatcherGuru: JUST IN: PayPal co-founder says the “biggest mistake I made in the last decade was getting too late and too little into #B…,1355959930348572672,2022-03-20 02:10:46+00:00,
5,1505366204239986688,"#bitcoin Block #728137 : 237376 bytes, 394 transactions, 6.26218461BTC($263,075) reward
            
For more information, visit https://t.co/dvn6R9q8dT",1456568726,2022-03-20 02:10:46+00:00,
6,1505366203971289096,"RT @RichardHeartWin: Only 26 days until the 1 year anniversary of me calling the #Bitcoin top on the day, in profit every single day but 1.…",827573161831100416,2022-03-20 02:10:46+00:00,
7,1505366203438612483,XRP is getting ready to take off to the moon! #altcoin #bitcoin #binance #xrp #ripple https://t.co/Cgr5FiaKWM,1271186432355258369,2022-03-20 02:10:45+00:00,
8,1505366197914660864,"RT @Revolotto: 🏏World's Dangerous Cricketer
Greatest Batsman of All-time in Cricket

🌎Universe Boss - Chris Gayle extending his support and…",1436516604766941185,2022-03-20 02:10:44+00:00,
9,1505366194555170816,RT @WatcherGuru: JUST IN: PayPal co-founder says the “biggest mistake I made in the last decade was getting too late and too little into #B…,1281747974,2022-03-20 02:10:43+00:00,
10,1505366192604676109,"In Japan, #XRP is religion. I love it! All works! #eth #ethereum #binance #bitcoin btc #ripple #crypto #cryptocurrency https://t.co/SFQ8Pdjq3E",1398366258920366080,2022-03-20 02:10:43+00:00,
11,1505366192575426565,RT @WatcherGuru: JUST IN: PayPal co-founder says the “biggest mistake I made in the last decade was getting too late and too little into #B…,2800644917,2022-03-20 02:10:43+00:00,
12,1505366191912591362,"RT @AirdropDet: 🔍 New #Airdrop: YupVerse

💲 Reward: Up to 10M YuP (~$5) + 2M YuP (~$1,000) referral pool

🔴 Start the airdrop bot https://t…",1504585853892501510,2022-03-20 02:10:43+00:00,
13,1505366191673516032,XRP is getting ready to take off to the moon! #altcoin #bitcoin #binance #xrp #ripple https://t.co/870xlxNhqy,1277444222237331456,2022-03-20 02:10:43+00:00,
14,1505366188515229696,"XRP is getting ready to take off to the moon! #altcoin #bitcoin #binance #xrp #ripple

https://t.co/EZk3TDtGEC",604788825,2022-03-20 02:10:42+00:00,
15,1505366187097886722,"RT @Revolotto: 🏏World's Dangerous Cricketer
Greatest Batsman of All-time in Cricket

🌎Universe Boss - Chris Gayle extending his support and…",1336608974695632897,2022-03-20 02:10:42+00:00,
16,1505366187080761349,"We just know #XRP will moon #crypto #binance #cryptocurrency #bitcoin #btc

https://t.co/7jrnWBCyMC",1396540644697513988,2022-03-20 02:10:42+00:00,
17,1505366184849719299,"RT @AirdropStario: 💧 SafeWallet Airdrop 💧

🏆 Task:        ➕ 175 SLT (~$3.5) for 1000 random participants

👨‍👩‍👧 Referral: ➕ 30,000 SLT (~$6…",1419924732804100096,2022-03-20 02:10:41+00:00,
18,1505366182798397441,"n Japan, #XRP is religion. I love it! All works! #eth #ethereum #binance #bitcoin btc #ripple #crypto #cryptocurrency

https://t.co/9nhbmxZdiC",6569032,2022-03-20 02:10:40+00:00,
19,1505366182706429954,"RT @AirdropDet: 🔍 New #Airdrop: YupVerse

💲 Reward: Up to 10M YuP (~$5) + 2M YuP (~$1,000) referral pool

🔴 Start the airdrop bot https://t…",1499035886713212931,2022-03-20 02:10:40+00:00,
20,1505366182437736448,"In Japan, #XRP is religion. I love it! All works! #eth #ethereum #binance #bitcoin btc #ripple #crypto #cryptocurrency https://t.co/wc4okQdBbr",939753216681566208,2022-03-20 02:10:40+00:00,
21,1505366182257651712,RT @BitcoinMagazine: The revolution can not be stopped. #Bitcoin https://t.co/J51qviTWId,1504613896078118913,2022-03-20 02:10:40+00:00,
22,1505366179623309315,"In Japan, #XRP is religion. I love it! All works! #eth #ethereum #binance #bitcoin btc #ripple #crypto #cryptocurrency https://t.co/h0lHe55uQw",1249254273080328193,2022-03-20 02:10:40+00:00,
23,1505366175764860930,"RT @AirdropDet: 🔍 New #Airdrop: YupVerse

💲 Reward: Up to 10M YuP (~$5) + 2M YuP (~$1,000) referral pool

🔴 Start the airdrop bot https://t…",1470386878213877760,2022-03-20 02:10:39+00:00,
24,1505366175735197697,"RT @chitaglorya__: giveaway 200$ | 2,800,000 IDR

-- rt follow @flagnetwork_NFT 

-- rt &amp; quoted their pinned with   #FlagNetwork  #cryptoc…",1365448948207427586,2022-03-20 02:10:39+00:00,
25,1505366174950903808,"RT @Negentropic_: From a longer timeframe, #Ethereum and the top 20 most traded coins have outperformed #Bitcoin . 

Interesting to see how…",240789170,2022-03-20 02:10:39+00:00,
26,1505366173482856449,"RT @adam3us: the petrodollar arose from military asymmetric offense in the physical domain.
#bitcoin grows from the math of individual asym…",1244383118967984128,2022-03-20 02:10:38+00:00,
27,1505366172300025861,"RT @AirdropDet: 🔍 New #Airdrop: YupVerse

💲 Reward: Up to 10M YuP (~$5) + 2M YuP (~$1,000) referral pool

🔴 Start the airdrop bot https://t…",1435982331823542274,2022-03-20 02:10:38+00:00,
28,1505366170819436548,"RT @airdropinspect: New airdrop: Prizefighter (RING)
Total Reward: $5,000 worth of RING
Rate: ⭐️⭐️⭐️⭐️
Winners: 1,000 Random &amp; Top 100
Dist…",1477119885826138114,2022-03-20 02:10:38+00:00,
29,1505366168546160650,Great project interesting passive income #FlagNetwork  #cryptocurrency #Bitcoin  #StandWithUkraine https://t.co/8qgUskWrdu,1387938904150405120,2022-03-20 02:10:37+00:00,
30,1505366167988277254,"RT @Revolotto: 🏏World's Dangerous Cricketer
Greatest Batsman of All-time in Cricket

🌎Universe Boss - Chris Gayle extending his support and…",243979862,2022-03-20 02:10:37+00:00,
31,1505366167812296705,"The latest #bitcoin block 728138 with 57 transactions was just mined by Foundry USA
Total Fees:0.00225448
Block Subsidy:6.25
#Bitcoin #BTC #blockchain #analysis",1383145917356728320,2022-03-20 02:10:37+00:00,
32,1505366166986006528,"RT @DocumentingBTC: Hal Finney was a pioneer, cypherpunk, and the first to receive a #bitcoin  transaction from Satoshi Nakamoto. Hal gave…",2214528848,2022-03-20 02:10:37+00:00,
33,1505366166419611648,"In Japan, #XRP is religion. I love it! All works! #eth #ethereum #binance #bitcoin btc #ripple #crypto #cryptocurrency https://t.co/OCDRwgApRX",1231842114574614529,2022-03-20 02:10:37+00:00,
34,1505366166088613888,"We just know #XRP will moon #crypto #binance #cryptocurrency #bitcoin #btc

https://t.co/pnCEiTryo5",1227471133,2022-03-20 02:10:37+00:00,
35,1505366163664306178,"RT @airdropinspect: New airdrop: MOMOCO (USDT)
Total Reward: 3,000 USDT
Rate: ⭐️⭐️⭐️⭐️
Winners: 1000 Random &amp; Top 100
Distribution: within…",1496921600775831553,2022-03-20 02:10:36+00:00,
36,1505366162980618242,"RT @AirdropDet: 🔍 New #Airdrop: YupVerse

💲 Reward: Up to 10M YuP (~$5) + 2M YuP (~$1,000) referral pool

🔴 Start the airdrop bot https://t…",1468868681614589954,2022-03-20 02:10:36+00:00,
37,1505366162728574977,Get IN now don't be LATE #xrp #binance #cryptocurrency #bitcoin https://t.co/b2IbPpJzwa,1368163025425989632,2022-03-20 02:10:36+00:00,
38,1505366162712195075,RT @TheCryptoLark: So Terra $luna going to buy up to 3 billion worth of #bitcoin… probably not priced in,2917602156,2022-03-20 02:10:36+00:00,
39,1505366162191880197,"@CryptoGemsCom 🚀Apollo Coin🚀

✅Event: Live AMA
✅Where: https://t.co/J9Uyqmn706
✅When: 22 March @ 18:00PM UTC

Join us for info about Stellar Seris APX NFT, BAPX, and Staking Pools!

#Crypto #cmctopgainers #NFT #1000xgem #bitcoin #APX #DeFi #Staking #APR #passiveincome #BAPX #NFTCollection",390343518,2022-03-20 02:10:36+00:00,
40,1505366161503895564,THE 19 MILLIONTH BITCOIN WILL BE MINED IN 14 DAYS #Bitcoin,1330889268495958016,2022-03-20 02:10:35+00:00,
41,1505366159205486593,Get IN now don't be LATE #xrp #binance #cryptocurrency #bitcoin https://t.co/cQifPkJvuM,1344985545861177346,2022-03-20 02:10:35+00:00,
42,1505366156995010563,"RT @DeBrouckaert: The metaverse future looks great with both partners working together!💯
#Shibaverse 🤝  #vEmpire 

#cryptocurrencies #1000x…",865887735042772993,2022-03-20 02:10:34+00:00,
43,1505366145053822981,"RT @Revolotto: 🏏World's Dangerous Cricketer
Greatest Batsman of All-time in Cricket

🌎Universe Boss - Chris Gayle extending his support and…",1373924797541838848,2022-03-20 02:10:31+00:00,
44,1505366144584077316,"RT @AirdropDet: 🔍 New #Airdrop: YupVerse

💲 Reward: Up to 10M YuP (~$5) + 2M YuP (~$1,000) referral pool

🔴 Start the airdrop bot https://t…",1473667129337475074,2022-03-20 02:10:31+00:00,
45,1505366137101422596,"RT @rovercrc: I think #Bitcoin will break $100,000 by July 2022! 🚀",1375142008759574528,2022-03-20 02:10:30+00:00,
46,1505366134689722370,RT @w_s_bitcoin: No one has ever been in the red after daily DCAing #bitcoin for at least 3 years. Chances are you'll be in the green much…,945135780309057536,2022-03-20 02:10:29+00:00,
47,1505366133209288704,"RT @Ben_000777: @BabyDogeCoin This is the cause of the whole entire community coming together and shill everywhere on Twitter 🙏🏻❤️🐾🐶🦾

@Bab…",1479526312964411392,2022-03-20 02:10:29+00:00,
48,1505366129258426371,"RT @airdropinspect: New airdrop: Prizefighter (RING)
Total Reward: $5,000 worth of RING
Rate: ⭐️⭐️⭐️⭐️
Winners: 1,000 Random &amp; Top 100
Dist…",1498191007573487616,2022-03-20 02:10:28+00:00,
49,1505366127731527689,"RT @AirdropDet: 🔍 New #Airdrop: YupVerse

💲 Reward: Up to 10M YuP (~$5) + 2M YuP (~$1,000) referral pool

🔴 Start the airdrop bot https://t…",1457371589532475392,2022-03-20 02:10:27+00:00,
