,id,text,author_id,created_at,geo
0,1505479256444665860,"@TelefyConnect The platform Rangers Protocol is fully regulated and has never experienced significant incidents with information the existing platforms. 
#TeleFy #DEX #cryptocurrency #Ethereum #BinanceSmartChain #Bitcoin #Airdrop #polkadot #MATIC #Polygon
https://t.co/0TdQIyloAT",1444628549357375493,2022-03-20 09:39:59+00:00,
1,1505479255450394624,"@BluesparrowC @bitfinex @BlueSparrowETH #BlueSparrow is a bridge between the stock market and crypto .. You will have both in the Blue Sparrow CEX
@BlueSparrowETH
@BluesparrowC
#BluesparrowCEX
#ETH
#BlueSparrow
#BlueSparrowtoken
#BlueSparrowCommunity
#bitcoin
#BestDrawToken
#Bluesparrowcharity
#Web3
#NFT✅97",1383538906231050245,2022-03-20 09:39:59+00:00,
2,1505479253588324358,"RT @Revolotto: 🏏World's Dangerous Cricketer
Greatest Batsman of All-time in Cricket

🌎Universe Boss - Chris Gayle extending his support and…",1504772903895977988,2022-03-20 09:39:59+00:00,
3,1505479253181276160,"RT @ffurknaydnn: @AdamEShelton Don’t missed #SHINJA 🥷🏿🔥
Buy Now and Happy later 🥷🏿🔥

#Shibnobi #Crypto #DeFi #BTC #SHIB #Ceek #AVAX #BNB
#E…",1421472141258760194,2022-03-20 09:39:59+00:00,
4,1505479252342632452,@BTCTN You can also make this #bitcoin in  $dollar ...😁,1457016757298753538,2022-03-20 09:39:58+00:00,
5,1505479252216582147,"RT @ProjectsIco: What is next leg up for #Bitcoin 

#Crypto #BTC #BTCUSDT #cryptocurrency",1497566600723054597,2022-03-20 09:39:58+00:00,
6,1505479251218550784,"RT @Revolotto: 🏏World's Dangerous Cricketer
Greatest Batsman of All-time in Cricket

🌎Universe Boss - Chris Gayle extending his support and…",1499919910600065024,2022-03-20 09:39:58+00:00,
7,1505479250777944067,@ShibnobiNews BANXA HOLDINGS FRA: AC00🚨 BREAKING! 🚨 This company will change your life now! investor relations coming to US #crypto #bitcoin #btc #eth #ethereum #doge https://t.co/cUDb0RMOu0,1457079152155181063,2022-03-20 09:39:58+00:00,
8,1505479249280516096,"RT @ButWhenMoon: I just stumbled across this gem. 
If you guys want to see why I’m so bullish on &amp; always going on about @DiviProject @Divi…",900431799175831552,2022-03-20 09:39:58+00:00,
9,1505479248945033219,"RT @airdropinspect: New airdrop: Tuniver (TNV)
Total Reward: $5,000 worth of TNV
Rate: ⭐️⭐️⭐️⭐️
Winners: 1,000 Random &amp; 100 Top
Distributio…",1499302923389579265,2022-03-20 09:39:58+00:00,
10,1505479246499938306,"RT @airdropinspect: New airdrop: UMAY Network (UMAY)
Total Reward: $30,000 worth of UMAY
Rate:⭐️⭐️⭐️⭐️
Winners: 1,500 Random
Distribution:…",1154382746023858176,2022-03-20 09:39:57+00:00,
11,1505479243681394691,"RT @airdropinspect: New airdrop: Ubiquity DAO (USDT)
Total Reward: 2,500 USDT
Rate: ⭐️⭐️⭐️⭐️
Winners: 1,000 Random &amp; Top 100
Distribution:…",1430040056329244674,2022-03-20 09:39:56+00:00,
12,1505479243001741319,"RT @AirdropStario: 💧 MedusaZone Airdrop 💧

🏆 Task:          ➕  Up to 30 AMEDU (~$36)

👨‍👩‍👧 Referral:   ➕  10 AMEDU (~$12)

🔛 Airdrop Link…",1434319940794912768,2022-03-20 09:39:56+00:00,
13,1505479242766864385,"@BluesparrowC @bitfinex @BlueSparrowETH #BlueSparrow is a bridge between the stock market and crypto .. You will have both in the Blue Sparrow CEX
@BlueSparrowETH
@BluesparrowC
#BluesparrowCEX
#ETH
#BlueSparrow
#BlueSparrowtoken
#BlueSparrowCommunity
#bitcoin
#BestDrawToken
#Bluesparrowcharity
#Web3
#NFT✅96",1383538906231050245,2022-03-20 09:39:56+00:00,
14,1505479233690288129,"RT @rovercrc: I wouldn't be surprised to see #Bitcoin trading at $48,000 next week...",176884925,2022-03-20 09:39:54+00:00,
15,1505479231635025923,RT @CateVsDoge: #catecoin waiting to see what #Bitcoin will do next 🚀,1439148075621122056,2022-03-20 09:39:53+00:00,
16,1505479230989410306,Monopoly Millionaire (MMG) is an extremely well known social game with a large number of players all over the planet.  #MonopolyMillionaireGame #MMG #Token #NFT #ART #Binance #Bitcoin,4725653682,2022-03-20 09:39:53+00:00,
17,1505479229454143494,"@cameronmoulene World 1st bitcoin transection NFT  

https://t.co/emFH7mWmGG    

@opensea 

#Bitcoin  #nft #BinanceNFT #PolygonNFT #legend #100xgem #NFT #memoriesNFTseller #NFTs #opensea #OpenSeaNFT",1320236448575033344,2022-03-20 09:39:53+00:00,
18,1505479228632051719,"@BluesparrowC @bitfinex @BlueSparrowETH #BlueSparrow is a bridge between the stock market and crypto .. You will have both in the Blue Sparrow CEX
@BlueSparrowETH
@BluesparrowC
#BluesparrowCEX
#ETH
#BlueSparrow
#BlueSparrowtoken
#BlueSparrowCommunity
#bitcoin
#BestDrawToken
#Bluesparrowcharity
#Web3
#NFT❄️128",1504856603392106497,2022-03-20 09:39:53+00:00,
19,1505479224928448513,"@BluesparrowC @bitfinex @BlueSparrowETH #BlueSparrow is a bridge between the stock market and crypto .. You will have both in the Blue Sparrow CEX
@BlueSparrowETH
@BluesparrowC
#BluesparrowCEX
#ETH
#BlueSparrow
#BlueSparrowtoken
#BlueSparrowCommunity
#bitcoin
#BestDrawToken
#Bluesparrowcharity
#Web3
#NFT✅95",1383538906231050245,2022-03-20 09:39:52+00:00,
20,1505479223124938753,RT @Bitcoin_Norway: I bought my appartment in Norway in 2015 for 1100 #bitcoin. My assessment in 2022 valued it to 13.6 #bitcoin. Conclusio…,1195148315345727490,2022-03-20 09:39:51+00:00,
21,1505479222990897152,"RT @chitaglorya__: giveaway 200$ | 2,800,000 IDR

-- rt follow @flagnetwork_NFT 

-- rt &amp; quoted their pinned with   #FlagNetwork  #cryptoc…",1344964694788825088,2022-03-20 09:39:51+00:00,
22,1505479222202089472,"RT @AirdropStario: 💧 MedusaZone Airdrop 💧

🏆 Task:          ➕  Up to 30 AMEDU (~$36)

👨‍👩‍👧 Referral:   ➕  10 AMEDU (~$12)

🔛 Airdrop Link…",1483750108420542464,2022-03-20 09:39:51+00:00,
23,1505479216447766535,"RT @AirdropDet: 🔍 New #Airdrop: YupVerse

💲 Reward: Up to 10M YuP (~$5) + 2M YuP (~$1,000) referral pool

🔴 Start the airdrop bot https://t…",1290774832280244225,2022-03-20 09:39:50+00:00,
24,1505479216032366594,"RT @AirdropStario: 💧 CRAT Airdrop 💧

🏆 Task:         ➕  $50 worth of CRAT for 1000 random participants each

👨‍👩‍👧 Referral:  ➕  $100 worth…",1445818576628338695,2022-03-20 09:39:50+00:00,
25,1505479215025692674,RT @rovercrc: #Bitcoin Bull run 3.0 loading... https://t.co/d1tUySOLOv,2507410206,2022-03-20 09:39:49+00:00,
26,1505479213238951941,"Soon, bitcoin only company. #michaelsaylor #bitcoin #fashionshoes #italy https://t.co/0nwWV0xRuG https://t.co/Hv4eI5KXFy",1499722096850751489,2022-03-20 09:39:49+00:00,
27,1505479212806848516,"RT @AirdropDet: 🔍 New #Airdrop: YupVerse

💲 Reward: Up to 10M YuP (~$5) + 2M YuP (~$1,000) referral pool

🔴 Start the airdrop bot https://t…",914047893140643840,2022-03-20 09:39:49+00:00,
28,1505479212722966535,"In Japan, #XRP is religion. I love it! All works! #eth #ethereum #binance #bitcoin btc #ripple #crypto #cryptocurrency https://t.co/Gf8fIoG2jZ",1480757142231552001,2022-03-20 09:39:49+00:00,
29,1505479210541858817,"RT @Revolotto: 🏏World's Dangerous Cricketer
Greatest Batsman of All-time in Cricket

🌎Universe Boss - Chris Gayle extending his support and…",1497316328872427520,2022-03-20 09:39:48+00:00,
30,1505479209086562305,"RT @Moradi513500361: @MrBigWhaleREAL You will feel the explosion soon😍

@BlueSparrowETH
@BluesparrowC
#BluesparrowCEX
#ETH
#BlueSparrow
#Bl…",1446379415387189270,2022-03-20 09:39:48+00:00,
31,1505479207794753541,"@BluesparrowC @bitfinex @BlueSparrowETH #BlueSparrow is a bridge between the stock market and crypto .. You will have both in the Blue Sparrow CEX
@BlueSparrowETH
@BluesparrowC
#BluesparrowCEX
#ETH
#BlueSparrow
#BlueSparrowtoken
#BlueSparrowCommunity
#bitcoin
#BestDrawToken
#Bluesparrowcharity
#Web3
#NFT✅94",1383538906231050245,2022-03-20 09:39:48+00:00,
32,1505479205890441218,RT @maxkeiser: As predicted. #Bitcoin will become the new world reserve currency.,198554300,2022-03-20 09:39:47+00:00,
33,1505479205009739776,"RT @AirdropStario: 💧 CRAT Airdrop 💧

🏆 Task:         ➕  $50 worth of CRAT for 1000 random participants each

👨‍👩‍👧 Referral:  ➕  $100 worth…",1440889080791896065,2022-03-20 09:39:47+00:00,
34,1505479203403313154,RT @ClearWaterCLW: Until our crypto/business duo replaces the world’s plastic water bottles with more recyclable and environmentally-friend…,265067948,2022-03-20 09:39:47+00:00,
35,1505479203357007872,"RT @airdropinspect: New airdrop: NOS Watch
Total Reward: 1,100 Artwork NFT
Rate: ⭐️⭐️⭐️⭐️
Winners: 1,000 Random &amp; Top 100
Distribution: wit…",1438254264841687041,2022-03-20 09:39:47+00:00,
36,1505479202325159941,RT @SimonDixonTwitt: The big problem with #Bitcoin for the @IMFNews is the country that adopts it might become wealthy enough not to need t…,2870105677,2022-03-20 09:39:46+00:00,
37,1505479201557606404,"RT @airdropinspect: New airdrop: FoodChain Global (FOOD)
Total Reward: $5,000 worth of FOOD
Rate: ⭐️⭐️⭐️⭐️
Winners: 1000 Random &amp; Top 100
D…",1466686592567808005,2022-03-20 09:39:46+00:00,
38,1505479200995790849,"RT @theincomeblog: DHL Bitmain Antminer Miner S9J 14.5T With Power APW7 1800W Supply Bitcoin Miner - https://t.co/qdB2jvSJIO

#bitcoin #cry…",1502349151606132736,2022-03-20 09:39:46+00:00,
39,1505479199695507457,"RT @Moradof64: @MrBigWhaleREAL You will feel the explosion soon😍

@BlueSparrowETH
@BluesparrowC
#BluesparrowCEX
#ETH
#BlueSparrow
#BlueSpar…",1446379415387189270,2022-03-20 09:39:46+00:00,
40,1505479199678738437,"RT @coinadam75: Every investor should put a certain amount into #Bitcoin 

Every bitcoin hodler should put a certain amount into @defichain…",859863589842280449,2022-03-20 09:39:46+00:00,
41,1505479199573880832,"RT @AirdropStario: 💧 MedusaZone Airdrop 💧

🏆 Task:          ➕  Up to 30 AMEDU (~$36)

👨‍👩‍👧 Referral:   ➕  10 AMEDU (~$12)

🔛 Airdrop Link…",1503322790178570241,2022-03-20 09:39:46+00:00,
42,1505479197904490504,"RT @MartiniGuyYT: #Bitcoin stores value

#Altcoins change lives",1002345620055654400,2022-03-20 09:39:45+00:00,
43,1505479197376065542,"RT @AirdropStario: 💧 CRAT Airdrop 💧

🏆 Task:         ➕  $50 worth of CRAT for 1000 random participants each

👨‍👩‍👧 Referral:  ➕  $100 worth…",1433855568209457154,2022-03-20 09:39:45+00:00,
44,1505479196616933379,"@Bard_NFT World 1st bitcoin transection NFT  

https://t.co/emFH7mWmGG    

@opensea 

#Bitcoin  #nft #BinanceNFT #PolygonNFT #legend #100xgem #NFT #memoriesNFTseller #NFTs #opensea #OpenSeaNFT",1320236448575033344,2022-03-20 09:39:45+00:00,
45,1505479193487761413,"RT @Revolotto: 🏏World's Dangerous Cricketer
Greatest Batsman of All-time in Cricket

🌎Universe Boss - Chris Gayle extending his support and…",1498935212520083456,2022-03-20 09:39:44+00:00,
46,1505479193475362816,"@BluesparrowC @bitfinex @BlueSparrowETH #BlueSparrow is a bridge between the stock market and crypto .. You will have both in the Blue Sparrow CEX
@BlueSparrowETH
@BluesparrowC
#BluesparrowCEX
#ETH
#BlueSparrow
#BlueSparrowtoken
#BlueSparrowCommunity
#bitcoin
#BestDrawToken
#Bluesparrowcharity
#Web3
#NFT❄️127",1504856603392106497,2022-03-20 09:39:44+00:00,
47,1505479192573460481,"RT @Revolotto: 🏏World's Dangerous Cricketer
Greatest Batsman of All-time in Cricket

🌎Universe Boss - Chris Gayle extending his support and…",1502994665485733890,2022-03-20 09:39:44+00:00,
48,1505479192435113986,"@BluesparrowC @bitfinex @BlueSparrowETH #BlueSparrow is a bridge between the stock market and crypto .. You will have both in the Blue Sparrow CEX
@BlueSparrowETH
@BluesparrowC
#BluesparrowCEX
#ETH
#BlueSparrow
#BlueSparrowtoken
#BlueSparrowCommunity
#bitcoin
#BestDrawToken
#Bluesparrowcharity
#Web3
#NFT✅93",1383538906231050245,2022-03-20 09:39:44+00:00,
