,id,text,author_id,created_at,geo
0,1505679073195937792,"We just know #XRP will moon #crypto #binance #cryptocurrency #bitcoin #btc

https://t.co/4asI1PTUnZ",1255957706285948930,2022-03-20 22:53:59+00:00,
1,1505679070473957384,"RT @AirdropDet: 🔍 New #Airdrop: YupVerse

💲 Reward: Up to 10M YuP (~$5) + 2M YuP (~$1,000) referral pool

🔴 Start the airdrop bot https://t…",1493182940066496512,2022-03-20 22:53:59+00:00,
2,1505679069030932482,"@okx Our favourite is #babybitcoin, because   #Bitcoin's baby is #babybitcoin.. 
#NextKingBBTC
#MemeKingBBTC https://t.co/Va1uEtARZa",1498618017017741314,2022-03-20 22:53:58+00:00,
3,1505679067475066880,RT @Revolotto: 🇲🇽The President of the world's most powerful country and our beloved friend Honourable Mexican President (2000-2006) Vicente…,1362916252998643714,2022-03-20 22:53:58+00:00,
4,1505679065910497286,"RT @CryptoMichNL: Guys and girls,

I don’t care #Bitcoin goes up or down. I care about my own portfolio.

Overall, #altcoins are down a lot…",1504597422839848968,2022-03-20 22:53:58+00:00,
5,1505679064140500996,"https://t.co/duKZrn1obI #DeFi #TeleFy #DEX #cryptocurrency #Ethereum #BinanceSmartChain #Bitcoin #Airdrop #polkadot #MATIC #Polygon $TELE #Cardano #ETH 
Tele Score distinguishing users into multiple categories based on their date of joining to the DEFI chain and other credentials",1118788697598640128,2022-03-20 22:53:57+00:00,
6,1505679063477723136,"@Bana43212 @cryptogems555 @elonmusk Love this project and the community! 
@Bobatama
#BOBAMASK #BOBATAMA
#BOBATAMA1000x
@elonmusk
#ETH #Bitcoin  #nftart #NFTartist #trending 
#Crypto $Boba 
#1000xGem #LBANK
👉 https://t.co/pfbkauv6WS https://t.co/9M1r8i0Qua",1452737112839639041,2022-03-20 22:53:57+00:00,
7,1505679062097965056,@BSCGemsx100 @Medi_Token's changing the world! Building an amazing ecosystem &amp; donating to communities in need across the planet! #RealUtility #Charity #Crypto #NFT #Play2Earn #ETH #NFTs #x2000gem #bitcoin $Medi #MediArmy #MediToken #doxxed #LLC #Saitama #Shib https://t.co/V52YkkafB1,1460551629950930944,2022-03-20 22:53:57+00:00,
8,1505679058759155714,"We just know #XRP will moon #crypto #binance #cryptocurrency #bitcoin #btc

https://t.co/bQ05iu3Xnb",860667526404911105,2022-03-20 22:53:56+00:00,
9,1505679057568120849,"RT @mariiaaa_ch: If you want the lucky bird to sit on your shoulders, hold the #bluesparrow token and participate in the  draw and reward o…",1497265518461566983,2022-03-20 22:53:56+00:00,
10,1505679055416401925,"RT @cz_binance: If you don't understand #bitcoin, you don't understand money.",1430317845804630016,2022-03-20 22:53:55+00:00,
11,1505679055114600449,"RT @btc: Today’s #Bitcoin price update

Current price: $40,838
24h high: $41,485
24h low: $39,463

Brought to you by @Bitfinex

https://t.c…",180856107,2022-03-20 22:53:55+00:00,
12,1505679052522283009,RT @CarlBMenger: It’s Sunday. What you think about my new loafers? #Bitcoin for life. https://t.co/3ws6n5s5Cf,1483217046938734592,2022-03-20 22:53:54+00:00,
13,1505679052165697541,RT @saylor: You do not sell your #bitcoin.  https://t.co/LJNgJeWxvR,1398823685985816576,2022-03-20 22:53:54+00:00,
14,1505679051477991427,"RT @AirdropDet: 🔍 New #Airdrop: YupVerse

💲 Reward: Up to 10M YuP (~$5) + 2M YuP (~$1,000) referral pool

🔴 Start the airdrop bot https://t…",1500174444672733191,2022-03-20 22:53:54+00:00,
15,1505679051398148097,"We just know #XRP will moon #crypto #binance #cryptocurrency #bitcoin #btc

https://t.co/OxJLwIb0Gb",1488589573143896077,2022-03-20 22:53:54+00:00,
16,1505679051041693700,"Monkey on Horse
Artist: @ArtOfPunks
Available: @opensea

➡️Polygon Blockchain
➡️No gass fee
➡️Handmade

#nfts #nft #nftart #nftcommunity #nftcollector #nftartist #cryptoart #digitalart #opensea #crypto #ethereum #blockchain #opensea #nftcollectors #bitcoin #nftdrop #cryptoartist https://t.co/O1jEPT07pu",1505619049203576838,2022-03-20 22:53:54+00:00,
17,1505679048793546754,You can do Cloud Mining using this site https://t.co/zr2DDABJkw                            #mining #trxmining #money #earnmoney #register #bitcoin #ethereum #btc #eth #tronvex 9854,1499354222596587523,2022-03-20 22:53:54+00:00,
18,1505679038655860739,"XRP is getting ready to take off to the moon! #altcoin #bitcoin #binance #xrp #ripple

https://t.co/mLUou6ZSBp",1322590806037958656,2022-03-20 22:53:51+00:00,
19,1505679038609694720,"@okx Our favourite is #babybitcoin, because   #Bitcoin's baby is #babybitcoin.. 
#NextKingBBTC
#MemeKingBBTC https://t.co/oajTBXhdHy",1498618017017741314,2022-03-20 22:53:51+00:00,
20,1505679038010249218,"RT @ShiborgToken: COMING SOON!👀😎
#ShiborgInu #NFTs collection!
And Launch our own #NFT platform!🤩✅️

Also we will have a huge launch on #er…",1473579057493131264,2022-03-20 22:53:51+00:00,
21,1505679038001655809,RT @WatcherGuru: JUST IN: 🇦🇺 Australian government will regulate #Bitcoin &amp; #cryptocurrencies as part of a broader revamp of the country’s…,1448383280160677888,2022-03-20 22:53:51+00:00,
22,1505679034994372613,RT @AltcoinSherpa: $BTC: Potential bearish market structure shift on lower time frames; I personally think it's still ok as long as the low…,1056790159,2022-03-20 22:53:50+00:00,
23,1505679033367142401,"RT @trader1sz: Join me live tomorrow at 7pm GMT for '#Bitcoin for Ledges' live YouTube stream in partnership with 
@primexbt.

https://t.co…",1377669818359353348,2022-03-20 22:53:50+00:00,
24,1505679032779747329,"RT @CryptonicZeus: #BurnUpdate 🔥

2.22 Trillion #Pitbull were #burnt yesterday through #Transactions

#PIT #Bitcoin #BNB #memecoin #altcoin…",1376833311843233794,2022-03-20 22:53:50+00:00,
25,1505679032720965633,@RealOmniFinance @Medi_Token's changing the world! Building an amazing ecosystem &amp; donating to communities in need across the planet! #RealUtility #Charity #Crypto #NFT #Play2Earn #ETH #NFTs #x2000gem #bitcoin $Medi #MediArmy #MediToken #doxxed #LLC #Saitama #Shib https://t.co/V52YkkafB1,1460551629950930944,2022-03-20 22:53:50+00:00,
26,1505679031701848072,RT @BTCsquare: PayPal Co-Founder Peter Thiel: The biggest mistake I made in the last decade was getting too late and too little into #Bitco…,2656219315,2022-03-20 22:53:49+00:00,
27,1505679030195875841,"RT @AirdropDet: 🔍 New #Airdrop: YupVerse

💲 Reward: Up to 10M YuP (~$5) + 2M YuP (~$1,000) referral pool

🔴 Start the airdrop bot https://t…",1434498064895528970,2022-03-20 22:53:49+00:00,
28,1505679026282762246,"RT @ShiborgToken: COMING SOON!👀😎
#ShiborgInu #NFTs collection!
And Launch our own #NFT platform!🤩✅️

Also we will have a huge launch on #er…",945319441973342211,2022-03-20 22:53:48+00:00,
29,1505679025854844928,"RT @airdropinspect: New airdrop: Flamingo Casino
Total Reward: 200 NFTs &amp; $2500 pricing pool
Rate:⭐️⭐️⭐️⭐️
Winners: 220 Random
Distribution…",1504865693195505674,2022-03-20 22:53:48+00:00,
30,1505679024957407232,"RT @CryptoTony__: Goodnight legends 

Rejection from the range low on #Bitcoin so $39,800 is on the cards minimum if we cannot reclaim $41,…",2763341243,2022-03-20 22:53:48+00:00,
31,1505679024395325445,RT @AltcoinSherpa: $BTC: This is a must hold area if you are bullish in the short term IMO. #Bitcoin https://t.co/JPuiocOuNV,1056790159,2022-03-20 22:53:48+00:00,
32,1505679019634835456,"RT @AirdropDet: 🔍 New #Airdrop: YupVerse

💲 Reward: Up to 10M YuP (~$5) + 2M YuP (~$1,000) referral pool

🔴 Start the airdrop bot https://t…",1244874713907834880,2022-03-20 22:53:47+00:00,
33,1505679019228151809,"RT @btc: Ethiopia gets orange pilled by @projectmano and @Excellion.

A full integration of #Bitcoin in Ethiopia could generate orange mome…",180856107,2022-03-20 22:53:47+00:00,
34,1505679017785147393,"@Foxy_Jaylad @marvininu #ASIANBULLDOG token is launching live on Pancakeswap, on Monday 21st 
Trading commences @ 18:00 GMT
#BNB #BINANCE #BSCGEM #bitcoin
Follow @asianbull_dog 
Join https://t.co/FxXyYnCheC

#BNB #BINANCE #BSCGEM #Bitcoin #bscgemalert #BNBGem",3067694806,2022-03-20 22:53:46+00:00,
35,1505679015977254916,"RT @cz_binance: If you don't understand #bitcoin, you don't understand money.",1140293747160174592,2022-03-20 22:53:46+00:00,
36,1505679013410328577,"@okx Our favourite is #babybitcoin, because   #Bitcoin's baby is #babybitcoin.. 
#NextKingBBTC
#MemeKingBBTC https://t.co/il9JAdnPas",1498618017017741314,2022-03-20 22:53:45+00:00,
37,1505679011699216390,We just know #XRP will moon #crypto #binance #cryptocurrency #bitcoin #btc https://t.co/i90gLcHrCC,906112008554209280,2022-03-20 22:53:45+00:00,
38,1505679008586997770,RT @jvanbrvjo: Everything ready for the #bitcoin local meeting #BTC #Ethereum https://t.co/fEZ4NOZi6y,270159886,2022-03-20 22:53:44+00:00,
39,1505679004560506883,"RT @ShiborgToken: HERE WE GO!🥳😎🔥

#SHIBORGINU #NFT Platform and #NFTs goes live next week!

1000 unique and exclusive NFTs!
All NFT holders…",945319441973342211,2022-03-20 22:53:43+00:00,
40,1505679001964072960,"We just know #XRP will moon #crypto #binance #cryptocurrency #bitcoin #btc

https://t.co/uS7kBVEBJm",1488589573143896077,2022-03-20 22:53:42+00:00,
41,1505679000810954753,"RT @AirdropDet: 🔍 New #Airdrop: YupVerse

💲 Reward: Up to 10M YuP (~$5) + 2M YuP (~$1,000) referral pool

🔴 Start the airdrop bot https://t…",1429037142701789191,2022-03-20 22:53:42+00:00,
42,1505678993692844033,"RT @AirdropDet: 🔍 New #Airdrop: Elite Cash

🏆 Total Airdrop Pool: 140,000 ELC [~$49,000]

🔴 Start the airdrop bot https://t.co/geX2YRhj5n…",1480475392725057536,2022-03-20 22:53:40+00:00,
43,1505678992145321994,"@littlesmile007 @BscGemSniper @Pongoinutoken PONGOINU TO THE MOON!!!
@pongoinutoken #PONGOARMY #IndonesianGP #GetWellSoonJin #100xGems #shiba #1000xGem #CryptoBOT #dek65 #ETC #BTC #EthereumNFTs #bitcoin #APE #DisneyPlus #HODL #ETH #altcoins
Chart 👉https://t.co/vVjgPi7S8i https://t.co/avy0hI0ra3",1472206810887168002,2022-03-20 22:53:40+00:00,
44,1505678988756209664,"RT @chitaglorya__: giveaway 200$ | 2,800,000 IDR

-- rt follow @flagnetwork_NFT 

-- rt &amp; quoted their pinned with   #FlagNetwork  #cryptoc…",233781875,2022-03-20 22:53:39+00:00,
45,1505678985249886208,"RT @saylor: If you don't understand money, you won't understand #bitcoin.",808483502417215488,2022-03-20 22:53:38+00:00,
46,1505678977868103680,"RT @Freki_Crypto_OG: If you can only buy ONE of these.  Only options available. 

Which? 

#eth #btc #bitcoin $btc #btc $eth #ethe $ethe #g…",1466521846933712897,2022-03-20 22:53:37+00:00,
47,1505678975372341262,@Kiko9Mizuhara @Medi_Token's changing the world! Building an amazing ecosystem &amp; donating to communities in need across the planet! #RealUtility #Charity #Crypto #NFT #Play2Earn #ETH #NFTs #x2000gem #bitcoin $Medi #MediArmy #MediToken #doxxed #LLC #Saitama #Shib https://t.co/V52YkkafB1 https://t.co/if4zwL0Tab,1460551629950930944,2022-03-20 22:53:36+00:00,
