,id,text,author_id,created_at,geo
0,1505413271167422465,"RT @LunarCrush: 🔭 Top 10 current trending searches on https://t.co/S43WsovN9f.

$jasmy #jasmycoin
$mrx #metrixcoin
$btc #bitcoin
$mith #mit…",956605531195629568,2022-03-20 05:17:47+00:00,
1,1505413270999650309,XRP is getting ready to take off to the moon! #altcoin #bitcoin #binance #xrp #ripple https://t.co/YQssQ4w8Ei,879354426003144704,2022-03-20 05:17:47+00:00,
2,1505413270877839365,"RT @AirdropAchiever: New Airdrop: Chain of Legends Round 2
Value: 625,000 CLEG
Reward: Share of 500,000 CLEG
Referral: Share of 125,000 CLE…",1498885972020195331,2022-03-20 05:17:47+00:00,
3,1505413268357070850,"We just know #XRP will moon #crypto #binance #cryptocurrency #bitcoin #btc

https://t.co/5fIljWlv64",308747175,2022-03-20 05:17:47+00:00,
4,1505413265161175041,The strongest bullish signal flashed for #XRP #bitcoin #btc #ethereum #eth https://t.co/saTGZ4WLzJ,1472841415520489472,2022-03-20 05:17:46+00:00,
5,1505413264993251328,"RT @AirdropStario: 💧 SafeWallet Airdrop 💧

🏆 Task:        ➕ 175 SLT (~$3.5) for 1000 random participants

👨‍👩‍👧 Referral: ➕ 30,000 SLT (~$6…",1484568567454437378,2022-03-20 05:17:46+00:00,
6,1505413263840129027,"TeleFy project and having great experience with most stronger project I have ever seen and the team has built a strong community
#DeFi #TeleFy #DEX #cryptocurrency #Ethereum #BinanceSmartChain #Bitcoin #Airdrop #polkadot #MATIC #Polygon $TELE #Cardano #ETH
https://t.co/fDZuilc8pj",1385894208943181831,2022-03-20 05:17:45+00:00,
7,1505413261436456963,"RT @chacha65292536: https://t.co/BswuecStuR
#AirCoinDAOLabs
#AirCoin
#AirCash
#AirChain
@AirCoinrealCN
Live it out for yourself, dear! 
 Ro…",1479359901470269442,2022-03-20 05:17:45+00:00,
8,1505413261176733696,"Nice and promising project will going to be great and more success in the future. Join quickly and wait for your reward.
@RakaAhmed112
@IGozji
@Siya_Siya_99
@SevaSharipova
@payal_verma123
#Airdrop #Crypto #Bitcoin #NFT https://t.co/ftVZCaebV8",911575301246771200,2022-03-20 05:17:45+00:00,
9,1505413260010754051,RT @BitcoinMagazine: The revolution can not be stopped. #Bitcoin https://t.co/J51qviTWId,3299504046,2022-03-20 05:17:45+00:00,
10,1505413256982138880,"RT @AirdropStario: 💧 GET Coin Airdrop 💧

🏆 Task:        ➕  100,000 GET for 20,000 random participants each

👨‍👩‍👧 Referral: ➕  500,000 GET…",1433324457729298433,2022-03-20 05:17:44+00:00,
11,1505413256948555776,"Good project with an amazing team. I believe this project would be a gift to the crypto world. Guys come check this out ⚡⚡
@mdmasud011
@MDMAMUN373
@BILLAMAN33

#cryptocurrency #Airdrop #BSC #Bitcoin #USDT #SafeWallet #SLT #Airdropstario https://t.co/XqxWckrFx8",1484568567454437378,2022-03-20 05:17:44+00:00,
12,1505413256218923008,"RT @MartiniGuyYT: #Bitcoin stores value

#Altcoins change lives",1172511911457566720,2022-03-20 05:17:44+00:00,
13,1505413251747950593,"@airdropinspect Very good.Wonderful project and strong team. in the near future I will see an authentic growth of this project.

@kalkal143
@soe141
@lin420444

#Airdrop #Airdrops #Airdropinspector #BSC #CryptoKlash #KLH #Crypto #Bitcoin",1496110726624460804,2022-03-20 05:17:43+00:00,
14,1505413249679958017,"In Japan, #XRP is religion. I love it! All works! #eth #ethereum #binance #bitcoin btc #ripple #crypto #cryptocurrency https://t.co/ybWF14sYoX",977582065502773248,2022-03-20 05:17:42+00:00,
15,1505413248971337731,"#DeFi #TeleFy #DEX #cryptocurrency #Ethereum #BinanceSmartChain #Bitcoin #Airdrop #polkadot #MATIC #Polygon $TELE #Cardano #ETH
https://t.co/vkMPG6N1ep https://t.co/JucV7tUxgF",789133431305154560,2022-03-20 05:17:42+00:00,
16,1505413247343730695,"@BSCGemsx100 🐦🐦🐦🐦🐦🐦🐦🐦🐦🐦

                   🔥A global project🔥 

Connect the whole world with bluesparrow

@BlueSparrowETH
@BluesparrowC
#BluesparrowCEX
#ETH
#BlueSparrow
#BlueSparrowtoken
#BlueSparrowCommunity
#bitcoin
#BestDrawToken
#Bluesparrowcharity
#Web3
#NFT
Nt https://t.co/z0V4AMN8X7",1428804152889692164,2022-03-20 05:17:42+00:00,
17,1505413246613925889,"RT @TheBitcoinConf: The largest #Bitcoin conference in history starts in 18 days!

Stop checking the fiat price every 15 minutes and join u…",1215333585793814544,2022-03-20 05:17:41+00:00,
18,1505413244265009152,#DeFi #TeleFy #DEX #cryptocurrency #Ethereum #BSC #Bitcoin #polkadot #MATIC #Polygon $TELE #Cardano #ETH https://t.co/8Re8XzSf6r,912943588903837696,2022-03-20 05:17:41+00:00,
19,1505413242973454337,"RT @AirdropDet: 🔍 New #Airdrop: YupVerse

💲 Reward: Up to 10M YuP (~$5) + 2M YuP (~$1,000) referral pool

🔴 Start the airdrop bot https://t…",1480778363417481218,2022-03-20 05:17:41+00:00,
20,1505413242310774786,"RT @AirdropDet: 🔍 New #Airdrop: YupVerse

💲 Reward: Up to 10M YuP (~$5) + 2M YuP (~$1,000) referral pool

🔴 Start the airdrop bot https://t…",911575301246771200,2022-03-20 05:17:40+00:00,
21,1505413238141317121,"RT @AirdropAchiever: New Airdrop: SingulQrity
Value: 12,000,000 SULY
Rewards: 260 SULY
Referral: 10 SULY 
Winners: 8,000 Random
End Date: 3…",1498885972020195331,2022-03-20 05:17:39+00:00,
22,1505413236044312579,"In Japan, #XRP is religion. I love it! All works! #eth #ethereum #binance #bitcoin btc #ripple #crypto #cryptocurrency https://t.co/x6IkrjarwE",1294036464905445378,2022-03-20 05:17:39+00:00,
23,1505413235641520131,XRP is getting ready to take off to the moon! #altcoin #bitcoin #binance #xrp #ripple https://t.co/jVh5NXvcWV,1353506957748002818,2022-03-20 05:17:39+00:00,
24,1505413235163295744,"RT @airdropinspect: New airdrop: Prizefighter (RING)
Total Reward: $5,000 worth of RING
Rate: ⭐️⭐️⭐️⭐️
Winners: 1,000 Random &amp; Top 100
Dist…",1442385926492090374,2022-03-20 05:17:39+00:00,
25,1505413231636258827,"RT @CheekyCrypto: Waiting for #altcoinseason like..

#Crypto #Bitcoin #cryptocurrency #altcoins https://t.co/cMVq0qNkmX",1446484818645041153,2022-03-20 05:17:38+00:00,
26,1505413230377594881,"@HisRoyalApeness @BoredApeYC @pin_pusher 👉Please join this community. 🙌💎

https://t.co/81rqZvZvEu

#NFT #opensea #crypto #ETH #market #NFTs #NFTartist #blockchain #Emoji #Bitcoin #art #Collectors #nftcollector #nftdrop #NFTCommunity #NFTGiveaway #AirdropNFT",1389266737732800512,2022-03-20 05:17:38+00:00,
27,1505413230008614912,We just know #XRP will moon #crypto #binance #cryptocurrency #bitcoin #btc https://t.co/cuKdgODLNd,1389640533040115715,2022-03-20 05:17:37+00:00,
28,1505413225877172225,"RT @AirdropStario: 💧 SafeWallet Airdrop 💧

🏆 Task:        ➕ 175 SLT (~$3.5) for 1000 random participants

👨‍👩‍👧 Referral: ➕ 30,000 SLT (~$6…",2590957608,2022-03-20 05:17:36+00:00,
29,1505413225047035904,"RT @GiveawayInspect: New Giveaway: Retoken (USDT)
Total Reward: 2,000 USDT
Rate: ⭐️⭐️⭐️⭐️
Winners: 700 Random &amp; Top 50
Distribution: within…",1493128685192638465,2022-03-20 05:17:36+00:00,
30,1505413222702137345,RT @MMCrypto: THIS CAN GET VERY PAINFUL FOR #BITCOIN BEARS! https://t.co/watNtpMl69,1491767722576908296,2022-03-20 05:17:36+00:00,
31,1505413221166956548,@blockchainchick Once we get into 6-figure #bitcoin prices we should stop talking about price in terms of an entire Bitcoin. Maybe USD price per million satoshis will become the operative metric. That way it sounds more affordable and people aren’t discouraged from buying.,4321130782,2022-03-20 05:17:35+00:00,
32,1505413220957401090,"RT @CircuitSociety: #NFTCOLLECTION COMING SOON 🏆

We are continuing to develop our #NFTs! Our NFTS will offer something that has not yet be…",1374180171343929350,2022-03-20 05:17:35+00:00,
33,1505413220886097920,"In Japan, #XRP is religion. I love it! All works! #eth #ethereum #binance #bitcoin btc #ripple #crypto #cryptocurrency https://t.co/wdryQSIgvT",1432054302621700098,2022-03-20 05:17:35+00:00,
34,1505413219292106754,🤓🤔👍 #knownews #bitcoin #eth The metaverse will change the paradigm of content creation  https://t.co/eLxRLbwheH,285603076,2022-03-20 05:17:35+00:00,
35,1505413218822361088,"RT @chacha65292536: https://t.co/BswuecStuR
#AirCoinDAOLabs
#AirCoin
#AirCash
#AirChain
@AirCoinrealCN
Live it out for yourself, dear! 
 Ro…",1498434433287745538,2022-03-20 05:17:35+00:00,
36,1505413218545864708,XRP is getting ready to take off to the moon! #altcoin #bitcoin #binance #xrp #ripple https://t.co/gwtFlK2bms,3896914634,2022-03-20 05:17:35+00:00,
37,1505413217450967041,"@BSCGemsx100 🐦🐦🐦🐦🐦🐦🐦🐦🐦🐦

                   🔥A global project🔥 

Connect the whole world with bluesparrow

@BlueSparrowETH
@BluesparrowC
#BluesparrowCEX
#ETH
#BlueSparrow
#BlueSparrowtoken
#BlueSparrowCommunity
#bitcoin
#BestDrawToken
#Bluesparrowcharity
#Web3
#NFT
Bve https://t.co/QQoCEghwsB",1428804152889692164,2022-03-20 05:17:34+00:00,
38,1505413216318410754,"RT @airdropinspect: New airdrop: Prizefighter (RING)
Total Reward: $5,000 worth of RING
Rate: ⭐️⭐️⭐️⭐️
Winners: 1,000 Random &amp; Top 100
Dist…",1432773266033233931,2022-03-20 05:17:34+00:00,
39,1505413216054116352,"RT @AirdropAchiever: New Airdrop: Nada SlimeWorld
Value: 1,000,000 NADA
Rewards: 20 NADA
Referral: 10 NADA
Winners: All Valid Participants…",1498885972020195331,2022-03-20 05:17:34+00:00,
40,1505413212933607428,"⏰ $FRONT showing some unusual activity. Keep it on watchlist for gaining momentum and volume.
ℹ️ Alerted Exchange: #Binance

🔹 Price: 0.5989
💰 Dollar Volume: 233.3K $
🌐 M. Cap.: 49.1M
🏅 CMC Rank: 540

❗ 5 minutes delayed.
#bitcoin https://t.co/6noLGbP8yK",1458097292318236673,2022-03-20 05:17:33+00:00,
41,1505413212509917188,"RT @AirdropStario: 💧 Hero Arena Airdrop 💧

📍 Listed on: CoinMarketCap, PancakeSwap

🏆 Task: ➕  100 HERA (~$4) for 3000 random participants…",1439844782310768640,2022-03-20 05:17:33+00:00,
42,1505413208932245505,XRP is getting ready to take off to the moon! #altcoin #bitcoin #binance #xrp #ripple https://t.co/JZt3r0OeFp,762737411583508480,2022-03-20 05:17:32+00:00,
43,1505413207544205312,"RT @airdropinspect: New airdrop: Crypto Klash (KLH)
Total Reward: 500,000 KLH
Rate: ⭐️⭐️⭐️⭐️
Winners: 1,000 Random &amp; Top 100
Distribution:…",1496110726624460804,2022-03-20 05:17:32+00:00,
44,1505413205593493508,"RT @AirdropStario: 💧 SafeWallet Airdrop 💧

🏆 Task:        ➕ 175 SLT (~$3.5) for 1000 random participants

👨‍👩‍👧 Referral: ➕ 30,000 SLT (~$6…",1429392617335267328,2022-03-20 05:17:32+00:00,
45,1505413205413171204,"We just know #XRP will moon #crypto #binance #cryptocurrency #bitcoin #btc

https://t.co/QLSHwfQf6Z",632959509,2022-03-20 05:17:32+00:00,
