,id,text,author_id,created_at,geo
0,1505377029981540358,"RT @chitaglorya__: giveaway 200$ | 2,800,000 IDR

-- rt follow @flagnetwork_NFT 

-- rt &amp; quoted their pinned with   #FlagNetwork  #cryptoc…",1461540618954436609,2022-03-20 02:53:47+00:00,
1,1505377029759381509,@THE_CRYPTOTOM 🚨MOTLEYFOOL🚨 THESE TOPTTECH Stock OTC: BNXAF is the brilliant line based on the value and volume of aggregate transactions! https://t.co/81F22SERD6 #btc #bitcoin #defi #fintech #nft #eth #ethereum #crypto,1485755209162936328,2022-03-20 02:53:47+00:00,
2,1505377024793214977,"n Japan, #XRP is religion. I love it! All works! #eth #ethereum #binance #bitcoin btc #ripple #crypto #cryptocurrency

https://t.co/Nc2AxVoZzk",1292484379,2022-03-20 02:53:45+00:00,
3,1505377022029099008,Get IN now don't be LATE #xrp #binance #cryptocurrency #bitcoin https://t.co/wVyg9Rc9iG,1138337807112368130,2022-03-20 02:53:45+00:00,
4,1505377022012395524,"In Japan, #XRP is religion. I love it! All works! #eth #ethereum #binance #bitcoin btc #ripple #crypto #cryptocurrency https://t.co/BqO2yTEc7h",1461206995185270787,2022-03-20 02:53:45+00:00,
5,1505377020112683009,"RT @airdropinspect: New airdrop: Prizefighter (RING)
Total Reward: $5,000 worth of RING
Rate: ⭐️⭐️⭐️⭐️
Winners: 1,000 Random &amp; Top 100
Dist…",1484754695143170048,2022-03-20 02:53:44+00:00,
6,1505377018976043012,"RT @Revolotto: 🏏World's Dangerous Cricketer
Greatest Batsman of All-time in Cricket

🌎Universe Boss - Chris Gayle extending his support and…",1489616486402772993,2022-03-20 02:53:44+00:00,
7,1505377018510118914,"This is a big project, strong team management, great innovation, accurate market analysis, I believe the project will be success.
Wonderful project
@arob_billala
@RupalyPorda
@sk_nimu
@MdRasel6453
@akibur0
 #Airdrops #SolanaFarm #Bitcoin #AirdropDetective
 #BNB #BSC #BEP #BTC https://t.co/Wjc2qxSw5N",1466723040926912517,2022-03-20 02:53:44+00:00,
8,1505377014819209217,We just know #XRP will moon #crypto #binance #cryptocurrency #bitcoin #btc https://t.co/f9eymVr83q,1468147426502406147,2022-03-20 02:53:43+00:00,
9,1505377012139147269,@Sayembabu24 @Medi_Token's changing the world! Building an amazing ecosystem &amp; donating to communities in need across the planet! #RealUtility #Charity #Crypto #NFT #Play2Earn #ETH #NFTs #x2000gem #bitcoin $Medi #MediArmy #MediToken #doxxed #LLC #Saitama #Shib https://t.co/V52YkkafB1 https://t.co/y7OyZP6fCe,1460551629950930944,2022-03-20 02:53:42+00:00,
10,1505377004069142532,The strongest bullish signal flashed for #XRP #bitcoin #btc #ethereum #eth https://t.co/R72xGM1YBn,1107708104425107456,2022-03-20 02:53:40+00:00,
11,1505376998805237762,"RT @DeathNote_Token: DEATH NOTE TOKEN REFERRAL CONTEST 🔥 

Join our contest and win #Prizes for inviting the most people to our @telegram 🍎…",211004151,2022-03-20 02:53:39+00:00,
12,1505376994917519362,"RT @Revolotto: 🏏World's Dangerous Cricketer
Greatest Batsman of All-time in Cricket

🌎Universe Boss - Chris Gayle extending his support and…",1687788546,2022-03-20 02:53:38+00:00,
13,1505376994409979908,"RT @cub_ietz: @An3Anwar @Cointelegraph @sekuyaofficial 1. Buy #SKUY #SEKUYA @sekuyaofficial 
2. Hodl enjoy reflection + autoburn
3. Repeat…",890101309,2022-03-20 02:53:38+00:00,
14,1505376994199965696,"RT @AirdropStario: 💧 SafeWallet Airdrop 💧

🏆 Task:        ➕ 175 SLT (~$3.5) for 1000 random participants

👨‍👩‍👧 Referral: ➕ 30,000 SLT (~$6…",1498595005761343492,2022-03-20 02:53:38+00:00,
15,1505376994015707138,"RT @Revolotto: 🏏World's Dangerous Cricketer
Greatest Batsman of All-time in Cricket

🌎Universe Boss - Chris Gayle extending his support and…",1006868212930080768,2022-03-20 02:53:38+00:00,
16,1505376992732012552,"@ApeChickCentral BRILLIANT!!🚨🚨: Could also change your life. I already bought Banxa Holdings FRA: AC00 stock. Big wins awaits. Thank me later for that tip🔥 @BanxaOfficial #btc #bitcoin #defi #nft
https://t.co/x6CvMLn9ln",1470148662122721285,2022-03-20 02:53:38+00:00,
17,1505376991759171584,"RT @AirdropDet: 🔍 New #Airdrop: YupVerse

💲 Reward: Up to 10M YuP (~$5) + 2M YuP (~$1,000) referral pool

🔴 Start the airdrop bot https://t…",1456993279242022912,2022-03-20 02:53:38+00:00,
18,1505376990043394049,The strongest bullish signal flashed for #XRP #bitcoin #btc #ethereum #eth https://t.co/okTTdXCk9g,1353278908578332672,2022-03-20 02:53:37+00:00,
19,1505376989502316546,"XRP is getting ready to take off to the moon! #altcoin #bitcoin #binance #xrp #ripple

https://t.co/aBBIZzujcd",1313338821724057601,2022-03-20 02:53:37+00:00,
20,1505376988680245250,"@OfficialTravlad You are like a crypto compass 🤔🤔📲

Where, and what are you doing I have always been the inspiration for my financial investments 

keep going my friend

#TravladdCrypto #Giveaways #ihopewin #Bitcoin #BNB #taskalldone #LikeForLikes #Crypto #likeforfollow https://t.co/Ih4p7WuPz8",1428880664917512193,2022-03-20 02:53:37+00:00,
21,1505376988462460931,"RT @airdropinspect: New airdrop: Angelic (ANGL)
Total Reward: 50,000 ANGL
Rate: ⭐️⭐️⭐️⭐️
Winners: 1,500 Random &amp; Top 50
Distribution: withi…",1460968213328498688,2022-03-20 02:53:37+00:00,
22,1505376987833004032,"RT @AirdropStario: 💧 SafeWallet Airdrop 💧

🏆 Task:        ➕ 175 SLT (~$3.5) for 1000 random participants

👨‍👩‍👧 Referral: ➕ 30,000 SLT (~$6…",1489096884916396035,2022-03-20 02:53:37+00:00,
23,1505376986654457857,The strongest bullish signal flashed for #XRP #bitcoin #btc #ethereum #eth https://t.co/trQYT6fJ1s,1440596211585589249,2022-03-20 02:53:36+00:00,
24,1505376984959913989,"RT @GiveawayInspect: New Giveaway: Retoken (USDT)
Total Reward: 2,000 USDT
Rate: ⭐️⭐️⭐️⭐️
Winners: 700 Random &amp; Top 50
Distribution: within…",1498681683096518659,2022-03-20 02:53:36+00:00,
25,1505376983663927296,We just know #XRP will moon #crypto #binance #cryptocurrency #bitcoin #btc https://t.co/noLoeJfW9o,1077428612054212608,2022-03-20 02:53:36+00:00,
26,1505376981877153795,Get IN now don't be LATE #xrp #binance #cryptocurrency #bitcoin https://t.co/oCqb0w7AzM,975109876711075840,2022-03-20 02:53:35+00:00,
27,1505376980723716105,"RT @EtherNasyonaL: #Bitcoin dominance is falling ⬇️

#Altcoin dominance is rising ⬆️

#Altseason2022 WILL BE EPIC🔥🚀

Drive away the dry noi…",1278631074,2022-03-20 02:53:35+00:00,
28,1505376979687657476,"RT @AirdropStario: 💧 Yupverse Airdrop 💧

🏆 Task:          ➕  20 Million YUP (~$100) for 150 random participants

👨‍👩‍👧 Referral:   ➕  20 BU…",1473669973264384004,2022-03-20 02:53:35+00:00,
29,1505376979306283008,"@An3Anwar @Cointelegraph @sekuyaofficial 1. Buy #SKUY #SEKUYA @sekuyaofficial 
2. Hodl enjoy reflection + autoburn
3. Repeat

Financial Freedom?

Stand for #Crypto

$SKUY 💎

#SKUYANS #Putin #Russia #Binance #Bitcoin #BTC
#Multiverse #Metaverse #cryptocurrency #RussiaUkraineWar https://t.co/KdUJjJZF2R",890101309,2022-03-20 02:53:35+00:00,
30,1505376978253221891,The strongest bullish signal flashed for #XRP #bitcoin #btc #ethereum #eth https://t.co/OJALHJqcHp,1348736687967449090,2022-03-20 02:53:34+00:00,
31,1505376977263689734,"RT @YupVerse: ✔️ YupVerse Airdrop (New Round) is live!

🔵 Airdrop Reward: Up to 10 Million YuP (~$5)

🔵 Referral Reward: 2 Million YuP (~$1…",1436705110713716738,2022-03-20 02:53:34+00:00,
32,1505376977158828032,"RT @AirdropStario: 💧 SafeWallet Airdrop 💧

🏆 Task:        ➕ 175 SLT (~$3.5) for 1000 random participants

👨‍👩‍👧 Referral: ➕ 30,000 SLT (~$6…",1490663746553135109,2022-03-20 02:53:34+00:00,
33,1505376976160260100,Get IN now don't be LATE #xrp #binance #cryptocurrency #bitcoin https://t.co/mcxKejeRBO,961600753,2022-03-20 02:53:34+00:00,
34,1505376975099113475,"RT @AirdropStario: 💧 SafeWallet Airdrop 💧

🏆 Task:        ➕ 175 SLT (~$3.5) for 1000 random participants

👨‍👩‍👧 Referral: ➕ 30,000 SLT (~$6…",1452850489171881985,2022-03-20 02:53:34+00:00,
35,1505376970775089152,RT @TheDustyBC: It looks as if the next big chapter for #Bitcoin is here! https://t.co/vv3Hni5GP4,81832373,2022-03-20 02:53:33+00:00,
36,1505376970498007042,Get IN now don't be LATE #xrp #binance #cryptocurrency #bitcoin https://t.co/htm08GWciZ,1472841415520489472,2022-03-20 02:53:32+00:00,
37,1505376968858288130,"RT @Revolotto: 🏏World's Dangerous Cricketer
Greatest Batsman of All-time in Cricket

🌎Universe Boss - Chris Gayle extending his support and…",1501806478339891203,2022-03-20 02:53:32+00:00,
38,1505376966777708545,🤡 stack #Bitcoin https://t.co/l4LfM6U30W,1162944837756362752,2022-03-20 02:53:32+00:00,
39,1505376963141136388,"RT @ProjectsIco: What is next leg up for #Bitcoin 

#Crypto #BTC #BTCUSDT #cryptocurrency",1497364012425572357,2022-03-20 02:53:31+00:00,
40,1505376962767773699,"RT @elitecash_io: #Bitcoin and other #cryptocurrencies have certainly changed the way how we bank.

To understand #crypto, you must underst…",1444975877951922178,2022-03-20 02:53:31+00:00,
41,1505376958821150724,"@WendyRogersAZ BRILLIANT!!🚨🚨: Could also change your life. I only buy Banxa Holdings OTC: BNXAF stock. Big wins waits. Thank me later for that hint🔥 @BanxaOfficial #btc #bitcoin #defi #nft
https://t.co/qGqJWJLDBK",1485755209162936328,2022-03-20 02:53:30+00:00,
42,1505376958690971650,"RT @AirdropDet: 🔍 New #Airdrop: YupVerse

💲 Reward: Up to 10M YuP (~$5) + 2M YuP (~$1,000) referral pool

🔴 Start the airdrop bot https://t…",1492478661726900224,2022-03-20 02:53:30+00:00,
43,1505376956082180098,"In Japan, #XRP is religion. I love it! All works! #eth #ethereum #binance #bitcoin btc #ripple #crypto #cryptocurrency https://t.co/G2nOEhCqPd",781529137571696640,2022-03-20 02:53:29+00:00,
44,1505376955440324609,"RT @Revolotto: 🏏World's Dangerous Cricketer
Greatest Batsman of All-time in Cricket

🌎Universe Boss - Chris Gayle extending his support and…",1244499880040517633,2022-03-20 02:53:29+00:00,
45,1505376954400350210,The strongest bullish signal flashed for #XRP #bitcoin #btc #ethereum #eth https://t.co/tgUBgHEdtD,1404969708164718592,2022-03-20 02:53:29+00:00,
46,1505376948813713408,"RT @AirdropDet: 🔍 New #Airdrop: YupVerse

💲 Reward: Up to 10M YuP (~$5) + 2M YuP (~$1,000) referral pool

🔴 Start the airdrop bot https://t…",1415498154812723200,2022-03-20 02:53:27+00:00,
47,1505376947353710595,"RT @airdropinspect: New airdrop: Prizefighter (RING)
Total Reward: $5,000 worth of RING
Rate: ⭐️⭐️⭐️⭐️
Winners: 1,000 Random &amp; Top 100
Dist…",1428945994968756225,2022-03-20 02:53:27+00:00,
48,1505376947257282560,"@AirdropDet Nice project and congratulations to the team for their efforts and dedication and highly appreciated the visionary thought of the projector
@Abulkalamazad70 
@Zaramoni15 
@razzak42404

#Airdrops #YupVerse #Bitcoin #AirdropDetective #YuP https://t.co/QgjelGxYQs",1297769103361359873,2022-03-20 02:53:27+00:00,
