,id,text,author_id,created_at,geo
0,1505363692174589953,RT @Bitboy_Crypto: Would love to see more disruption and more countries adopt #bitcoin 🤝 @AltcoinDailyio https://t.co/Fb03Qw6zAW,1253059094,2022-03-20 02:00:47+00:00,
1,1505363691004260352,"RT @rovercrc: I think #Bitcoin will break $100,000 by July 2022! 🚀",44522530,2022-03-20 02:00:46+00:00,
2,1505363690912059393,The strongest bullish signal flashed for #XRP #bitcoin #btc #ethereum #eth https://t.co/qKg8cpptry,1481731865920823298,2022-03-20 02:00:46+00:00,
3,1505363689582387201,"XRP is getting ready to take off to the moon! #altcoin #bitcoin #binance #xrp #ripple

https://t.co/ZU5uSyTQlY",1322083568755961859,2022-03-20 02:00:46+00:00,
4,1505363685128040449,"RT @airdropinspect: New airdrop: Prizefighter (RING)
Total Reward: $5,000 worth of RING
Rate: ⭐️⭐️⭐️⭐️
Winners: 1,000 Random &amp; Top 100
Dist…",1402924835487903749,2022-03-20 02:00:45+00:00,
5,1505363684813533186,The strongest bullish signal flashed for #XRP #bitcoin #btc #ethereum #eth https://t.co/ai9UmGA5Kd,1461013302717206528,2022-03-20 02:00:45+00:00,
6,1505363684637700099,"RT @AirdropDet: 🔍 New #Airdrop: YupVerse

💲 Reward: Up to 10M YuP (~$5) + 2M YuP (~$1,000) referral pool

🔴 Start the airdrop bot https://t…",1434917088045502475,2022-03-20 02:00:45+00:00,
7,1505363684553478148,"RT @airdropinspect: New airdrop: Prizefighter (RING)
Total Reward: $5,000 worth of RING
Rate: ⭐️⭐️⭐️⭐️
Winners: 1,000 Random &amp; Top 100
Dist…",1427939288319209474,2022-03-20 02:00:45+00:00,
8,1505363682611576836,RT @Bitcoinbeach: The Face of #Bitcoin https://t.co/RN7GC4k2tX,1459569050456047623,2022-03-20 02:00:44+00:00,
9,1505363678429794304,"RT @newdoge_xrdoge: @XRdoge @anndylian @XRDOGE_theone @MMoonboi589 @HammerToe @JoelKatz 
#xrdoge $xrdoge 
Matt Hamilton Hammertoe recommend…",1391048196529352705,2022-03-20 02:00:43+00:00,
10,1505363676680777728,"We just know #XRP will moon #crypto #binance #cryptocurrency #bitcoin #btc

https://t.co/NmgbWJfZXa",1423515955469066241,2022-03-20 02:00:43+00:00,
11,1505363676403888130,RT @woonomic: #Bitcoin is being accumulated. https://t.co/Wdnhek2u6F,1350703297603149825,2022-03-20 02:00:43+00:00,
12,1505363675485454336,"RT @AvaxRegion: 🎁#GİVEAWAY 🎁
Prize : 🏆
♦️ 2x 1.5 #AVAX  2 NFT(235$) 
2 kişiye 235$ Hediye!📢
x1 #Avax

📌To Enter:
🔺Follow me &amp; @TheFarmersGa…",1504126545287389195,2022-03-20 02:00:43+00:00,
13,1505363675087269888,"RT @ProjectsIco: What is next leg up for #Bitcoin 

#Crypto #BTC #BTCUSDT #cryptocurrency",1492337117837463562,2022-03-20 02:00:43+00:00,
14,1505363675003113478,"RT @TheGuySwann: As the propaganda &amp; moron economics starts pouring in, here is the truth that you will be gaslighted into ignoring:

Infla…",3383788840,2022-03-20 02:00:43+00:00,
15,1505363674675957762,"If you’re coming to the #Bitcoin meetup at @TownBreweryCa April 30th, we are getting it catered by @TheRealTahinis (who else?!)

Contribute to the food fund here:
😊
https://t.co/j0PQtcb6iN",932371765665452032,2022-03-20 02:00:43+00:00,
16,1505363674390618129,RT @BitcoinMagazine: The revolution can not be stopped. #Bitcoin https://t.co/J51qviTWId,1701197942,2022-03-20 02:00:42+00:00,
17,1505363674105786369,"RT @AirdropDet: 🔍 New #Airdrop: Battle World

💲 Reward: Up to 500 BWO (~$20) + 500K BWO (~$20K) referral pool

🔴 Start the airdrop bot http…",1450064745722101764,2022-03-20 02:00:42+00:00,
18,1505363673400975361,The strongest bullish signal flashed for #XRP #bitcoin #btc #ethereum #eth https://t.co/FpZbH5VGKb,143658347,2022-03-20 02:00:42+00:00,
19,1505363671928623104,We just know #XRP will moon #crypto #binance #cryptocurrency #bitcoin #btc https://t.co/aKJn0HzY3J,1277534089478729728,2022-03-20 02:00:42+00:00,
20,1505363669995061249,RT @TH3Cryptologist: $btc #bitcoin H2 close in 5 minutes and currently looking bearish. https://t.co/3n6lSMbHZM,328307446,2022-03-20 02:00:41+00:00,
21,1505363666295689224,"RT @Revolotto: 🏏World's Dangerous Cricketer
Greatest Batsman of All-time in Cricket

🌎Universe Boss - Chris Gayle extending his support and…",1373646718261030913,2022-03-20 02:00:41+00:00,
22,1505363665813651456,"RT @YupVerse: ✔️ YupVerse Airdrop (New Round) is live!

🔵 Airdrop Reward: Up to 10 Million YuP (~$5)

🔵 Referral Reward: 2 Million YuP (~$1…",1501949870332342272,2022-03-20 02:00:40+00:00,
23,1505363664727027716,"In Japan, #XRP is religion. I love it! All works! #eth #ethereum #binance #bitcoin btc #ripple #crypto #cryptocurrency https://t.co/ztOcDSqnrp",1277444222237331456,2022-03-20 02:00:40+00:00,
24,1505363662017495047,"RT @airdropinspect: New airdrop: Ubiquity DAO (USDT)
Total Reward: 2,500 USDT
Rate: ⭐️⭐️⭐️⭐️
Winners: 1,000 Random &amp; Top 100
Distribution:…",1446389785812078595,2022-03-20 02:00:39+00:00,
25,1505363661048598528,"RT @TheBitcoinConf: The largest #Bitcoin conference in history starts in 18 days!

Stop checking the fiat price every 15 minutes and join u…",1373791250621427713,2022-03-20 02:00:39+00:00,
26,1505363657886412800,RT @TheCryptoLark: The system is broken. Buy #bitcoin,1414802473768820752,2022-03-20 02:00:39+00:00,
27,1505363657433264133,"https://t.co/3ZkMBbKmdC
:-:
#DRIP $drip #DripCommunity #PassiveIncome #TheAnimalFarm #ForexShark #dripteam #btc #crypto #Cryptocurrency #DripNetwork #StunnaBreezy #TheDripFarm #bitcoin",1502967689387642885,2022-03-20 02:00:38+00:00,
28,1505363654400622595,XRP is getting ready to take off to the moon! #altcoin #bitcoin #binance #xrp #ripple https://t.co/yUQgWlHNhC,1337958188977537028,2022-03-20 02:00:38+00:00,
29,1505363654061215746,RT @WatcherGuru: BREAKING: The Nepal Telecommunications Authority is shutting down all apps and websites in the country that participate in…,1419592462792863747,2022-03-20 02:00:38+00:00,
30,1505363652869648384,"RT @TheCryptoGifter: If you don't have @coinbase already, then use my code. 
After you buy or sell $100 or more in #Crypto, you get $10 in…",1447926239352741888,2022-03-20 02:00:37+00:00,
31,1505363652576432131,"RT @GiveawayInspect: New Giveaway: Retoken (USDT)
Total Reward: 2,000 USDT
Rate: ⭐️⭐️⭐️⭐️
Winners: 700 Random &amp; Top 50
Distribution: within…",1388776619733487617,2022-03-20 02:00:37+00:00,
32,1505363652035063811,"RT @r_topisto: #computerart #creativecoding #generativeart :
#bitcoin #blockchain 's
LAST Block, Height : 728134
[ See more on https://t.co…",1329393355554426882,2022-03-20 02:00:37+00:00,
33,1505363647035748352,"Go go go 🚀🚀🚀
 #FlagNetwork  #cryptocurrency #Bitcoin  #StandWithUkraine https://t.co/jarw5HNhTf",1401781311501529090,2022-03-20 02:00:36+00:00,
34,1505363646913818626,RT @saylor: You do not sell your #bitcoin.  https://t.co/LJNgJeWxvR,1389947641933361152,2022-03-20 02:00:36+00:00,
35,1505363643881328640,"RT @airdropinspect: New airdrop: Prizefighter (RING)
Total Reward: $5,000 worth of RING
Rate: ⭐️⭐️⭐️⭐️
Winners: 1,000 Random &amp; Top 100
Dist…",1365839035730591747,2022-03-20 02:00:35+00:00,
36,1505363643659173895,"https://t.co/3ZkMBbKmdC
:-:,
#DRIP $drip #DripCommunity #PassiveIncome #TheAnimalFarm #ForexShark #dripteam #btc #crypto #Cryptocurrency #DripNetwork #StunnaBreezy #TheDripFarm #bitcoin",1502967689387642885,2022-03-20 02:00:35+00:00,
37,1505363642736381953,"RT @Revolotto: 👑Dear Revolotto Investors and Holders, 
Now everything is fine and we are back on the track. 

🚀Let's fly together
💎Hold is…",1482038195164528646,2022-03-20 02:00:35+00:00,
38,1505363641905733639,"RT @airdropinspect: New airdrop: Prizefighter (RING)
Total Reward: $5,000 worth of RING
Rate: ⭐️⭐️⭐️⭐️
Winners: 1,000 Random &amp; Top 100
Dist…",1498188429594861570,2022-03-20 02:00:35+00:00,
39,1505363636784488448,"Mudra wishes you March Equinox!!

 https://t.co/wg5VJHbAzk

#billionaries #millionaire #money #luxurylifestyle #rich  #business #crypto #bitcoin #cryptocurrency #blockchain #btc #forex #trading #money #cryptotrading #bitcoinmining #cryptonews #cryptocurrencies #investing https://t.co/JUbL0NgDIq",1453679096710402048,2022-03-20 02:00:33+00:00,
40,1505363633928228865,"RT @bigmel: @stablekwon No caption needed 
#luna +#bitcoin = #ust https://t.co/ZcdDnbhv59",940836309064736769,2022-03-20 02:00:33+00:00,
41,1505363633135501319,"RT @Revolotto: 🏏World's Dangerous Cricketer
Greatest Batsman of All-time in Cricket

🌎Universe Boss - Chris Gayle extending his support and…",1497094929683603460,2022-03-20 02:00:33+00:00,
42,1505363632317558784,"RT @Revolotto: 🏏World's Dangerous Cricketer
Greatest Batsman of All-time in Cricket

🌎Universe Boss - Chris Gayle extending his support and…",555681267,2022-03-20 02:00:32+00:00,
43,1505363632099840001,"RT @GiveawayInspect: New Giveaway: Retoken (USDT)
Total Reward: 2,000 USDT
Rate: ⭐️⭐️⭐️⭐️
Winners: 700 Random &amp; Top 50
Distribution: within…",1497120376408936450,2022-03-20 02:00:32+00:00,
44,1505363629310308352,"We just know #XRP will moon #crypto #binance #cryptocurrency #bitcoin #btc

https://t.co/Nb1nlmQaGD",466439601,2022-03-20 02:00:32+00:00,
45,1505363628945338370,"RT @AirdropDet: 🔍 New #Airdrop: YupVerse

💲 Reward: Up to 10M YuP (~$5) + 2M YuP (~$1,000) referral pool

🔴 Start the airdrop bot https://t…",3230222437,2022-03-20 02:00:32+00:00,
46,1505363627557146626,The strongest bullish signal flashed for #XRP #bitcoin #btc #ethereum #eth https://t.co/cQIrqYtd3L,1444214271345319938,2022-03-20 02:00:31+00:00,
47,1505363625288118278,"https://t.co/3ZkMBbKmdC
 ,
#DRIP $drip #DripCommunity #PassiveIncome #TheAnimalFarm #ForexShark #dripteam #btc #crypto #Cryptocurrency #DripNetwork #StunnaBreezy #TheDripFarm #bitcoin",1502967689387642885,2022-03-20 02:00:31+00:00,
48,1505363623652122624,"RT @airdropinspect: New airdrop: Prizefighter (RING)
Total Reward: $5,000 worth of RING
Rate: ⭐️⭐️⭐️⭐️
Winners: 1,000 Random &amp; Top 100
Dist…",1311656414088171520,2022-03-20 02:00:30+00:00,
49,1505363622113202176,"RT @chitaglorya__: giveaway 200$ | 2,800,000 IDR

-- rt follow @flagnetwork_NFT 

-- rt &amp; quoted their pinned with   #FlagNetwork  #cryptoc…",1442872109311561731,2022-03-20 02:00:30+00:00,
