,id,text,author_id,created_at,geo
0,1505404966328221697,"RT @YupVerse: ✔️ YupVerse Airdrop (New Round) is live!

🔵 Airdrop Reward: Up to 10 Million YuP (~$5)

🔵 Referral Reward: 2 Million YuP (~$1…",1359217314785157122,2022-03-20 04:44:47+00:00,
1,1505404964562219009,RT @WatcherGuru: BREAKING: The Nepal Telecommunications Authority is shutting down all apps and websites in the country that participate in…,1502218696563077122,2022-03-20 04:44:47+00:00,
2,1505404964381802496,"RT @CryptoBoomNews: This week in #Crypto:

🇺🇸 US issues pro-crypto executive order!
🇦🇪 Dubai creates crypto legal framework!
🇰🇷 S. Korea el…",1505377979370770443,2022-03-20 04:44:47+00:00,
3,1505404962339115009,"RT @AirdropDet: 🔍 New #Airdrop: YupVerse

💲 Reward: Up to 10M YuP (~$5) + 2M YuP (~$1,000) referral pool

🔴 Start the airdrop bot https://t…",1446366822257754113,2022-03-20 04:44:46+00:00,
4,1505404960141639682,You can do Cloud Mining using this site https://t.co/vyAcGTwKLE                            #mining #trxmining #money #earnmoney #register #bitcoin #ethereum #btc #eth #tronvex 1840,1489526235583889408,2022-03-20 04:44:46+00:00,
5,1505404957448572932,"RT @Revolotto: 🏏World's Dangerous Cricketer
Greatest Batsman of All-time in Cricket

🌎Universe Boss - Chris Gayle extending his support and…",1500397109312299013,2022-03-20 04:44:45+00:00,
6,1505404957243379715,"RT @Revolotto: 🏏World's Dangerous Cricketer
Greatest Batsman of All-time in Cricket

🌎Universe Boss - Chris Gayle extending his support and…",563444225,2022-03-20 04:44:45+00:00,
7,1505404956139921414,"We just know #XRP will moon #crypto #binance #cryptocurrency #bitcoin #btc

https://t.co/HoxGGYU87q",283178816,2022-03-20 04:44:45+00:00,
8,1505404952742699008,"@BluesparrowC @bitfinex @BlueSparrowETH How amazing can it be?  #Bluesparrow Native Token for Centralized Exchange with focus on both the stock &amp; crypto market
@BlueSparrowETH
@BluesparrowC
#BluesparrowCEX
#ETH
#BlueSparrow
#BlueSparrowtoken
#BlueSparrowCommunity
#bitcoin
#BestDrawToken
#Bluesparrowcharity
#Web3
#NFT https://t.co/DistRuJB06",1500815180418088961,2022-03-20 04:44:44+00:00,
9,1505404950561574913,"#Does anyone know where you can watch/stream/get the original Cosmos with Carl Sagan? - Cosmos &gt;&gt;https://t.co/1nC9L3N4jH
#cosmos #atom - 
#ethereum #eth #btc #bitcoin #exchange #metaverse #binance #coinbase #stex #EthereumTowers #NFT #NFTs #defi #trading #unbanked #cryptocurr…",1444760013822701568,2022-03-20 04:44:43+00:00,
10,1505404950548987906,"RT @OkKoChicPu: #BitcoinZ is here since 2017!- just discover it- make  some research
https://t.co/3J4oQ6MrAu
#BTCZ 
#Bitcoin #BTC #CryptoNe…",1371551211351121920,2022-03-20 04:44:43+00:00,
11,1505404949160726530,The strongest bullish signal flashed for #XRP #bitcoin #btc #ethereum #eth https://t.co/HufHXlryYq,1398772049347321863,2022-03-20 04:44:43+00:00,
12,1505404947193602059,"@BluesparrowC @bitfinex @BlueSparrowETH How amazing can it be?  #Bluesparrow Native Token for Centralized Exchange with focus on both the stock &amp; crypto market
@BlueSparrowETH
@BluesparrowC
#BluesparrowCEX
#ETH
#BlueSparrow
#BlueSparrowtoken
#BlueSparrowCommunity
#bitcoin
#BestDrawToken
#Bluesparrowcharity
#Web3
#NFT https://t.co/fTnBqYAzuK",1500815180418088961,2022-03-20 04:44:43+00:00,
13,1505404940193312770,The strongest bullish signal flashed for #XRP #bitcoin #btc #ethereum #eth https://t.co/EGjht65L65,1329211028,2022-03-20 04:44:41+00:00,
14,1505404937794064386,"We just know #XRP will moon #crypto #binance #cryptocurrency #bitcoin #btc

https://t.co/S5fB77qmGu",856302227664883712,2022-03-20 04:44:40+00:00,
15,1505404937240416264,"RT @TelefyConnect: Telefy platform contains following protocols👇🏻
.
👉🏻TeleSwap
👉🏻TeleLend
👉🏻TeleNFT
👉🏻TeleScore
👉🏻TelePad
.
.
💫Visit us at…",1053531330888122368,2022-03-20 04:44:40+00:00,
16,1505404937077149698,"RT @AirdropDet: 🔍 New #Airdrop: YupVerse

💲 Reward: Up to 10M YuP (~$5) + 2M YuP (~$1,000) referral pool

🔴 Start the airdrop bot https://t…",1470725882469773312,2022-03-20 04:44:40+00:00,
17,1505404936796119040,"RT @airdropinspect: New airdrop: Skygard Game
Total Reward: 1100 NFTs
Rate: ⭐️⭐️⭐️⭐️
Winners: 1,000 Random &amp; 100 Top
Distribution: within 1…",1503587452703088642,2022-03-20 04:44:40+00:00,
18,1505404935617269762,"RT @Barchart: Which #cryptocurrency will generate the largest return over the next 5 years?

#Bitcoin $BTC
#Shiba $SHIB
#Ethereum $ETH
#Sol…",1398597103732015107,2022-03-20 04:44:40+00:00,
19,1505404934870614016,"RT @BobMalakasPI: Sources: Honduras to announce #Bitcoin as legal tender, 1 year after El Salvador did the same
https://t.co/JbQ7Y5uS4B htt…",467102504,2022-03-20 04:44:40+00:00,
20,1505404933457203200,"In Japan, #XRP is religion. I love it! All works! #eth #ethereum #binance #bitcoin btc #ripple #crypto #cryptocurrency https://t.co/aBbXIuQwWS",1255222411332591621,2022-03-20 04:44:39+00:00,
21,1505404932207558659,"RT @airdropinspect: New airdrop: Prizefighter (RING)
Total Reward: $5,000 worth of RING
Rate: ⭐️⭐️⭐️⭐️
Winners: 1,000 Random &amp; Top 100
Dist…",1456212966454403085,2022-03-20 04:44:39+00:00,
22,1505404931943329792,"RT @AirdropDet: 🔍 New #Airdrop: SteamPad

🏆 Total Airdrop Pool: 5 Million STPD [~$300,000]

🔴 Start the airdrop bot https://t.co/CR15u9bH3K…",1495783387537481728,2022-03-20 04:44:39+00:00,
23,1505404928675647488,"In Japan, #XRP is religion. I love it! All works! #eth #ethereum #binance #bitcoin btc #ripple #crypto #cryptocurrency https://t.co/CS6xFw90W4",1456976505989435398,2022-03-20 04:44:38+00:00,
24,1505404927924973569,"➡️ @CONNECTORCOIN ⬅️
Good Project 👌👌👌
#crypto #bitcoin 
#CONNECTORCOIN 
#ctco $bnb $bsc 
$ctco #bnb 
@Rocket__crypto
🎗 @Akon 🎗
📎F.B
https://t.co/OWNbcEzhUG",1408293383660003328,2022-03-20 04:44:38+00:00,
25,1505404926016561152,"RT @CircuitSociety: #NFTCOLLECTION COMING SOON 🏆

We are continuing to develop our #NFTs! Our NFTS will offer something that has not yet be…",271508476,2022-03-20 04:44:38+00:00,
26,1505404924766703619,"RT @airdropinspect: New airdrop: Prizefighter (RING)
Total Reward: $5,000 worth of RING
Rate: ⭐️⭐️⭐️⭐️
Winners: 1,000 Random &amp; Top 100
Dist…",1501114732534984706,2022-03-20 04:44:37+00:00,
27,1505404923969617922,"RT @LunarCrush: 🔭 Top 10 current trending searches on https://t.co/S43WsovN9f.

$jasmy #jasmycoin
$mrx #metrixcoin
$btc #bitcoin
$mith #mit…",1030812917241921536,2022-03-20 04:44:37+00:00,
28,1505404921440440322,"RT @GiveawayInspect: New Giveaway: Retoken (USDT)
Total Reward: 2,000 USDT
Rate: ⭐️⭐️⭐️⭐️
Winners: 700 Random &amp; Top 50
Distribution: within…",1480605591298998273,2022-03-20 04:44:36+00:00,
29,1505404919901134848,@ArgenTo46 @corybates1895 @pastorcoin I really want to orange pill @DaveRamsey #Bitcoin truly aligns with his principles,1474543259846254592,2022-03-20 04:44:36+00:00,
30,1505404918722867201,"RT @AirdropStario: 💧 SafeWallet Airdrop 💧

🏆 Task:        ➕ 175 SLT (~$3.5) for 1000 random participants

👨‍👩‍👧 Referral: ➕ 30,000 SLT (~$6…",1469187446482997251,2022-03-20 04:44:36+00:00,
31,1505404915908509704,"RT @airdropinspect: New airdrop: Ubiquity DAO (USDT)
Total Reward: 2,500 USDT
Rate: ⭐️⭐️⭐️⭐️
Winners: 1,000 Random &amp; Top 100
Distribution:…",1446391845324427266,2022-03-20 04:44:35+00:00,
32,1505404914687635460,FlagNetwork #IDO #cryptocurrency #Bitcoin #NFTs https://t.co/3hJ9v3kVxw,1418556738157096969,2022-03-20 04:44:35+00:00,
33,1505404914046013446,"In Japan, #XRP is religion. I love it! All works! #eth #ethereum #binance #bitcoin btc #ripple #crypto #cryptocurrency https://t.co/wWa9UImXMR",498992128,2022-03-20 04:44:35+00:00,
34,1505404913903452160,"@BluesparrowC @bitfinex @BlueSparrowETH How amazing can it be?  #Bluesparrow Native Token for Centralized Exchange with focus on both the stock &amp; crypto market
@BlueSparrowETH
@BluesparrowC
#BluesparrowCEX
#ETH
#BlueSparrow
#BlueSparrowtoken
#BlueSparrowCommunity
#bitcoin
#BestDrawToken
#Bluesparrowcharity
#Web3
#NFT https://t.co/orntSvQYnX",1500815180418088961,2022-03-20 04:44:35+00:00,
35,1505404913345474560,RT @w_s_bitcoin: #Bitcoin's absolute scarcity is such a profound discovery. https://t.co/xGdlyQZGkD,14118292,2022-03-20 04:44:35+00:00,
36,1505404912649351170,"RT @DreaDerrick: Hail to #booty everywhere 🍑
—————————————————-
#HumpDay #HumpDayMotivation #ass #hot #reddit #love #Bitcoin #WomanCrushWed…",1442675157848395780,2022-03-20 04:44:34+00:00,
37,1505404912041172993,"➡️ Heroverse Airdrop ⬅️

Reward Pool : 1M HES for all

Link : https://t.co/zxTOITWi1A

🔹Complete all task
🔹Enter data
🔹Enter BSC Address 

Done

#ethereum #bitcoin #airdrops #airdropalert #cryptocurrency #crypto #ETH #blockchain #airdrop #ERC20 #BSC #sol",963697566742282241,2022-03-20 04:44:34+00:00,
38,1505404910791135234,RT @Meta_UFO: #bitcoin and #MetaUFO have no inflation.,1305720709075873792,2022-03-20 04:44:34+00:00,
39,1505404910392676356,"RT @AirdropDet: 🔍 New #Airdrop: YupVerse

💲 Reward: Up to 10M YuP (~$5) + 2M YuP (~$1,000) referral pool

🔴 Start the airdrop bot https://t…",703923427028021248,2022-03-20 04:44:34+00:00,
40,1505404910250053637,RT @MatthewHyland_: The weekly candle continues to look pretty damn good for #Bitcoin https://t.co/XeOw0VxKZs,1309358111078133761,2022-03-20 04:44:34+00:00,
41,1505404907972558849,"RT @airdropinspect: New airdrop: Prizefighter (RING)
Total Reward: $5,000 worth of RING
Rate: ⭐️⭐️⭐️⭐️
Winners: 1,000 Random &amp; Top 100
Dist…",1479797791988002819,2022-03-20 04:44:33+00:00,
42,1505404906265460737,"RT @AirdropStario: 💧 SafeWallet Airdrop 💧

🏆 Task:        ➕ 175 SLT (~$3.5) for 1000 random participants

👨‍👩‍👧 Referral: ➕ 30,000 SLT (~$6…",1487679566525394944,2022-03-20 04:44:33+00:00,
43,1505404904764026882,We just know #XRP will moon #crypto #binance #cryptocurrency #bitcoin #btc https://t.co/TASwANH7mH,1472934459318099972,2022-03-20 04:44:33+00:00,
44,1505404904025870338,The strongest bullish signal flashed for #XRP #bitcoin #btc #ethereum #eth https://t.co/o2PDyiWf6Q,3375478514,2022-03-20 04:44:32+00:00,
45,1505404903984070659,"RT @Revolotto: 🏏World's Dangerous Cricketer
Greatest Batsman of All-time in Cricket

🌎Universe Boss - Chris Gayle extending his support and…",1497427811036196865,2022-03-20 04:44:32+00:00,
46,1505404903031779330,RT @EtcSage: Divide and conquer.    #EthereumClassic $etc will separate the wheat from the chaff.  Success resides with #etc. #bitcoin,1472642718052634624,2022-03-20 04:44:32+00:00,
47,1505404902721265667,"RT @binance: 💰 $10,000 giveaway 💰
 
Post your #BitcoinButton result to enter!
 
Rules:
🔸 Retweet this post
🔸 Follow @Binance
🔸 Play #Bitcoi…",1474639511703351297,2022-03-20 04:44:32+00:00,
48,1505404901932748800,"RT @airdropinspect: New airdrop: Prizefighter (RING)
Total Reward: $5,000 worth of RING
Rate: ⭐️⭐️⭐️⭐️
Winners: 1,000 Random &amp; Top 100
Dist…",1294555733959348225,2022-03-20 04:44:32+00:00,
49,1505404899600871426,RT @WatcherGuru: JUST IN: PayPal co-founder says the “biggest mistake I made in the last decade was getting too late and too little into #B…,22645752,2022-03-20 04:44:31+00:00,
