,id,text,author_id,created_at,geo
0,1505649881167314950,"RT @BTCfuel: This #Bitcoin indicator setup has always led to a big BULLISH move in the past. Now it's happening again 🔥🔥🔥

Nice spot from @…",1423344248276070405,2022-03-20 20:57:59+00:00,
1,1505649881117229056,RT @WatcherGuru: JUST IN: 🇦🇺 Australian government will regulate #Bitcoin &amp; #cryptocurrencies as part of a broader revamp of the country’s…,108570869,2022-03-20 20:57:59+00:00,
2,1505649872438845440,"RT @MCStaker: 🔥GIVEAWAY🔥
10 WINNERS, 50 MATIC FOR EACH WINNER💜

👉Like and Retweet this tweet
👉Follow us
👉 Tag a friend
👉Join our telegram:…",1401511538154897408,2022-03-20 20:57:57+00:00,
3,1505649871226769409,"We just know #XRP will moon #crypto #binance #cryptocurrency #bitcoin #btc

https://t.co/ARZIIdSr3G",1468289927133958144,2022-03-20 20:57:57+00:00,
4,1505649869700141065,"RT @EtcSage: #EthereumClassic $etc price doublings from here: $64,$128,$256,$512,$1024.  Not a lot of work is necessary.  Miners will reinf…",1386379454470033415,2022-03-20 20:57:57+00:00,
5,1505649862594945036,"RT @BTCGandalf: This is how @bopinion sees the world. 

#Bitcoin fixes this. https://t.co/Qq2A7HxMMP",43354683,2022-03-20 20:57:55+00:00,
6,1505649862511005698,Current #Bitcoin Price is $41413 #BTC #Crypto,1443994358651359234,2022-03-20 20:57:55+00:00,
7,1505649862330753024,"XRP is getting ready to take off to the moon! #altcoin #bitcoin #binance #xrp #ripple

https://t.co/8h3e0HhVRb",1454792129692282881,2022-03-20 20:57:55+00:00,
8,1505649860686618628,"@AirdropBSC_Com Good project
@afhyslop @gvd_dest @marielsaez 

#Polygon #bitcoin #BULL",1492995006646439937,2022-03-20 20:57:55+00:00,
9,1505649860422344705,RT @Eljaboom: If you don’t understand #bitcoin then unfollow me,1468817016643543040,2022-03-20 20:57:55+00:00,
10,1505649857263857665,"RT @Revolotto: 🏏World's Dangerous Cricketer
Greatest Batsman of All-time in Cricket

🌎Universe Boss - Chris Gayle extending his support and…",1453682999476711429,2022-03-20 20:57:54+00:00,
11,1505649857175904260,bitcoin is financial freedom! One moment in #monaco #montecarlo #cripto #bitcoin https://t.co/3djZ9g3CBw,1482497071244627969,2022-03-20 20:57:54+00:00,
12,1505649854571237379,RT @OnChainCollege: Interesting that the Upper and Lower Bands of the #Bitcoin Stablecoin Supply Ratio have been pretty accurate in indicat…,1433860403445080092,2022-03-20 20:57:53+00:00,
13,1505649844538556416,"RT @derus1997: Long Altcoin Now 🚀

@cctip_com airdrop 5000000 BTTNEW 500 #ALTSEASON #bitcoin",1164058540757135360,2022-03-20 20:57:51+00:00,
14,1505649843917701123,"@murdockmurr World 1st bitcoin transection NFT  

https://t.co/vEVMoezY0E    

@opensea 

#Bitcoin  #nft #BinanceNFT #PolygonNFT #legend #100xgem #NFT #memoriesNFTseller #NFTs #opensea #OpenSeaNFT",1123881566399270912,2022-03-20 20:57:51+00:00,
15,1505649842529349632,This is music! #bitcoin https://t.co/hd103qypZ9,619100573,2022-03-20 20:57:50+00:00,
16,1505649842000912393,"RT @HadiHos65287736: #BlueSparrow is a bridge between the stock market and crypto .. You will have both in the Blue Sparrow CEX
#BlueBit  😍…",1461717244375875585,2022-03-20 20:57:50+00:00,
17,1505649841287880717,"We just know #XRP will moon #crypto #binance #cryptocurrency #bitcoin #btc

https://t.co/6GhE0PBj7N",1332320201065394176,2022-03-20 20:57:50+00:00,
18,1505649840667176970,"Good project
@afhyslop @gvd_dest @marielsaez 

#Polygon #bitcoin #BULL https://t.co/K5CTo14p03",1492995006646439937,2022-03-20 20:57:50+00:00,
19,1505649840209813505,"➡️ @CONNECTORCOIN ⬅️
🌹🌹Good Project 👌👌👌
#crypto #bitcoin 
#CONNECTORCOIN 
#ctco $bnb $bsc 
$ctco #bnb 
@Rocket__crypto
🎗 @Akon 🎗
📎F.B
https://t.co/M8N0qAdrmY 🤯🥴👌👏 https://t.co/jeWWRh5kkP https://t.co/xQCbKhm1RE",1444918426934419457,2022-03-20 20:57:50+00:00,
20,1505649838381170691,"RT @AirdropStario: 💧 Hero Arena Airdrop 💧

📍 Listed on: CoinMarketCap, PancakeSwap

🏆 Task: ➕  100 HERA (~$4) for 3000 random participants…",1448877828284375041,2022-03-20 20:57:49+00:00,
21,1505649836225445888,"Hey I joined a network called SurveyJ and earned $49,799 today! You get paid for surveys and posting on social media. Sign up with my link for an instant $40 signup bonus! https://t.co/QzPpk8gjLs #SurveyJ #cashapp #bitcoin",483074115,2022-03-20 20:57:49+00:00,
22,1505649831670210560,The strongest bullish signal flashed for #XRP #bitcoin #btc #ethereum #eth https://t.co/TPXoH2tZSv,1347773773,2022-03-20 20:57:48+00:00,
23,1505649828587528192,"This amazing faucet from @_bitcoiner is making me tweet this to claim my free Lightning sats. ⚡

@boltcoiner unlock me db36a15b-06e1-42d9-a9cd-f2b2ec7bb55f

#Bitcoin #BTC #LN #LightningNetwork #boltcoiner
https://t.co/FJiUa2Rilc",1484218733228867586,2022-03-20 20:57:47+00:00,
24,1505649828302405636,"XRP is getting ready to take off to the moon! #altcoin #bitcoin #binance #xrp #ripple

https://t.co/fn1m5zvAMi",1485563894068350981,2022-03-20 20:57:47+00:00,
25,1505649828289781764,"@KirekaNFT World 1st bitcoin transection NFT  

https://t.co/vEVMoezY0E    

@opensea 

#Bitcoin  #nft #BinanceNFT #PolygonNFT #legend #100xgem #NFT #memoriesNFTseller #NFTs #opensea #OpenSeaNFT",1123881566399270912,2022-03-20 20:57:47+00:00,
26,1505649827589279745,"RT @airdropinspect: New airdrop: Flamingo Casino
Total Reward: 200 NFTs &amp; $2500 pricing pool
Rate:⭐️⭐️⭐️⭐️
Winners: 220 Random
Distribution…",1473807578836742154,2022-03-20 20:57:47+00:00,
27,1505649825706135563,"RT @HadiHos65287736: #BlueSparrow is a bridge between the stock market and crypto .. You will have both in the Blue Sparrow CEX
#ETH
#BlueS…",1461717244375875585,2022-03-20 20:57:46+00:00,
28,1505649825043296256,"RT @TheRealPlanC: If you are not following @JohalMiles 🧐 yet you simply don't understand how to use crypto twitter. 

Check out these 4 cha…",1466154380625911813,2022-03-20 20:57:46+00:00,
29,1505649820484124673,RT @rovercrc: I JUST OPENED ANOTHER $115k #BITCOIN LONG!!!,1469023210805108752,2022-03-20 20:57:45+00:00,
30,1505649817531387904,"@saylor: ""If you don't understand money, you won't understand #bitcoin.""

@cz_binance: ""If you don't understand #bitcoin, you don't understand money.""

I: ""Buy #Bitcoin"". https://t.co/py3w5yIVr5",15457140,2022-03-20 20:57:44+00:00,
31,1505649817170628614,"📈💰$4,300,000 #bitcoin LONGED @$41,347.5 [20/03/22 20:57:44]
🏤BitMEX | $XBTUSD

💬Go all in or get liquidated tryin - shillafromindia",968796006576947200,2022-03-20 20:57:44+00:00,
32,1505649817086832646,"n Japan, #XRP is religion. I love it! All works! #eth #ethereum #binance #bitcoin btc #ripple #crypto #cryptocurrency

https://t.co/39tUSxFEvg",1359330356499935232,2022-03-20 20:57:44+00:00,
33,1505649812854611972,"RT @chitaglorya__: giveaway 200$ | 2,800,000 IDR

-- rt follow @flagnetwork_NFT 

-- rt &amp; quoted their pinned with   #FlagNetwork  #cryptoc…",1303324581604720642,2022-03-20 20:57:43+00:00,
34,1505649811978178565,"@cryptoBILLnfts World 1st bitcoin transection NFT  

https://t.co/vEVMoezY0E    

@opensea 

#Bitcoin  #nft #BinanceNFT #PolygonNFT #legend #100xgem #NFT #memoriesNFTseller #NFTs #opensea #OpenSeaNFT",1123881566399270912,2022-03-20 20:57:43+00:00,
35,1505649810048749577,"n Japan, #XRP is religion. I love it! All works! #eth #ethereum #binance #bitcoin btc #ripple #crypto #cryptocurrency

https://t.co/LPYJOfVxuq",1465552535767244804,2022-03-20 20:57:42+00:00,
36,1505649809763491840,Next up for #EthereumClassic $etc. $50.   On the path to $500-$1000. #bitcoin,1114884470144929792,2022-03-20 20:57:42+00:00,
37,1505649808576458752,"RT @HadiHos65287736: #BlueSparrow is a bridge between the stock market and crypto .. You will have both in the Blue Sparrow CEX
#BlueBit  😍…",1461717244375875585,2022-03-20 20:57:42+00:00,
38,1505649804956766209,We just know #XRP will moon #crypto #binance #cryptocurrency #bitcoin #btc https://t.co/BSeBIOx2WO,1285822581543768066,2022-03-20 20:57:41+00:00,
39,1505649803203555331,"Only in the mind can one come up with the idea that “the mind is a prison”. One does not escape the mind prison through the mind.

#bitcoin #awareness",1438224477679243266,2022-03-20 20:57:41+00:00,
40,1505649801664217089,"RT @cz_binance: If you don't understand #bitcoin, you don't understand money.",1457522326421925891,2022-03-20 20:57:40+00:00,
41,1505649798682071040,"RT @MartiniGuyYT: BITCOIN CRASHING 🚨 HUGE TRADING OPPORTUNITY!! $1.5M LONG?!?!!

- #Bitcoin Analysis
- #Ethereum Analysis

💰 WATCH THIS VID…",1466154380625911813,2022-03-20 20:57:40+00:00,
42,1505649797121949698,"n Japan, #XRP is religion. I love it! All works! #eth #ethereum #binance #bitcoin btc #ripple #crypto #cryptocurrency

https://t.co/zcqjZXB9hc",1484746440727535618,2022-03-20 20:57:39+00:00,
43,1505649796442468352,"RT @HadiHos65287736: #BlueSparrow is a bridge between the stock market and crypto .. You will have both in the Blue Sparrow CEX
#BlueBit  😍…",1461717244375875585,2022-03-20 20:57:39+00:00,
44,1505649790230573057,"RT @MRroy_AKA: FLUPPER the newest subs for 
@kaleidoscopexcp

early price on #XCP
https://t.co/gl6cEwiXQI

dispenser 40/40
https://t.co/8W2…",374863458,2022-03-20 20:57:38+00:00,
45,1505649785746780161,"RT @AirdropDet: 🔍 New #Airdrop: YupVerse

💲 Reward: Up to 10M YuP (~$5) + 2M YuP (~$1,000) referral pool

🔴 Start the airdrop bot https://t…",1502405252427165697,2022-03-20 20:57:37+00:00,
46,1505649785432383495,"n Japan, #XRP is religion. I love it! All works! #eth #ethereum #binance #bitcoin btc #ripple #crypto #cryptocurrency

https://t.co/FTez3HM3l5",1260883451596746752,2022-03-20 20:57:37+00:00,
47,1505649785327521792,"RT @k_roberson2: @1goonrich And they doubted us heavily!!!
PONGOINU TO THE MOON!!!
@pongoinutoken #PONGOARMY #IndonesianGP #GetWellSoonJin…",701884506920321024,2022-03-20 20:57:37+00:00,
