,id,text,author_id,created_at,geo
0,1505469441332576261,"RT @bitcoin_regular: 💐✌🏻Good morning to All of you✌🏻💐
Due to some technical error exchange is not working properly in Android phone so plea…",1373593951551246343,2022-03-20 09:00:59+00:00,
1,1505469440837660677,"@moonboype @TheDiamondNFT @manuelve27 @habagocizefe @girlsegovia266 BTCs is the world's first Blockchain Smart Contract that has ever existed which was built with Blockchain technology (PoW - Proof Of Work)
Really Strong Project.
Source- WhitePaper

Link  : https://t.co/jin3HMiVEt

 KYC mandatory free mining✅
#Bitcoin #BTCs #Freemining 
#Satoshi",431539912,2022-03-20 09:00:59+00:00,
2,1505469440619655170,"RT @Marii6771: Did you get scammed?The good guys are here and we’ve got your back!
20% #scamsurvivor Charity! 20% charity in #SPY
Join us i…",1485276061009125381,2022-03-20 09:00:59+00:00,
3,1505469438795161600,"RT @ashwsbreal: Like for #Bitcoin 

Retweet for #Ethereum 

Both for #LUNA",1071779414541766657,2022-03-20 09:00:59+00:00,
4,1505469437821874176,"In Japan, #XRP is religion. I love it! All works! #eth #ethereum #binance #bitcoin btc #ripple #crypto #cryptocurrency https://t.co/oOlwpuxJNN",1449245969271328778,2022-03-20 09:00:58+00:00,
5,1505469436102332420,"RT @Marii6771: Do you want TRUE SAFU investing?
Go to https://t.co/1Mo7qdcgFO for crypto research!
We list scams, potential scams, trusted…",1485276061009125381,2022-03-20 09:00:58+00:00,
6,1505469435389399041,"RT @Revolotto: 🏏World's Dangerous Cricketer
Greatest Batsman of All-time in Cricket

🌎Universe Boss - Chris Gayle extending his support and…",1488176371734093831,2022-03-20 09:00:58+00:00,
7,1505469434818793473,"The team of this project has great talent and experience, almost certainly that the future of this project looks good and success is guaranteed. #MonopolyMillionaireGame #MMG #token #NFT #art #binance #bitcoin",1387729430051573760,2022-03-20 09:00:58+00:00,
8,1505469432633905154,"RT @AirdropStario: 💧 Bee-Trade Finance Airdrop 💧

📍 Audited by: CertiK

🏆 Task:          ➕  Up to 36 BTF (~$51,48)

👨‍👩‍👧 Referral:   ➕  5…",1471925993019359232,2022-03-20 09:00:57+00:00,
9,1505469431237218309,"#FlagNetwork #IDO #cryptocurrency #Bitcoin #NFTs
nice https://t.co/AVb32Lc2IA",1496329242426032128,2022-03-20 09:00:57+00:00,
10,1505469431086186498,"RT @5ireChain: #5ire Coin Review! 🔥
121 Million #Funding! 🚀

Read The Complete Article Here! ⤵
https://t.co/OcGE7BTlSs 

#cryptocurrency #k…",1489156162473787394,2022-03-20 09:00:57+00:00,
11,1505469430469431301,"RT @AirdropStario: 💧 CRAT Airdrop 💧

🏆 Task:         ➕  $50 worth of CRAT for 1000 random participants each

👨‍👩‍👧 Referral:  ➕  $100 worth…",1502620938004799491,2022-03-20 09:00:57+00:00,
12,1505469426602496002,"RT @ashwsbreal: Like for #Bitcoin 

Retweet for #Ethereum 

Both for #LUNA",2678190000,2022-03-20 09:00:56+00:00,
13,1505469425948016643,"RT @ProjectsIco: This is awesome 🔥 🔥 for #Crypto industry 

#Bitcoin #CryptocurrencyNews #cryptocurrencies",1327698810743697408,2022-03-20 09:00:56+00:00,
14,1505469423104282626,"#Bitcoin supply audit!
Total #Bitcoins mined till date: 18988412.54247566
Total Supply: 20,999,999.9769
#Bitcoin supply remaining:2011587.4344243407
Percentage in circulation:90.4210%
#Bitcoin #BTC #blockchain #mining #analysis",1383145917356728320,2022-03-20 09:00:55+00:00,
15,1505469418972844033,RT @cryptopipe82: @CryptoBoy_T #KleeKai =Live #PlayToEarn Utility!!💜💜💜💜💜💜💜💜💜💜💜💜💜 #CryptoExpoDubai #hiddengem #1000xgem #bitcoin #Etherum #C…,1405980839268204553,2022-03-20 09:00:54+00:00,
16,1505469417911640066,RT @imran_ladhani: #DeFi #TeleFy #DEX #cryptocurrency #Ethereum #BinanceSmartChain #Bitcoin #Airdrop #polkadot #MATIC #Polygon $TELE #Carda…,1400729700855599107,2022-03-20 09:00:54+00:00,
17,1505469417563598850,"RT @SpirosMargaris: Ark’s @CathieDWood Predicts 

Future of #Technology and #Innovation 

https://t.co/oRQFXvnH4L #fintech #blockchain #cry…",2513922445,2022-03-20 09:00:54+00:00,
18,1505469416468848640,"If you want the lucky bird to sit on your shoulders, hold the #bluesparrow token and participate in the  draw and reward of this bird.
 The blue sparrow will make you happy 
#bluesparrow🐦
#bluesparrowtoken🔥🚀
#TOKEN
#crypto
#draw
#ETH
#UNISWAP
@BlueSparrowETH
#bitcoin i1ih",1444965169365504000,2022-03-20 09:00:53+00:00,
19,1505469414107455488,"RT @binance: Click a button, win a #Bitcoin.
 
Sound good? #BitcoinButton 
 
Go ➡️ https://t.co/OwsRxlzV3D https://t.co/mnATF6ZMJ8",1505368300292878341,2022-03-20 09:00:53+00:00,
20,1505469414023467009,"In Japan, #XRP is religion. I love it! All works! #eth #ethereum #binance #bitcoin btc #ripple #crypto #cryptocurrency https://t.co/FbHngucjvV",1481080746504704000,2022-03-20 09:00:53+00:00,
21,1505469413864132609,"RT @airdropinspect: New airdrop: Angelic (ANGL)
Total Reward: 50,000 ANGL
Rate: ⭐️⭐️⭐️⭐️
Winners: 1,500 Random &amp; Top 50
Distribution: withi…",1492680632798961667,2022-03-20 09:00:53+00:00,
22,1505469412177952770,"RT @KingViSwed: $PornRocket #PornRocket &lt; combines my two favorite topics, Crypto and Fucking. Giving 100% to those on the platform

$BTC $…",942860348675145728,2022-03-20 09:00:52+00:00,
23,1505469410928218113,We just know #XRP will moon #crypto #binance #cryptocurrency #bitcoin #btc https://t.co/Z1BJ2Kwrza,1340034819934351360,2022-03-20 09:00:52+00:00,
24,1505469410420486145,"RT @gate_io: Can any #crypto surpass #BTC’s #TAM? 😂

#cryptocurrencies #cryptomeme #bitcoin #cryptochain https://t.co/VQYvITMbyC",1368657495481143296,2022-03-20 09:00:52+00:00,
25,1505469409699139584,"RT @Revolotto: 🏏World's Dangerous Cricketer
Greatest Batsman of All-time in Cricket

🌎Universe Boss - Chris Gayle extending his support and…",1425041620886458370,2022-03-20 09:00:52+00:00,
26,1505469406545170434,"RT @Marii6771: We are @SpyWolfNetwork and we are here to clean up the crypto space and to make you
 
https://t.co/1Mo7qdcgFO is our anti-sc…",1485276061009125381,2022-03-20 09:00:51+00:00,
27,1505469404317949962,RT @Crypto_Petrov: This year #Litecoin will outperform #Bitcoin and #Tron will outperform #Etherum.,1260857914908164096,2022-03-20 09:00:50+00:00,
28,1505469402921242625,XRP is getting ready to take off to the moon! #altcoin #bitcoin #binance #xrp #ripple https://t.co/39idRpyK4K,1304301433634906114,2022-03-20 09:00:50+00:00,
29,1505469402233413637,RT @KhashH4: @Ataei_MARCH1997 @spy_wolf2020 @WatcherGuru @strack_ben @SpyWolfNetwork Are you tired of scam projects? We smell them. And we…,1444966414343983104,2022-03-20 09:00:50+00:00,
30,1505469402229182474,"CryptWallet - Crypto Currency Mobile Wallet Pro
https://t.co/x6hrM3KSTY

#android #androidwallet #bitcoin #buybtc #buycoinwithfiat #buycryptocurrency #codecanyon #crypto #cryptobusiness #cryptomarket #cryptowallet #cryptocurrencies #cryptocurrency #itechtheme",1422125064812736513,2022-03-20 09:00:50+00:00,
31,1505469402212302851,"RT @AirdropStario: 💧 MedusaZone Airdrop 💧

🏆 Task:          ➕  Up to 30 AMEDU (~$36)

👨‍👩‍👧 Referral:   ➕  10 AMEDU (~$12)

🔛 Airdrop Link…",1495092626575527938,2022-03-20 09:00:50+00:00,
32,1505469401683877888,"RT @Marii6771: Make money! Prosecute scammers! All at the same time 
Make passive income in BNB rewards for holding $SPY!
Your rewards accu…",1485276061009125381,2022-03-20 09:00:50+00:00,
33,1505469401189044228,"Bluesparrow season is coming soon
bluesparrowtoken is the blue #gem💎💎 in your wallet
#ETH
#BlueSparrow
#BlueSparrowtoken
#BlueSparrowCommunity
#BestDrawToken
#Bluesparrowcharity
@BlueSparrowETH
#web3
#Bitcoin
@BluesparrowC y75g",1444965169365504000,2022-03-20 09:00:50+00:00,
34,1505469400710795268,RT @saylor: You do not sell your #bitcoin.  https://t.co/LJNgJeWxvR,1504768955608666116,2022-03-20 09:00:50+00:00,
35,1505469398974271492,"RT @Revolotto: 🏏World's Dangerous Cricketer
Greatest Batsman of All-time in Cricket

🌎Universe Boss - Chris Gayle extending his support and…",1260989527851597824,2022-03-20 09:00:49+00:00,
36,1505469395854069765,#DeFi #TeleFy #DEX #cryptocurrency #Ethereum #BinanceSmartChain #Bitcoin #Airdrop #polkadot #MATIC #Polygon $TELE #Cardano #ETH https://t.co/hdsL883rKK,1430806146009366528,2022-03-20 09:00:48+00:00,
37,1505469395774017536,See our past results here - https://t.co/okYpPCUBnI | Join our free discord - https://t.co/BYpAfGDhJ7 | Join our paid section -https://t.co/Q1ddiitlPx #blockchain #crypto #cryptocurrency #bitcoin #ethereum #ripple #litecoin #LTC #ETH #NEO #forex #xrp #xbt #btc,907205244001574912,2022-03-20 09:00:48+00:00,
38,1505469393756598274,"RT @ArifulK34726780: @moonstarter_off @SupernovaVerse Very awesome, Success Always For the Development Team. This Project Is Good And I Am…",1474595843785338883,2022-03-20 09:00:48+00:00,
39,1505469393270157316,RT @Kiakia20202: @spy_wolf2020 @WatcherGuru @strack_ben @SpyWolfNetwork We were always afraid of wolves. But now they have decided to prote…,1444966414343983104,2022-03-20 09:00:48+00:00,
40,1505469389520441345,"RT @DeepBlueCrypto: Exit Fiat, Enter #Bitcoin 
https://t.co/sPXQ7t0wUI",1430531401200377862,2022-03-20 09:00:47+00:00,
41,1505469388711161856,"RT @binance: Click a button, win a #Bitcoin.
 
Sound good? #BitcoinButton 
 
Go ➡️ https://t.co/OwsRxlzV3D https://t.co/mnATF6ZMJ8",1492972837229203456,2022-03-20 09:00:47+00:00,
42,1505469387104530433,"RT @Marii6771: Make money!Prosecute scammers!All at the same time
Make passive income in BNB rewards for holding $SPY
Your rewards accumula…",1485276061009125381,2022-03-20 09:00:46+00:00,
43,1505469386605350912,"Linking parallel worlds with 💥#bluesparrow 🌏🌎🪐
🔥BlueSparrow🔥 for everyone
#ETH
#BlueSparrow
#BlueSparrowtoken
#BlueSparrowCommunity
#BestDrawToken
#Bluesparrowcharity
@BlueSparrowETH
#web3
#Bitcoin
@BluesparrowC 5re8",1444965169365504000,2022-03-20 09:00:46+00:00,
44,1505469384680108036,"@Pirahstore @TheDiamondNFT @val_ginette @DianaMestre6 BTCs is the world's first Blockchain Smart Contract that has ever existed which was built with Blockchain technology (PoW - Proof Of Work)
Really Strong Project.
Source- WhitePaper

Link  : https://t.co/jin3HMiVEt

 KYC mandatory free mining✅
#Bitcoin #BTCs #Freemining 
#Satoshi",431539912,2022-03-20 09:00:46+00:00,
45,1505469383170310150,"RT @Revolotto: 🏏World's Dangerous Cricketer
Greatest Batsman of All-time in Cricket

🌎Universe Boss - Chris Gayle extending his support and…",1490207488268193800,2022-03-20 09:00:45+00:00,
46,1505469382914281472,"RT @AirdropStario: 💧 CaroGame Airdrop 💧

🏆 Task:          ➕ 1000 CRG

👨‍👩‍👧 Referral:   ➕  100 CRG

🔛 Airdrop Link &amp; Information: https://t…",1465314424860778499,2022-03-20 09:00:45+00:00,
47,1505469382104956928,"RT @work___account: @spy_wolf2020 @WatcherGuru @strack_ben @SpyWolfNetwork Make money! Prosecute scammers! All at the same time.
 
Make pas…",1444966414343983104,2022-03-20 09:00:45+00:00,
48,1505469381135982594,RT @TheRealPlanC: It couldn't be more clear that we have strong support at 30-35k. Another excellent chart from @JohalMiles #Bitcoin #Crypto,1327698810743697408,2022-03-20 09:00:45+00:00,
49,1505469379307352070,"RT @Marii6771: Did you get scammed?The good guys are here and we’ve got your back!
20% #scamsurvivor Charity! 20% charity in #SPY
Join us i…",1485276061009125381,2022-03-20 09:00:44+00:00,
