,id,text,author_id,created_at,geo
0,1505471203515023360,RT @ProjectsIco: #Bitcoin is an hedge against any monetary depreciation 🚀,1327698810743697408,2022-03-20 09:07:59+00:00,
1,1505471202877313025,"RT @BTC_Archive: #Bitcoin at $42k 👀
Nice and steady…👌",1446753246148583424,2022-03-20 09:07:59+00:00,
2,1505471200247660545,"RT @CmoBitcoin: The latest #bitcoin block 728180 with 337 transactions was just mined by Binance Pool
Total Fees:0.0070132
Block Subsidy:6.…",1492663414132461571,2022-03-20 09:07:59+00:00,
3,1505471196359503876,"RT @ffurknaydnn: @WatcherGuru Don’t missed #SHINJA 🥷🏿🔥
Buy Now and Happy later 🥷🏿🔥

#Shibnobi #Crypto #DeFi #BTC #SHIB #Ceek #AVAX #BNB
#Et…",1505092770142330880,2022-03-20 09:07:58+00:00,
4,1505471195512475650,"RT @CrypChic: If you could hold just 3 for the next 5 years, which coins would you choose? 
#bitcoin 
#ethereum 
#cardano 
$xrp 
$sol 
$dot…",1441485049946279942,2022-03-20 09:07:57+00:00,
5,1505471194346233858,RT @rovercrc: #Bitcoin looks ready to explode! 👀🚀,1292763221313585152,2022-03-20 09:07:57+00:00,
6,1505471192999903238,"I will never ask you, to buy or sell, i’m just asking you, just never lose🔥🤩 ""Suzume""

#ETH
#BlueSparrow
#BlueSparrowtoken
#BlueSparrowCommunity
#BestDrawToken
#Bluesparrowcharity
@BlueSparrowETH
#web3
#Bitcoin
@BluesparrowC kndfh",1444965169365504000,2022-03-20 09:07:57+00:00,
7,1505471190164377604,lets goww #FlagNetwork  #cryptocurrency #Bitcoin  #StandWithUkraine https://t.co/fFC5GRP2kH,1314996595641868293,2022-03-20 09:07:56+00:00,
8,1505471187178356741,"RT @GiveawayInspect: New Giveaway: Retoken (USDT)
Total Reward: 2,000 USDT
Rate: ⭐️⭐️⭐️⭐️
Winners: 700 Random &amp; Top 50
Distribution: within…",1484204653097422849,2022-03-20 09:07:55+00:00,
9,1505471184854568964,RT @ProjectsIco: #Bitcoin retesting #40k is great opportunity to accumulate,1327698810743697408,2022-03-20 09:07:55+00:00,
10,1505471183914823680,"RT @AirdropStario: 💧 CRAT Airdrop 💧

🏆 Task:         ➕  $50 worth of CRAT for 1000 random participants each

👨‍👩‍👧 Referral:  ➕  $100 worth…",1466345385174044673,2022-03-20 09:07:55+00:00,
11,1505471183583858688,"RT @sacz2410: Introduction to Digital Currency - Article released in 9th edition of AAFM... 

If you want the full downloadable e-mag.. Jus…",1259196487822503937,2022-03-20 09:07:55+00:00,
12,1505471182941790210,"RT @airdropinspect: New airdrop: Flamingo Casino
Total Reward: 200 NFTs &amp; $2500 pricing pool
Rate:⭐️⭐️⭐️⭐️
Winners: 220 Random
Distribution…",1505170774922997760,2022-03-20 09:07:54+00:00,
13,1505471182752997381,"RT @airdropinspect: New airdrop: Prizefighter (RING)
Total Reward: $5,000 worth of RING
Rate: ⭐️⭐️⭐️⭐️
Winners: 1,000 Random &amp; Top 100
Dist…",1503439926762749952,2022-03-20 09:07:54+00:00,
14,1505471181482254336,"RT @ICOAnnouncement: 🎙 New Project

🔷 IotexPad (TEX)

🔶 IotexPad aims to be the first decentralized IDO platform based on the Iotex chain.…",4528477396,2022-03-20 09:07:54+00:00,
15,1505471178202361861,"RT @TheCryptoLark: #bitcoin will hit a million dollars per coin, the only question is when!",1292763221313585152,2022-03-20 09:07:53+00:00,
16,1505471176495308800,"The greatest division of wealth of the century, will soon take place with the BlueSparrow💯💥

#ETH
#BlueSparrow
#BlueSparrowtoken
#BlueSparrowCommunity
#BestDrawToken
#Bluesparrowcharity
@BlueSparrowETH
#web3
#Bitcoin
@BluesparrowC sgte",1444965169365504000,2022-03-20 09:07:53+00:00,
17,1505471174612234245,"DANKPEPEUFO is my new artwork accepted by @DankDirectory at @counterpartyxcp

get it on :
https://t.co/UwK6qaNWyD

for ever card sold 30, will burn 30..get it before all gone!!

#bitcoin #BTC #NFTs #NFT #NFTcollector #dankdirectory https://t.co/eV7S7R9ObV",946570939,2022-03-20 09:07:52+00:00,
18,1505471173500739586,"RT @ashwsbreal: Like for #Bitcoin 

Retweet for #Ethereum 

Both for #LUNA",1442052585007902726,2022-03-20 09:07:52+00:00,
19,1505471171881365507,"n Japan, #XRP is religion. I love it! All works! #eth #ethereum #binance #bitcoin btc #ripple #crypto #cryptocurrency

https://t.co/TnrAH0MBmq",1167161355662704640,2022-03-20 09:07:52+00:00,
20,1505471170249994244,"RT @AirdropStario: 💧 CRAT Airdrop 💧

🏆 Task:         ➕  $50 worth of CRAT for 1000 random participants each

👨‍👩‍👧 Referral:  ➕  $100 worth…",1494257278891048964,2022-03-20 09:07:51+00:00,
21,1505471169838809089,"RT @Revolotto: 🏏World's Dangerous Cricketer
Greatest Batsman of All-time in Cricket

🌎Universe Boss - Chris Gayle extending his support and…",1364419453367119877,2022-03-20 09:07:51+00:00,
22,1505471168396115975,"RT @AirdropAchiever: New Airdrop: ABI Galaverse
Value: 100,000 ABI
Referral: Top 3 highest rewards
Winners: Top 2,500 
End Date: 26th March…",1500920714915889158,2022-03-20 09:07:51+00:00,
23,1505471167062503425,"RT @binance: 💰 $10,000 giveaway 💰
 
Post your #BitcoinButton result to enter!
 
Rules:
🔸 Retweet this post
🔸 Follow @Binance
🔸 Play #Bitcoi…",221790186,2022-03-20 09:07:51+00:00,
24,1505471164109533184,"Cardano pumps 13% on burn mechanism rollout rumours 

#Cardano #cardanofeed #ADA #crypto #cardanocommunity #bitcoin #CoinMarketCap #blockchain #cryptocurrency #cryptonews #btc $ADA
https://t.co/xPBRbhYgNQ",1373334050048466946,2022-03-20 09:07:50+00:00,
25,1505471164080140293,"RT @airdropinspect: New airdrop: Angelic (ANGL)
Total Reward: 50,000 ANGL
Rate: ⭐️⭐️⭐️⭐️
Winners: 1,500 Random &amp; Top 50
Distribution: withi…",1450511125955612673,2022-03-20 09:07:50+00:00,
26,1505471163572490245,We just know #XRP will moon #crypto #binance #cryptocurrency #bitcoin #btc https://t.co/YucJDaMMZ0,1477720222115278848,2022-03-20 09:07:50+00:00,
27,1505471161915752448,"RT @AirdropStario: 💧 CRAT Airdrop 💧

🏆 Task:         ➕  $50 worth of CRAT for 1000 random participants each

👨‍👩‍👧 Referral:  ➕  $100 worth…",1503328408423395330,2022-03-20 09:07:49+00:00,
28,1505471161785802758,"Cardano price analysis: ADA prices spike to $0.9032, bulls are still winning 

#Cardano #cardanofeed #ADA #crypto #cardanocommunity #bitcoin #CoinMarketCap #blockchain #cryptocurrency #cryptonews #btc $ADA
https://t.co/JFBDGA54WA",1373334050048466946,2022-03-20 09:07:49+00:00,
29,1505471155188207622,"RT @AirdropStario: 💧 MedusaZone Airdrop 💧

🏆 Task:          ➕  Up to 30 AMEDU (~$36)

👨‍👩‍👧 Referral:   ➕  10 AMEDU (~$12)

🔛 Airdrop Link…",1503318667399995392,2022-03-20 09:07:48+00:00,
30,1505471155167436807,"RT @AirdropStario: 💧 CRAT Airdrop 💧

🏆 Task:         ➕  $50 worth of CRAT for 1000 random participants each

👨‍👩‍👧 Referral:  ➕  $100 worth…",1494708520100704258,2022-03-20 09:07:48+00:00,
31,1505471154429239297,"RT @Meta_Gaming99: Meta Gaming  🎁
 Airdrop for everyone

Steps:
1️⃣Follow us Twitter @Meta_Gaming99 RT&amp;Tag 3 friends
2️⃣Join us TG group: h…",1493545729914449925,2022-03-20 09:07:48+00:00,
32,1505471153887981570,"RT @AirdropStario: 💧 CRAT Airdrop 💧

🏆 Task:         ➕  $50 worth of CRAT for 1000 random participants each

👨‍👩‍👧 Referral:  ➕  $100 worth…",1484519705721417728,2022-03-20 09:07:48+00:00,
33,1505471153615536131,"RT @Revolotto: 🏏World's Dangerous Cricketer
Greatest Batsman of All-time in Cricket

🌎Universe Boss - Chris Gayle extending his support and…",1503224315457974273,2022-03-20 09:07:47+00:00,
34,1505471153225101312,"RT @AirdropStario: 💧 CRAT Airdrop 💧

🏆 Task:         ➕  $50 worth of CRAT for 1000 random participants each

👨‍👩‍👧 Referral:  ➕  $100 worth…",1399747898514886658,2022-03-20 09:07:47+00:00,
35,1505471153187561476,"RT @CardanoFeed: Cardano Price Bottom is Close! Genius Yield, A MUST WATCH Crypto. By Crypto Capital Venture – Cardano Feed 

#Cardano #car…",1438527276988108800,2022-03-20 09:07:47+00:00,
36,1505471151350329349,"RT @GiveawayInspect: New Giveaway: Retoken (USDT)
Total Reward: 2,000 USDT
Rate: ⭐️⭐️⭐️⭐️
Winners: 700 Random &amp; Top 50
Distribution: within…",1479117621333086209,2022-03-20 09:07:47+00:00,
37,1505471151065411586,RT @crypstax: PayPal co-founder says the “biggest mistake I made in the last decade was getting too late and too little into #Bitcoin.” In…,1441485049946279942,2022-03-20 09:07:47+00:00,
38,1505471147323891713,"Web 3.0 is all about a more transparent and fairer network where everyone can participate without fearing a loss of privacy and security, Touch the web3 with #bluesparrow
#better_future
#BlueSparrow
#BlueSparrowtoken
#bitcoin
#BestbitcoinToken
@BluesparrowC
@BlueSparrowETH 144h7",1444965169365504000,2022-03-20 09:07:46+00:00,
39,1505471146438787073,"#bitcoin Block #728180 : 124440 bytes, 337 transactions, 6.2570132BTC($261,928) reward
            
For more information, visit https://t.co/bRu39oYCyq",1456568726,2022-03-20 09:07:46+00:00,
40,1505471142588731393,"@kaptencrypto707 @Pickangnft Hello,
Do you interesting with Sekuya Multiverse?
It's a good project made by good dev ever with solid community.
 
""As project audited by Certik also can be a rug, it all back to the developers"".

#Sekuya #Bitcoin #Binance #BSCGem #BSC #Metaverse #NFT #SKUY",1173018449460678656,2022-03-20 09:07:45+00:00,
41,1505471141267537920,"RT @AirdropStario: 💧 CRAT Airdrop 💧

🏆 Task:         ➕  $50 worth of CRAT for 1000 random participants each

👨‍👩‍👧 Referral:  ➕  $100 worth…",1426508154959851524,2022-03-20 09:07:45+00:00,
42,1505471140071759876,"RT @Revolotto: 🏏World's Dangerous Cricketer
Greatest Batsman of All-time in Cricket

🌎Universe Boss - Chris Gayle extending his support and…",1500819109579161603,2022-03-20 09:07:44+00:00,
43,1505471138834821123,"Compare to the amount of Oil that India will need in the next 10 years,I don't think $42 Billions is enough
Now if only Japan can raise it to 42 Billions #bitcoin... https://t.co/jyA4XqBcTR",2468890692,2022-03-20 09:07:44+00:00,
44,1505471135881695235,"RT @cub_ietz: @CANNIVEST @SnoopDogg @ape @BoredApeYC 1. Buy #SKUY #SEKUYA @sekuyaofficial 
2. Hodl enjoy reflection + autoburn
3. Repeat

#…",1482637740189822976,2022-03-20 09:07:43+00:00,
45,1505471132576714753,RT @rovercrc: #BITCOIN IS BULLISH 🚀,1292763221313585152,2022-03-20 09:07:42+00:00,
46,1505471131821789184,"RT @paoloardoino: GM
Telegram banned in brazil. We're working as fast as we can on a serverless, tokenless and pure P2P comms suite.
#bitco…",760941086978310144,2022-03-20 09:07:42+00:00,
47,1505471131792592901,"RT @YupVerse: ✔️ YupVerse Airdrop (New Round) is live!

🔵 Airdrop Reward: Up to 10 Million YuP (~$5)

🔵 Referral Reward: 2 Million YuP (~$1…",1504027202962092035,2022-03-20 09:07:42+00:00,
48,1505471129934184449,"RT @ashwsbreal: Like for #Bitcoin 

Retweet for #Ethereum 

Both for #LUNA",1378598865947947010,2022-03-20 09:07:42+00:00,
