,id,text,author_id,created_at,geo
0,1505587721473236992,"RT @crypto_world00: There aren’t enough Bitcoin for every millionaire in the world.

56M millionaires. 

21M Bitcoin.
#Btc #Bitcoin #Eth #E…",1478491996054454273,2022-03-20 16:50:59+00:00,
1,1505587720302706688,"the strongest bullish signal flashed for #Bitcoin. Not trend reverse but price bounce is anticipated!

@tradeosiann  is a super #BTC Trader 
I’ve been following his tweets and tips seriously &amp; I’ve been doing great $MATIC $KAVA $ENJ $MITH #Cryptocurrency  $THETA p",1467726421229391875,2022-03-20 16:50:59+00:00,
2,1505587719484985348,"RT @GiveawayInspect: New Giveaway: Retoken (USDT)
Total Reward: 2,000 USDT
Rate: ⭐️⭐️⭐️⭐️
Winners: 700 Random &amp; Top 50
Distribution: within…",1413928911889702916,2022-03-20 16:50:59+00:00,
3,1505587719082156033,"@Valerstudios 

A solid group of engineers assembled with a genuine and influential thought, this project most certainly merits being a tremendous achievement.#blockchain #cryptocurrency #technology #bitcoin #money #crypto #Binance #BNB #cryptocurrencies #fintech @Valerstudios",1381867215511674883,2022-03-20 16:50:59+00:00,
4,1505587719052922884,"RT @DocumentingBTC: Hal Finney was a pioneer, cypherpunk, and the first to receive a #bitcoin  transaction from Satoshi Nakamoto. Hal gave…",1464608947835486210,2022-03-20 16:50:59+00:00,
5,1505587718717382662,RT @Meta_UFO: #bitcoin and #MetaUFO have no inflation.,1495359395429068803,2022-03-20 16:50:59+00:00,
6,1505587717408710657,"RT @airdropinspect: New airdrop: Flamingo Casino
Total Reward: 200 NFTs &amp; $2500 pricing pool
Rate:⭐️⭐️⭐️⭐️
Winners: 220 Random
Distribution…",1403527349468123139,2022-03-20 16:50:58+00:00,
7,1505587716746268672,"RT @cryptoizmedia: Jоhn MсAfее : I Know Who's Behind Satoshi Nаkamоtо

The mysterious figure of the creator of the bitcoin cryptocurrency,…",1469339102398976006,2022-03-20 16:50:58+00:00,
8,1505587714246197249,"RT @Senator84347187: @BluesparrowC @bitfinex @BlueSparrowETH Would you like to see crypto and the forex market on a platform?  
BlueSparrow…",1505515402557853696,2022-03-20 16:50:58+00:00,
9,1505587711960395777,"RT @enricomolinari: 2022 identity fraud threat matrix

#cybersecurity #fintech #insurtech #finserv #marketing #neobanks #payments #ESG #100…",1354343380692709376,2022-03-20 16:50:57+00:00,
10,1505587710517559297,"@BabyDogeGem #BlueSparrow is a bridge between the stock market and crypto .. You will have both in the Blue Sparrow CEX
@BlueSparrowETH
#BluesparrowCEX
#BlueSparrow
#BlueSparrowtoken
#BlueSparrowCommunity
#bitcoin
#BestDrawToken
#Bluesparrowcharity
#Web3
#NFT 
https://t.co/iX9ThGAout
☘202",1500745978495881216,2022-03-20 16:50:57+00:00,
11,1505587709821087750,"RT @saylor: If you don't understand money, you won't understand #bitcoin.",958400348024012800,2022-03-20 16:50:57+00:00,
12,1505587708655288322,RT @Blockworks_: PayPal Co-Founder: The biggest mistake I made in the last decade was getting too late and too little into #Bitcoin,1414499836322357250,2022-03-20 16:50:56+00:00,
13,1505587706637819919,You can do Cloud Mining using this site https://t.co/oL7wbJFvJc                            #mining #trxmining #money #earnmoney #register #bitcoin #ethereum #btc #eth #tronvex 8611 https://t.co/iLMy99fN3r,1495079020165222416,2022-03-20 16:50:56+00:00,
14,1505587702170677249,"the strongest bullish signal flashed for #Bitcoin. Not trend reverse but price bounce is anticipated!

@tradeosiann  is a super #BTC Trader 
I’ve been following his tweets and tips seriously &amp; I’ve been doing great $MATIC $KAVA $ENJ $MITH #Cryptocurrency  $THETA o",1467726421229391875,2022-03-20 16:50:55+00:00,
15,1505587701684355073,"RT @AirdropStario: 💧 Odds96 Airdrop 💧

🏆 Task:          ➕ $10 worth of Odds96 Tokens.

🔛 Airdrop Link &amp; Information: https://t.co/rBb5KjyM1…",1383423042487865349,2022-03-20 16:50:55+00:00,
16,1505587695560663045,"@BabyDogeGem #BlueSparrow is a bridge between the stock market and crypto .. You will have both in the Blue Sparrow CEX
@BlueSparrowETH
#BluesparrowCEX
#BlueSparrow
#BlueSparrowtoken
#BlueSparrowCommunity
#bitcoin
#BestDrawToken
#Bluesparrowcharity
#Web3
#NFT 
https://t.co/iX9ThGAout
☘201",1500745978495881216,2022-03-20 16:50:53+00:00,
17,1505587694868791300,"Impresive and great project. I trust this project can be successfully

@rohim_abdul17

@AbdRahmanSidik6

@S_M_5_2 

#Airdrops #EliteCash #Bitcoin #AirdropDetective #cryptocurrecy https://t.co/TwvYVQFtPw",1207989205223108608,2022-03-20 16:50:53+00:00,
18,1505587694843310083,"RT @AirdropDet: 🔍 New #Airdrop: SteamPad

🏆 Total Airdrop Pool: 5 Million STPD [~$300,000]

🔴 Start the airdrop bot https://t.co/CR15u9bH3K…",984538332,2022-03-20 16:50:53+00:00,
19,1505587694545829894,"#Bitcoin has officially turned into the New Gold, not even digital, as it's physical at this point and as for the speed and transfer issues for small amounts: #new apps will be created to use #ZKRollups on #layer2 and on #LAYERZERO @NEARProtocol @ethereum @terra_money @0xPolygon",334730513,2022-03-20 16:50:53+00:00,
20,1505587693828206593,"RT @AirdropStario: 💧 Odds96 Airdrop 💧

🏆 Task:          ➕ $10 worth of Odds96 Tokens.

🔛 Airdrop Link &amp; Information: https://t.co/rBb5KjyM1…",1477230367392219137,2022-03-20 16:50:53+00:00,
21,1505587691370409986,RT @Blockworks_: PayPal Co-Founder: The biggest mistake I made in the last decade was getting too late and too little into #Bitcoin,1454529428617195528,2022-03-20 16:50:52+00:00,
22,1505587690456203264,"#BoredBear listed on Skyhut NFT market with Candy token! You can enter the auction with all neo tokens from the https://t.co/hW2Jm5ZWGX site! @NeoCandyN3  🥳🥳 @skykaarma  

@Neo_Blockchain  #allinneo ! 🚀🚀🚀🚀

#candy 🍬 #skyhut #neo #nft $neo #bitcoin #nftart #nfts https://t.co/fnwfiljAo3",1398560615501811713,2022-03-20 16:50:52+00:00,
23,1505587690217287680,"RT @Meta_Gaming99: Meta Gaming  🎁
 Airdrop for everyone

Steps:
1️⃣Follow us Twitter @Meta_Gaming99 RT&amp;Tag 3 friends
2️⃣Join us TG group: h…",1483028817832996866,2022-03-20 16:50:52+00:00,
24,1505587689885626370,"@oowibakerry @battleinugame Everyone Don't Panic First

$BINU will be updated with a Binu swap that will automatically upgrade / migrate to a new token, namely $BINUV2

The number of old tokens will be the same as entering the new token $BINUV2

#battleinu #binu #binance  #bitcoin 

https://t.co/1ucggL346v",1455580742327541760,2022-03-20 16:50:52+00:00,
25,1505587689680113668,"RT @AirdropStario: 💧 Hero Arena Airdrop 💧

📍 Listed on: CoinMarketCap, PancakeSwap

🏆 Task: ➕  100 HERA (~$4) for 3000 random participants…",1317369775224320001,2022-03-20 16:50:52+00:00,
26,1505587685540470786,RT @1goonrich: They called #Bitcoin a scam and now they are thanking it 🥴,1394325543110250499,2022-03-20 16:50:51+00:00,
27,1505587685255262213,"RT @AirdropStario: 💧 Odds96 Airdrop 💧

🏆 Task:          ➕ $10 worth of Odds96 Tokens.

🔛 Airdrop Link &amp; Information: https://t.co/rBb5KjyM1…",1477718954990784515,2022-03-20 16:50:51+00:00,
28,1505587684080644101,"the strongest bullish signal flashed for #Bitcoin. Not trend reverse but price bounce is anticipated!

@tradeosiann  is a super #BTC Trader 
I’ve been following his tweets and tips seriously &amp; I’ve been doing great $MATIC $KAVA $ENJ $MITH #Cryptocurrency  $THETA i",1467726421229391875,2022-03-20 16:50:51+00:00,
29,1505587682910826497,"RT @Barchart: Which #cryptocurrency will generate the largest return over the next 5 years?

#Bitcoin $BTC
#Shiba $SHIB
#Ethereum $ETH
#Sol…",949362175935590400,2022-03-20 16:50:50+00:00,
30,1505587682709278726,"RT @saylor: If you don't understand money, you won't understand #bitcoin.",1107958211473260544,2022-03-20 16:50:50+00:00,
31,1505587682285703178,"RT @saylor: If you don't understand money, you won't understand #bitcoin.",1354385838969409536,2022-03-20 16:50:50+00:00,
32,1505587680876412936,RT @1goonrich: They called #Bitcoin a scam and now they are thanking it 🥴,1487882498851938314,2022-03-20 16:50:50+00:00,
33,1505587680352129029,"RT @AirdropDet: 🔍 New #Airdrop: Elite Cash

🏆 Total Airdrop Pool: 140,000 ELC [~$49,000]

🔴 Start the airdrop bot https://t.co/geX2YRhj5n…",1475984730264899587,2022-03-20 16:50:50+00:00,
34,1505587679966203922,"RT @Dan_White_77: @JailedBabyApes Im giving away a Jailed baby Ape‼️✅ Just Follow, Like &amp; RT🤍 Winner will be chosen is 24 hours from NOW‼️✅…",324292413,2022-03-20 16:50:50+00:00,
35,1505587679144067079,"2022:
""Wish I would own one full #bitcoin ""

2025:
""Wish I would own one full $QNT""",955005740720295936,2022-03-20 16:50:49+00:00,
36,1505587677407629317,My daily report: https://t.co/na0GWmxuEK seems invalid address and offers Ponzi schemes #bitcoin #scam @namecheap all of you. Regards!!,1458919467224911878,2022-03-20 16:50:49+00:00,
37,1505587676573052942,"RT @binance: 💰 $10,000 giveaway 💰
 
Post your #BitcoinButton result to enter!
 
Rules:
🔸 Retweet this post
🔸 Follow @Binance
🔸 Play #Bitcoi…",2504152548,2022-03-20 16:50:49+00:00,
38,1505587676384223235,"RT @oatdQhT5WyOd9hg: @bitfinex Would you like to see crypto and the forex market on a platform?  
BlueSparrow  CEX offers you this exciting…",1505515402557853696,2022-03-20 16:50:49+00:00,
39,1505587674534772737,"RT @dogesuppporteam: #dogecoin will rule #cryptocurrencies With Joke ,love and speed of transactions 10 times faster than #bitcoin. (not a…",1495377874374717440,2022-03-20 16:50:48+00:00,
40,1505587674073079811,They are still printing and will be printing always #fiat we have alternative now! There will not be more than 21 M #bitcoin ever! Best part is you are so early! Act baby!!,6059192,2022-03-20 16:50:48+00:00,
41,1505587670860374016,"#neighbours doing everything to keep this going How sad 2 live your life trying to hurt someone and make money.A team went in there tell them what 2 do Horrible ppl using mind control waves piece in my ear

#bitcoin #SUGA #Ukraine #MaskedSinger #nsfwtwt #Browns #TikTok #Amici21",1420434490145624069,2022-03-20 16:50:47+00:00,
42,1505587668335353869,"RT @MeetClubApp: NFT market with native coins of them is going to explode 💣🚀

#NFT #DeFi #Metaverse #Bitcoin #Ethereum #Crypto #MeetClub #P…",1382997244111097859,2022-03-20 16:50:47+00:00,
43,1505587666485940231,"RT @p2ePrizeFighter: Who will be the next challenger?
(Screenshot from Actual Gameplay)

#nft #nftart #art #digitalart #nfts #nftartist #cr…",1433122443850182662,2022-03-20 16:50:46+00:00,
44,1505587664208211979,"@DocumentingBTC Open minding!!
Showing the picture outlook
#bitcoin 
#Crypto 
#cryptocurrency 
#altcoins",1414499836322357250,2022-03-20 16:50:46+00:00,
45,1505587663725731841,RT @crypstax: PayPal co-founder says the “biggest mistake I made in the last decade was getting too late and too little into #Bitcoin.” In…,1430185154081959941,2022-03-20 16:50:46+00:00,
46,1505587662891094018,"RT @airdropinspect: New airdrop: Flamingo Casino
Total Reward: 200 NFTs &amp; $2500 pricing pool
Rate:⭐️⭐️⭐️⭐️
Winners: 220 Random
Distribution…",1491069340900532226,2022-03-20 16:50:45+00:00,
47,1505587661381287938,"RT @crypto_world00: There aren’t enough Bitcoin for every millionaire in the world.

56M millionaires. 

21M Bitcoin.
#Btc #Bitcoin #Eth #E…",1502696974075768839,2022-03-20 16:50:45+00:00,
48,1505587659082768386,RT @someonehere0000: @bitfinex How amazing can it be?  #Bluesparrow Native Token for Centralized Exchange with focus on both the stock &amp; cr…,1505515402557853696,2022-03-20 16:50:45+00:00,
49,1505587658327617538,"RT @faucetgamers: BitLabs Surveys are here! Starting Monday until the end of the month, you will get a 10% bonus! A bonus 10% of your surve…",1342002696878845954,2022-03-20 16:50:44+00:00,
