,id,text,author_id,created_at,geo
0,1505436974660096001,"RT @Revolotto: 🏏World's Dangerous Cricketer
Greatest Batsman of All-time in Cricket

🌎Universe Boss - Chris Gayle extending his support and…",1439109820322172930,2022-03-20 06:51:59+00:00,
1,1505436974596902912,"RT @airdropinspect: New airdrop: Prizefighter (RING)
Total Reward: $5,000 worth of RING
Rate: ⭐️⭐️⭐️⭐️
Winners: 1,000 Random &amp; Top 100
Dist…",1421542899515199488,2022-03-20 06:51:59+00:00,
2,1505436973577744385,"RT @LYCEUMCOURSEVR: What is luck?
Being in the right place at the right time.
You are lucky.

#Metaverse   #airdrop #Nft  #加密- #क्रिप्टो- #…",1493292115547369473,2022-03-20 06:51:58+00:00,
3,1505436972650680321,"RT @chitaglorya__: giveaway 200$ | 2,800,000 IDR

-- rt follow @flagnetwork_NFT 

-- rt &amp; quoted their pinned with   #FlagNetwork  #cryptoc…",1478334159659495425,2022-03-20 06:51:58+00:00,
4,1505436967764332545,"We just know #XRP will moon #crypto #binance #cryptocurrency #bitcoin #btc

https://t.co/pApXBjDq6H",1426145384896909317,2022-03-20 06:51:57+00:00,
5,1505436967206490112,"RT @Revolotto: 🏏World's Dangerous Cricketer
Greatest Batsman of All-time in Cricket

🌎Universe Boss - Chris Gayle extending his support and…",1501016459509923840,2022-03-20 06:51:57+00:00,
6,1505436966137270274,"RT @Revolotto: 🏏World's Dangerous Cricketer
Greatest Batsman of All-time in Cricket

🌎Universe Boss - Chris Gayle extending his support and…",1460941591497961479,2022-03-20 06:51:57+00:00,
7,1505436964027129858,"RT @AirdropDet: 🔍 New #Airdrop: TeddyDoge

💲 Reward: Up to 2,800 TEDDY + 800K TEDDY referral pool

🔴 Start the airdrop bot https://t.co/bJW…",1503337073884893185,2022-03-20 06:51:56+00:00,
8,1505436961464496130,"RT @AirdropDet: 🔍 New #Airdrop: Elite Cash

🏆 Total Airdrop Pool: 140,000 ELC [~$49,000]

🔴 Start the airdrop bot https://t.co/geX2YRhj5n…",1483318899517292545,2022-03-20 06:51:55+00:00,
9,1505436960466542593,"RT @AirdropDet: 🔍 New #Airdrop: TeddyDoge

💲 Reward: Up to 2,800 TEDDY + 800K TEDDY referral pool

🔴 Start the airdrop bot https://t.co/bJW…",1476160034400661506,2022-03-20 06:51:55+00:00,
10,1505436960071946241,"RT @ProjectsIco: #Bitcoin average monthly returns 

#Bitcoin #Crypto #cryptotrading",1483876296073621509,2022-03-20 06:51:55+00:00,
11,1505436958046175233,"RT @ProjectsIco: #Bitcoin average monthly returns 

#Bitcoin #Crypto #cryptotrading",1347484514398965760,2022-03-20 06:51:55+00:00,
12,1505436957429673985,"RT @airdropinspect: New airdrop: Prizefighter (RING)
Total Reward: $5,000 worth of RING
Rate: ⭐️⭐️⭐️⭐️
Winners: 1,000 Random &amp; Top 100
Dist…",1392363726205030401,2022-03-20 06:51:54+00:00,
13,1505436952941662211,"RT @kyle_chasse: LATEST: Dubai, UAE approves law to regulate #Bitcoin #Crypto and #NFTs 👏 

https://t.co/umU6rguyOU",914615732247322625,2022-03-20 06:51:53+00:00,
14,1505436952350318592,"RT @binance: 💰 $10,000 giveaway 💰
 
Post your #BitcoinButton result to enter!
 
Rules:
🔸 Retweet this post
🔸 Follow @Binance
🔸 Play #Bitcoi…",1454065147258023938,2022-03-20 06:51:53+00:00,
15,1505436951335239684,"RT @deficonnect: Ladiesand gentlemen deficonnectors,

Staking 2.0 is now LIVE

Stake here https://t.co/c1YbCI7JKY

#dfc #staking #BNB #BTC…",1488098158064381958,2022-03-20 06:51:53+00:00,
16,1505436951142633476,"RT @AirdropStario: 💧 SafeWallet Airdrop 💧

🏆 Task:        ➕ 175 SLT (~$3.5) for 1000 random participants

👨‍👩‍👧 Referral: ➕ 30,000 SLT (~$6…",1367378734588653569,2022-03-20 06:51:53+00:00,
17,1505436948332224517,"@TheCryptoLark to participate in the private sale of the Energy Gold token follow + rt 
@EnrgyGold ⏳🚀

  #Bitcoin #EnergyGold #ico #cryptocurrency #binance #BinanceSmartChain #cryptocurrency #CryptoNews #Cryptomonnaies #Cryptos #Crypto",1494347643597774853,2022-03-20 06:51:52+00:00,
18,1505436944289136644,"RT @AirdropDet: 🔍 New #Airdrop: YupVerse

💲 Reward: Up to 10M YuP (~$5) + 2M YuP (~$1,000) referral pool

🔴 Start the airdrop bot https://t…",1476160034400661506,2022-03-20 06:51:51+00:00,
19,1505436942418137089,"RT @LYCEUMCOURSEVR: What is luck?
Being in the right place at the right time.
You are lucky.

#Metaverse   #airdrop #Nft  #加密- #क्रिप्टो- #…",1504675469001592838,2022-03-20 06:51:51+00:00,
20,1505436941524774912,"RT @AirdropDet: 🔍 New #Airdrop: Goldfingr

💲 Reward: Up to 150 GFT (~$9) + 33,300 GFT (~$2K) referral pool

🔴 Start the airdrop bot https:/…",849237701320736769,2022-03-20 06:51:51+00:00,
21,1505436939704541186,"RT @Tradingbay_io: New market opportunities detected on #Bitcoin  #btcusd

https://t.co/sB3S3XMfid

Sign up to the new platform and notifie…",1456784597660880899,2022-03-20 06:51:50+00:00,
22,1505436938878263300,RT @DhabicoinUae: DhabiCoin is growing in value as a result of the initiatives of the team behind this cryptocurrency.  There are analyzes…,1258613547933851648,2022-03-20 06:51:50+00:00,
23,1505436936059691008,"RT @Xenio_exchange: Which of these lies did you believe as a kid?

Did we miss anyone? 

Add them in the comments...

.
.
.
.

#bitcoin #cr…",1250529624628637697,2022-03-20 06:51:49+00:00,
24,1505436935417966592,"RT @GiveawayInspect: New Giveaway: Retoken (USDT)
Total Reward: 2,000 USDT
Rate: ⭐️⭐️⭐️⭐️
Winners: 700 Random &amp; Top 50
Distribution: within…",1429753328695582721,2022-03-20 06:51:49+00:00,
25,1505436934189031424,"RT @BitcoinMagazine: ""We need #bitcoin to be legal tender in Mexico."" - Mexican senator 🇲🇽 https://t.co/2uY225IcrZ",1854108264,2022-03-20 06:51:49+00:00,
26,1505436932725219331,"OK, $RINU is the child 😁🐕

#bitcoin #Etherum #binance #NFTs #Metaverse #Web3 #DAO #blockchain #altcoin #memecoin https://t.co/usG7SbVvnc",1455160145856638984,2022-03-20 06:51:49+00:00,
27,1505436930816806916,"RT @AirdropDet: 🔍 New #Airdrop: YupVerse

💲 Reward: Up to 10M YuP (~$5) + 2M YuP (~$1,000) referral pool

🔴 Start the airdrop bot https://t…",285817988,2022-03-20 06:51:48+00:00,
28,1505436930296541190,"RT @chitaglorya__: giveaway 200$ | 2,800,000 IDR

-- rt follow @flagnetwork_NFT 

-- rt &amp; quoted their pinned with   #FlagNetwork  #cryptoc…",1399886708192137218,2022-03-20 06:51:48+00:00,
29,1505436928413425668,"RT @Bybit_Official: Dear #Bitcoin, _____________.",1386406266524815363,2022-03-20 06:51:48+00:00,
30,1505436928056827907,"We just know #XRP will moon #crypto #binance #cryptocurrency #bitcoin #btc

https://t.co/NMCHE2N4lW",1173760477425557505,2022-03-20 06:51:47+00:00,
31,1505436927918489601,"RT @easyeight08: THE SCENARIO I WANT TO SEE:
- RECLAIM 45K
- FEW WEEKS OF CONSOLIDATION TO CREATE A INVERSE HEAD AND SHOULDERS FORMATION
-…",131744337,2022-03-20 06:51:47+00:00,
32,1505436927180554244,"RT @AirdropDet: 🔍 New #Airdrop: YupVerse

💲 Reward: Up to 10M YuP (~$5) + 2M YuP (~$1,000) referral pool

🔴 Start the airdrop bot https://t…",1478715449076379652,2022-03-20 06:51:47+00:00,
33,1505436926962282499,"RT @CircuitSociety: #NFTCOLLECTION COMING SOON 🏆

We are continuing to develop our #NFTs! Our NFTS will offer something that has not yet be…",1369554690367762434,2022-03-20 06:51:47+00:00,
34,1505436912886067205,"Fantastic project
@im_gulshan05 @im_roshan08 @im_pooja27 @Yummy1810 @Yummy1810 @AcqRoyale #acquisitionRoyale #Metaverse#Airdrop #Binance #BNB #BSC  #cryptocurrency #DeFi #BinanceSmartChain #BTC #Crypto #NFT  #Bitcoin #Elonmusk #Blockchain #NFTs #NFTGiveaway #NFTCommunity #BSCGems https://t.co/FHVyOMc7Ex",1408291088540987396,2022-03-20 06:51:44+00:00,
35,1505436909325230080,"RT @GiveawayInspect: New Giveaway: Retoken (USDT)
Total Reward: 2,000 USDT
Rate: ⭐️⭐️⭐️⭐️
Winners: 700 Random &amp; Top 50
Distribution: within…",1455708455717806083,2022-03-20 06:51:43+00:00,
36,1505436907270176771,"RT @wonjongseo9999: @flagnetwork_NFT #FlagNetwork #Ido #Cryptocurrency #Bitcoin #Nfts #NFT 
A Good project!
I wish you the success of this…",1495587899944833026,2022-03-20 06:51:43+00:00,
37,1505436905688559623,"@WatcherGuru $SKUY
SEKUYA THE 1ST MULTIVERSE META-FI PROJECT IN CRYPTO SPACE   

Multiverse
Meta-fi
WEB 3.0
RWANFT  
P2E Ecosystem
🔥🔥🚀🚀
✅ Company-backed
✅ 5% #SKUY Rewards 

@sekuyaofficial

#Sekuya #Bitcoin #Binance #BSCGem #BSC #Metaverse #NFT https://t.co/PjUl208JHK",1362720044275224579,2022-03-20 06:51:42+00:00,
38,1505436905164328961,"RT @AirdropDet: 🔍 New #Airdrop: YupVerse

💲 Reward: Up to 10M YuP (~$5) + 2M YuP (~$1,000) referral pool

🔴 Start the airdrop bot https://t…",1429871596819255297,2022-03-20 06:51:42+00:00,
39,1505436904988168197,"This is so amazing. I am impressed with this project, hopefully with this event the community and especially this coin will achieve success.
@NirobAhmed1610 
 @170shuvo 
 @Kafi1610 @MDRajKh44964658
#cryptocurrency #Airdrop #BSC #Bitcoin #USDT #MetaMoba #MOBA #Airdropstario https://t.co/qurkbixzfd",1441270735603859458,2022-03-20 06:51:42+00:00,
40,1505436902857801728,RT @stellacatrin: PayPal co-founder says the “biggest mistake I made in the last decade was getting too late and too little into #Bitcoin.”…,853891488,2022-03-20 06:51:41+00:00,
41,1505436897673617415,"Great Project with Huge Potential &amp; strong Team.
Come and join and lets to the moon
@Arad72828819
@amkhp1111
@mmmdrahimi
@mehrana01623540
@Neginfdm
@Mohamma39682835 

#Giveaway #Giveaways #GiveawayInspector #BSC #USDT #Retoken #Crypto #Bitcoin https://t.co/R3SuBxdk6T",1455708455717806083,2022-03-20 06:51:40+00:00,
42,1505436892124573701,"RT @airdropinspect: New airdrop: Retoken (USDT)
Total Reward: 2,000 USDT
Rate: ⭐️⭐️⭐️⭐️
Winners: 700 Random &amp; Top 50
Distribution: within a…",1470924890802835459,2022-03-20 06:51:39+00:00,
43,1505436888836239360,"RT @chitaglorya__: giveaway 200$ | 2,800,000 IDR

-- rt follow @flagnetwork_NFT 

-- rt &amp; quoted their pinned with   #FlagNetwork  #cryptoc…",3148389379,2022-03-20 06:51:38+00:00,
44,1505436886315196417,"RT @AirdropAchiever: New Airdrop: ABI Galaverse
Value: 100,000 ABI
Referral: Top 3 highest rewards
Winners: Top 2,500 
End Date: 26th March…",1471450305388855301,2022-03-20 06:51:38+00:00,
45,1505436880770265091,"RT @airdropinspect: New airdrop: Prizefighter (RING)
Total Reward: $5,000 worth of RING
Rate: ⭐️⭐️⭐️⭐️
Winners: 1,000 Random &amp; Top 100
Dist…",1316287994274312193,2022-03-20 06:51:36+00:00,
46,1505436879520378880,"RT @AirdropStario: 💧 SafeWallet Airdrop 💧

🏆 Task:        ➕ 175 SLT (~$3.5) for 1000 random participants

👨‍👩‍👧 Referral: ➕ 30,000 SLT (~$6…",1468173722481672192,2022-03-20 06:51:36+00:00,
47,1505436875271593990,"@lillyvivvi to participate in the private sale of the Energy Gold token follow + rt 
@EnrgyGold ⏳🚀

  #Bitcoin #EnergyGold #ico #cryptocurrency #binance #BinanceSmartChain #cryptocurrency #CryptoNews #Cryptomonnaies #Cryptos #Crypto",1494347643597774853,2022-03-20 06:51:35+00:00,
48,1505436874680139777,"RT @Praveen43673603: 🔎 New Airdrops: Phaver
🎁 Reward:  GET Phaver Points
👨‍👧‍👦 Participants: For All Early Users
🔥 Each 300$ to 1600$

🦾 Re…",980078271181209601,2022-03-20 06:51:35+00:00,
49,1505436874277588992,"RT @AirdropStario: 💧 SafeWallet Airdrop 💧

🏆 Task:        ➕ 175 SLT (~$3.5) for 1000 random participants

👨‍👩‍👧 Referral: ➕ 30,000 SLT (~$6…",1500732382629949444,2022-03-20 06:51:35+00:00,
