,id,text,author_id,created_at,geo
0,1505522541372141576,"Not seeing $tel in top 10 yet 🔍👀
Please educate yourself on #telcoin . best crypto discord group over 80k member and even have their own app join here.https://t.co/yqgnAJeMY7

$vra $trias $xrp $xpr $coti $xlm #bitcoin $ada $shib $doge $sol $luna $eth $link $grt $mana $ftt $amp https://t.co/X46UyfZVWQ",1468944830474567681,2022-03-20 12:31:59+00:00,
1,1505522540894072834,"RT @Revolotto: 🏏World's Dangerous Cricketer
Greatest Batsman of All-time in Cricket

🌎Universe Boss - Chris Gayle extending his support and…",1503602133907947520,2022-03-20 12:31:59+00:00,
2,1505522540533407754,"RT @DocumentingBTC: Hal Finney was a pioneer, cypherpunk, and the first to receive a #bitcoin  transaction from Satoshi Nakamoto. Hal gave…",915547056722317313,2022-03-20 12:31:59+00:00,
3,1505522534728736769,"This amazing faucet from @_bitcoiner is making me tweet this to claim my free Lightning sats. ⚡

@boltcoiner unlock me 1dd7b27d-406c-4856-8698-43b4b53761eb

#Bitcoin #BTC #LN #LightningNetwork #boltcoiner
https://t.co/ONihqUNTiW",1497957972596576259,2022-03-20 12:31:58+00:00,
4,1505522531876290563,"RT @Gemboyofficial: Listing @MultiVAC_Global on @binance  is a win win situation for both parties! 

@binance will have 60K new clients 

@…",1369855485726257155,2022-03-20 12:31:57+00:00,
5,1505522526981480448,"RT @AirdropStario: 💧 PeaSwap Finance Airdrop 💧

🏆 Task:          ➕ 10 PEA for 300 random participants each.

🔛 Airdrop Link &amp; Information:…",1483768363629551620,2022-03-20 12:31:56+00:00,
6,1505522526474149894,"This amazing faucet from @_bitcoiner is making me tweet this to claim my free Lightning sats. ⚡

@boltcoiner unlock me 03f80fdc-4fbb-4aeb-a482-cb63f0be5b6c

#Bitcoin #BTC #LN #LightningNetwork #boltcoiner
https://t.co/to3XJ84kES",1440320937677574148,2022-03-20 12:31:56+00:00,
7,1505522523911254021,RT @saylor: You do not sell your #bitcoin.  https://t.co/LJNgJeWxvR,768381941255135232,2022-03-20 12:31:55+00:00,
8,1505522523550720005,"RT @AirdropDet: 🔍 New #Airdrop: Elite Cash

🏆 Total Airdrop Pool: 140,000 ELC [~$49,000]

🔴 Start the airdrop bot https://t.co/geX2YRhj5n…",913751693690572800,2022-03-20 12:31:55+00:00,
9,1505522522976309251,"RT @zombiecryptow: Run fast!!! Airdrop launched...

click https://t.co/TQvhAR3FP5

  💰Reward: 100 ZCW~10$
👥 Referral: 50 ZCW~5$
➕ Top 25 Ge…",1439926511079804933,2022-03-20 12:31:55+00:00,
10,1505522519641518080,"RT @AirdropStario: 💧 MedusaZone Airdrop 💧

🏆 Task:          ➕  Up to 30 AMEDU (~$36)

👨‍👩‍👧 Referral:   ➕  10 AMEDU (~$12)

🔛 Airdrop Link…",1473099541272412160,2022-03-20 12:31:54+00:00,
11,1505522516608970755,"We just know #XRP will moon #crypto #binance #cryptocurrency #bitcoin #btc

https://t.co/gQImnGilcN",1454852829521321990,2022-03-20 12:31:53+00:00,
12,1505522514725941254,"RT @Revolotto: 💎Revolotto is back, Stop if you can. Its unstoppable.

💎RVL is ""Again"" in the list of Top Gainers on @CoinMarketCap &amp; @CoinG…",1439348129556537347,2022-03-20 12:31:53+00:00,
13,1505522514105053184,"RT @Go_Ultima: Join EMBER with my link and we'll both earn #Bitcoin daily! 

It's so easy, start at 5sats/hr 

Join up👇🏼 https://t.co/KaUwV…",1068489924398133248,2022-03-20 12:31:53+00:00,
14,1505522513174216705,"RT @GiveawayInspect: New Giveaway: Retoken (USDT)
Total Reward: 2,000 USDT
Rate: ⭐️⭐️⭐️⭐️
Winners: 700 Random &amp; Top 50
Distribution: within…",1377290212489842690,2022-03-20 12:31:53+00:00,
15,1505522511315832834,Bitmain Says New Liquid Cooling Miner Is its Most Power-Efficient Model to Date #bitman #btc #bitcoin #crypto https://t.co/5r8x6ymU4H,1483106133841780736,2022-03-20 12:31:52+00:00,
16,1505522510686609413,"RT @GiveawayInspect: New Giveaway: Retoken (USDT)
Total Reward: 2,000 USDT
Rate: ⭐️⭐️⭐️⭐️
Winners: 700 Random &amp; Top 50
Distribution: within…",1490542805856681984,2022-03-20 12:31:52+00:00,
17,1505522510112395265,"RT @YupVerse: ✔️ YupVerse Airdrop (New Round) is live!

🔵 Airdrop Reward: Up to 10 Million YuP (~$5)

🔵 Referral Reward: 2 Million YuP (~$1…",1430787724894629888,2022-03-20 12:31:52+00:00,
18,1505522504831406085,"n Japan, #XRP is religion. I love it! All works! #eth #ethereum #binance #bitcoin btc #ripple #crypto #cryptocurrency

https://t.co/uAMyCmvBfF",1274615525470097415,2022-03-20 12:31:51+00:00,
19,1505522502617145349,"RT @AirdropDet: 🔍 New #Airdrop: YupVerse

💲 Reward: Up to 10M YuP (~$5) + 2M YuP (~$1,000) referral pool

🔴 Start the airdrop bot https://t…",1472106494824828928,2022-03-20 12:31:50+00:00,
20,1505522501832437760,"We just know #XRP will moon #crypto #binance #cryptocurrency #bitcoin #btc

https://t.co/c21kFrbXNK",1067828817786486784,2022-03-20 12:31:50+00:00,
21,1505522501710979075,Get IN now don't be LATE #xrp #binance #cryptocurrency #bitcoin https://t.co/6D95t5dAG0,1178338853335306245,2022-03-20 12:31:50+00:00,
22,1505522498812751874,"RT @Revolotto: 🏏World's Dangerous Cricketer
Greatest Batsman of All-time in Cricket

🌎Universe Boss - Chris Gayle extending his support and…",1493288234239078402,2022-03-20 12:31:49+00:00,
23,1505522493465010177,"RT @VeilleCyber3: What Is #ApeCoin and Who Is Behind It? 
https://t.co/IrkluvGA96

#AIEthics #MachineLearning #AI #Python #DeepLearning #Io…",1127829883013361665,2022-03-20 12:31:48+00:00,
24,1505522492777107457,"RT @AirdropStario: 💧 CRAT Airdrop 💧

🏆 Task:         ➕  $50 worth of CRAT for 1000 random participants each

👨‍👩‍👧 Referral:  ➕  $100 worth…",1491806257715494915,2022-03-20 12:31:48+00:00,
25,1505522489237155845,"RT @Barchart: Which #cryptocurrency will generate the largest return over the next 5 years?

#Bitcoin $BTC
#Shiba $SHIB
#Ethereum $ETH
#Sol…",1472656426967437316,2022-03-20 12:31:47+00:00,
26,1505522482132008961,"RT @MCStaker: 30 MINUTES, ONLY 30 MINUTES! 🤩

👉DO YOU HAVE YOUR #MATIC READY? 

#crypto #avax #avalanche #matic #bnb #bitcoin #ethereum #Do…",1444414409431003142,2022-03-20 12:31:45+00:00,
27,1505522481427357701,"RT @VeilleCyber3: What Is #ApeCoin and Who Is Behind It? 
https://t.co/IrkluvGA96

#AIEthics #MachineLearning #AI #Python #DeepLearning #Io…",1250043110291173376,2022-03-20 12:31:45+00:00,
28,1505522480618033155,"RT @AirdropDet: 🔍 New #Airdrop: Elite Cash

🏆 Total Airdrop Pool: 140,000 ELC [~$49,000]

🔴 Start the airdrop bot https://t.co/geX2YRhj5n…",1491772929247350784,2022-03-20 12:31:45+00:00,
29,1505522479615430662,"Havefunandplay found #bitcoin in a User vault at this location! Join me playing #coinhuntworld, It's awesome! https://t.co/gZggvvhBPj #cryptocurrency #113497 https://t.co/V2cX8wWa4Q",115050640,2022-03-20 12:31:45+00:00,
30,1505522471629463560,RT @TheRealPlanC: Another 1-3 weeks in the 34k to 42k range and 25% of all the #Bitcoin in circulation will have a cost basis in that range… https://t.co/GZT2RuKgXp follow @sanyamjain20897 #BUYNOW #NFTArt #BTC #ETH #Bitcoin #Etherum,1093411692195700737,2022-03-20 12:31:43+00:00,
31,1505522471570931717,"RT @rovercrc: WHAT A BOUNCE FOR #BITCOIN!!

Remember the CME GAP is at $41,900 🚀 https://t.co/7hlyZQspeZ",1472834442276208640,2022-03-20 12:31:43+00:00,
32,1505522471256133632,"RT @AirdropStario: 💧 PeaSwap Finance Airdrop 💧

🏆 Task:          ➕ 10 PEA for 300 random participants each.

🔛 Airdrop Link &amp; Information:…",1491806257715494915,2022-03-20 12:31:43+00:00,
33,1505522464809713668,"RT @GiveawayInspect: New Giveaway: Retoken (USDT)
Total Reward: 2,000 USDT
Rate: ⭐️⭐️⭐️⭐️
Winners: 700 Random &amp; Top 50
Distribution: within…",1471338178908807170,2022-03-20 12:31:41+00:00,
34,1505522463588769801,"RT @airdropinspect: New airdrop: Ubiquity DAO (USDT)
Total Reward: 2,500 USDT
Rate: ⭐️⭐️⭐️⭐️
Winners: 1,000 Random &amp; Top 100
Distribution:…",1388559336809459714,2022-03-20 12:31:41+00:00,
35,1505522463136174083,"RT @CarfuelFinance: Our #Carfuel community has passed 3000+ followers in 1 day. Thank you everyone, we are just at the beginning of the roa…",1466020056572522497,2022-03-20 12:31:41+00:00,
36,1505522462007648261,"IG User Gushes Over Boundlesspay CEO, Franklin Peters, Says 'Shine On'

Source: https://t.co/sQnSUbTjr5

#business #AI #Bears #BitcoinButton #bitcoin #BitmartXRavendex https://t.co/oyQwXlXeZa",789093426503491584,2022-03-20 12:31:40+00:00,
37,1505522461726568454,I sold #bitcoin at 42k I'm bearish,1470825970755985408,2022-03-20 12:31:40+00:00,
38,1505522461483454464,RT @Cryptoandstock4: #Shinja Will Be The Best Project With Good Utilities. #Shibnobi Will Be Huge This Year. #CryptoExpoDubai #Brise #1000x…,1451390945623257127,2022-03-20 12:31:40+00:00,
39,1505522461189808129,Ron Paul Cautions Government Could Still Ban #Bitcoin — Says He’s Influenced ‘a Whole Lot’ by History https://t.co/XOORKHyNQZ,1432598943234465792,2022-03-20 12:31:40+00:00,
40,1505522460917178370,"#Bitcoin Adoption in El Salvador is far Below Expectations, Says Report https://t.co/8kZCHlMeYE",1432598943234465792,2022-03-20 12:31:40+00:00,
41,1505522460900343808,Peter Thiel Says His ‘Biggest Mistake of the Decade Was Getting Too Late and Too Little Into #Bitcoin’ https://t.co/ykCLf4lRCm,1432598943234465792,2022-03-20 12:31:40+00:00,
42,1505522460824948745,#Bitcoin Balance On Exchanges Hits New Low Of 2.5 Million https://t.co/jWyxm325Vg,1432598943234465792,2022-03-20 12:31:40+00:00,
43,1505522460816510979,#Bitcoin #BitcoinPrice Analysis: Is $45K in Sight For #BTC Following Recent Spike? https://t.co/nyyQborJp2,1432598943234465792,2022-03-20 12:31:40+00:00,
44,1505522459814113282,"This project is very good, so hopefully the project will be better in the future and the cryptocurrency will be the best.

@ofix94435599
@hanhanhanafi6
@GendengWira

#Airdrops #BattleWorld #Bitcoin #AirdropDet #BWO https://t.co/SnpKAMmHsj",1500655024333987845,2022-03-20 12:31:40+00:00,
45,1505522455942938625,"RT @AltCryptoGems: $BTC / $USD update! 📊

#Bitcoin has tried to break through the resistance at $42.6K as you can see below, but so far fai…",1225673617066692608,2022-03-20 12:31:39+00:00,
46,1505522453409599488,"RT @5ireChain: #5ire Coin Review! 🔥
121 Million #Funding! 🚀

Read The Complete Article Here! ⤵
https://t.co/OcGE7BTlSs 

#cryptocurrency #k…",569651136,2022-03-20 12:31:38+00:00,
47,1505522451597340672,"XRP is getting ready to take off to the moon! #altcoin #bitcoin #binance #xrp #ripple

https://t.co/E4nbTeICPb",1463135091488477186,2022-03-20 12:31:38+00:00,
48,1505522449609277440,"@CryptoTownEU This is Very strong expensive and huge project 
@OfficialSabbir1
@ICC 
@1solProtocol 

#cryptocurrency #Usdt #bitcoin #dollar",1482069976467271680,2022-03-20 12:31:37+00:00,
49,1505522446383796228,"We just know #XRP will moon #crypto #binance #cryptocurrency #bitcoin #btc

https://t.co/u4sBLho0FP",1421131868423049219,2022-03-20 12:31:37+00:00,
