,id,text,author_id,created_at,geo
0,1505405974114619394,"RT @AirdropDet: 🔍 New #Airdrop: Elite Cash

🏆 Total Airdrop Pool: 140,000 ELC [~$49,000]

🔴 Start the airdrop bot https://t.co/geX2YRhj5n…",1385588602730541063,2022-03-20 04:48:47+00:00,
1,1505405973845917698,"In Japan, #XRP is religion. I love it! All works! #eth #ethereum #binance #bitcoin btc #ripple #crypto #cryptocurrency https://t.co/sx1PvjNNQY",1416940205198675973,2022-03-20 04:48:47+00:00,
2,1505405973405777921,"RT @Revolotto: 🏏World's Dangerous Cricketer
Greatest Batsman of All-time in Cricket

🌎Universe Boss - Chris Gayle extending his support and…",1132872117861605377,2022-03-20 04:48:47+00:00,
3,1505405968758321152,"In Japan, #XRP is religion. I love it! All works! #eth #ethereum #binance #bitcoin btc #ripple #crypto #cryptocurrency https://t.co/XPubCuXRKi",1238530991284682754,2022-03-20 04:48:46+00:00,
4,1505405968682790917,"@Jonatha86858120 @ConnectorCoin ➡️ @CONNECTORCOIN ⬅️
Good Project 👌👌👌
#crypto #bitcoin 
#CONNECTORCOIN 
#ctco $bnb $bsc 
$ctco #bnb #cryptocurrency
@Rocket__crypto
@charliesheen 
@Akon 
⬇️⬇️⬇️⬇️⬇️⬇️⬇️

📎TG
https://t.co/ROPiu9IYkT https://t.co/RAbNSgrlYi",1494679147817447431,2022-03-20 04:48:46+00:00,
5,1505405967860891653,RT @Kamalkhan243: Fantastic project with great potential. The team's dedication and ingenuity with excellent fan support will make this the…,1494675270640750593,2022-03-20 04:48:46+00:00,
6,1505405967550513155,"RT @AirdropDet: 🔍 New #Airdrop: CVIP

💲 Reward: Up to 20 CVIP (~$2.5) + 40K CVIP (~$5K) referral pool

🔴 Start the airdrop bot https://t.co…",1476395658634399744,2022-03-20 04:48:46+00:00,
7,1505405966992486400,"RT @GiveawayInspect: New Giveaway: Retoken (USDT)
Total Reward: 2,000 USDT
Rate: ⭐️⭐️⭐️⭐️
Winners: 700 Random &amp; Top 50
Distribution: within…",1454033177195032582,2022-03-20 04:48:46+00:00,
8,1505405966002823172,"RT @AirdropStario: 💧 SafeWallet Airdrop 💧

🏆 Task:        ➕ 175 SLT (~$3.5) for 1000 random participants

👨‍👩‍👧 Referral: ➕ 30,000 SLT (~$6…",2831613792,2022-03-20 04:48:46+00:00,
9,1505405965839265793,"RT @airdropinspect: New airdrop: Fracproperty X PriMetaProp(FRAC)
Total Reward: $10,000 worth of FRAC 
Rate: ⭐️⭐️⭐️⭐️
Winners: 2000 Random…",1448999134568935425,2022-03-20 04:48:46+00:00,
10,1505405962966147073,"RT @Revolotto: 🏏World's Dangerous Cricketer
Greatest Batsman of All-time in Cricket

🌎Universe Boss - Chris Gayle extending his support and…",1503965370457096197,2022-03-20 04:48:45+00:00,
11,1505405961779007488,"#Marketing is our art If you have this art in you. You can also join the #RBXSamurai team.☺️☺️😉

 https://t.co/cSsvDEIkO6😎
https://t.co/IYTGcbw8oY🤩👌

#RBXS #RBX #RBXSamurai #crypto #cryptocurrency #nft #eth #bnb  #btc  #bsc #shib #defi #marketing #altcoin #ethereum #bitcoin https://t.co/NCrFcjQm5M",1428775608612438020,2022-03-20 04:48:45+00:00,
12,1505405958217940993,"RT @zizi590094: @spy_wolf2020 @TrustWallet @SpyWolfNetwork Did you get scammed? The good guys are here and we’ve got your back!
 
20% #scam…",1444966414343983104,2022-03-20 04:48:44+00:00,
13,1505405956846661637,"RT @AirdropDet: 🔍 New #Airdrop: YupVerse

💲 Reward: Up to 10M YuP (~$5) + 2M YuP (~$1,000) referral pool

🔴 Start the airdrop bot https://t…",1490244995126865922,2022-03-20 04:48:43+00:00,
14,1505405954497544196,"RT @Revolotto: 🏏World's Dangerous Cricketer
Greatest Batsman of All-time in Cricket

🌎Universe Boss - Chris Gayle extending his support and…",1464094474452160518,2022-03-20 04:48:43+00:00,
15,1505405953809674246,"RT @AirdropDet: 🔍 New #Airdrop: CVIP

💲 Reward: Up to 20 CVIP (~$2.5) + 40K CVIP (~$5K) referral pool

🔴 Start the airdrop bot https://t.co…",902106502441222145,2022-03-20 04:48:43+00:00,
16,1505405951855144961,"RT @airdropinspect: New airdrop: Prizefighter (RING)
Total Reward: $5,000 worth of RING
Rate: ⭐️⭐️⭐️⭐️
Winners: 1,000 Random &amp; Top 100
Dist…",1483793534956503041,2022-03-20 04:48:42+00:00,
17,1505405950454374400,Watch Bitcoin showing signs to rise #Bitcoin https://t.co/c9qfwqHZoZ,1505040157564719104,2022-03-20 04:48:42+00:00,
18,1505405947845685256,"Fantastic project with great potential. The team's dedication and ingenuity with excellent fan support will make this the envy of the crypto world. Glad to be part.
@MdJamal42834
@SOHAN08929083
@MstParvin10
#Airdrop

#Airdrops #YupVerse #Bitcoin #AirdropDetective #YuP https://t.co/ibLCTIE3LD",1494675270640750593,2022-03-20 04:48:41+00:00,
19,1505405945907924993,"RT @AirdropDet: 🔍 New #Airdrop: TeddyDoge

💲 Reward: Up to 2,800 TEDDY + 800K TEDDY referral pool

🔴 Start the airdrop bot https://t.co/bJW…",1476395658634399744,2022-03-20 04:48:41+00:00,
20,1505405945270226944,"RT @Marii6771: Make money!Prosecute scammers!All at the same time
Make passive income in BNB rewards for holding $SPY
Your rewards accumula…",1485276061009125381,2022-03-20 04:48:41+00:00,
21,1505405941843312643,"Trending on #LunarCrush:

""THIS CAN GET VERY PAINFUL FOR #BITCOIN BEARS! https://t.co/EFWESIjBeS"" via @MMCrypto

Top coin mentions
$btc

https://t.co/q98hFha29B",1399943124563030020,2022-03-20 04:48:40+00:00,
22,1505405938378838017,"XRP is getting ready to take off to the moon! #altcoin #bitcoin #binance #xrp #ripple

https://t.co/JWBlMk428i",891512260488822784,2022-03-20 04:48:39+00:00,
23,1505405936973717506,"RT @AirdropDet: 🔍 New #Airdrop: TeddyDoge

💲 Reward: Up to 2,800 TEDDY + 800K TEDDY referral pool

🔴 Start the airdrop bot https://t.co/bJW…",902106502441222145,2022-03-20 04:48:39+00:00,
24,1505405936844046337,"RT @AirdropStario: 💧 Hero Arena Airdrop 💧

📍 Listed on: CoinMarketCap, PancakeSwap

🏆 Task: ➕  100 HERA (~$4) for 3000 random participants…",1432915556173107202,2022-03-20 04:48:39+00:00,
25,1505405935719747584,"RT @Marii6771: Did you get scammed?The good guys are here and we’ve got your back!
20% #scamsurvivor Charity! 20% charity in #SPY
Join us i…",1485276061009125381,2022-03-20 04:48:38+00:00,
26,1505405935606325256,"RT @AirdropStario: 💧 Bluca NFT Airdrop 💧

🏆 Task:         ➕  400 BULC (~$2) for 8000 random participants

👨‍👩‍👧 Referral:  ➕  4000 BULC (~$…",1457174340189835265,2022-03-20 04:48:38+00:00,
27,1505405934415519748,"RT @Revolotto: 🏏World's Dangerous Cricketer
Greatest Batsman of All-time in Cricket

🌎Universe Boss - Chris Gayle extending his support and…",1481417251882680321,2022-03-20 04:48:38+00:00,
28,1505405933446475776,Get IN now don't be LATE #xrp #binance #cryptocurrency #bitcoin https://t.co/cnBLuiA1j5,1344547827813330944,2022-03-20 04:48:38+00:00,
29,1505405933446443009,"RT @zizi590094: @cryptogems555 Do you want TRUE SAFU investing?
Go to https://t.co/VaeTug8n1w for crypto research!
We list scams, potential…",1444966414343983104,2022-03-20 04:48:38+00:00,
30,1505405932053970946,RT @AltcoinDailyio: #Bitcoin is daddy. #Ethereum is mommy. 👪,1476949586161934337,2022-03-20 04:48:37+00:00,
31,1505405927608004611,XRP is getting ready to take off to the moon! #altcoin #bitcoin #binance #xrp #ripple https://t.co/PHEv38RBvZ,2214750914,2022-03-20 04:48:36+00:00,
32,1505405927284953088,"RT @Marii6771: Do you want TRUE SAFU investing?
Go to https://t.co/1Mo7qdcgFO for crypto research!
We list scams, potential scams, trusted…",1485276061009125381,2022-03-20 04:48:36+00:00,
33,1505405926282600449,We just know #XRP will moon #crypto #binance #cryptocurrency #bitcoin #btc https://t.co/m2qMwDbQss,1276249222220783621,2022-03-20 04:48:36+00:00,
34,1505405926207275012,"RT @AirdropDet: 🔍 New #Airdrop: Elite Cash

🏆 Total Airdrop Pool: 140,000 ELC [~$49,000]

🔴 Start the airdrop bot https://t.co/geX2YRhj5n…",1476395658634399744,2022-03-20 04:48:36+00:00,
35,1505405922318995457,"RT @zizi590094: @okx @InuKishu @anchor_protocol @KyberNetwork @kusamanetwork Do you want TRUE SAFU investing?
Go to https://t.co/VaeTug8n1w…",1444966414343983104,2022-03-20 04:48:35+00:00,
36,1505405921878368258,"RT @AirdropDet: 🔍 New #Airdrop: SteamPad

🏆 Total Airdrop Pool: 5 Million STPD [~$300,000]

🔴 Start the airdrop bot https://t.co/CR15u9bH3K…",1417443117406457863,2022-03-20 04:48:35+00:00,
37,1505405921043759104,"RT @Revolotto: 🏏World's Dangerous Cricketer
Greatest Batsman of All-time in Cricket

🌎Universe Boss - Chris Gayle extending his support and…",1450169703607898113,2022-03-20 04:48:35+00:00,
38,1505405920443920389,"RT @AirdropDet: 🔍 New #Airdrop: Elite Cash

🏆 Total Airdrop Pool: 140,000 ELC [~$49,000]

🔴 Start the airdrop bot https://t.co/geX2YRhj5n…",902106502441222145,2022-03-20 04:48:35+00:00,
39,1505405920435589125,"RT @the_bitcoin_bum: Yo @jackmallers! 

We just sent a #Bitcoin payment to my @Strike account via the microchip I implanted into my own han…",3260487494,2022-03-20 04:48:35+00:00,
40,1505405920318148610,"RT @AirdropDet: 🔍 New #Airdrop: YupVerse

💲 Reward: Up to 10M YuP (~$5) + 2M YuP (~$1,000) referral pool

🔴 Start the airdrop bot https://t…",1480786507958931457,2022-03-20 04:48:35+00:00,
41,1505405916606509056,"RT @AirdropDet: 🔍 New #Airdrop: TeddyDoge

💲 Reward: Up to 2,800 TEDDY + 800K TEDDY referral pool

🔴 Start the airdrop bot https://t.co/bJW…",1387436591354978304,2022-03-20 04:48:34+00:00,
42,1505405915897679872,"RT @AirdropDet: 🔍 New #Airdrop: YupVerse

💲 Reward: Up to 10M YuP (~$5) + 2M YuP (~$1,000) referral pool

🔴 Start the airdrop bot https://t…",1477541146775601154,2022-03-20 04:48:34+00:00,
43,1505405915763073034,XRP is getting ready to take off to the moon! #altcoin #bitcoin #binance #xrp #ripple https://t.co/ZnJYMXBSsP,1318581804304076802,2022-03-20 04:48:34+00:00,
44,1505405912567099393,"RT @airdropinspect: New airdrop: Prizefighter (RING)
Total Reward: $5,000 worth of RING
Rate: ⭐️⭐️⭐️⭐️
Winners: 1,000 Random &amp; Top 100
Dist…",1269871528591585280,2022-03-20 04:48:33+00:00,
45,1505405912324128768,"RT @AirdropDet: 🔍 New #Airdrop: YupVerse

💲 Reward: Up to 10M YuP (~$5) + 2M YuP (~$1,000) referral pool

🔴 Start the airdrop bot https://t…",1476395658634399744,2022-03-20 04:48:33+00:00,
46,1505405911220862976,"RT @DeathNote_Token: DEATH NOTE TOKEN REFERRAL CONTEST 🔥 

Join our contest and win #Prizes for inviting the most people to our @telegram 🍎…",3389649460,2022-03-20 04:48:32+00:00,
47,1505405909090148353,"RT @zizi590094: @MMCrypto Do you want TRUE SAFU investing?
Go to https://t.co/VaeTug8n1w for crypto research!
We list scams, potential scam…",1444966414343983104,2022-03-20 04:48:32+00:00,
48,1505405908423090180,"RT @Revolotto: 🏏World's Dangerous Cricketer
Greatest Batsman of All-time in Cricket

🌎Universe Boss - Chris Gayle extending his support and…",1478944258497585152,2022-03-20 04:48:32+00:00,
49,1505405904987951107,The strongest bullish signal flashed for #XRP #bitcoin #btc #ethereum #eth https://t.co/uX9LDwOcKJ,1089438011060703233,2022-03-20 04:48:31+00:00,
