,id,text,author_id,created_at,geo
0,1505588978346516484,"RT @ramiberlin: @TheNFTFocal #xSTIK no1 voted #NFT Project on #XRPL
#NFTs  #NFTGiveaway #NFTCommunity #nftart #NFTartist #NFTdrop #crypto #…",1500847815320350720,2022-03-20 16:55:59+00:00,
1,1505588978229121032,"RT @Eric_BIGfund: The Fed: 
*Nope, no inflation 
*Well, some signs of inflation 
*Yes, inflation but it’s “transitory” 
*Now, unprecedented…",1485978691511504900,2022-03-20 16:55:59+00:00,
2,1505588976987475972,"RT @Revolotto: 🏏World's Dangerous Cricketer
Greatest Batsman of All-time in Cricket

🌎Universe Boss - Chris Gayle extending his support and…",1503249641130782721,2022-03-20 16:55:59+00:00,
3,1505588976039596035,"RT @AirdropStario: 💧 SafeMe Airdrop 💧

🏆 Task:          ➕  Up to 800 SAME (~$8)

👨‍👩‍👧 Referral:   ➕  400 SAME (~$4)

🔛 Airdrop Link &amp; Info…",1403577874733572105,2022-03-20 16:55:59+00:00,
4,1505588975850897421,RT @relictumpro: US🇺🇸 lawmakers call on SEC chair Gensler to approve a spot #Bitcoin  ETF.,1478496046376488962,2022-03-20 16:55:58+00:00,
5,1505588975494639619,"RT @Revolotto: 👑We're very happy to announce that ;
on this beautiful journey, now we are a bigger family of 30K Followers on Twitter. 

💎R…",1497088345939546114,2022-03-20 16:55:58+00:00,
6,1505588974231777281,"RT @p2ePrizeFighter: Who will be the next challenger?
(Screenshot from Actual Gameplay)

#nft #nftart #art #digitalart #nfts #nftartist #cr…",1379473803596603395,2022-03-20 16:55:58+00:00,
7,1505588973367930884,RT @ashwsbreal: #Bitcoin yearly returns! https://t.co/R3rx1Zv2fz,909876662145298432,2022-03-20 16:55:58+00:00,
8,1505588970591301638,"@BabyDogeGem #BlueSparrow is a bridge between the stock market and crypto .. You will have both in the Blue Sparrow CEX
@BlueSparrowETH
#BluesparrowCEX
#BlueSparrow
#BlueSparrowtoken
#BlueSparrowCommunity
#bitcoin
#BestDrawToken
#Bluesparrowcharity
#Web3
#NFT 
https://t.co/iX9ThGAout
☘271",1500745978495881216,2022-03-20 16:55:57+00:00,
9,1505588969228054533,"the strongest bullish signal flashed for #Bitcoin. Not trend reverse but price bounce is anticipated!

@tradeosiann  is a super #BTC Trader 
I’ve been following his tweets and tips seriously &amp; I’ve been doing great $MATIC $KAVA $ENJ $MITH #Cryptocurrency  $THETA 🥰😄",1502288483683119111,2022-03-20 16:55:57+00:00,
10,1505588965407346691,"RT @AirdropStario: 💧 SafeWallet Airdrop 💧

🏆 Task:        ➕ 175 SLT (~$3.5) for 1000 random participants

👨‍👩‍👧 Referral: ➕ 30,000 SLT (~$6…",1322696691053555713,2022-03-20 16:55:56+00:00,
11,1505588965361205248,"RT @Revolotto: 💎25K TWITTER FOLLOWERS💎
Revolotto Team saying thanks to our most valuable and beautiful Community.

🌏Join the Revolution🌏
👑H…",1497088345939546114,2022-03-20 16:55:56+00:00,
12,1505588964194983936,"RT @binance: 💰 $10,000 giveaway 💰
 
Post your #BitcoinButton result to enter!
 
Rules:
🔸 Retweet this post
🔸 Follow @Binance
🔸 Play #Bitcoi…",1353560839408803840,2022-03-20 16:55:56+00:00,
13,1505588962462945281,"RT @AirdropStario: 💧 Odds96 Airdrop 💧

🏆 Task:          ➕ $10 worth of Odds96 Tokens.

🔛 Airdrop Link &amp; Information: https://t.co/rBb5KjyM1…",1485495200701362178,2022-03-20 16:55:55+00:00,
14,1505588962395664389,"RT @WatcherGuru: JUST IN: 🇸🇬 Singapore’s largest bank, DBS Bank CEO, Piyush Gupta, says central banks should regulate #Bitcoin &amp; #crypto.",1473208130674774016,2022-03-20 16:55:55+00:00,
15,1505588959896010758,"RT @AirdropAchiever: New Whitelist: STMAN × FamCentral
Allocation: ≤ 30 BUSD (TBA)
Winners: All Participants
End Date: 22nd March, 2022

🔗…",1475899167306227714,2022-03-20 16:55:55+00:00,
16,1505588957446348812,RT @saylor: You do not sell your #bitcoin.  https://t.co/LJNgJeWxvR,992953150402383872,2022-03-20 16:55:54+00:00,
17,1505588957051990017,"RT @BTCGandalf: This is how @bopinion sees the world. 

#Bitcoin fixes this. https://t.co/Qq2A7HxMMP",1443979064667250689,2022-03-20 16:55:54+00:00,
18,1505588956980817935,"@BabyDogeGem #BlueSparrow is a bridge between the stock market and crypto .. You will have both in the Blue Sparrow CEX
@BlueSparrowETH
#BluesparrowCEX
#BlueSparrow
#BlueSparrowtoken
#BlueSparrowCommunity
#bitcoin
#BestDrawToken
#Bluesparrowcharity
#Web3
#NFT 
https://t.co/iX9ThGAout
☘270",1500745978495881216,2022-03-20 16:55:54+00:00,
19,1505588956414439429,"RT @AirdropStario: 💧 MedusaZone Airdrop 💧

🏆 Task:          ➕  Up to 30 AMEDU (~$36)

👨‍👩‍👧 Referral:   ➕  10 AMEDU (~$12)

🔛 Airdrop Link…",1232587902955077632,2022-03-20 16:55:54+00:00,
20,1505588956246982656,"RT @TheCryptoLaunch: 💥The Crypto Launchpad Giveaway💥

🏆 Task: Up to $50 worth of TCL Partners' Tokens.

👨‍👩‍👧 Referral: $25 worth of TCL Pa…",1471033768290914308,2022-03-20 16:55:54+00:00,
21,1505588952853483522,"RT @CarfuelFinance: Our #Carfuel community has passed 3000+ followers in 1 day. Thank you everyone, we are just at the beginning of the roa…",1421669916655067140,2022-03-20 16:55:53+00:00,
22,1505588946557931529,"RT @BTCGandalf: This is how @bopinion sees the world. 

#Bitcoin fixes this. https://t.co/Qq2A7HxMMP",861784935518134272,2022-03-20 16:55:52+00:00,
23,1505588945924460545,"RT @AirdropStario: 💧 Odds96 Airdrop 💧

🏆 Task:          ➕ $10 worth of Odds96 Tokens.

🔛 Airdrop Link &amp; Information: https://t.co/rBb5KjyM1…",1496244701300678660,2022-03-20 16:55:51+00:00,
24,1505588944444047370,"RT @BitcoinMagazine: 💥 In 17 days, the biggest #Bitcoin  conference in history kicks off in Miami 👀",974118649962336257,2022-03-20 16:55:51+00:00,
25,1505588942829023240,RT @uocapital: The firm behind the popular #Wasabi #Bitcoin wallet will start refusing certain transactions that allow users to obscure the…,1413046621672132609,2022-03-20 16:55:51+00:00,
26,1505588940710944772,"the strongest bullish signal flashed for #Bitcoin. Not trend reverse but price bounce is anticipated!

@tradeosiann  is a super #BTC Trader 
I’ve been following his tweets and tips seriously &amp; I’ve been doing great $MATIC $KAVA $ENJ $MITH #Cryptocurrency  $THETA 🎵😌",1502288483683119111,2022-03-20 16:55:50+00:00,
27,1505588940518080518,"RT @AirdropStario: 💧 Odds96 Airdrop 💧

🏆 Task:          ➕ $10 worth of Odds96 Tokens.

🔛 Airdrop Link &amp; Information: https://t.co/rBb5KjyM1…",1505540982409994244,2022-03-20 16:55:50+00:00,
28,1505588940119883776,RT @Excesscoins: INVEST WITH US TODAY AND ENSURE YOUR FUTURE !!!! #Excesscoins #Bitcoin #ElSalvador https://t.co/6g8YrJ3GTI,1504465815999229952,2022-03-20 16:55:50+00:00,
29,1505588937116499977,"RT @chitaglorya__: giveaway 200$ | 2,800,000 IDR

-- rt follow @flagnetwork_NFT 

-- rt &amp; quoted their pinned with   #FlagNetwork  #cryptoc…",1472304082769494016,2022-03-20 16:55:49+00:00,
30,1505588936961363972,"RT @airdropinspect: New airdrop: Prizefighter (RING)
Total Reward: $5,000 worth of RING
Rate: ⭐️⭐️⭐️⭐️
Winners: 1,000 Random &amp; Top 100
Dist…",1479836872612499465,2022-03-20 16:55:49+00:00,
31,1505588936483168261,"RT @GDC_token: 📣 GDC Token Airdrop is live!

🏆 Reward for Tasks: 460 GDC (~$5,52) for 5000 random participants each.

👨‍👩‍👧 Referral Reward…",354692877,2022-03-20 16:55:49+00:00,
32,1505588936390848512,"RT @airdropinspect: New airdrop: Angelic (ANGL)
Total Reward: 50,000 ANGL
Rate: ⭐️⭐️⭐️⭐️
Winners: 1,500 Random &amp; Top 50
Distribution: withi…",1455200116663468035,2022-03-20 16:55:49+00:00,
33,1505588936193855491,"RT @rovercrc: I wouldn't be surprised to see #Bitcoin trading at $48,000 next week...",974118649962336257,2022-03-20 16:55:49+00:00,
34,1505588929134665728,"The project uses very competent marketing and price policy.This is a development project and provided  lot of knowledge for this project #DeFi #TeleFy #DEX #cryptocurrency #Ethereum #BinanceSmartChain #Bitcoin #Airdrop #polkadot #MATIC #Polygon $TELE #Cardano #ETH
@TelefyConnect",1382419136857313284,2022-03-20 16:55:47+00:00,
35,1505588928933294082,RT @cryptorunner007: Wouldn’t it be nice if we can #trade peer to peer any goods and services and get delivered without knowing other party…,1211703451232555008,2022-03-20 16:55:47+00:00,
36,1505588927217897472,"RT @p2ePrizeFighter: Who will be the next challenger?
(Screenshot from Actual Gameplay)

#nft #nftart #art #digitalart #nfts #nftartist #cr…",1500715996650172419,2022-03-20 16:55:47+00:00,
37,1505588926773628928,"RT @airdropinspect: New airdrop: Ubiquity DAO (USDT)
Total Reward: 2,500 USDT
Rate: ⭐️⭐️⭐️⭐️
Winners: 1,000 Random &amp; Top 100
Distribution:…",1430013035234562082,2022-03-20 16:55:47+00:00,
38,1505588925989101574,"RT @llamamarket: #bitcoin #hex
This feels nice. 🤍
Kindness from those with power or influence is a rare and wonderful gift.",1504923900496465920,2022-03-20 16:55:47+00:00,
39,1505588923925504002,"This amazing faucet from @_bitcoiner is making me tweet this to claim my free Lightning sats. ⚡

@boltcoiner unlock me 7effda3e-0172-46f0-963b-86c35eca143d

#Bitcoin #BTC #LN #LightningNetwork #boltcoiner
https://t.co/FbtP32dB8a",1427197459797839874,2022-03-20 16:55:46+00:00,
40,1505588923782905863,"@BabyDogeGem #BlueSparrow is a bridge between the stock market and crypto .. You will have both in the Blue Sparrow CEX
@BlueSparrowETH
#BluesparrowCEX
#BlueSparrow
#BlueSparrowtoken
#BlueSparrowCommunity
#bitcoin
#BestDrawToken
#Bluesparrowcharity
#Web3
#NFT 
https://t.co/iX9ThGAout
☘269",1500745978495881216,2022-03-20 16:55:46+00:00,
41,1505588918292553734,"RT @TheCryptoLark: If you could only hold one of these until 2030 which would it be and why? 
#bitcoin 
#ethereum 
#cardano 
$xrp 
$sol 
$d…",1250438145637666818,2022-03-20 16:55:45+00:00,
42,1505588914194894848,"RT @AirdropStario: 💧 SafeMe Airdrop 💧

🏆 Task:          ➕  Up to 800 SAME (~$8)

👨‍👩‍👧 Referral:   ➕  400 SAME (~$4)

🔛 Airdrop Link &amp; Info…",1498328467964047362,2022-03-20 16:55:44+00:00,
43,1505588913318019077,"RT @saylor: If you don't understand money, you won't understand #bitcoin.",1453804916317773845,2022-03-20 16:55:44+00:00,
44,1505588913016311809,RT @BTCsquare: PayPal Co-Founder Peter Thiel: The biggest mistake I made in the last decade was getting too late and too little into #Bitco…,1242728917225504768,2022-03-20 16:55:44+00:00,
45,1505588909790711809,"@BabyDogeGem #BlueSparrow is a bridge between the stock market and crypto .. You will have both in the Blue Sparrow CEX
@BlueSparrowETH
#BluesparrowCEX
#BlueSparrow
#BlueSparrowtoken
#BlueSparrowCommunity
#bitcoin
#BestDrawToken
#Bluesparrowcharity
#Web3
#NFT 
https://t.co/iX9ThGAout
☘268",1500745978495881216,2022-03-20 16:55:43+00:00,
46,1505588906590363655,"@TheNFTFocal #xSTIK no1 voted #NFT Project on #XRPL
#NFTs  #NFTGiveaway #NFTCommunity #nftart #NFTartist #NFTdrop #crypto #cryptocurrency #Bitcoin #ETH #Ethereum #GameFi #gaming #opensea #OpenSeaNFT #invest #blockchain @xrpstik #MONEY @XLS20Art #XRP #XRPLcommunity #XRPArmy #XRPLedger https://t.co/Zah8VCusBb",230405940,2022-03-20 16:55:42+00:00,
47,1505588906363961350,"RT @JJcycles: Securing some of the profit as insurance. Sure, makes sense. 

But imo switching to precious metals for 100% is an extremely…",474046570,2022-03-20 16:55:42+00:00,
48,1505588905160192015,"RT @BitcoinMagazine: Only 2 weeks until the 19,000,000 #bitcoin is mined ⛏",2204027576,2022-03-20 16:55:42+00:00,
49,1505588904963018769,"RT @AirdropDet: 🔍 New #Airdrop: Elite Cash

🏆 Total Airdrop Pool: 140,000 ELC [~$49,000]

🔴 Start the airdrop bot https://t.co/geX2YRhj5n…",1454247199479668737,2022-03-20 16:55:42+00:00,
