,id,text,author_id,created_at,geo
0,1505523797859790849,"RT @airdropinspect: New airdrop: Prizefighter (RING)
Total Reward: $5,000 worth of RING
Rate: ⭐️⭐️⭐️⭐️
Winners: 1,000 Random &amp; Top 100
Dist…",1369342164770127872,2022-03-20 12:36:59+00:00,
1,1505523797809532932,"RT @DylanLeClair_: ETH is not a competitor to BTC. ETH is competing with SOL, AVAX, other smart contract chains, etc. 

Incorruptible proof…",762415246157844481,2022-03-20 12:36:59+00:00,
2,1505523797059051525,"RT @Revolotto: 🏏World's Dangerous Cricketer
Greatest Batsman of All-time in Cricket

🌎Universe Boss - Chris Gayle extending his support and…",1468983248814436353,2022-03-20 12:36:59+00:00,
3,1505523795708506113,"RT @StephenPunwasi: India just bought 3 million barrels of oil from Russia at a 20% discount and paid in rupees, not USD.

The fight to de-…",1119641905350856704,2022-03-20 12:36:58+00:00,
4,1505523795385147396,"RT @AirdropStario: 💧 SafeWallet Airdrop 💧

🏆 Task:        ➕ 175 SLT (~$3.5) for 1000 random participants

👨‍👩‍👧 Referral: ➕ 30,000 SLT (~$6…",1380390840061726722,2022-03-20 12:36:58+00:00,
5,1505523795305676804,What if we are in a SuPerRcYcLe ? #bitcoin $BTC https://t.co/GHmHImtpUx,637184250,2022-03-20 12:36:58+00:00,
6,1505523789240614915,"We just know #XRP will moon #crypto #binance #cryptocurrency #bitcoin #btc

https://t.co/8KaXpxdfc8",1475173455901384711,2022-03-20 12:36:57+00:00,
7,1505523788653670400,RT @eddan0306: Canadian trucker protesters have bitcoin donations seized #Bitcoin via https://t.co/l0Y4qQSQ4o https://t.co/V0VTsORQXT,1352738126796611584,2022-03-20 12:36:57+00:00,
8,1505523785331474434,This is aging well...Exxxxaaaaaaaaaaaactly as predicted #BTC #Bitcoin #Crypto https://t.co/qgFhF6W7bF,1492652254133772293,2022-03-20 12:36:56+00:00,
9,1505523784308076546,"RT @chitaglorya__: giveaway 200$ | 2,800,000 IDR

-- rt follow @flagnetwork_NFT 

-- rt &amp; quoted their pinned with   #FlagNetwork  #cryptoc…",1500044394258665473,2022-03-20 12:36:56+00:00,
10,1505523782374596614,Get IN now don't be LATE #xrp #binance #cryptocurrency #bitcoin https://t.co/R0er5IslFP,897745462903455744,2022-03-20 12:36:55+00:00,
11,1505523780982120448,Get IN now don't be LATE #xrp #binance #cryptocurrency #bitcoin https://t.co/EhOETjFKu7,3289626058,2022-03-20 12:36:55+00:00,
12,1505523778607931395,"RT @AirdropStario: 💧 PeaSwap Finance Airdrop 💧

🏆 Task:          ➕ 10 PEA for 300 random participants each.

🔛 Airdrop Link &amp; Information:…",1471723470685831170,2022-03-20 12:36:54+00:00,
13,1505523776825528321,"RT @BengalCatcoin_: why not ?🐯🚀

#BNB #Solana #bitcoin #catcoin #Bengalcatcoin #NFT https://t.co/dDuvONqj1T",1320137836360830976,2022-03-20 12:36:54+00:00,
14,1505523773629517825,"RT @binance: 💰 $10,000 giveaway 💰
 
Post your #BitcoinButton result to enter!
 
Rules:
🔸 Retweet this post
🔸 Follow @Binance
🔸 Play #Bitcoi…",123418083,2022-03-20 12:36:53+00:00,
15,1505523773604343811,RT @corndalorian: I'm buying more #bitcoin https://t.co/jI7lSvyI0s,1379718678317518848,2022-03-20 12:36:53+00:00,
16,1505523771909672967,"XRP is getting ready to take off to the moon! #altcoin #bitcoin #binance #xrp #ripple

https://t.co/SwGYUDkylY",1456776477580595212,2022-03-20 12:36:53+00:00,
17,1505523769321967621,RT @BitcoinMagazine: The revolution can not be stopped. #Bitcoin https://t.co/J51qviTWId,1502249955892809729,2022-03-20 12:36:52+00:00,
18,1505523759213596672,"RT @AirdropStario: 💧 CRAT Airdrop 💧

🏆 Task:         ➕  $50 worth of CRAT for 1000 random participants each

👨‍👩‍👧 Referral:  ➕  $100 worth…",1542913638,2022-03-20 12:36:50+00:00,
19,1505523757074558976,"RT @PrivateEthereum: #bountyhunters!

You have the chance to earn up to 50.000 tokens!
1. Follow
2. Retweet&amp;Like
3. Fill in: https://t.co/8…",1483158694770655235,2022-03-20 12:36:49+00:00,
20,1505523755803676675,"RT @saylor: #Bitcoin is digital property and the most cost efficient method we have yet discovered for converting energy into prosperity.
@…",1485474852194693120,2022-03-20 12:36:49+00:00,
21,1505523755312898051,Oh god #Bitcoin dumps few hundred dollars and my timeline is fully bearish again. Welcome in the world of extreme fear.,1275260909896769538,2022-03-20 12:36:49+00:00,
22,1505523754587377666,Jack Dorsey's Love for Bitcoin Might Be Slowing Block Down #UX #bitcoin #blockchain via https://t.co/KlVaroR3Gq https://t.co/nOpnUJ7rGr,1362790881905045505,2022-03-20 12:36:49+00:00,
23,1505523754281373697,"RT @StephenPunwasi: India just bought 3 million barrels of oil from Russia at a 20% discount and paid in rupees, not USD.

The fight to de-…",2267701224,2022-03-20 12:36:48+00:00,
24,1505523750963318790,"RT @AirdropDet: 🔍 New #Airdrop: YupVerse

💲 Reward: Up to 10M YuP (~$5) + 2M YuP (~$1,000) referral pool

🔴 Start the airdrop bot https://t…",1497955260350214145,2022-03-20 12:36:48+00:00,
25,1505523750535528451,"#MATIC currently is ranked #16 by market cap but will soon be in the Elite 8 and one day will make the FINAL 4. MARCH MADNESS MATIC STYLE!

#MARCHMADNESS #cryptocurrency #polygon #bitcoin https://t.co/skdH7EZRC5",1474110951544680454,2022-03-20 12:36:48+00:00,
26,1505523749705351175,"RT @Revolotto: 🏏World's Dangerous Cricketer
Greatest Batsman of All-time in Cricket

🌎Universe Boss - Chris Gayle extending his support and…",1121701876213272577,2022-03-20 12:36:47+00:00,
27,1505523747947954182,"RT @AirdropDet: 🔍 New #Airdrop: YupVerse

💲 Reward: Up to 10M YuP (~$5) + 2M YuP (~$1,000) referral pool

🔴 Start the airdrop bot https://t…",867954983651561472,2022-03-20 12:36:47+00:00,
28,1505523747117322241,XRP is getting ready to take off to the moon! #altcoin #bitcoin #binance #xrp #ripple https://t.co/0vwpEdmlxb,1409918054771789827,2022-03-20 12:36:47+00:00,
29,1505523745766662146,"RT @AirdropStario: 💧 PeaSwap Finance Airdrop 💧

🏆 Task:          ➕ 10 PEA for 300 random participants each.

🔛 Airdrop Link &amp; Information:…",1480274820373823489,2022-03-20 12:36:46+00:00,
30,1505523742977318913,RT @LibraAds: Latium #Freelancing is an online jobs platform where users can work &amp; hire using digital #currencies such as #Bitcoin and #Et…,1176384191740514304,2022-03-20 12:36:46+00:00,
31,1505523741522071556,"Hello Guys!! We are almost there! Just need a few more responses to my questionnaire. 
I need your help!
Thank you 
Questionnaire Link: https://t.co/HkTkfCqeOd
#cryptocurrency #bitcoin #crypto #blockchain #btc #ethereum #forex #money #trading #bitcoinmining #investment https://t.co/HsLzo3XJQx",392262584,2022-03-20 12:36:45+00:00,
32,1505523741056372736,"THIS BULLISH #BITCOIN PATTERN WILL BREAK TODAY!!!!

https://t.co/t5GOvCEaxq",1268903430564859904,2022-03-20 12:36:45+00:00,
33,1505523739433132033,"XRP is getting ready to take off to the moon! #altcoin #bitcoin #binance #xrp #ripple

https://t.co/ByVrfdGLSC",1366296202199891971,2022-03-20 12:36:45+00:00,
34,1505523737826758657,"RT @Anton__BTC: If your paid group leader told you that #BTCUSD would pump, due to a bullish divergence on high time frame, let me tell you…",1498485038568009733,2022-03-20 12:36:45+00:00,
35,1505523736497344514,"RT @airdropinspect: New airdrop: Flamingo Casino
Total Reward: 200 NFTs &amp; $2500 pricing pool
Rate:⭐️⭐️⭐️⭐️
Winners: 220 Random
Distribution…",1323143356768120833,2022-03-20 12:36:44+00:00,
36,1505523734261936128,"RT @Revolotto: 🏏World's Dangerous Cricketer
Greatest Batsman of All-time in Cricket

🌎Universe Boss - Chris Gayle extending his support and…",1440722946914275328,2022-03-20 12:36:44+00:00,
37,1505523733607329797,"RT @airdropinspect: New airdrop: Prizefighter (RING)
Total Reward: $5,000 worth of RING
Rate: ⭐️⭐️⭐️⭐️
Winners: 1,000 Random &amp; Top 100
Dist…",1457258492184514566,2022-03-20 12:36:44+00:00,
38,1505523731657261057,"RT @AirdropStario: 💧 RPGC Airdrop 💧

🏆 Task:         ➕  $8 worth of RPGC for 2000 random participants each.

👨‍👩‍👧 Referral:  ➕  $40 worth…",1504027202962092035,2022-03-20 12:36:43+00:00,
39,1505523730382000135,"RT @PrivateEthereum: Hey #Bountyhunters 🚀
Wanna earn up to 50,000 #Tokens?
Easy!
1. Follow us
2. Like&amp;Retweet
3. Comment your ETH Address
4…",1483158694770655235,2022-03-20 12:36:43+00:00,
40,1505523730134577153,RT @DhabicoinUae: DhabiCoin is growing in value as a result of the initiatives of the team behind this cryptocurrency.  There are analyzes…,1419089210389274630,2022-03-20 12:36:43+00:00,
41,1505523728498761730,"Get IN now don't be LATE #xrp #binance #cryptocurrency #bitcoin

https://t.co/PEEkKPvO4y",941728611899510784,2022-03-20 12:36:42+00:00,
42,1505523727374565379,"RT @Revolotto: 🏏World's Dangerous Cricketer
Greatest Batsman of All-time in Cricket

🌎Universe Boss - Chris Gayle extending his support and…",1281589538612117504,2022-03-20 12:36:42+00:00,
43,1505523726439583745,"Am I a dog? Yes, I am a dog.
#nfts #nft #nftart #nftcommunity #nftcollector #nftartist #cryptoart
#crypto #ethereum #opensea #nftcollectors #bitcoin #cryptoartist #nftcollectibles #openseanft #nftartists #eth #nftcollection
https://t.co/ctAaoeKLgb",1499030184020045827,2022-03-20 12:36:42+00:00,
44,1505523725042532353,"RT @AirdropStario: 💧 PeaSwap Finance Airdrop 💧

🏆 Task:          ➕ 10 PEA for 300 random participants each.

🔛 Airdrop Link &amp; Information:…",1493247042310656000,2022-03-20 12:36:41+00:00,
45,1505523723574685703,@danheld I remember the day’s that I left 1.25 #bitcoin in an exchange because it was like less than $100 😂 that literally saved my life in 2018 crash!,1362468088227233802,2022-03-20 12:36:41+00:00,
46,1505523721389412352,"n Japan, #XRP is religion. I love it! All works! #eth #ethereum #binance #bitcoin btc #ripple #crypto #cryptocurrency

https://t.co/WkSORyAzdz",1413229173255118850,2022-03-20 12:36:41+00:00,
47,1505523721318060032,"RT @airdropinspect: New airdrop: Time Raiders (XPND)
Total Reward: $10,000 worth of XPND
Rate:⭐️⭐️⭐️⭐️
Winners: Top 350
Distribution: 30th…",1465443556252913676,2022-03-20 12:36:41+00:00,
48,1505523720533729288,"RT @CryptoBossBMA: ⚠️⚠️ BREAKING: The ECON committee of the EU Parliament just voted against the de-facto POW-ban: 32 against, 24 in favor.…",1469555994220969987,2022-03-20 12:36:40+00:00,
