,id,text,author_id,created_at,geo
0,1505679576252436481,"n Japan, #XRP is religion. I love it! All works! #eth #ethereum #binance #bitcoin btc #ripple #crypto #cryptocurrency

https://t.co/kZAmAMCZc7",1463635408491794440,2022-03-20 22:55:59+00:00,
1,1505679574579003392,RT @missbitcoin_mai: Perfectly smooth #LightningNetwork  transaction at Starbucks! Better than usual caramel macchiato😏❤️#Bitcoin #ElSalvad…,1079239194831134721,2022-03-20 22:55:59+00:00,
2,1505679573178064901,"RT @ashwsbreal: Like for #Bitcoin 

Retweet for #Ethereum 

Both for #LUNA",808483502417215488,2022-03-20 22:55:59+00:00,
3,1505679571613466625,"RT @saylor: If you don't understand money, you won't understand #bitcoin.",1388455056794525697,2022-03-20 22:55:58+00:00,
4,1505679570069975040,"RT @graffitomania: GIVEAWAY 

To enter: 

1. Follow @MetaMonero
2. Drop your USDT wallet 
3. Like + RT 

#MetaBusiness #Metaverse #Binance…",1249035108381872128,2022-03-20 22:55:58+00:00,
5,1505679565619933186,@Eljaboom You can't be in the space without understanding #bitcoin and $LUXY which gives 100% super green,1451445025766846464,2022-03-20 22:55:57+00:00,
6,1505679564906942469,"RT @mariiaaa_ch: always be in #bullish with bluesparrow
#ETH
#BlueSparrow
#BlueSparrowtoken
#BlueSparrowCommunity
#BestDrawToken
#Bluesparr…",1497265518461566983,2022-03-20 22:55:57+00:00,
7,1505679564109926409,"RT @saylor: If you don't understand money, you won't understand #bitcoin.",1355655363618598919,2022-03-20 22:55:56+00:00,
8,1505679563736731656,"RT @binance: 💰 $10,000 giveaway 💰
 
Post your #BitcoinButton result to enter!
 
Rules:
🔸 Retweet this post
🔸 Follow @Binance
🔸 Play #Bitcoi…",604873833,2022-03-20 22:55:56+00:00,
9,1505679561366728705,"RT @airdropinspect: New airdrop: MOMOCO (USDT)
Total Reward: 3,000 USDT
Rate: ⭐️⭐️⭐️⭐️
Winners: 1000 Random &amp; Top 100
Distribution: within…",3264299264,2022-03-20 22:55:56+00:00,
10,1505679559135567872,"XRP is getting ready to take off to the moon! #altcoin #bitcoin #binance #xrp #ripple

https://t.co/r5qgqRp2W4",2577297455,2022-03-20 22:55:55+00:00,
11,1505679557516566529,"n Japan, #XRP is religion. I love it! All works! #eth #ethereum #binance #bitcoin btc #ripple #crypto #cryptocurrency

https://t.co/zkoJaN8bJU",1449868953493381122,2022-03-20 22:55:55+00:00,
12,1505679555226263554,"@okx Our favourite is #babybitcoin, because   #Bitcoin's baby is #babybitcoin.. 
#NextKingBBTC
#MemeKingBBTC https://t.co/i0NNvKYxl7",1498618017017741314,2022-03-20 22:55:54+00:00,
13,1505679552353288193,In a place where #bitcoin is accepted! #Guatemala #bitcoinlake https://t.co/1nBPe7HtUC,1433404223346159617,2022-03-20 22:55:54+00:00,
14,1505679552085127170,RT @Revolotto: 🇲🇽The President of the world's most powerful country and our beloved friend Honourable Mexican President (2000-2006) Vicente…,1501029422601674758,2022-03-20 22:55:54+00:00,
15,1505679550939807751,"RT @parman_the: #Bitcoin security tips:

How to keep your seed words safe.

When you make a seed (typically with a hardware wallet), you ab…",631312484,2022-03-20 22:55:53+00:00,
16,1505679550314950659,"We just know #XRP will moon #crypto #binance #cryptocurrency #bitcoin #btc

https://t.co/9v5NuCNGEt",1489299529597865988,2022-03-20 22:55:53+00:00,
17,1505679549140553734,"RT @mariiaaa_ch: always be in #bullish with bluesparrow
#ETH
#BlueSparrow
#BlueSparrowtoken
#BlueSparrowCommunity
#BestDrawToken
#Bluesparr…",1497265518461566983,2022-03-20 22:55:53+00:00,
18,1505679541443956738,The strongest bullish signal flashed for #XRP #bitcoin #btc #ethereum #eth https://t.co/rhDWZs1Afd,906112008554209280,2022-03-20 22:55:51+00:00,
19,1505679540676628480,"RT @AirdropStario: 💧 CRAT Airdrop 💧

🏆 Task:         ➕  $50 worth of CRAT for 1000 random participants each

👨‍👩‍👧 Referral:  ➕  $100 worth…",1390184790628864000,2022-03-20 22:55:51+00:00,
20,1505679538302324737,"RT @Brisecommunity: #Bitgert Growing Rapidly With Its Startup Studio Program.

#Brise #Bitgertcommunity #Bitgertchain #Crypto #bitcoin #bnb…",960055464825245697,2022-03-20 22:55:50+00:00,
21,1505679538050772993,"RT @HadiHos65287736: #BlueSparrow is a bridge between the stock market and crypto .. You will have both in the Blue Sparrow CEX
#BlueBit  😍…",1497265518461566983,2022-03-20 22:55:50+00:00,
22,1505679535211118594,"@okx Our favourite is #babybitcoin, because   #Bitcoin's baby is #babybitcoin.. 
#NextKingBBTC
#MemeKingBBTC https://t.co/D0gOMPNf7L",1498618017017741314,2022-03-20 22:55:50+00:00,
23,1505679522741501957,"RT @binance: Click a button, win a #Bitcoin.
 
Sound good? #BitcoinButton 
 
Go ➡️ https://t.co/OwsRxlzV3D https://t.co/mnATF6ZMJ8",1454018061015601153,2022-03-20 22:55:47+00:00,
24,1505679520812183556,"We just know #XRP will moon #crypto #binance #cryptocurrency #bitcoin #btc

https://t.co/My5Lm7qAgQ",1446885021307097090,2022-03-20 22:55:46+00:00,
25,1505679519784517634,"RT @binance: 💰 $10,000 giveaway 💰
 
Post your #BitcoinButton result to enter!
 
Rules:
🔸 Retweet this post
🔸 Follow @Binance
🔸 Play #Bitcoi…",1505676524674072577,2022-03-20 22:55:46+00:00,
26,1505679519042080770,RT @Justdoitalex: The window of buying #bitcoin below 100K$ might be closing fast.,1374413373589254151,2022-03-20 22:55:46+00:00,
27,1505679518585040899,"RT @cz_binance: If you don't understand #bitcoin, you don't understand money.",533705120,2022-03-20 22:55:46+00:00,
28,1505679515690934272,"I've just created ""AE#32"" collectible! https://t.co/fSmJjwZk5m #rarible #flow #nonfungible #digitalasset #nft via @rarible #nft #nftart #art #digitalart #nfts #nftartist #crypto #cryptoart #nftcommunity #nftcollector #ethereum #bitcoin #blockchain #cryptocurrency",1491411475272982532,2022-03-20 22:55:45+00:00,
29,1505679514080317442,"Ripple Soars 8% While #Bitcoin Maintains Crucial $42,000: Analysis https://t.co/8Tg0Vl2aKT #crypto #news",15194086,2022-03-20 22:55:44+00:00,
30,1505679513434394624,"XRP is getting ready to take off to the moon! #altcoin #bitcoin #binance #xrp #ripple

https://t.co/w0QVymFVaC",719047501270106112,2022-03-20 22:55:44+00:00,
31,1505679513220431887,"n Japan, #XRP is religion. I love it! All works! #eth #ethereum #binance #bitcoin btc #ripple #crypto #cryptocurrency

https://t.co/eEDaQ7z5uF",1476458476440526848,2022-03-20 22:55:44+00:00,
32,1505679508640198656,"RT @airdropinspect: New airdrop: Prizefighter (RING)
Total Reward: $5,000 worth of RING
Rate: ⭐️⭐️⭐️⭐️
Winners: 1,000 Random &amp; Top 100
Dist…",1442847207405899781,2022-03-20 22:55:43+00:00,
33,1505679508288024582,"RT @ShaneTrammel: Not financial advice but I'm in my mid 50's and I'm 100% allocated to #Bitcoin outside of my house. 

That's my level of…",838719118299779077,2022-03-20 22:55:43+00:00,
34,1505679505469362180,"RT @TheMoonCarl: Will #Bitcoin hit $100,000 in 2022?

No           Maybe         Yes
👇            👇                👇",37762177,2022-03-20 22:55:42+00:00,
35,1505679505326755855,"RT @BSCGrimaceCoin: If you don't understand #grimacecoin, you don't understand #bitcoin",1494147599594622986,2022-03-20 22:55:42+00:00,
36,1505679501287591936,"@okx Our favourite is #babybitcoin, because   #Bitcoin's baby is #babybitcoin.. 
#NextKingBBTC
#MemeKingBBTC https://t.co/wnkThRJxd7",1498618017017741314,2022-03-20 22:55:41+00:00,
37,1505679500709081089,"RT @CryptoWhale: #Bitcoin maximalists will spend 365 days out of the year calling $XRP a centralized scam. 

While simultaneously shilling…",1347022620747771908,2022-03-20 22:55:41+00:00,
38,1505679498548711426,RT @YxM_801: I’ll leave this here for all you #bitcoin lovers $BTC $RVN and for all you $ETH #miners 🖤🤍⛓🪙 https://t.co/UyuzoIBaAG,1377960994039681025,2022-03-20 22:55:41+00:00,
39,1505679495763828738,"We just know #XRP will moon #crypto #binance #cryptocurrency #bitcoin #btc

https://t.co/9bo8D6gZM0",1389537893387960320,2022-03-20 22:55:40+00:00,
40,1505679493817581577,"RT @ashwsbreal: #Bitcoin will hit $100k sooner 
than you think.",808483502417215488,2022-03-20 22:55:40+00:00,
41,1505679493557587968,"Favorite #bitcoin mining follows of the month: 

@chadeverett 
@guzmanpintos 
@RG_Leachman",720719901216882688,2022-03-20 22:55:40+00:00,
42,1505679492047679492,@napgener They would only be corrupt if they held that money in #bitcoin,273639820,2022-03-20 22:55:39+00:00,
43,1505679490252480513,"Want to crush Washington DC, the Fed &amp; their fascists corporations?

Learn #bitcoin",123036487,2022-03-20 22:55:39+00:00,
44,1505679490101518344,"➡️ @CONNECTORCOIN ⬅️
Good Project 👌👌👌
#crypto #bitcoin 
#CONNECTORCOIN 
#ctco $bnb $bsc 
$ctco #bnb #cryptocurrency
@Rocket__crypto
... https://t.co/N1oSzwY95d
💰💰💰💰💰💰💝💝💖💖 https://t.co/yrVBw4sEOu",1494305426963406856,2022-03-20 22:55:39+00:00,
45,1505679487190675480,"RT @shotsbymatta: THIS VIDEO TOOK ME 24 HOURS TO EDIT! LoL 😂 #crypto #Bitcoin #BTC  
https://t.co/PJK7SInbsi",1499590244039077898,2022-03-20 22:55:38+00:00,
46,1505679479401680896,RT @Excesscoins: INVEST WITH US TODAY AND ENSURE YOUR FUTURE !!!! #Excesscoins #Bitcoin #ElSalvador https://t.co/6g8YrJ3GTI,1502281920469630979,2022-03-20 22:55:36+00:00,
47,1505679474276265989,"RT @AgldNft: 💥𝐓𝐡𝐞 𝐟𝐢𝐫𝐬𝐭 𝟐𝟎𝟎 𝐩𝐚𝐫𝐭𝐢𝐜𝐢𝐩𝐚𝐧𝐭𝐬 𝐰𝐢𝐥𝐥 𝐰𝐢𝐧! #𝐍𝐅𝐓 

✅Follow
✅RT❤️
✅Drop address! $ETH
⏰48 hours!

#BTC #opensea #OpenSeaNFT #NFTartis…",1462969062162513926,2022-03-20 22:55:35+00:00,
48,1505679472573435916,"RT @Bitcoin8News: The $BTC price is at $41,293.99 right now.
🟢 Compared to the last tweet, the price has increased by $111.91 (0.27%).
🔴 In…",2656219315,2022-03-20 22:55:35+00:00,
49,1505679471554318360,"We just know #XRP will moon #crypto #binance #cryptocurrency #bitcoin #btc

https://t.co/kTdAABVcv7",1472806453421477890,2022-03-20 22:55:34+00:00,
