,id,text,author_id,created_at,geo
0,1505581929734676485,"The results of the work of the Yield Bank project team are impressive, the guys are trying hard. This project #DeFi #TeleFy #DEX #cryptocurrency #Ethereum #BinanceSmartChain #Bitcoin #polkadot #MATIC #Polygon $TELE #Cardano #ETH https://t.co/dTrn8PfkHw",1410796692606119938,2022-03-20 16:27:59+00:00,
1,1505581923833610240,RT @SimonDixonTwitt: @electro_sueh You probably just answered your own question then. Trading to make fiat makes you broke. Investing long…,1408703410442969089,2022-03-20 16:27:57+00:00,
2,1505581923598544896,RT @Bitcoin: Probably not going to happen on the #Bitcoin network. https://t.co/57Dj7KthFV,1403302891692171269,2022-03-20 16:27:57+00:00,
3,1505581922902507521,"RT @AirdropAchiever: New Whitelist: STMAN × FamCentral
Allocation: ≤ 30 BUSD (TBA)
Winners: All Participants
End Date: 22nd March, 2022

🔗…",1463408919477243907,2022-03-20 16:27:57+00:00,
4,1505581921245487110,"RT @nashmarkets: 🚨The price action shows that Bitcoin could reach the $45,000 area very soon and rocket to $50,000 if it breaks out.

🚀Does…",899747278528950273,2022-03-20 16:27:57+00:00,
5,1505581919395844103,"RT @p2ePrizeFighter: Who will be the next challenger?
(Screenshot from Actual Gameplay)

#nft #nftart #art #digitalart #nfts #nftartist #cr…",1126185387536396290,2022-03-20 16:27:56+00:00,
6,1505581918871769088,"RT @airdropinspect: New airdrop: Angelic (ANGL)
Total Reward: 50,000 ANGL
Rate: ⭐️⭐️⭐️⭐️
Winners: 1,500 Random &amp; Top 50
Distribution: withi…",1479137665077309441,2022-03-20 16:27:56+00:00,
7,1505581918871429122,"RT @bitcoin_duniya: Bitcoin returns since 2010...

$BTC #cryptocurrency #Bitcoin https://t.co/YwxyViQRmB",1354133833570865153,2022-03-20 16:27:56+00:00,
8,1505581916275490816,"RT @AirdropDet: 🔍 New #Airdrop: Elite Cash

🏆 Total Airdrop Pool: 140,000 ELC [~$49,000]

🔴 Start the airdrop bot https://t.co/geX2YRhj5n…",1463507817428512772,2022-03-20 16:27:55+00:00,
9,1505581913633099778,"@airdropinspect I Think, this is very strong project,Thanks for shared this wonderful opportunity, Best wishes for all team members. 

@Imrankh20288164 @kiRedoy2 @SkShamrat9 @AtikurR05677813 @shopon5912 @Heena78692

#Airdrop #Airdrops #Airdropinspector #BSC #Angelic #ANGL #Crypto #Bitcoin",1479137665077309441,2022-03-20 16:27:55+00:00,
10,1505581911644770308,"YoBit AirDrop: Earn up to 4700 Fast Dollars daily: https://t.co/MV0t2GLh6O
#yobit #bitcoin #shib",1496436514196439040,2022-03-20 16:27:54+00:00,
11,1505581911619653632,"RT @LtexToken: You should buy more #LTEX  📈😎

#LTEX #bitcoin #crofam https://t.co/XzHRdcsBpi",1371602424448876558,2022-03-20 16:27:54+00:00,
12,1505581911497973761,"""The rouble has tumbled by about 25% against the dollar since February 23rd, whereas #bitcoin has risen against the greenback."" But Russian looking to #crypto for relief have obstacles to overcome... https://t.co/lO1I4f0NM4",366467423,2022-03-20 16:27:54+00:00,
13,1505581909753094153,"RT @NeilJacobs: 38 minutes until ticket prices INCREASE for bitcoin 2022!

Use promo code FOMO and get 10% OFF your conference tickets.

Se…",1373061431529193478,2022-03-20 16:27:54+00:00,
14,1505581905823301635,"RT @YupVerse: ✔️ YupVerse Airdrop (New Round) is live!

🔵 Airdrop Reward: Up to 10 Million YuP (~$5)

🔵 Referral Reward: 2 Million YuP (~$1…",1441216745956511750,2022-03-20 16:27:53+00:00,
15,1505581897602187265,RT @rovercrc: #Bitcoin Bull run 3.0 loading... https://t.co/d1tUySOLOv,1034332325730050048,2022-03-20 16:27:51+00:00,
16,1505581896679686144,"I Think, this is very strong project,Thanks for shared this wonderful opportunity, Best wishes for all team members. 

@Imrankh20288164 @kiRedoy2 @SkShamrat9 @AtikurR05677813 @shopon5912 @Heena78692

#Airdrop #Airdrops #Airdropinspector #BSC #Angelic #ANGL #Crypto #Bitcoin https://t.co/y08eMKhG5u",1479137665077309441,2022-03-20 16:27:51+00:00,
17,1505581894427197444,RT @NeilJacobs: Looks like the bitcoin conference website hasn’t been updated for the price increase that was suppose to take place last ni…,1373061431529193478,2022-03-20 16:27:50+00:00,
18,1505581893831458816,"@AirdropDet 🔍 New #Airdrop: YupVerse

💲 Reward: Up to 10M YuP (~$5) + 2M YuP (~$1,000) referral pool

🔴 Start the airdrop bot https://t.co/tE2dz6dtya

🔘 Do the tasks on the bot &amp; submit your data

🔘 Details: https://t.co/ABRW9V95fg

#Airdrops #YupVerse #Bitcoin #AirdropDete",1457368945246175233,2022-03-20 16:27:50+00:00,
19,1505581891876900869,"RT @BitcoinBR_info: Buy BitcoinBR (BTCBR) Using @Uniswap on Ethereum Network (ETH) | Pools | Info

BTCBR/USDT https://t.co/E6S4t3iGpD

BTCB…",1385939685852147716,2022-03-20 16:27:50+00:00,
20,1505581880032182275,"RT @AirdropDet: 🔍 New #Airdrop: YupVerse

💲 Reward: Up to 10M YuP (~$5) + 2M YuP (~$1,000) referral pool

🔴 Start the airdrop bot https://t…",1478608790362607618,2022-03-20 16:27:47+00:00,
21,1505581879956840456,@electro_sueh You probably just answered your own question then. Trading to make fiat makes you broke. Investing long term in #Bitcoin made many rich. You should be able to figure out the rest.,66106683,2022-03-20 16:27:47+00:00,
22,1505581878568370179,"RT @AirdropStario: 💧 CryptoZerofi Airdrop 💧

🏆 Task:          ➕ 22,000 USDT » Total reward pool.

🔛 Airdrop Link &amp; Information: https://t.c…",1256171266957905923,2022-03-20 16:27:46+00:00,
23,1505581878015053828,"RT @AirdropAchiever: New Whitelist: STMAN × FamCentral
Allocation: ≤ 30 BUSD (TBA)
Winners: All Participants
End Date: 22nd March, 2022

🔗…",1463461329063211011,2022-03-20 16:27:46+00:00,
24,1505581876802908166,"RT @AirdropDet: 🔍 New #Airdrop: YupVerse

💲 Reward: Up to 10M YuP (~$5) + 2M YuP (~$1,000) referral pool

🔴 Start the airdrop bot https://t…",1505489859980726279,2022-03-20 16:27:46+00:00,
25,1505581873334034436,"@BelfortNFT World 1st bitcoin transection NFT  

https://t.co/emFH7mWmGG    

@opensea 

#Bitcoin  #nft #BinanceNFT #PolygonNFT #legend #100xgem #NFT #memoriesNFTseller #NFTs #opensea #OpenSeaNFT",1320236448575033344,2022-03-20 16:27:45+00:00,
26,1505581869886472192,"RT @GiveawayInspect: New Giveaway: Retoken (USDT)
Total Reward: 2,000 USDT
Rate: ⭐️⭐️⭐️⭐️
Winners: 700 Random &amp; Top 50
Distribution: within…",1358959022666260480,2022-03-20 16:27:44+00:00,
27,1505581869336727552,RT @rovercrc: #Bitcoin retesting support! https://t.co/x5kVsYuQE3,1211703451232555008,2022-03-20 16:27:44+00:00,
28,1505581869189853184,"RT @AirdropDet: 🔍 New #Airdrop: YupVerse

💲 Reward: Up to 10M YuP (~$5) + 2M YuP (~$1,000) referral pool

🔴 Start the airdrop bot https://t…",1447954460643237891,2022-03-20 16:27:44+00:00,
29,1505581868632403969,"RT @p2ePrizeFighter: Who will be the next challenger?
(Screenshot from Actual Gameplay)

#nft #nftart #art #digitalart #nfts #nftartist #cr…",1420695303997378564,2022-03-20 16:27:44+00:00,
30,1505581868355358722,RT @NeilJacobs: And it’s gone… hope you got one before the increase! #bitcoin https://t.co/aQ65HOBbdz,1373061431529193478,2022-03-20 16:27:44+00:00,
31,1505581867029962755,@MookieNFT Great🔥: Could also change your life. I only buy Banxa Holdings FRA: AC00 stock. Big profits awaits. Thank me later for that tip🔥 @BanxaOfficial #btc #bitcoin #defi #nft,1457084698274971650,2022-03-20 16:27:44+00:00,
32,1505581865952030724,"RT @CryptoHubKE: TONIGHT on our @SpaceyaCrypto 
""Crypto GAIN TRAIN"", 

💥DROP your @,follow every comment
Follow @CryptoHubKE
@RunwithBitcoi…",1131981969091383296,2022-03-20 16:27:43+00:00,
33,1505581863737376770,"#EthereumClassic $etc is becoming extremely profitable to mine.   The miners recognize this, and they are porting over to #etc in mass.   #bitcoin",1114884470144929792,2022-03-20 16:27:43+00:00,
34,1505581859887058951,"RT @AgldNft: 💥𝐓𝐡𝐞 𝐟𝐢𝐫𝐬𝐭 𝟐𝟎𝟎 𝐩𝐚𝐫𝐭𝐢𝐜𝐢𝐩𝐚𝐧𝐭𝐬 𝐰𝐢𝐥𝐥 𝐰𝐢𝐧! #𝐍𝐅𝐓 

✅Follow
✅RT❤️
✅Drop address! $ETH
⏰48 hours!

#BTC #opensea #OpenSeaNFT #NFTartis…",1373384398347898894,2022-03-20 16:27:42+00:00,
35,1505581858079318017,"RT @DoopieCash: From now on for every 1k followers, we will give $100 paid in #Bitcoin to a random person that replies or RT this post &amp; mu…",211948218,2022-03-20 16:27:41+00:00,
36,1505581857177366530,RT @PayBns: 🔄RT for: We are very lucky to have #bitcoin 😌,1496460802899189761,2022-03-20 16:27:41+00:00,
37,1505581854627442690,"RT @CoinDesk: It's been a rough ride of late for #bitcoin miner $HUT and its HODL strategy, but its data center acquisition earlier this ye…",464415185,2022-03-20 16:27:41+00:00,
38,1505581854325305345,Never be a slave to money or bitcoin. #Bitcoin,1499370874884870145,2022-03-20 16:27:41+00:00,
39,1505581849946595335,"GM , Just remember , if some one recommends you an alt coin and they don’t own any #bitcoin . You’re basically dealing with a scammer . Plan accordingly",1503863190966484992,2022-03-20 16:27:40+00:00,
40,1505581843881631747,"This project is a good and strong team, in a predictable and transparent road map, planned growth of both the campaign and Your money. #DeFi #TeleFy #DEX #cryptocurrency #Ethereum #BinanceSmartChain #Bitcoin #polkadot #MATIC #Polygon $TELE #Cardano #ETH",1474443405199560709,2022-03-20 16:27:38+00:00,
41,1505581836944117761,"RT @AgldNft: 💥𝐓𝐡𝐞 𝐟𝐢𝐫𝐬𝐭 𝟐𝟎𝟎 𝐩𝐚𝐫𝐭𝐢𝐜𝐢𝐩𝐚𝐧𝐭𝐬 𝐰𝐢𝐥𝐥 𝐰𝐢𝐧! #𝐍𝐅𝐓 

✅Follow
✅RT❤️
✅Drop address! $ETH
⏰48 hours!

#BTC #opensea #OpenSeaNFT #NFTartis…",812486782839181312,2022-03-20 16:27:36+00:00,
42,1505581833202851844,"TONIGHT on our @SpaceyaCrypto 
""Crypto GAIN TRAIN"", 

💥DROP your @,follow every comment
Follow @CryptoHubKE
@RunwithBitcoin
@creatives_k_e
@BitcoinKE

Grow your engagements learn &amp; Share your works.
https://t.co/C4AZBFudDh

#cryptocurrencyKE 🇰🇪 #SpaceyaCrypto #Bitcoin",1131981969091383296,2022-03-20 16:27:36+00:00,
43,1505581832720592902,"RT @Heggarmy: #HEGG listing on DIGIFINEX...last call 🔔 🔔 

#cryptocurrecy #bitcoin #ETHEREUM #BNB #NFTCommunity #NFTGiveaways #SAFEMOON",1399498821697257472,2022-03-20 16:27:35+00:00,
44,1505581831327993859,"RT @BITCOINMACADEMY: If #Bitcoin breaks the counter trendline, probably we can see $35.1K getting hit again. If we respect the counter tren…",1419793171807092739,2022-03-20 16:27:35+00:00,
45,1505581831000784896,"RT @rovercrc: WHAT A BOUNCE FOR #BITCOIN!!

Remember the CME GAP is at $41,900 🚀 https://t.co/7hlyZQspeZ",1211703451232555008,2022-03-20 16:27:35+00:00,
46,1505581828781981702,"RT @product6803: +Nothing Will Stop What's Coming+
Created for #PassiveIncome &amp; #trading
1% trade tax
100% Taxes go back to holders
Communi…",837182312571883523,2022-03-20 16:27:34+00:00,
47,1505581827888750592,"RT @AirdropDet: 🔍 New #Airdrop: YupVerse

💲 Reward: Up to 10M YuP (~$5) + 2M YuP (~$1,000) referral pool

🔴 Start the airdrop bot https://t…",1487132769138483204,2022-03-20 16:27:34+00:00,
48,1505581827192360968,RT @BTCfuel: #ALTCOINS are more BULLISH than #BITCOIN  🔥🔥🚀🚀,273196955,2022-03-20 16:27:34+00:00,
49,1505581824080510976,"🐳 Recent major Ethereum whale purchases:
 
 💰 137,173 #LINK ($1,991,751)
 💰 2,000,000 #FTM ($2,420,000)
 💰 113 #YFI ($2,201,453)
 💰 6,023,315 #matic ($8,553,107)
 💰 2,000,000 #FTM ($2,360,000)
#cryptocurrency ,#bitcoin https://t.co/JIV98OaFCK",2378946432,2022-03-20 16:27:33+00:00,
