,id,text,author_id,created_at,geo
0,1505405216925319171,"RT @airdropinspect: New airdrop: Angelic (ANGL)
Total Reward: 50,000 ANGL
Rate: ⭐️⭐️⭐️⭐️
Winners: 1,500 Random &amp; Top 50
Distribution: withi…",1474952196353449987,2022-03-20 04:45:47+00:00,
1,1505405213641183234,"RT @TheCryptoLaunch: 💥The Crypto Launchpad Giveaway💥

🏆 Task: Up to $50 worth of TCL Partners' Tokens.

👨‍👩‍👧 Referral: $25 worth of TCL Pa…",1467439581326835715,2022-03-20 04:45:46+00:00,
2,1505405213640957953,"#API3USD - New Technical Analysis 

Chart on TradingView https://t.co/ecR28JQAUJ $BTC $ETH #Bitcoin #CryptoCurrency #Trading #TechnicalAnalysis https://t.co/Yplm64Vvxh",1301553483900956673,2022-03-20 04:45:46+00:00,
3,1505405212130832385,"RT @Revolotto: 🏏World's Dangerous Cricketer
Greatest Batsman of All-time in Cricket

🌎Universe Boss - Chris Gayle extending his support and…",1415581879978258434,2022-03-20 04:45:46+00:00,
4,1505405210167980033,"This project has its own characteristics so that an attraction for users. I hope this project will be successful in the future and will be the best.

@ShakilH82435882 
@Johirul15244448 
@Shahzahan500 

#Giveaway #Giveaways #GiveawayInspector #BSC #USDT #Retoken #Crypto #Bitcoin https://t.co/YuwmdtKyN4",1480605591298998273,2022-03-20 04:45:45+00:00,
5,1505405209379753984,"RT @Revolotto: 🏏World's Dangerous Cricketer
Greatest Batsman of All-time in Cricket

🌎Universe Boss - Chris Gayle extending his support and…",1085195113423228935,2022-03-20 04:45:45+00:00,
6,1505405208771260416,"RT @Revolotto: 🏏World's Dangerous Cricketer
Greatest Batsman of All-time in Cricket

🌎Universe Boss - Chris Gayle extending his support and…",1495701566266896386,2022-03-20 04:45:45+00:00,
7,1505405208482189314,"RT @airdropinspect: New airdrop: Prizefighter (RING)
Total Reward: $5,000 worth of RING
Rate: ⭐️⭐️⭐️⭐️
Winners: 1,000 Random &amp; Top 100
Dist…",1501002712036802560,2022-03-20 04:45:45+00:00,
8,1505405208024608774,RT @FriedaHodl: Took the kiddos to learn about seeds today. Teach them young so they understand what sovereignty looks like. #Bitcoin https…,995345856361521152,2022-03-20 04:45:45+00:00,
9,1505405207982788609,"RT @elitecash_io: #Bitcoin and other #cryptocurrencies have certainly changed the way how we bank.

To understand #crypto, you must underst…",1410858924773765120,2022-03-20 04:45:45+00:00,
10,1505405206120792064,"RT @airdropinspect: New airdrop: Prizefighter (RING)
Total Reward: $5,000 worth of RING
Rate: ⭐️⭐️⭐️⭐️
Winners: 1,000 Random &amp; Top 100
Dist…",1365876106037923843,2022-03-20 04:45:44+00:00,
11,1505405201976795136,"RT @GiveawayInspect: New Giveaway: Retoken (USDT)
Total Reward: 2,000 USDT
Rate: ⭐️⭐️⭐️⭐️
Winners: 700 Random &amp; Top 50
Distribution: within…",1435944771785089027,2022-03-20 04:45:43+00:00,
12,1505405198944006146,"RT @YupVerse: ✔️ YupVerse Airdrop (New Round) is live!

🔵 Airdrop Reward: Up to 10 Million YuP (~$5)

🔵 Referral Reward: 2 Million YuP (~$1…",957639881093599232,2022-03-20 04:45:43+00:00,
13,1505405198323265538,@AirdropDet Thanks for give us this opportunity hope that project go to moon best of luck @Rubel78678611 #Airdrops #EliteCash #Bitcoin #AirdropDetective #cryptocurrecy,1503639616976408576,2022-03-20 04:45:43+00:00,
14,1505405197614346241,"XRP is getting ready to take off to the moon! #altcoin #bitcoin #binance #xrp #ripple

https://t.co/z1lyYD57PF",1371277912763031552,2022-03-20 04:45:42+00:00,
15,1505405196335202310,@bananitasNFT ALARM! 🚨🚨 There is one stock that will change your life forever! AND it is the gate of #crypto and #bitcoin NASDAQ Uplisting is soon! https://t.co/evuPOIqL68 #cryptocurrecy #defi #ethereum #btc #eth #nasdaq,1457084698274971650,2022-03-20 04:45:42+00:00,
16,1505405196108713985,"RT @AirdropStario: 💧 SafeWallet Airdrop 💧

🏆 Task:        ➕ 175 SLT (~$3.5) for 1000 random participants

👨‍👩‍👧 Referral: ➕ 30,000 SLT (~$6…",1476203118400573442,2022-03-20 04:45:42+00:00,
17,1505405195181768704,"RT @BTC_Archive: #Bitcoin at $42k 👀
Nice and steady…👌",1465073001473449988,2022-03-20 04:45:42+00:00,
18,1505405190991712257,RT @mikealfred: The only reckless and irresponsible allocation to #Bitcoin is 0%,1355655363618598919,2022-03-20 04:45:41+00:00,
19,1505405190534483969,"In Japan, #XRP is religion. I love it! All works! #eth #ethereum #binance #bitcoin btc #ripple #crypto #cryptocurrency https://t.co/AWN5wJuFSL",495465835,2022-03-20 04:45:41+00:00,
20,1505405190391967745,"cryptocurrency news.

GCash now offers fast and secure ways to buy crypto - Rappler 

 https://t.co/7n1ROB11eS

#crypto #cryptocurrency #BTC #bitcoin #money",1181590684362395650,2022-03-20 04:45:41+00:00,
21,1505405188592791556,"RT @Meta_Gaming99: Meta Gaming  🎁
 Airdrop for everyone

Steps:
1️⃣Follow us Twitter @Meta_Gaming99 RT&amp;Tag 3 friends
2️⃣Join us TG group: h…",1497202789029904385,2022-03-20 04:45:40+00:00,
22,1505405188529860609,"cryptocurrency news.

How Crypto Could Take U.S. Marijuana Business to Next Level - Bitcoinist 

 https://t.co/GvENmHG5r0

#crypto #cryptocurrency #BTC #bitcoin #money",1181590684362395650,2022-03-20 04:45:40+00:00,
23,1505405182716555264,"We just know #XRP will moon #crypto #binance #cryptocurrency #bitcoin #btc

https://t.co/zIPxuiFHGm",3195322981,2022-03-20 04:45:39+00:00,
24,1505405177821818880,"RT @EtherNasyonaL: #Bitcoin dominance is falling ⬇️

#Altcoin dominance is rising ⬆️

#Altseason2022 WILL BE EPIC🔥🚀

Drive away the dry noi…",1378663211436675074,2022-03-20 04:45:38+00:00,
25,1505405175904669697,"RT @AirdropDet: 🔍 New #Airdrop: YupVerse

💲 Reward: Up to 10M YuP (~$5) + 2M YuP (~$1,000) referral pool

🔴 Start the airdrop bot https://t…",1369270205533220866,2022-03-20 04:45:37+00:00,
26,1505405175724453891,Find everything Bitcoin Trading related on Forex Directory: https://t.co/qxKt1mO1sJ #forexdirectory #bitcoin,1495461120865632261,2022-03-20 04:45:37+00:00,
27,1505405175636246532,Apollo Inu - Crypto Funding for Creatives. No Strings Attached. #marchmadness #finalfour #crypto #bitcoin #ethereum #nft  https://t.co/K611swEOSR,1418592523610513409,2022-03-20 04:45:37+00:00,
28,1505405174374088705,"Hey, get FREE BITCOIN worth Rs. 50 on downloading the CoinSwitch Kuber app using my referral link. Join me and 1.4 crore traders who are trading in 100s of crypto. Hurry, use my link: https://t.co/IcHQV420KQ

#Airdrop #Giveaways #CryptoGiveaways #FreeBitcoin #altcoins #Bitcoin",1007236388691984384,2022-03-20 04:45:37+00:00,
29,1505405174315380737,"#FlagNetwork #IDO #cryptocurrency #Bitcoin #NFTs 
go go. https://t.co/GAW46VwcsJ",1505378842659069955,2022-03-20 04:45:37+00:00,
30,1505405174189375488,"@bitfinex How amazing can it be?  #Bluesparrow Native Token for Centralized Exchange with focus on both the stock &amp; crypto market
@BlueSparrowETH
@BluesparrowC
#BluesparrowCEX
#ETH
#BlueSparrow
#BlueSparrowtoken
#BlueSparrowCommunity
#bitcoin
#BestDrawToken
#Bluesparrowcharity
#Web3
#NFT https://t.co/lLWnKOvH6u",1500815180418088961,2022-03-20 04:45:37+00:00,
31,1505405171622371328,"@TheCryptoLark One of the best utility projects out there ghost wallet time to get our night sleep back 🚀👀👀🚀🚀
#BOBAMASK #BOBATAMA
#BOBATAMA1000x

@elonmusk
#ETH #Bitcoin  #nftart #NFTartist #trending 
#Crypto $Boba
#1000xGem #LBANK

👉 https://t.co/W6sRUyrQN2 https://t.co/TPB3cP0tjj",1457559530833948673,2022-03-20 04:45:36+00:00,
32,1505405170192060417,"@BitcoinFear For #Bitcoin People Wait And See for resistant how much again $40000k, $39500, $375000 don't greedy...",1393634921768382466,2022-03-20 04:45:36+00:00,
33,1505405167239323648,"RT @BobLoukas: #bitcoin seeking first close &gt; 10wma since Nov.

Day 55 should be dropping hard into Cycle Low....but it's not.  Chart seems…",710852681938632704,2022-03-20 04:45:35+00:00,
34,1505405167029551106,"RT @GiveawayInspect: New Giveaway: Retoken (USDT)
Total Reward: 2,000 USDT
Rate: ⭐️⭐️⭐️⭐️
Winners: 700 Random &amp; Top 50
Distribution: within…",1461852963622703104,2022-03-20 04:45:35+00:00,
35,1505405164446171137,"RT @Revolotto: 🏏World's Dangerous Cricketer
Greatest Batsman of All-time in Cricket

🌎Universe Boss - Chris Gayle extending his support and…",1419830315082678273,2022-03-20 04:45:34+00:00,
36,1505405162277552131,"RT @chitaglorya__: giveaway 200$ | 2,800,000 IDR

-- rt follow @flagnetwork_NFT 

-- rt &amp; quoted their pinned with   #FlagNetwork  #cryptoc…",1452785705512419328,2022-03-20 04:45:34+00:00,
37,1505405158871740416,RT @cryptopipe82: @CryptoBoy_T #KleeKai =Live #PlayToEarn Utility!!💜💜💜💜💜💜💜💜💜💜💜💜💜 #CryptoExpoDubai #hiddengem #1000xgem #bitcoin #Etherum #C…,1502703144052084737,2022-03-20 04:45:33+00:00,
38,1505405158687383554,"Nice project and I look forward to the growth and success of this project

@Airdrop033
@MDNayemSk4
@tanvir9669

#cryptocurrency #Airdrop #BSC #Bitcoin #USDT #MetaMoba #MOBA #Airdropstario https://t.co/UNhzTgpAMF",1436536351172689923,2022-03-20 04:45:33+00:00,
39,1505405156749238272,The strongest bullish signal flashed for #XRP #bitcoin #btc #ethereum #eth https://t.co/XMP2ogTfq0,1277065966132834304,2022-03-20 04:45:33+00:00,
40,1505405152131522562,RT @MatthewHyland_: $42.6k is the fastlane to $46k #Bitcoin,1465073001473449988,2022-03-20 04:45:32+00:00,
41,1505405151607234562,RT @Bitcoin: Probably not going to happen on the #Bitcoin network. https://t.co/57Dj7KthFV,2353474319,2022-03-20 04:45:31+00:00,
42,1505405150500126722,"RT @GiveawayInspect: New Giveaway: OverDose
Total Reward: $600 USDT
Winners: 200 Random &amp; Top 20
Distribution: within a week after the Give…",1476395658634399744,2022-03-20 04:45:31+00:00,
43,1505405150453809153,"@bitfinex How amazing can it be?  #Bluesparrow Native Token for Centralized Exchange with focus on both the stock &amp; crypto market
@BlueSparrowETH
@BluesparrowC
#BluesparrowCEX
#ETH
#BlueSparrow
#BlueSparrowtoken
#BlueSparrowCommunity
#bitcoin
#BestDrawToken
#Bluesparrowcharity
#Web3
#NFT https://t.co/11dzYkNaiw",1500815180418088961,2022-03-20 04:45:31+00:00,
44,1505405149308727296,"RT @AirdropDet: 🔍 New #Airdrop: YupVerse

💲 Reward: Up to 10M YuP (~$5) + 2M YuP (~$1,000) referral pool

🔴 Start the airdrop bot https://t…",1268960798749179912,2022-03-20 04:45:31+00:00,
45,1505405146330804227,The latest bloggergate - dig deeper! https://t.co/nK6YDUgFyg Thanks to @anodyne2art @PublicAdvocacy #bitcoin #breaking,234463064,2022-03-20 04:45:30+00:00,
46,1505405146209038344,XRP is getting ready to take off to the moon! #altcoin #bitcoin #binance #xrp #ripple https://t.co/lGO4us6LXL,1453168699108564993,2022-03-20 04:45:30+00:00,
47,1505405144929914884,#bitcoin Cash BCH Sell Zone for BINANCE:BCHUSDT by Zerene #BCHUSDT https://t.co/EzuAMeDoGt https://t.co/u8NyIUG10h,2281314234,2022-03-20 04:45:30+00:00,
48,1505405140177727488,We just know #XRP will moon #crypto #binance #cryptocurrency #bitcoin #btc https://t.co/gm54hkMMsR,1474047587279941633,2022-03-20 04:45:29+00:00,
