,id,text,author_id,created_at,geo
0,1505676554965491715,RT @Revolotto: 🇲🇽The President of the world's most powerful country and our beloved friend Honourable Mexican President (2000-2006) Vicente…,1499610508411867136,2022-03-20 22:43:59+00:00,
1,1505676552800927747,"RT @AirdropDet: 🔍 New #Airdrop: Elite Cash

🏆 Total Airdrop Pool: 140,000 ELC [~$49,000]

🔴 Start the airdrop bot https://t.co/geX2YRhj5n…",1480472979234451459,2022-03-20 22:43:58+00:00,
2,1505676552465489932,"RT @Revolotto: 🌟Congratulation! 
Another Milestone Achieved!

💎31K TWITTER FOLLOWERS💎

Revolotto Team saying thanks to our most valuable an…",1428444842267496454,2022-03-20 22:43:58+00:00,
3,1505676551572140037,I just voted in #okornotok from @Okcoin — submit your votes &amp; tweet about it for a chance to win 12k in #bitcoin.   It's all right here: 👇 https://t.co/xo1Otwraj9,1371187390161809413,2022-03-20 22:43:58+00:00,
4,1505676550313807884,"RT @TheRealPlanC: So you are saying your #Bitcoin bull market combo pack order came with a second uptrend impulse wave...? 

Let me check w…",1349263041045671937,2022-03-20 22:43:58+00:00,
5,1505676549575561218,"We just know #XRP will moon #crypto #binance #cryptocurrency #bitcoin #btc

https://t.co/L7H4X71BVg",1470423476439851008,2022-03-20 22:43:58+00:00,
6,1505676544458559489,"@Ovezzen @opensea @Bobatama is a token that you should check out is has 1000x potential
#BOBAMASK #BOBATAMA
#BOBATAMA1000x

@elonmusk
#ETH #Bitcoin  #nftart #NFTartist #trending 
#Crypto $Boba
#1000xGem #LBANK

👉 https://t.co/BaMcwVD95w",1504836040720367620,2022-03-20 22:43:56+00:00,
7,1505676542998941706,RT @HadiHos65287736: How amazing can it be?   #Bluesparrow Native Token for Decentralized Exchange with focus on both the stock &amp; crypto ma…,1497265518461566983,2022-03-20 22:43:56+00:00,
8,1505676541912657928,"RT @GarethSoloway: Likely 3 month probability forecast on #Bitcoin price action based on bearish megaphone pattern, still holding valid hea…",1504945367032467458,2022-03-20 22:43:56+00:00,
9,1505676541723701248,"RT @AirdropStario: 💧 Hero Arena Airdrop 💧

📍 Listed on: CoinMarketCap, PancakeSwap

🏆 Task: ➕  100 HERA (~$4) for 3000 random participants…",1430214472937861123,2022-03-20 22:43:56+00:00,
10,1505676540503240712,"#DeFi #TeleFy #DEX #cryptocurrency #Ethereum #BinanceSmartChain #Bitcoin #Airdrop #polkadot #MATIC #Polygon $TELE #Cardano #ETH
One of the best projects offers good opportunities for newbies. this  project has goals, big plans for the future, and a strong reliable team.",1138686575695581184,2022-03-20 22:43:56+00:00,
11,1505676540289376258,"Join us https://t.co/6U3Zhe5h8S
#GEM #BSC #BNB #DEFI #binance #bitcoin #altcoin #cryptocurrency #crypto #ethereum 
#blockchain #btc #coinbase #eth #xrp #trading #cryptonews #dogecoin  #bitcoins #altcoin #litecoin #bitcoinnews #altcoins #cryptocurrencies #cardano #bitcointrade",1505661587620831242,2022-03-20 22:43:55+00:00,
12,1505676539500892161,"RT @binance: 💰 $10,000 giveaway 💰
 
Post your #BitcoinButton result to enter!
 
Rules:
🔸 Retweet this post
🔸 Follow @Binance
🔸 Play #Bitcoi…",1483761143097270272,2022-03-20 22:43:55+00:00,
13,1505676538980667393,Hold your #crypto in a neutral location #RussiaUkraineConflict #Russia #Bitcoin  #putin #WAR #Ukraine #swift  https://t.co/gR4gdO4Czs …,28803148,2022-03-20 22:43:55+00:00,
14,1505676537567272964,"RT @Mohamma02458269: @sietseesteis ➡️ @CONNECTORCOIN ⬅️
Good Project 👌👌👌
#crypto #bitcoin 
#CONNECTORCOIN 
#ctco $bnb $bsc 
$ctco #bnb #cry…",1500536563708706817,2022-03-20 22:43:55+00:00,
15,1505676536132870150,"RT @ShiborgToken: HERE WE GO!🥳😎🔥

#SHIBORGINU #NFT Platform and #NFTs goes live next week!

1000 unique and exclusive NFTs!
All NFT holders…",1619148679,2022-03-20 22:43:54+00:00,
16,1505676535126188033,"RT @Akhmad0607: Shiba inu lovers🤑🤑join &amp; get 3.5$/7 mhs free

#SHIBARMY 
#shiba 
#bitcoin 

REGISTER NOW👇

https://t.co/MlrwWX31kM https://…",1269894614976167936,2022-03-20 22:43:54+00:00,
17,1505676532899057668,"RT @mariiaaa_ch: Linking parallel worlds with 💥#bluesparrow 🌏🌎🪐
🔥BlueSparrow🔥 for everyone
#ETH
#BlueSparrow
#BlueSparrowtoken
#BlueSparrow…",1497265518461566983,2022-03-20 22:43:54+00:00,
18,1505676529904279554,RT @EllensohnStefan: Check out Ghost Cat #60 by 5295 at https://t.co/wI2eIg81Sr NFT! https://t.co/ISPXs2fq8l via @cryptocom #cro #cryptocom…,1504529612994486283,2022-03-20 22:43:53+00:00,
19,1505676528889311233,#bitcoin in the bio calling somebody else a joke 😆 https://t.co/3lDbJ6SiAy,532321958,2022-03-20 22:43:53+00:00,{'place_id': '01a9a39529b27f36'}
20,1505676527333416960,"RT @airdropinspect: New airdrop: Ubiquity DAO (USDT)
Total Reward: 2,500 USDT
Rate: ⭐️⭐️⭐️⭐️
Winners: 1,000 Random &amp; Top 100
Distribution:…",1397406396719661059,2022-03-20 22:43:52+00:00,
21,1505676526083207169,"@pick_robo @rarible @Bobatama is a token that you should check out is has 1000x potential
#BOBAMASK #BOBATAMA
#BOBATAMA1000x

@elonmusk
#ETH #Bitcoin  #nftart #NFTartist #trending 
#Crypto $Boba
#1000xGem #LBANK

👉 https://t.co/BaMcwVD95w",1504836040720367620,2022-03-20 22:43:52+00:00,
22,1505676524980252673,"RT @TheGuySwann: @JasonPLowery Yes its an abstraction, but not accurate in the definitive sense, imo. 

My issue with the framing is merely…",3383788840,2022-03-20 22:43:52+00:00,
23,1505676524376178695,"jio phone earn money website (FREE COURSE) Click Here 👉 https://t.co/geBP9M8oDQ

#Affiliates #AffiliateMarketing #affiliateprogram #makemoney #makemoneyonline #makeMoneyFromHome #makemoneyfast #Job #jobsearch #Jobs #Crypto #Bitcoin",1505649753173987328,2022-03-20 22:43:52+00:00,
24,1505676520152567816,"RT @AirdropDet: 🔍 New #Airdrop: Goldfingr

💲 Reward: Up to 150 GFT (~$9) + 33,300 GFT (~$2K) referral pool

🔴 Start the airdrop bot https:/…",1456935383573356546,2022-03-20 22:43:51+00:00,
25,1505676520064708608,RT @defi_daria: Can you really argue that #bitcoin is involved in everything now? https://t.co/EQQv6Za3nA,1419656473982894084,2022-03-20 22:43:51+00:00,
26,1505676519196487680,"RT @ArtOfPunks1: Peace
Artist: @ArtOfPunks
Available: @opensea

➡️Polygon Blockchain
➡️No gass fee
➡️Handmade

#nfts #nft #nftart #nftcommu…",1396081857511501827,2022-03-20 22:43:50+00:00,
27,1505676518328086528,"RT @ShiborgToken: LAUNCHING ON #Ethereum !!😍🦾🚀

#PRESALE AND #LAUNCH: April 1st

Big marketing booked like #Dextools Golden Button Ads!

#S…",1619148679,2022-03-20 22:43:50+00:00,
28,1505676518059614208,"@Bitboy_Crypto #Bitcoin is still above $40k. I predict a bounce is expected from here soon target at all time highs. Ther biggest risk with #bitcoin has been not owing it.
At this point not having any BTC feels irresponsible buy the #dip.
Bravo @B_m_o5n made us proud her TA tips have been..",1478618496,2022-03-20 22:43:50+00:00,
29,1505676515094274048,"RT @LOAN_DeFi: 🔥The #LOAN token is the key to unlocking the full potential of World Loan Finance. 
A few people thought that #bitcoin (BTC)…",802458983571353600,2022-03-20 22:43:49+00:00,
30,1505676513554927623,RT @w_s_bitcoin: #Bitcoin's absolute scarcity is such a profound discovery. https://t.co/xGdlyQZGkD,1351653968448004096,2022-03-20 22:43:49+00:00,
31,1505676510857863170,"XRP is getting ready to take off to the moon! #altcoin #bitcoin #binance #xrp #ripple

https://t.co/E7xHjXSJ1e",1483394068814217216,2022-03-20 22:43:48+00:00,
32,1505676509494886410,"RT @mariiaaa_ch: Linking parallel worlds with 💥#bluesparrow 🌏🌎🪐
🔥BlueSparrow🔥 for everyone
#ETH
#BlueSparrow
#BlueSparrowtoken
#BlueSparrow…",1497265518461566983,2022-03-20 22:43:48+00:00,
33,1505676509327114255,"Peace
Artist: @ArtOfPunks
Available: @opensea

➡️Polygon Blockchain
➡️No gass fee
➡️Handmade

#nfts #nft #nftart #nftcommunity #nftcollector #nftartist #cryptoart #digitalart #opensea #crypto #ethereum #blockchain #opensea #nftcollectors #bitcoin #nftdrop #cryptoartist https://t.co/FPfXXgfmAx",1505619049203576838,2022-03-20 22:43:48+00:00,
34,1505676509209509891,"@SBobatama @whale_alert @Bobatama Best community, best devs I’ve ever met! Seriously this project is going to be insanely huge. 

@Bobatama
#BOBAMASK #BOBATAMA
#BOBATAMA1000x
@elonmusk
#ETH #Bitcoin  #nftart #NFTartist #trending 
#Crypto $Boba 
#1000xGem #LBANK
👉 https://t.co/pfbkauv6WS https://t.co/gFZbxl3BoI",1452737112839639041,2022-03-20 22:43:48+00:00,
35,1505676508513284096,RT @Revolotto: 🇲🇽The President of the world's most powerful country and our beloved friend Honourable Mexican President (2000-2006) Vicente…,1459153367414960130,2022-03-20 22:43:48+00:00,
36,1505676507074674695,"We just know #XRP will moon #crypto #binance #cryptocurrency #bitcoin #btc

https://t.co/GVHosHMJz4",1479722356004339713,2022-03-20 22:43:48+00:00,
37,1505676505770340362,"RT @CryptoMichNL: After the FED FOMC meeting of yesterday, #Bitcoin couldn't hold the $38k area and is going down again. What happened and…",1070193757,2022-03-20 22:43:47+00:00,
38,1505676505636118533,#bitcoin #doge #ETH Decals!!😀 #SHIBARMY Want 20% off when you buy 2 items? Enter DOGE15 during checkout. #cryptocurrency #canada#usa https://t.co/Rxiv81vimI,1473502984118190080,2022-03-20 22:43:47+00:00,
39,1505676504625303561,RT @Blockworks_: PayPal Co-Founder: The biggest mistake I made in the last decade was getting too late and too little into #Bitcoin,1483053657730043906,2022-03-20 22:43:47+00:00,
40,1505676501798293504,"@itaygn @PrimeApePlanet @Bobatama is a token that you should check out is has 1000x potential
#BOBAMASK #BOBATAMA
#BOBATAMA1000x

@elonmusk
#ETH #Bitcoin  #nftart #NFTartist #trending 
#Crypto $Boba
#1000xGem #LBANK

👉 https://t.co/BaMcwVD95w",1504836040720367620,2022-03-20 22:43:46+00:00,
41,1505676500808265728,"n Japan, #XRP is religion. I love it! All works! #eth #ethereum #binance #bitcoin btc #ripple #crypto #cryptocurrency

https://t.co/VxMmciOv5h",1434687246989500416,2022-03-20 22:43:46+00:00,
42,1505676498082025472,"We just know #XRP will moon #crypto #binance #cryptocurrency #bitcoin #btc

https://t.co/lxiogMmYzJ",1358335338977099777,2022-03-20 22:43:45+00:00,
43,1505676494458302467,"RT @airdropinspect: New airdrop: Flamingo Casino
Total Reward: 200 NFTs &amp; $2500 pricing pool
Rate:⭐️⭐️⭐️⭐️
Winners: 220 Random
Distribution…",1500104632881790978,2022-03-20 22:43:45+00:00,
44,1505676492633743361,RT @HadiHos65287736: How amazing can it be?   #Bluesparrow Native Token for Decentralized Exchange with focus on both the stock &amp; crypto ma…,1497265518461566983,2022-03-20 22:43:44+00:00,
45,1505676492432412678,"RT @CryptoMichNL: #Bitcoin rejected at $38K and hit the first important level of support at $36K here. 

Might have a short-term bounce, bu…",1070193757,2022-03-20 22:43:44+00:00,
46,1505676489882275840,RT @Eljaboom: If you don’t understand #bitcoin then unfollow me,1500565304610541569,2022-03-20 22:43:43+00:00,
47,1505676480046637063,"RT @AirdropDet: 🔍 New #Airdrop: TidalGlobal

💲 Reward: Up to 5K TDL (~$5) + 10M TDL (~$10K) referral pool

🔴 Start the airdrop bot https://…",1456935383573356546,2022-03-20 22:43:41+00:00,
