,id,text,author_id,created_at,geo
0,1505468432438996996,"always be in #bullish with bluesparrow
#ETH
#BlueSparrow
#BlueSparrowtoken
#BlueSparrowCommunity
#BestDrawToken
#Bluesparrowcharity
@BlueSparrowETH
#web3
#Bitcoin
@BluesparrowC 9724",1444965169365504000,2022-03-20 08:56:59+00:00,
1,1505468432430637056,"Financial independence is achievable only if you have another stream of income 
Choose #Crypto mining as a new stream of income and earn over 700% of your investment daily

INVEST $5,500 and EARN over $57,500 etc::
Dm to get STARTED 
#Bitcoin #NFT #NFTs #NFTCommunity #dek65 #ETH https://t.co/hOlawMPy6A",1263153644616200198,2022-03-20 08:56:59+00:00,
2,1505468423911862274,"RT @rovercrc: I wouldn't be surprised to see #Bitcoin trading at $48,000 next week...",210870667,2022-03-20 08:56:57+00:00,
3,1505468423329173505,"RT @AirdropStario: 💧 CRAT Airdrop 💧

🏆 Task:         ➕  $50 worth of CRAT for 1000 random participants each

👨‍👩‍👧 Referral:  ➕  $100 worth…",1490616314356199428,2022-03-20 08:56:57+00:00,
4,1505468423123488775,"RT @PurpleSaitama: #PurpleSaitamaInu

The SAFEST on BSC
Future of #Defi and #Metaverse

https://t.co/KFeNWlApYC

https://t.co/hste7vAwWM

#…",1203237881713745920,2022-03-20 08:56:56+00:00,
5,1505468418203721730,"RT @AirdropStario: 💧 CRAT Airdrop 💧

🏆 Task:         ➕  $50 worth of CRAT for 1000 random participants each

👨‍👩‍👧 Referral:  ➕  $100 worth…",879731107805122560,2022-03-20 08:56:55+00:00,
6,1505468417335193602,RT @BitcoinMagazine: The revolution can not be stopped. #Bitcoin https://t.co/J51qviTWId,809442993879052288,2022-03-20 08:56:55+00:00,
7,1505468416697769987,"I will never ask you, to buy or sell, i’m just asking you, just never lose🔥🤩 ""Suzume""

#ETH
#BlueSparrow
#BlueSparrowtoken
#BlueSparrowCommunity
#BestDrawToken
#Bluesparrowcharity
@BlueSparrowETH
#web3
#Bitcoin
@BluesparrowC 63m1g",1444965169365504000,2022-03-20 08:56:55+00:00,
8,1505468415523262469,"RT @airdropinspect: New airdrop: MOMOCO (USDT)
Total Reward: 3,000 USDT
Rate: ⭐️⭐️⭐️⭐️
Winners: 1000 Random &amp; Top 100
Distribution: within…",1319850390,2022-03-20 08:56:55+00:00,
9,1505468415363846146,RT @rovercrc: #BITCOIN IS BULLISH 🚀,1465531318280749064,2022-03-20 08:56:55+00:00,
10,1505468413392547843,"🔍 FRESH #Airdrop: YupVerse
💲 Reward: Up to 10M YuP (~$5) + 2M YuP (~$1,000) referral pool

🔴 SATSETMASEEE 
@Cryptozmine
@crypto_adroit
@AdiKurn2396
Success for all
#Airdrops #YupVerse #Bitcoin #AirdropDetective #YuP https://t.co/6adjnXyDIg",1364211530040963074,2022-03-20 08:56:54+00:00,
11,1505468413233500160,"RT @AirdropStario: 💧 SafeWallet Airdrop 💧

🏆 Task:        ➕ 175 SLT (~$3.5) for 1000 random participants

👨‍👩‍👧 Referral: ➕ 30,000 SLT (~$6…",1456246367320350726,2022-03-20 08:56:54+00:00,
12,1505468410070990849,"RT @airdropinspect: New airdrop: Flamingo Casino
Total Reward: 200 NFTs &amp; $2500 pricing pool
Rate:⭐️⭐️⭐️⭐️
Winners: 220 Random
Distribution…",1498620945002803204,2022-03-20 08:56:53+00:00,
13,1505468410016460801,"@Irenezhao_ @socol_io @Ismail89669283 1. Buy #SKUY #SEKUYA @sekuyaofficial 
2. Hodl enjoy reflection + autoburn
3. Repeat

Stand for #Crypto

$SKUY 🥦

#Binance
#SKUYANS #Putin #NFT #Russia #Telegram #Bitcoin #BTC
#Multiverse #Metaverse #OpenSea #cryptocurrency #RussiaUkraineWar https://t.co/SwY106vTfL",890101309,2022-03-20 08:56:53+00:00,
14,1505468407919312902,"RT @CarfuelFinance: Whitepaper published. 

https://t.co/TVXdTxWcNC

#Carfuelfinance #Airdrop #Airdrops #BINANCE #Bitcoin #Etherum  #Giveaw…",1430467853270994946,2022-03-20 08:56:53+00:00,
15,1505468407529246721,RT @simplykashif: Paypal co-founder says that his biggest mistake in the last 10 year was that he entered too late and too little into #bit…,1113117722697588736,2022-03-20 08:56:53+00:00,
16,1505468407205937155,"Specially thanks sir for sharing a great project I hope this project future is bright more success &amp; go to the moon.

@TiarArdhi 
@Mr_andoek 
@Kinan_28 
@JemiKazol
@HilmanPanditha1
#Airdrop #Airdrops #Airdropinspector #BSC #MOMOCO #USDT #Crypto #Bitcoin https://t.co/jOC996ZRJt",1319850390,2022-03-20 08:56:53+00:00,
17,1505468405297856514,"RT @chitaglorya__: giveaway 200$ | 2,800,000 IDR

-- rt follow @flagnetwork_NFT 

-- rt &amp; quoted their pinned with   #FlagNetwork  #cryptoc…",1499308878596837379,2022-03-20 08:56:52+00:00,
18,1505468404722925568,"RT @YupVerse: ✔️ YupVerse Airdrop (New Round) is live!

🔵 Airdrop Reward: Up to 10 Million YuP (~$5)

🔵 Referral Reward: 2 Million YuP (~$1…",1498367084753223680,2022-03-20 08:56:52+00:00,
19,1505468401384398851,"In Japan, #XRP is religion. I love it! All works! #eth #ethereum #binance #bitcoin btc #ripple #crypto #cryptocurrency https://t.co/1UP3b41tC4",2389283659,2022-03-20 08:56:51+00:00,
20,1505468401376010240,"The greatest division of wealth of the century, will soon take place with the BlueSparrow💯💥

#ETH
#BlueSparrow
#BlueSparrowtoken
#BlueSparrowCommunity
#BestDrawToken
#Bluesparrowcharity
@BlueSparrowETH
#web3
#Bitcoin
@BluesparrowC ntsu",1444965169365504000,2022-03-20 08:56:51+00:00,
21,1505468399291404291,"RT @TheCryptoGifter: If you don't have @coinbase already, then use my code. 
After you buy or sell $100 or more in #Crypto, you get $10 in…",1476206993241214983,2022-03-20 08:56:51+00:00,
22,1505468398964133890,"RT @airdropinspect: New airdrop: Angelic (ANGL)
Total Reward: 50,000 ANGL
Rate: ⭐️⭐️⭐️⭐️
Winners: 1,500 Random &amp; Top 50
Distribution: withi…",1387966335766781953,2022-03-20 08:56:51+00:00,
23,1505468398892826624,"Too the moon

#FlagNetwork #IDO #cryptocurrency #Bitcoin #NFTs https://t.co/qRhdjdbTAk",4835566229,2022-03-20 08:56:51+00:00,
24,1505468398641324032,"@MetaMoba I PARTICIPATED IN THIS PROJECT AND IT WILL BE HUGE AND MASSIVE 
@Diego83657564
@Michfrebok
@Fredrick_pablo
@chinny81930242
@MadukaAnthony6
@IfyCharity_1

#cryptocurrency #Airdrop #BSC #Bitcoin #USDT #MetaMoba #MOBA #Airdropstario",1466318655046574100,2022-03-20 08:56:51+00:00,
25,1505468396884099073,#DeFi #TeleFy #DEX #cryptocurrency #Ethereum #BinanceSmartChain #Bitcoin #Airdrop #polkadot #MATIC #Polygon $TELE #Cardano #ETH https://t.co/W97Y2VXJjm,1464056795450646537,2022-03-20 08:56:50+00:00,
26,1505468395936186375,"RT @airdropinspect: New airdrop: MOMOCO (USDT)
Total Reward: 3,000 USDT
Rate: ⭐️⭐️⭐️⭐️
Winners: 1000 Random &amp; Top 100
Distribution: within…",1485884817451655168,2022-03-20 08:56:50+00:00,
27,1505468392647839750,"RT @airdropinspect: New airdrop: FoodChain Global (FOOD)
Total Reward: $5,000 worth of FOOD
Rate: ⭐️⭐️⭐️⭐️
Winners: 1000 Random &amp; Top 100
D…",1456121732549410818,2022-03-20 08:56:49+00:00,
28,1505468386377187331,"RT @AirdropDet: 🔍 New #Airdrop: YupVerse

💲 Reward: Up to 10M YuP (~$5) + 2M YuP (~$1,000) referral pool

🔴 Start the airdrop bot https://t…",1503396790577606660,2022-03-20 08:56:48+00:00,
29,1505468384871579649,"RT @AirdropDet: 🔍 New #Airdrop: SteamPad

🏆 Total Airdrop Pool: 5 Million STPD [~$300,000]

🔴 Start the airdrop bot https://t.co/CR15u9bH3K…",1449973280769601542,2022-03-20 08:56:47+00:00,
30,1505468383604711426,"RT @AirdropDet: 🔍 New #Airdrop: YupVerse

💲 Reward: Up to 10M YuP (~$5) + 2M YuP (~$1,000) referral pool

🔴 Start the airdrop bot https://t…",1469575018430488578,2022-03-20 08:56:47+00:00,
31,1505468383604609027,"We just know #XRP will moon #crypto #binance #cryptocurrency #bitcoin #btc

https://t.co/TnrAH0MBmq",1167161355662704640,2022-03-20 08:56:47+00:00,
32,1505468382581198851,"RT @Revolotto: 🏏World's Dangerous Cricketer
Greatest Batsman of All-time in Cricket

🌎Universe Boss - Chris Gayle extending his support and…",88280329,2022-03-20 08:56:47+00:00,
33,1505468380710539267,Joining Stackswap to bring permissionless Bitcoin DeFi powered by AI! https://t.co/G9ILACMMzQ #Stackswap #NFTs #DeFi #Permissionless #Bitcoin #Launchpad #AI,1442008080984596482,2022-03-20 08:56:46+00:00,
34,1505468373722935298,"RT @rovercrc: This pattern could send #Bitcoin to $48,000

(Good trading opportunity)

👇👇👇
https://t.co/yKot0XXiBy",1136747744004116480,2022-03-20 08:56:45+00:00,
35,1505468370531106824,"Web 3.0 is all about a more transparent and fairer network where everyone can participate without fearing a loss of privacy and security, Touch the web3 with #bluesparrow
#better_future
#BlueSparrow
#BlueSparrowtoken
#bitcoin
#BestbitcoinToken
@BluesparrowC
@BlueSparrowETH muh0i",1444965169365504000,2022-03-20 08:56:44+00:00,
36,1505468368911933440,"RT @airdropinspect: New airdrop: Flamingo Casino
Total Reward: 200 NFTs &amp; $2500 pricing pool
Rate:⭐️⭐️⭐️⭐️
Winners: 220 Random
Distribution…",165436321,2022-03-20 08:56:44+00:00,
37,1505468366873538560,RT @Dennis_Porter_: RT if you support 0% cap gains on #Bitcoin and want to see #Bitcoin become legal tender in the USA 🇺🇸,809442993879052288,2022-03-20 08:56:43+00:00,
38,1505468366743646210,"RT @Coinsquare: 🍀 GIVEAWAY ALERT🍀
Happy #StPatricksDay!! To celebrate, we'll be choosing one lucky winner to win $1000 in #Bitcoin. Feeling…",1401839948937011201,2022-03-20 08:56:43+00:00,
39,1505468365472739332,"RT @Revolotto: 🏏World's Dangerous Cricketer
Greatest Batsman of All-time in Cricket

🌎Universe Boss - Chris Gayle extending his support and…",1496907547206430720,2022-03-20 08:56:43+00:00,
40,1505468362834714625,"RT @cub_ietz: @Irenezhao_ 1. Buy #SKUY #SEKUYA @sekuyaofficial 
2. Hodl enjoy reflection + autoburn
3. Repeat

#cryptocurrecy #Crypto #BNB…",890101309,2022-03-20 08:56:42+00:00,
41,1505468360565395459,"RT @binance: 💰 $10,000 giveaway 💰
 
Post your #BitcoinButton result to enter!
 
Rules:
🔸 Retweet this post
🔸 Follow @Binance
🔸 Play #Bitcoi…",710823864,2022-03-20 08:56:42+00:00,
42,1505468359558660096,Current #Bitcoin Price is $41898 #BTC #Crypto,1443994358651359234,2022-03-20 08:56:41+00:00,
43,1505468356585046016,"RT @rocket__crypto: @Hotbit_news @DeCryptoSteam IF YOU WANNA KNOW HOW BIG THIS NEWS IS I GOT COMING 

LIKE I SAID LETS SEE WHAT THE

WHALES…",1492625076675653635,2022-03-20 08:56:41+00:00,
44,1505468352889868291,"RT @5ireChain: #5ire Coin Review! 🔥
121 Million #Funding! 🚀

Read The Complete Article Here! ⤵
https://t.co/OcGE7BTlSs 

#cryptocurrency #k…",2716983181,2022-03-20 08:56:40+00:00,
45,1505468352193773577,"RT @MeongToken: get total 200 USDT if we win for lucky people
just a screenshot of the results of your vote and your USDT wallet in the rep…",4110539727,2022-03-20 08:56:40+00:00,
46,1505468351170195460,"RT @AirdropStario: 💧 CRAT Airdrop 💧

🏆 Task:         ➕  $50 worth of CRAT for 1000 random participants each

👨‍👩‍👧 Referral:  ➕  $100 worth…",1504824604979867649,2022-03-20 08:56:39+00:00,
47,1505468349504966661,"Compact Gasheizung 
13.10.2021 bis heute

+ 18 %

Skip #Inflation
Buy #Bitcoin https://t.co/AqdFhC6ifR",1246158908089077762,2022-03-20 08:56:39+00:00,
48,1505468348850585606,"XRP is getting ready to take off to the moon! #altcoin #bitcoin #binance #xrp #ripple

https://t.co/lW8O4Oyn1D",929026258528358400,2022-03-20 08:56:39+00:00,
49,1505468347001016327,"RT @AirdropStario: 💧 CRAT Airdrop 💧

🏆 Task:         ➕  $50 worth of CRAT for 1000 random participants each

👨‍👩‍👧 Referral:  ➕  $100 worth…",1425135051046543368,2022-03-20 08:56:38+00:00,
