,id,text,author_id,created_at,geo
0,1505467676143108096,"RT @AirdropStario: 💧 CRAT Airdrop 💧

🏆 Task:         ➕  $50 worth of CRAT for 1000 random participants each

👨‍👩‍👧 Referral:  ➕  $100 worth…",1324955713932722176,2022-03-20 08:53:58+00:00,
1,1505467674867998722,"RT @ffurknaydnn: @WhaleEverything Don’t missed #SHINJA 🥷🏿🔥
Buy Now or Cry later 🥷🏿🔥

#Shibnobi #Crypto #DeFi #BTC #SHIB #Ceek #AVAX #BNB
#E…",1459221842078703619,2022-03-20 08:53:58+00:00,
2,1505467670707286017,"RT @PEDRO_M2020: @spy_wolf2020 @SpyWolfNetwork Scammers.....
You can hear the sound of our wolves breathing behind you. There is little tim…",1444966414343983104,2022-03-20 08:53:57+00:00,
3,1505467669755187202,RT @rovercrc: #Bitcoin Hidden Bullish Divergence 1h! https://t.co/ratx96YVNR,185617758,2022-03-20 08:53:57+00:00,
4,1505467664650706947,RT @Muataz_Hadia: When we say $FEG will be the King of DEFI and google suite for crypto we mean it. What’s coming it is mind blowing. Sit b…,1439467755678339073,2022-03-20 08:53:56+00:00,
5,1505467664596144130,"RT @AirdropStario: 💧 CRAT Airdrop 💧

🏆 Task:         ➕  $50 worth of CRAT for 1000 random participants each

👨‍👩‍👧 Referral:  ➕  $100 worth…",1428801004426907656,2022-03-20 08:53:56+00:00,
6,1505467662641471488,"RT @AirdropStario: 💧 SafeWallet Airdrop 💧

🏆 Task:        ➕ 175 SLT (~$3.5) for 1000 random participants

👨‍👩‍👧 Referral: ➕ 30,000 SLT (~$6…",1479900669326737408,2022-03-20 08:53:55+00:00,
7,1505467661014409216,"RT @AirdropStario: 💧 CRAT Airdrop 💧

🏆 Task:         ➕  $50 worth of CRAT for 1000 random participants each

👨‍👩‍👧 Referral:  ➕  $100 worth…",1234476124874235906,2022-03-20 08:53:55+00:00,
8,1505467660993060866,"RT @airdropinspect: New airdrop: Retoken (USDT)
Total Reward: 2,000 USDT
Rate: ⭐️⭐️⭐️⭐️
Winners: 700 Random &amp; Top 50
Distribution: within a…",1426905241597857794,2022-03-20 08:53:55+00:00,
9,1505467660166963201,"RT @ohhwesley89: Trending w/ #VeChain $VET 

Yesterday 
VeChainThor Accounts: 1,723,514

Today
VeChainThor Accounts: 1,724,656

Clauses: 81…",1355618196154445829,2022-03-20 08:53:55+00:00,
10,1505467658044510209,"RT @airdropinspect: New airdrop: Flamingo Casino
Total Reward: 200 NFTs &amp; $2500 pricing pool
Rate:⭐️⭐️⭐️⭐️
Winners: 220 Random
Distribution…",4650347233,2022-03-20 08:53:54+00:00,
11,1505467657063403522,"RT @airdropinspect: New airdrop: Prizefighter (RING)
Total Reward: $5,000 worth of RING
Rate: ⭐️⭐️⭐️⭐️
Winners: 1,000 Random &amp; Top 100
Dist…",1446420847976083457,2022-03-20 08:53:54+00:00,
12,1505467656442363907,RT @MatthewHyland_: The weekly candle continues to look pretty damn good for #Bitcoin https://t.co/XeOw0VxKZs,1314485288861827072,2022-03-20 08:53:54+00:00,
13,1505467655326556166,"RT @5ireChain: #5ire Coin Review! 🔥
121 Million #Funding! 🚀

Read The Complete Article Here! ⤵
https://t.co/OcGE7BTlSs 

#cryptocurrency #k…",1393242202562727938,2022-03-20 08:53:53+00:00,
14,1505467655234457600,"the mainstream media headlines are all about inflation and how to ""deal"" with it, but no one talking about what caused the inflation, less then 1 year ago the fed promised everyone inflation is ""transitory"" and is nothing to worry about.
#Bitcoin is a peaceful protest. https://t.co/U7x0UIykGD",1348598009165213697,2022-03-20 08:53:53+00:00,
15,1505467654026326018,"RT @Stackswap_BTC: Stackswap GIVEAWAY

Prizes: 
🎁NFTs : 10 Gold Passes and 1,000 Silver Passes
💰Token : 10,000 STSW Tokens (1,000 winners)…",1417512753900625920,2022-03-20 08:53:53+00:00,
16,1505467653443444736,"RT @Jimmy78l: @spy_wolf2020 @SpyWolfNetwork Are you tired of scam projects? We smell them. And we will destroy.
@SpyWolfNetwork 
#spywolf #…",1444966414343983104,2022-03-20 08:53:53+00:00,
17,1505467652633935874,"How amazing can it be?  #Bluesparrow Native Token for Centralized Exchange with focus on both the stock &amp; crypto market
@BlueSparrowETH
@BluesparrowC
#BluesparrowCEX
#ETH
#BlueSparrow
#BlueSparrowtoken
#BlueSparrowCommunity
#bitcoin
135#NFT https://t.co/tZ1daRKmI3",1504327113456893952,2022-03-20 08:53:53+00:00,
18,1505467648427315202,"RT @airdropinspect: New airdrop: Prizefighter (RING)
Total Reward: $5,000 worth of RING
Rate: ⭐️⭐️⭐️⭐️
Winners: 1,000 Random &amp; Top 100
Dist…",1056000300782247937,2022-03-20 08:53:52+00:00,
19,1505467648422912000,"RT @Revolotto: 🏏World's Dangerous Cricketer
Greatest Batsman of All-time in Cricket

🌎Universe Boss - Chris Gayle extending his support and…",1406968950223556610,2022-03-20 08:53:52+00:00,
20,1505467644643725313,"RT @AirdropStario: 💧 CRAT Airdrop 💧

🏆 Task:         ➕  $50 worth of CRAT for 1000 random participants each

👨‍👩‍👧 Referral:  ➕  $100 worth…",1479900669326737408,2022-03-20 08:53:51+00:00,
21,1505467644182360066,"RT @airdropinspect: New airdrop: Flamingo Casino
Total Reward: 200 NFTs &amp; $2500 pricing pool
Rate:⭐️⭐️⭐️⭐️
Winners: 220 Random
Distribution…",1426905241597857794,2022-03-20 08:53:51+00:00,
22,1505467643360280580,RT @simplykashif: Paypal co-founder says that his biggest mistake in the last 10 year was that he entered too late and too little into #bit…,1419649917249757192,2022-03-20 08:53:51+00:00,
23,1505467643213623296,RT @WatcherGuru: JUST IN: PayPal co-founder says the “biggest mistake I made in the last decade was getting too late and too little into #B…,1390975902289436674,2022-03-20 08:53:51+00:00,
24,1505467639296053260,"RT @AirdropCamels: Attention Bitcoin Holders, Go to https://t.co/59irr7KrHy to Claim your 10,000 Free Lovecoin Tokens Airdrop. 

Lovecoin i…",1453963339051110402,2022-03-20 08:53:50+00:00,
25,1505467632266661892,"RT @YupVerse: ✔️ YupVerse Airdrop (New Round) is live!

🔵 Airdrop Reward: Up to 10 Million YuP (~$5)

🔵 Referral Reward: 2 Million YuP (~$1…",1415208537332977665,2022-03-20 08:53:48+00:00,
26,1505467631750496256,"Anyone can do this! 👨🏻👶🏾👧🏿👧🏻 https://t.co/OEuO8SHGjm 👈🏿
💚Register for FREE 💚Complete your profile 💚Validate your data 📡
💚Minimum withdraw is $20  through #PayPal, #Bitcoin, #USDT #BankTransfer 💸👶🏻💸
#5billionsales https://t.co/nl6BXEyLQn",2543184174,2022-03-20 08:53:48+00:00,{'place_id': '47bf5243296fa7e3'}
27,1505467631184547842,"RT @airdropinspect: New airdrop: Prizefighter (RING)
Total Reward: $5,000 worth of RING
Rate: ⭐️⭐️⭐️⭐️
Winners: 1,000 Random &amp; Top 100
Dist…",1462428318263701504,2022-03-20 08:53:48+00:00,
28,1505467630953668608,"In Japan, #XRP is religion. I love it! All works! #eth #ethereum #binance #bitcoin btc #ripple #crypto #cryptocurrency https://t.co/o33yYVwqLg",984499134,2022-03-20 08:53:48+00:00,
29,1505467626801217536,"#bitcoin is the solution, so spread the world
@binance #BitcoinButton #Binance https://t.co/2jVXpEwwz7",951519679620833280,2022-03-20 08:53:47+00:00,
30,1505467626063020032,"RT @PEDRO_M2020: @spy_wolf2020 @SpyWolfNetwork Scammers.....
You can hear the sound of our wolves breathing behind you. There is little tim…",1444966414343983104,2022-03-20 08:53:46+00:00,
31,1505467625660317697,RT @design_liege: we are professional graphics designer.https://t.co/YTumAVgRdC #cryptocurrencie #COVID19 #Ethereum #Microsoft #Megan #100D…,3292953812,2022-03-20 08:53:46+00:00,
32,1505467624230371332,"RT @AirdropStario: 💧 SafeWallet Airdrop 💧

🏆 Task:        ➕ 175 SLT (~$3.5) for 1000 random participants

👨‍👩‍👧 Referral: ➕ 30,000 SLT (~$6…",1388253798548738053,2022-03-20 08:53:46+00:00,
33,1505467623194062849,RT @ashwsbreal: #Bitcoin yearly returns! https://t.co/R3rx1Zv2fz,1437686670610948098,2022-03-20 08:53:46+00:00,
34,1505467619612278792,"RT @airdropinspect: New airdrop: ReverseDAO 
Total Reward: $80888 worth of RDAO + 2000 USDT
Rate: ⭐️⭐️⭐️⭐️
Winners: 8000 Random, 1 Lucky &amp;…",3367736979,2022-03-20 08:53:45+00:00,
35,1505467618978791426,RT @mysexykiaramia: NUDES! Solo masturbation! $3 membership! The most amazing deal for my worldwide fans on a budget! Get my VIP SNAP! I’ll…,1058180952088764416,2022-03-20 08:53:45+00:00,
36,1505467618370600962,"RT @AirdropDet: 🔍 New #Airdrop: YupVerse

💲 Reward: Up to 10M YuP (~$5) + 2M YuP (~$1,000) referral pool

🔴 Start the airdrop bot https://t…",1505206084566327296,2022-03-20 08:53:45+00:00,
37,1505467617498128386,RT @ashwsbreal: #Bitcoin yearly returns! https://t.co/R3rx1Zv2fz,384713567,2022-03-20 08:53:44+00:00,
38,1505467616244412417,"RT @AirdropDet: 🔍 New #Airdrop: YupVerse

💲 Reward: Up to 10M YuP (~$5) + 2M YuP (~$1,000) referral pool

🔴 Start the airdrop bot https://t…",1376485965095559173,2022-03-20 08:53:44+00:00,
39,1505467616047075328,"RT @PEDRO_M2020: @spy_wolf2020 @SpyWolfNetwork Scammers.....
You can hear the sound of our wolves breathing behind you. There is little tim…",1444966414343983104,2022-03-20 08:53:44+00:00,
40,1505467614675447814,"RT @MatthewHyland_: #Bitcoin sentiment can flip on a dime 

Seen it happen many times in the past five years",1245041752420933632,2022-03-20 08:53:44+00:00,
41,1505467612951547906,"RT @AirdropStario: 💧 Vimpto Platform Airdrop 💧

🏆 Task:          ➕  65 VIMP (~$13) for 5000 random participants

👨‍👩‍👧 Referral:   ➕  500 V…",1465314424860778499,2022-03-20 08:53:43+00:00,
42,1505467610821017602,"RT @AirdropStario: 💧 CRAT Airdrop 💧

🏆 Task:         ➕  $50 worth of CRAT for 1000 random participants each

👨‍👩‍👧 Referral:  ➕  $100 worth…",1503427492807335940,2022-03-20 08:53:43+00:00,
43,1505467608006549504,"Good project
@sweetspy41
@horpeyhemmy151
@Jax73222865

#FlagNetwork #IDO #cryptocurrency #Bitcoin #NFTs https://t.co/r7n6ic5SR1",1120455403,2022-03-20 08:53:42+00:00,
44,1505467607436124162,"RT @PotatoCoinSPL: 25B Potato giveaway

Potato will surprise you all with what we are about to announce.

Like, Retweet and Tag 3 friends t…",1336037857182543873,2022-03-20 08:53:42+00:00,
45,1505467605586309120,"Metametaverse Secures $2 Million - Aims to Achieve Metaverse Interoperability - Finance Bitcoin News #Achieve #aims #Bitcoin #finance #interoperability #Metametaverse #Metaverse #million #News #Secures
https://t.co/0fM2Lb25EF",1344654515526578178,2022-03-20 08:53:42+00:00,
46,1505467605246787586,"RT @AirdropStario: 💧 CRAT Airdrop 💧

🏆 Task:         ➕  $50 worth of CRAT for 1000 random participants each

👨‍👩‍👧 Referral:  ➕  $100 worth…",1465670217573482501,2022-03-20 08:53:41+00:00,
47,1505467604231606273,"In Japan, #XRP is religion. I love it! All works! #eth #ethereum #binance #bitcoin btc #ripple #crypto #cryptocurrency https://t.co/0k1emA75lq",1456976505989435398,2022-03-20 08:53:41+00:00,
48,1505467601346240512,"I believe this is a faithful project.The projector has a lot of attractions so hopefully the project will be best in the future.
@Aburayhan2370 
@Sabbirs7111 
@Bulu67
@mmonjurul19
#Airdrop #Airdrops #Crypto #Bitcoin https://t.co/RRsVTpHi88",1498381847478546432,2022-03-20 08:53:41+00:00,
