,id,text,author_id,created_at,geo
0,1505470700240392192,"The greatest division of wealth of the century, will soon take place with the BlueSparrow💯💥

#ETH
#BlueSparrow
#BlueSparrowtoken
#BlueSparrowCommunity
#BestDrawToken
#Bluesparrowcharity
@BlueSparrowETH
#web3
#Bitcoin
@BluesparrowC t43d",1444965169365504000,2022-03-20 09:05:59+00:00,
1,1505470697975726082,"RT @AirdropDet: 🔍 New #Airdrop: YupVerse

💲 Reward: Up to 10M YuP (~$5) + 2M YuP (~$1,000) referral pool

🔴 Start the airdrop bot https://t…",1410808291190583297,2022-03-20 09:05:59+00:00,
2,1505470694745800706,We just know #XRP will moon #crypto #binance #cryptocurrency #bitcoin #btc https://t.co/BML8reTbAG,3289626058,2022-03-20 09:05:58+00:00,
3,1505470692728344579,"@BallasBusra @TheDiamondNFT @elifsolt @KadirSoltan @BllsKrm BTCs is the world's first Blockchain Smart Contract that has ever existed which was built with Blockchain technology (PoW - Proof Of Work)
Really Strong Project.
Source- WhitePaper

Link  : https://t.co/jin3HMiVEt

 KYC mandatory free mining✅
#Bitcoin #BTCs #Freemining 
#Satoshi",431539912,2022-03-20 09:05:58+00:00,
4,1505470692711866375,"RT @ashwsbreal: Like for #Bitcoin 

Retweet for #Ethereum 

Both for #LUNA",1424022471724855307,2022-03-20 09:05:58+00:00,
5,1505470691801456646,"The recent crypto developments are pretty encouraging but I wouldn't open the champagne before #BTC goes above 20 w MA which historically was a very positive sign. At the moment around 45k. But even then we have to defend it.

🚀💵

#cryptotrading #bitcoin",1379676814793129984,2022-03-20 09:05:57+00:00,
6,1505470684918697989,"RT @MartiniGuyYT: #Bitcoin stores value

#Altcoins change lives",1135606044053426176,2022-03-20 09:05:56+00:00,
7,1505470682762780677,"These circles keep on giving when it comes to  #bitcoin
One year old and still respected. Lol.
https://t.co/2fyPxXyccs",8849962,2022-03-20 09:05:55+00:00,
8,1505470682519511046,"RT @AirdropDet: 🔍 New #Airdrop: YupVerse

💲 Reward: Up to 10M YuP (~$5) + 2M YuP (~$1,000) referral pool

🔴 Start the airdrop bot https://t…",1468882756440633345,2022-03-20 09:05:55+00:00,
9,1505470680053256199,Get IN now don't be LATE #xrp #binance #cryptocurrency #bitcoin https://t.co/rbVufivzwg,1480205931493400584,2022-03-20 09:05:55+00:00,
10,1505470680023719941,RT @cryptocoinclub: I’m going to give away $3000 to 1 random person who retweets this tweet AND follows Twitter Philanthropist @RealFlokiIn…,245964411,2022-03-20 09:05:55+00:00,
11,1505470679772282882,"#bitcoin Big Whale just sent 54kBTC to exchange, last time it happens was end September 2021 before big pump, remember, whales never sell in loss, they sell along the pump 🚀🚀 https://t.co/J7POu9DLlj",1468240274723938305,2022-03-20 09:05:55+00:00,
12,1505470678920679424,"RT @Farshad84478821: #Bitcoin IS BULLISH
#ETH SUPER BULLISH
#BABYDOGECOIN🐶🍼WILL  EXPLODE 💥💥💥💥💥💥💥💥💥💥💥💥💥💥💥💥💥💥💥💥💥💥💥💥💥💥💥💥💥
@BabyDogeNFTs 💥🚀
@Ba…",1458972845371846659,2022-03-20 09:05:54+00:00,
13,1505470675510771715,"RT @blockchainchick: As the supply of #Bitcoin continues to dwindle off exchanges, I am buying with every chance I get. Within a couple yea…",1135606044053426176,2022-03-20 09:05:53+00:00,
14,1505470674315653125,"RT @lucidsungmin: Pleasure discussing @Stackswap_BTC, our innovative DEX and trading platform built on #Bitcoin with  #Stacks at Stacker Ch…",1408266729315205123,2022-03-20 09:05:53+00:00,
15,1505470672641867776,You can do Cloud Mining using this site https://t.co/0pSMFas7FH                            #mining #trxmining #money #earnmoney #register #bitcoin #ethereum #btc #eth #tronvex 5090,1498065456770420737,2022-03-20 09:05:53+00:00,
16,1505470672369119237,"RT @rovercrc: Are you bullish on #Bitcoin?

No           Maybe         Yes
👇            👇              👇",249258205,2022-03-20 09:05:53+00:00,
17,1505470671748743171,"RT @airdropinspect: New airdrop: Flamingo Casino
Total Reward: 200 NFTs &amp; $2500 pricing pool
Rate:⭐️⭐️⭐️⭐️
Winners: 220 Random
Distribution…",1505404389460426758,2022-03-20 09:05:53+00:00,
18,1505470668816666624,"Web 3.0 is all about a more transparent and fairer network where everyone can participate without fearing a loss of privacy and security, Touch the web3 with #bluesparrow
#better_future
#BlueSparrow
#BlueSparrowtoken
#bitcoin
#BestbitcoinToken
@BluesparrowC
@BlueSparrowETH g4y44",1444965169365504000,2022-03-20 09:05:52+00:00,
19,1505470667285680128,"RT @AirdropStario: 💧 CRAT Airdrop 💧

🏆 Task:         ➕  $50 worth of CRAT for 1000 random participants each

👨‍👩‍👧 Referral:  ➕  $100 worth…",1479089286183993346,2022-03-20 09:05:52+00:00,
20,1505470666144854016,"RT @AirdropDet: 🔍 New #Airdrop: Elite Cash

🏆 Total Airdrop Pool: 140,000 ELC [~$49,000]

🔴 Start the airdrop bot https://t.co/geX2YRhj5n…",1465400234016575488,2022-03-20 09:05:51+00:00,
21,1505470665922592768,"RT @TokenSaint: Good Morning Saintpatrick Fam ☀️🍀🍀🍀

We will eat one zero in 24 hour

before  #coinmarketcap and #coingecko

Join us in thi…",1475808734932881410,2022-03-20 09:05:51+00:00,
22,1505470665780084737,"@anmunozx @TheDiamondNFT @Sebasti13276840 @wadrianft @Cynthia94960069 BTCs is the world's first Blockchain Smart Contract that has ever existed which was built with Blockchain technology (PoW - Proof Of Work)
Really Strong Project.
Source- WhitePaper

Link  : https://t.co/jin3HM1kMV

 KYC mandatory free mining✅
#Bitcoin #BTCs #Freemining 
#Satoshi",431539912,2022-03-20 09:05:51+00:00,
23,1505470664555257857,"RT @DeBrouckaert: The metaverse future looks great with both partners working together!💯
#Shibaverse 🤝  #vEmpire 

#cryptocurrencies #1000x…",825067212570497024,2022-03-20 09:05:51+00:00,
24,1505470664291262466,"@WhoKnowYouuu @crypto_bitlord7 Hello,
Do you interesting with Sekuya Multiverse?
It's a good project made by good dev ever with solid community.
 
""As project audited by Certik also can be a rug, it all back to the developers"".

#Sekuya #Bitcoin #Binance #BSCGem #BSC #Metaverse #NFT #SKUY",1173018449460678656,2022-03-20 09:05:51+00:00,
25,1505470662550372353,"RT @binance: 💰 $10,000 giveaway 💰
 
Post your #BitcoinButton result to enter!
 
Rules:
🔸 Retweet this post
🔸 Follow @Binance
🔸 Play #Bitcoi…",1502953100679725061,2022-03-20 09:05:50+00:00,
26,1505470660864319492,"RT @AirdropAchiever: New Airdrop: ABI Galaverse
Value: 100,000 ABI
Referral: Top 3 highest rewards
Winners: Top 2,500 
End Date: 26th March…",1475216921528209411,2022-03-20 09:05:50+00:00,
27,1505470660382007296,RT @ProjectsIco: #Bitcoin Current Fear &amp;Greed Index is currently 33 indicate Fear,1327698810743697408,2022-03-20 09:05:50+00:00,
28,1505470656539987970,"RT @ashwsbreal: Like for #Bitcoin 

Retweet for #Ethereum 

Both for #LUNA",1383046370991439872,2022-03-20 09:05:49+00:00,
29,1505470655118163969,"RT @ashwsbreal: Like for #Bitcoin 

Retweet for #Ethereum 

Both for #LUNA",482092420,2022-03-20 09:05:49+00:00,
30,1505470653780348928,"I am claiming my free Lightning sats from @_bitcoiner's amazing faucet! ⚡

@boltcoiner unlock me 40292895-02de-434b-9b95-9c3ca7d3b47b

#Bitcoin #BTC #LN #LightningNetwork #boltcoiner
https://t.co/zGI6glTlif",1494385440115552256,2022-03-20 09:05:48+00:00,
31,1505470650852466689,"RT @airdropinspect: New airdrop: MOMOCO (USDT)
Total Reward: 3,000 USDT
Rate: ⭐️⭐️⭐️⭐️
Winners: 1000 Random &amp; Top 100
Distribution: within…",1503816546728169487,2022-03-20 09:05:48+00:00,
32,1505470648000589828,"RT @Revolotto: 🏏World's Dangerous Cricketer
Greatest Batsman of All-time in Cricket

🌎Universe Boss - Chris Gayle extending his support and…",1492142582968684544,2022-03-20 09:05:47+00:00,
33,1505470647043993602,"RT @Barchart: Which #cryptocurrency will generate the largest return over the next 5 years?

#Bitcoin $BTC
#Shiba $SHIB
#Ethereum $ETH
#Sol…",1259844920875143169,2022-03-20 09:05:47+00:00,
34,1505470645777412100,"RT @airdropinspect: New airdrop: Angelic (ANGL)
Total Reward: 50,000 ANGL
Rate: ⭐️⭐️⭐️⭐️
Winners: 1,500 Random &amp; Top 50
Distribution: withi…",65011749,2022-03-20 09:05:46+00:00,
35,1505470638261108737,"RT @airdropinspect: New airdrop: Avania (NOVA)
Total Reward: 75,000 NOVA
Rate:⭐️⭐️⭐️⭐️
Winners: 200 Random &amp; Top 10
Distribution: 19th Apri…",1475710939877892098,2022-03-20 09:05:45+00:00,
36,1505470638047346688,"If you want the lucky bird to sit on your shoulders, hold the #bluesparrow token and participate in the  draw and reward of this bird.
 The blue sparrow will make you happy 
#bluesparrow🐦
#bluesparrowtoken🔥🚀
#TOKEN
#crypto
#draw
#ETH
#UNISWAP
@BlueSparrowETH
#bitcoin sadi",1444965169365504000,2022-03-20 09:05:45+00:00,
37,1505470637179273217,"This amazing faucet from @_bitcoiner is making me tweet this to claim my free Lightning sats. ⚡

@boltcoiner unlock me ad462495-ec8d-4e0d-afef-9f315068c9d9

#Bitcoin #BTC #LN #LightningNetwork #boltcoiner
https://t.co/cQoQVt8ReE",1489457631395676162,2022-03-20 09:05:44+00:00,
38,1505470633685094405,"@cab0342 @TheDiamondNFT @uk_5737 @860002678uk @uk_1211nate BTCs is the world's first Blockchain Smart Contract that has ever existed which was built with Blockchain technology (PoW - Proof Of Work)
Really Strong Project.
Source- WhitePaper

Link  : https://t.co/jin3HMiVEt

 KYC mandatory free mining✅
#Bitcoin #BTCs #Freemining 
#Satoshi",431539912,2022-03-20 09:05:44+00:00,
39,1505470632649281536,"RT @carecoinfamily: Just had another amazing review of #carecoinfamily!!
This is what it's all about! Thank you soo much!
https://t.co/nbdE…",1490591969181151234,2022-03-20 09:05:43+00:00,
40,1505470630585585664,"RT @5ireChain: #5ire Coin Review! 🔥
121 Million #Funding! 🚀

Read The Complete Article Here! ⤵
https://t.co/OcGE7BTlSs 

#cryptocurrency #k…",1380566110995636232,2022-03-20 09:05:43+00:00,
41,1505470630220554241,"RT @AirdropStario: 💧 CRAT Airdrop 💧

🏆 Task:         ➕  $50 worth of CRAT for 1000 random participants each

👨‍👩‍👧 Referral:  ➕  $100 worth…",1501046409180901379,2022-03-20 09:05:43+00:00,
42,1505470628648087556,"RT @RealStarBackr: Get paid to refer friends to Starbackr 🔥⭐
Anytime a user signs up using your link you will receive 5% of every payment t…",1098651661889871873,2022-03-20 09:05:42+00:00,
43,1505470623614750720,"Bluesparrow season is coming soon
bluesparrowtoken is the blue #gem💎💎 in your wallet
#ETH
#BlueSparrow
#BlueSparrowtoken
#BlueSparrowCommunity
#BestDrawToken
#Bluesparrowcharity
@BlueSparrowETH
#web3
#Bitcoin
@BluesparrowC f87q",1444965169365504000,2022-03-20 09:05:41+00:00,
44,1505470622465290241,"RT @AirdropStario: 💧 CRAT Airdrop 💧

🏆 Task:         ➕  $50 worth of CRAT for 1000 random participants each

👨‍👩‍👧 Referral:  ➕  $100 worth…",722311606399401984,2022-03-20 09:05:41+00:00,
45,1505470617834778626,"RT @chitaglorya__: giveaway 200$ | 2,800,000 IDR

-- rt follow @flagnetwork_NFT 

-- rt &amp; quoted their pinned with   #FlagNetwork  #cryptoc…",1311669776675033089,2022-03-20 09:05:40+00:00,
46,1505470616019021826,"@AirdropDet Good project👍
#Airdrops #TeddyDoge #Bitcoin #AirdropDetective #TEDDY #BSC",1444703642649460746,2022-03-20 09:05:39+00:00,
47,1505470614286606338,"RT @Lord_Brise: Another article on @bitgertbrise &amp; its incredibly fast and basically free blockchain 🔥🔥🔥

#Brise 
#Bitgert 
#BRC20
#Defi 
#…",1362092969080352773,2022-03-20 09:05:39+00:00,
48,1505470612235452418,"RT @airdropinspect: New airdrop: Retoken (USDT)
Total Reward: 2,000 USDT
Rate: ⭐️⭐️⭐️⭐️
Winners: 700 Random &amp; Top 50
Distribution: within a…",1475710939877892098,2022-03-20 09:05:38+00:00,
