,id,text,author_id,created_at,geo
0,1505624211276005376,"RT @airdropinspect: New airdrop: FoodChain Global (FOOD)
Total Reward: $5,000 worth of FOOD
Rate: ⭐️⭐️⭐️⭐️
Winners: 1000 Random &amp; Top 100
D…",1505447675399118849,2022-03-20 19:15:59+00:00,
1,1505624211062198281,"RT @talkmada: @krakenfx $Marvin have got the best community! 
To pull up a #1000x 🔥💪

Check out on our roadmap :
➡️ https://t.co/BeOhxqYWUA…",1502644138466021386,2022-03-20 19:15:59+00:00,
2,1505624210701529089,"I am very interested to participate directly with this project. This project is very good and has great potential in the future. People are required to keep up with the project.
#WICC #Waykichain #blockchain #crypto #bitcoin #ethereum",1330553316015820802,2022-03-20 19:15:59+00:00,
3,1505624210558783491,"RT @AirdropDet: 🔍 New #Airdrop: CR Square Finance

💲Reward: Up to 75 CR2 (~$15) + 250K CR2 (~$50K) referral pool

🔴 Start the airdrop bot h…",851037032377860101,2022-03-20 19:15:59+00:00,
4,1505624210072342534,"@MovlogsCrypto It's pretty simple for me, the main goal is to have #Bitcoin in my portfolio. I think this is the best cryptocurrency you can hodl.",1114906530,2022-03-20 19:15:59+00:00,
5,1505624204762251264,"RT @ProjectsIco: What is next leg up for #Bitcoin 

#Crypto #BTC #BTCUSDT #cryptocurrency",1472545143777644550,2022-03-20 19:15:58+00:00,
6,1505624202992394243,"RT @Tradingbay_io: New market opportunities detected on #Bitcoin  #btcusd

https://t.co/sB3S3XMfid

Sign up to the new platform and notifie…",1503837943802253318,2022-03-20 19:15:57+00:00,
7,1505624201612660736,"RT @p2ePrizeFighter: Who will be the next challenger?
(Screenshot from Actual Gameplay)

#nft #nftart #art #digitalart #nfts #nftartist #cr…",1499136462884728838,2022-03-20 19:15:57+00:00,
8,1505624201373306892,RT @MaxBitbuybit: Intrusive #surveillance is someone’s full time job @econoalchemist highlights the growing #divide between custodial “bitc…,1250713232458887168,2022-03-20 19:15:57+00:00,
9,1505624199804633093,RT @TaikunGlobal: TAIKUN TESLA airdrop now Launched.  Participate and claim free 5TKT Tokens. Click on the link to join https://t.co/YAe3VJ…,976421037444354048,2022-03-20 19:15:57+00:00,
10,1505624199347335168,"We just know #XRP will moon #crypto #binance #cryptocurrency #bitcoin #btc

https://t.co/JBHby3LkgM",1454226268233293826,2022-03-20 19:15:56+00:00,
11,1505624199322349573,"@Pentosh1 @Bobatama
The Gem of the year, Token of the future.🚀🚀
Check it out🚀
#BOBAMASK #BOBATAMA
#BOBATAMA1000x

@AuzsomeAustin @elonmusk @MattWallace888 @JakeGagain
@Yourpop8 @Z_humphries
#ETH #Bitcoin  #nftart #NFTartist
#Crypto $Boba
#1000xGem #LBANK

👉 https://t.co/rW4kKwV3S8🫶🫶",1327235463682383872,2022-03-20 19:15:56+00:00,
12,1505624196155678724,RT @WatcherGuru: JUST IN: 🇦🇺 Australian government will regulate #Bitcoin &amp; #cryptocurrencies as part of a broader revamp of the country’s…,1504900371235450885,2022-03-20 19:15:56+00:00,
13,1505624195291561991,"n Japan, #XRP is religion. I love it! All works! #eth #ethereum #binance #bitcoin btc #ripple #crypto #cryptocurrency

https://t.co/FtnPvFoWaX",1432272537065566213,2022-03-20 19:15:55+00:00,
14,1505624194091929602,RT @LinaSeiche: Buying #Bitcoin https://t.co/wZEqK1Nn3G,82544980,2022-03-20 19:15:55+00:00,
15,1505624191638413313,RT @WatcherGuru: JUST IN: 🇦🇺 Australian government will regulate #Bitcoin &amp; #cryptocurrencies as part of a broader revamp of the country’s…,866367284830449665,2022-03-20 19:15:55+00:00,
16,1505624189100703744,"RT @m_umair2002: Giving away my NFTs 
1 winner 🏆  -  60 minutes ⌛

To win:                      
1. Follow Me✅
2. Like and Retweet  ✅
3. Dr…",815915451146346496,2022-03-20 19:15:54+00:00,
17,1505624188811239426,"RT @AirdropDet: 🔍 New #Airdrop: Elite Cash

🏆 Total Airdrop Pool: 140,000 ELC [~$49,000]

🔴 Start the airdrop bot https://t.co/geX2YRhj5n…",1480122641239318528,2022-03-20 19:15:54+00:00,
18,1505624188106821634,"We just know #XRP will moon #crypto #binance #cryptocurrency #bitcoin #btc

https://t.co/MogbfeLjp7",1476677455142428675,2022-03-20 19:15:54+00:00,
19,1505624188077461504,"RT @rovercrc: I am currently long on #Bitcoin with $200,000 🚀",1444270109124612097,2022-03-20 19:15:54+00:00,
20,1505624186806542344,RT @Sniperkawa: @1goonrich #KAWA! These guys are absolutely killing it! #1000xgem #1000x #bitcoin https://t.co/yJ3e96rSzX,1424199410326687745,2022-03-20 19:15:53+00:00,
21,1505624184818339844,"n Japan, #XRP is religion. I love it! All works! #eth #ethereum #binance #bitcoin btc #ripple #crypto #cryptocurrency

https://t.co/OqWBXyi577",1469357846353653773,2022-03-20 19:15:53+00:00,
22,1505624180129247235,RT @PlayasDTijuana: Fiat vs Bitcoin #Canon #bitcoin via https://t.co/dvuVsQavCL https://t.co/le5wT8tJMU,1067222170429005824,2022-03-20 19:15:52+00:00,
23,1505624179764346882,"XRP is getting ready to take off to the moon! #altcoin #bitcoin #binance #xrp #ripple

https://t.co/KSjabWIyaT",1316351905,2022-03-20 19:15:52+00:00,
24,1505624179483234305,"RT @horsetownclub: HORSE TOWN CLUB TEASER. 

JOIN OUR DISCORD COMMUNITY. 
- https://t.co/Nm0sUVugUg - 

We are doing our best to make your…",1460187001014173701,2022-03-20 19:15:52+00:00,
25,1505624179432992769,"RT @nanogamesio: https://t.co/BFlBOcNqjw is giving away $100 in #Litecoin to one random winner!

✅Like &amp; Follow
✅Post your Wallet Address
✅…",2838361420,2022-03-20 19:15:52+00:00,
26,1505624177130102784,"RT @ValerySobolev: #Bitcoin  - NO INVESTMENT - FOR EVERYONE
You just watch movies, chat with friends and get bitcoins without commissions
h…",324318782,2022-03-20 19:15:51+00:00,
27,1505624175964090372,"RT @p2ePrizeFighter: Who will be the next challenger?
(Screenshot from Actual Gameplay)

#nft #nftart #art #digitalart #nfts #nftartist #cr…",1202675889781100544,2022-03-20 19:15:51+00:00,
28,1505624171736297476,"We just know #XRP will moon #crypto #binance #cryptocurrency #bitcoin #btc

https://t.co/9exF4nc84O",1467560437692702726,2022-03-20 19:15:50+00:00,
29,1505624170444607495,"RT @Meta_Gaming99: Meta Gaming  🎁
 Airdrop for everyone

Steps:
1️⃣Follow us Twitter @Meta_Gaming99 RT&amp;Tag 3 friends
2️⃣Join us TG group: h…",1469607197441155076,2022-03-20 19:15:50+00:00,
30,1505624169685344261,"RT @rehmanzone: See our yesterday trading signals on ""Rehmanzone"" @YouTube channel We all are in profit sir @ZakaWaqar this is a small dedi…",1500338322106982401,2022-03-20 19:15:49+00:00,
31,1505624166426370050,RT @WatcherGuru: JUST IN: 🇦🇺 Australian government will regulate #Bitcoin &amp; #cryptocurrencies as part of a broader revamp of the country’s…,1494357314735951874,2022-03-20 19:15:49+00:00,
32,1505624166204346368,"@airdropinspect It's a good project and I hope this project will gain more popularity in the future.

@Ponting79619558
@Imon_0123
@RaffiPermana91

#Airdrop #Airdrops #Airdropinspector #BSC #JungleJim #JIM #Crypto #Bitcoin",715219937812357120,2022-03-20 19:15:49+00:00,
33,1505624163834376194,RT @IkonkKromik: If you missed $AXS don't miss @CryptoWarsOU It will explode in a very similar way. 1000% incoming as That's the only legit…,1477200332522500097,2022-03-20 19:15:48+00:00,
34,1505624160067858442,"RT @BitcoinSampo: The Five Stages of Bitcoiner

1. It's a scam 👶
2. Maybe there's money in it 🤑
3. Shitcoins look better 💸
4. Stay humble,…",1483073877710446597,2022-03-20 19:15:47+00:00,
35,1505624156934602753,"We just know #XRP will moon #crypto #binance #cryptocurrency #bitcoin #btc

https://t.co/b8EMsNOXlh",1263110896534110210,2022-03-20 19:15:46+00:00,
36,1505624153990303751,"YoBit Farming: Earn up to 427% APY: https://t.co/pEZxVrrw0M
#yobit #bnb #bitcoin",1499320007930650626,2022-03-20 19:15:46+00:00,
37,1505624152077586433,"@csd7942 @BitcoinMagazine Yep, true. But, it is now accumulated by industrialist, hedge funds, corporation. Do you think a normal person can hoard bitcoin. So, it's a mirage.
In the people will work for either #bitcoin  or fiat money.",1412485017981177857,2022-03-20 19:15:45+00:00,
38,1505624146620866561,RT @WatcherGuru: JUST IN: 🇦🇺 Australian government will regulate #Bitcoin &amp; #cryptocurrencies as part of a broader revamp of the country’s…,1376511542422876162,2022-03-20 19:15:44+00:00,
39,1505624145865818114,"All those calling for, waiting for and assuming #Bitcoin will revisit the 200-Week SMA. 

You are correct it will... at the bottom of the bear market once the cycle is over, but NOT halfway through the cycle, that would be rude 🤷 #Crypto",1301215504686694400,2022-03-20 19:15:44+00:00,
40,1505624143965868035,"#Crypto #bitcoin 

I didn’t know there was such thing as a ‘Crypto Influencer of the Year’ award. I would have tried harder. https://t.co/9twhKGFRj0",484826860,2022-03-20 19:15:43+00:00,
41,1505624142917341189,"RT @saylor: If you don't understand money, you won't understand #bitcoin.",24720554,2022-03-20 19:15:43+00:00,
42,1505624135006883852,I should buy more #Bitcoin.,4256212607,2022-03-20 19:15:41+00:00,
43,1505624134377746433,"RT @Corey2140: There are an infinite amount of numbers inside any finite number.

It didn’t matter that the supply cap is 21M.

It just mat…",935578675868774400,2022-03-20 19:15:41+00:00,
44,1505624133580693507,"Tom Brady makes Bitcoin offer for fan who spent over $500,000 on 'last' TD football
https://t.co/B1z5sUoZYR #TomBrady #GOAT #Bitcoin $BTC #BTC @TomBrady",1128029241054916608,2022-03-20 19:15:41+00:00,
45,1505624131265613829,"#Giveaway Fluronix high frequency crypto trading bot. First 200 people get it @ https://t.co/slEYygzenj
#bitcoin #APECOIN trading #bot https://t.co/GLSHd78iI9",1505495654554025989,2022-03-20 19:15:40+00:00,
46,1505624130984497158,"n Japan, #XRP is religion. I love it! All works! #eth #ethereum #binance #bitcoin btc #ripple #crypto #cryptocurrency

https://t.co/de7w7OjINd",1417874119257907203,2022-03-20 19:15:40+00:00,
47,1505624129449439238,"We just know #XRP will moon #crypto #binance #cryptocurrency #bitcoin #btc

https://t.co/eThXESkkzz",1481465053379543042,2022-03-20 19:15:40+00:00,
48,1505624128115466241,"RT @AirdropStario: 💧 Bee-Trade Finance Airdrop 💧

📍 Audited by: CertiK

🏆 Task:          ➕  Up to 36 BTF (~$51,48)

👨‍👩‍👧 Referral:   ➕  5…",1450495588462514179,2022-03-20 19:15:39+00:00,
49,1505624125850759176,"RT @MartiniGuyYT: Finally #Bitcoin dipped a MASSIVE $700

Going to buy more 😂",1482111507358003211,2022-03-20 19:15:39+00:00,
