,id,text,author_id,created_at,geo
0,1505684101315141632,"RT @Yogendra73930: 🎊🎊Free #NFT giveaway 🎊🎊🎊

✅#follow all steps given below don't skip
✅Follow @Yogendra73930
✅Like and RT
✅Tag a 5 friend…",1494808559858884609,2022-03-20 23:13:58+00:00,
1,1505684100937498625,"RT @airdropinspect: New airdrop: Ubiquity DAO (USDT)
Total Reward: 2,500 USDT
Rate: ⭐️⭐️⭐️⭐️
Winners: 1,000 Random &amp; Top 100
Distribution:…",1477271523392368642,2022-03-20 23:13:58+00:00,
2,1505684098152546307,"RT @EverydayDCA: Join the #EverydayDCA Army!
Start with $10 of #Bitcoin a day, or $70 a week.

Follow us to Enlist, and retweet this to hel…",815106517,2022-03-20 23:13:57+00:00,
3,1505684095304892417,"RT @ShiborgToken: COMING SOON!👀😎
#ShiborgInu #NFTs collection!
And Launch our own #NFT platform!🤩✅️

Also we will have a huge launch on #er…",1494832593962819584,2022-03-20 23:13:57+00:00,
4,1505684095170486273,"RT @Bitboy_Crypto: People become millionaire in bull runs.

But it’s the bear markets that truly make them. 

#crypto $btc #bitcoin",1494289793118879748,2022-03-20 23:13:57+00:00,
5,1505684087809445894,"RT @cz_binance: If you don't understand #bitcoin, you don't understand money.",1376077056564334595,2022-03-20 23:13:55+00:00,
6,1505684086777651203,The strongest bullish signal flashed for #XRP #bitcoin #btc #ethereum #eth https://t.co/Mzh9qGSRY8,471760379,2022-03-20 23:13:55+00:00,
7,1505684085859045380,"In Japan, #XRP is religion. I love it! All works! #eth #ethereum #binance #bitcoin btc #ripple #crypto #cryptocurrency https://t.co/lsl7FHKyh6",1307545813736976394,2022-03-20 23:13:54+00:00,
8,1505684085250789377,"RT @AirdropStario: 💧 Hero Arena Airdrop 💧

📍 Listed on: CoinMarketCap, PancakeSwap

🏆 Task: ➕  100 HERA (~$4) for 3000 random participants…",1411045423142248451,2022-03-20 23:13:54+00:00,
9,1505684083208163331,RT @Revolotto: 🇲🇽The President of the world's most powerful country and our beloved friend Honourable Mexican President (2000-2006) Vicente…,1402226591967571969,2022-03-20 23:13:54+00:00,
10,1505684081295900672,#DeFi #TeleFy #DEX #cryptocurrency #Ethereum #BinanceSmartChain #Bitcoin #Airdrop #polkadot #MATIC #Polygon $TELE #Cardano #ETH https://t.co/aH7D9XHgrv,1284548960602820608,2022-03-20 23:13:53+00:00,
11,1505684075608088576,"We just know #XRP will moon #crypto #binance #cryptocurrency #bitcoin #btc

https://t.co/QvzTuQWXgm",1428188265740439555,2022-03-20 23:13:52+00:00,
12,1505684072173125633,"RT @BitcoinMagazine: 💥 In 17 days, the biggest #Bitcoin  conference in history kicks off in Miami 👀",752695501527478273,2022-03-20 23:13:51+00:00,
13,1505684070272942085,"RT @ShiborgToken: COMING SOON!👀😎
#ShiborgInu #NFTs collection!
And Launch our own #NFT platform!🤩✅️

Also we will have a huge launch on #er…",1493101676760547328,2022-03-20 23:13:51+00:00,
14,1505684070205956100,"RT @ShiborgToken: COMING SOON!👀😎
#ShiborgInu #NFTs collection!
And Launch our own #NFT platform!🤩✅️

Also we will have a huge launch on #er…",1396081857511501827,2022-03-20 23:13:51+00:00,
15,1505684069039939584,"RT @BillyM2k: if you don’t understand #dogecoin, you don’t understand #bitcoin",1319360450333708289,2022-03-20 23:13:50+00:00,
16,1505684063746621442,"RT @ShiborgToken: COMING SOON!👀😎
#ShiborgInu #NFTs collection!
And Launch our own #NFT platform!🤩✅️

Also we will have a huge launch on #er…",765558560159694849,2022-03-20 23:13:49+00:00,
17,1505684062991753216,"RT @Dennis_Porter_: An American citizen visited El Salvador to test out the #Bitcoin on lightning after they passed Legal Tender. 

Now he…",752695501527478273,2022-03-20 23:13:49+00:00,
18,1505684062505111553,"RT @CopeChain: @Bana43212 @1goonrich @elonmusk We are headed to the stars! 
To tatooine! 

@Bobatama
#BOBAMASK #BOBATAMA
#BOBATAMA1000x
@el…",1452737112839639041,2022-03-20 23:13:49+00:00,
19,1505684060521517058,"RT @Ido_Cherry: @gate_io $IDO  @ido_meta  is deflationary and has a complete ecology #BNB 
#GameFi #P2E 
#Crypto
👉 $IDO is only 21 million…",1469271098420531203,2022-03-20 23:13:48+00:00,
20,1505684059137228801,"RT @AirdropDet: 🔍 New #Airdrop: Elite Cash

🏆 Total Airdrop Pool: 140,000 ELC [~$49,000]

🔴 Start the airdrop bot https://t.co/geX2YRhj5n…",1468150551347183617,2022-03-20 23:13:48+00:00,
21,1505684056847323136,"#bitcoin Block #728271 : 1423124 bytes, 2096 transactions, 6.30610562BTC($261,263) reward
            
For more information, visit https://t.co/2yE6hCePi7",1456568726,2022-03-20 23:13:48+00:00,
22,1505684056830361601,"RT @AirdropDet: 🔍 New #Airdrop: YupVerse

💲 Reward: Up to 10M YuP (~$5) + 2M YuP (~$1,000) referral pool

🔴 Start the airdrop bot https://t…",1481594304497913858,2022-03-20 23:13:48+00:00,
23,1505684056201121801,"RT @iLoveJaneAdams: I am a #Bitcoin HODLer.

Say hi if you like #Bitcoin!",345864283,2022-03-20 23:13:47+00:00,
24,1505684056083738627,7) Current #Bitcoin Price is $41412.4 #BTC #Crypto,1501922448324927500,2022-03-20 23:13:47+00:00,
25,1505684048244477953,"RT @AlyaAzz13429730: We just know #XRP will moon #crypto #binance #cryptocurrency #bitcoin #btc

https://t.co/TFn3E6k7hQ",1487918617484087299,2022-03-20 23:13:46+00:00,
26,1505684048017985536,RT @defi_daria: Can you really argue that #bitcoin is involved in everything now? https://t.co/EQQv6Za3nA,1397264996447309826,2022-03-20 23:13:45+00:00,
27,1505684045702877190,"RT @ffurknaydnn: @CryptoGemsCom Don’t missed #SHINJA 🥷🏿🔥
Buy Now and Happy later 🥷🏿🔥

#Shibnobi #Crypto #DeFi #BTC #SHIB #Ceek #AVAX #BNB
#…",1498781970846949376,2022-03-20 23:13:45+00:00,
28,1505684041353162755,"@Bana43212 @1goonrich @elonmusk We are headed to the stars! 
To tatooine! 

@Bobatama
#BOBAMASK #BOBATAMA
#BOBATAMA1000x
@elonmusk
#ETH #Bitcoin  #nftart #NFTartist #trending 
#Crypto $Boba 
#1000xGem #LBANK
👉 https://t.co/pfbkauv6WS https://t.co/OM4ifoIDLi",1452737112839639041,2022-03-20 23:13:44+00:00,
29,1505684041265258501,"@BSCGemAlert #ASIANBULLDOG token is launching live on Pancakeswap, on Monday 21st 
Trading commences @ 18:00 GMT

Follow @asianbull_dog 
Join https://t.co/FxXyYnCheC

#BNB #BINANCE #BSCGEM #Bitcoin #bscgemalert #BNBGem",3067694806,2022-03-20 23:13:44+00:00,
30,1505684039545544708,"XRP is getting ready to take off to the moon! #altcoin #bitcoin #binance #xrp #ripple

https://t.co/OiuVRzSFEq",1439312210807959557,2022-03-20 23:13:43+00:00,
31,1505684038585298945,"RT @ShiborgToken: HERE WE GO!🥳😎🔥

#SHIBORGINU #NFT Platform and #NFTs goes live next week!

1000 unique and exclusive NFTs!
All NFT holders…",1494832593962819584,2022-03-20 23:13:43+00:00,
32,1505684037960192004,"online earning work from home (FREE COURSE) Click Here 👉 https://t.co/geBP9M8oDQ

#Affiliates #AffiliateMarketing #affiliateprogram #makemoney #makemoneyonline #makeMoneyFromHome #makemoneyfast #Job #jobsearch #Jobs #Crypto #Bitcoin",1505649753173987328,2022-03-20 23:13:43+00:00,
33,1505684036580098048,"RT @ShiborgToken: HERE WE GO!🥳😎🔥

#SHIBORGINU #NFT Platform and #NFTs goes live next week!

1000 unique and exclusive NFTs!
All NFT holders…",1493101676760547328,2022-03-20 23:13:43+00:00,
34,1505684036026449924,Get IN now don't be LATE #xrp #binance #cryptocurrency #bitcoin https://t.co/4fjgK4Cl2O,955565626868879361,2022-03-20 23:13:43+00:00,
35,1505684032541138947,RT @AltcoinSherpa: $BTC and some #Altcoins update: $LUNA $AVAX $APE are all interesting coins IMO. Nothing has really changed in my #Bitcoi…,1056790159,2022-03-20 23:13:42+00:00,
36,1505684028678184965,"RT @CryptoMichNL: Guys and girls,

I don’t care #Bitcoin goes up or down. I care about my own portfolio.

Overall, #altcoins are down a lot…",1217331260,2022-03-20 23:13:41+00:00,
37,1505684027717697543,RT @missbitcoin_mai: Perfectly smooth #LightningNetwork  transaction at Starbucks! Better than usual caramel macchiato😏❤️#Bitcoin #ElSalvad…,1213900077036494849,2022-03-20 23:13:41+00:00,
38,1505684023602921472,"RT @TheCryptoLark: #bitcoin will hit a million dollars per coin, the only question is when!",1156065260,2022-03-20 23:13:40+00:00,
39,1505684021552062464,"RT @hive_blockchain: Happy two year anniversary to the #hive blockchain.

As a happy coincidence it's also the day we receive an airdrop fo…",1161422411780304896,2022-03-20 23:13:39+00:00,
40,1505684021258424320,"The latest #bitcoin block 728271 with 2096 transactions was just mined by ViaBTC
Total Fees:0.05610562
Block Subsidy:6.25
#Bitcoin #BTC #blockchain #analysis",1383145917356728320,2022-03-20 23:13:39+00:00,
41,1505684014807535624,RT @dragonfluxy: Just in: $FLUX locked supply just crossed the half of its circulation supply and Nimbus &amp; Stratus halvening is yet to begi…,1320993086915387392,2022-03-20 23:13:38+00:00,
42,1505684012509114369,"n Japan, #XRP is religion. I love it! All works! #eth #ethereum #binance #bitcoin btc #ripple #crypto #cryptocurrency

https://t.co/H17npOWx5W",1439312210807959557,2022-03-20 23:13:37+00:00,
43,1505684010801979405,RT @AriZonanHODL: Some people don’t survive the #bitcoin bear markets.,1012648933,2022-03-20 23:13:37+00:00,
44,1505684008675459075,"RT @invest_answers: IA weekly Q&amp;A starring #Bitcoin Watershed, Starting from Zero, Decoupling, EO, Chinese Stocks, Square, L1's, #CHFEUR, $…",77786418,2022-03-20 23:13:36+00:00,
45,1505684007157215233,RT @Dennis_Porter_: After enough states push for #Bitcoin legal tender we will see the federal government get into the mix and pass it them…,129525173,2022-03-20 23:13:36+00:00,
46,1505684002786713609,"We just know #XRP will moon #crypto #binance #cryptocurrency #bitcoin #btc

https://t.co/inO5HBQYBG",1332656339596800001,2022-03-20 23:13:35+00:00,
47,1505684002484912132,"RT @ShiborgToken: LAUNCHING ON #Ethereum !!😍🦾🚀

#PRESALE AND #LAUNCH: April 1st

Big marketing booked like #Dextools Golden Button Ads!

#S…",1494832593962819584,2022-03-20 23:13:35+00:00,
48,1505684002040074242,"We just know #XRP will moon #crypto #binance #cryptocurrency #bitcoin #btc

https://t.co/TFn3E6k7hQ",1483055752785055748,2022-03-20 23:13:34+00:00,
49,1505683999481606144,RT @BitcoinSapiens: We are so early that there are zero thick girls with fat asses in #Bitcoin.,1398061638335488005,2022-03-20 23:13:34+00:00,
