,id,text,author_id,created_at,geo
0,1505349598247673856,"RT @airdropinspect: New airdrop: Prizefighter (RING)
Total Reward: $5,000 worth of RING
Rate: ⭐️⭐️⭐️⭐️
Winners: 1,000 Random &amp; Top 100
Dist…",1492350274442182658,2022-03-20 01:04:46+00:00,
1,1505349595928350721,RT @WatcherGuru: JUST IN: 🇺🇸 U.S. Congressman Pete Sessions says Texas will be the #Bitcoin capital.,1302081396622622720,2022-03-20 01:04:46+00:00,
2,1505349593181356032,"RT @Revolotto: 🏏World's Dangerous Cricketer
Greatest Batsman of All-time in Cricket

🌎Universe Boss - Chris Gayle extending his support and…",1403687828152676354,2022-03-20 01:04:45+00:00,
3,1505349592799494148,🤝 Follow me on @betfury. Let's hunt for Bitcoins together! Get an exciting experience on #1 I-Gaming platform with #BTC staking payouts!💰.My Username: User7860097 #betfurysuccess #bitcoin #staking🫣,1486851852104785925,2022-03-20 01:04:45+00:00,
4,1505349589896863747,"RT @Revolotto: 🏏World's Dangerous Cricketer
Greatest Batsman of All-time in Cricket

🌎Universe Boss - Chris Gayle extending his support and…",1410070164192698369,2022-03-20 01:04:44+00:00,
5,1505349589204828164,"XRP is getting ready to take off to the moon! #altcoin #bitcoin #binance #xrp #ripple

https://t.co/pcxt4TP2su",1266624765780996096,2022-03-20 01:04:44+00:00,
6,1505349588408012806,RT @Meta_UFO: #bitcoin and #MetaUFO have no inflation.,1479909416417824770,2022-03-20 01:04:44+00:00,
7,1505349587816525824,"@mikealfred Ultimately #bitcoin will behave like a speculative asset, until its not. What's bad for the market is bad for #bitcoin, until things get so bad, it becomes good for bitcoin.",1452861512503099400,2022-03-20 01:04:44+00:00,
8,1505349587539828741,"RT @airdropinspect: New airdrop: Angelic (ANGL)
Total Reward: 50,000 ANGL
Rate: ⭐️⭐️⭐️⭐️
Winners: 1,500 Random &amp; Top 50
Distribution: withi…",833048163380580353,2022-03-20 01:04:44+00:00,
9,1505349586864394244,"n Japan, #XRP is religion. I love it! All works! #eth #ethereum #binance #bitcoin btc #ripple #crypto #cryptocurrency

https://t.co/TLTzmzxaRx",885003328710733825,2022-03-20 01:04:44+00:00,
10,1505349585161842693,"RT @Revolotto: 🏏World's Dangerous Cricketer
Greatest Batsman of All-time in Cricket

🌎Universe Boss - Chris Gayle extending his support and…",1496681071253270528,2022-03-20 01:04:43+00:00,
11,1505349584393965570,"@Raiinmakerapp The project is great and this projector has a strong team, so hopefully the project will be better in the future and the cryptocurrency will be the best 

@mdmahmudur5
@rayhant1999
@YeasinAlom3

#cryptocurrency #Airdrop #BSC #Bitcoin #Airdropstario",1465294953815232514,2022-03-20 01:04:43+00:00,
12,1505349583353786368,"RT @Revolotto: 🏏World's Dangerous Cricketer
Greatest Batsman of All-time in Cricket

🌎Universe Boss - Chris Gayle extending his support and…",1500376629511479298,2022-03-20 01:04:43+00:00,
13,1505349582930481153,"RT @Revolotto: 🏏World's Dangerous Cricketer
Greatest Batsman of All-time in Cricket

🌎Universe Boss - Chris Gayle extending his support and…",1502981654058795009,2022-03-20 01:04:43+00:00,
14,1505349579264253953,"RT @CarolainCrypt0: #Bitcoin is worth 42K right now!!

And what are you going to invest in?  show me your great project x 100!👇🏻👇🏻 https://…",1415906371036323841,2022-03-20 01:04:42+00:00,
15,1505349577649577988,RT @rovercrc: #Bitcoin looks ready to explode! 👀🚀,1344748092659298304,2022-03-20 01:04:42+00:00,
16,1505349576752271362,"RT @airdropinspect: New airdrop: Prizefighter (RING)
Total Reward: $5,000 worth of RING
Rate: ⭐️⭐️⭐️⭐️
Winners: 1,000 Random &amp; Top 100
Dist…",1496392352445116426,2022-03-20 01:04:41+00:00,
17,1505349576479604739,"RT @airdropinspect: New airdrop: Fracproperty X PriMetaProp(FRAC)
Total Reward: $10,000 worth of FRAC 
Rate: ⭐️⭐️⭐️⭐️
Winners: 2000 Random…",1426086158660890630,2022-03-20 01:04:41+00:00,
18,1505349576076582914,XRP is getting ready to take off to the moon! #altcoin #bitcoin #binance #xrp #ripple https://t.co/VKkdkHR3KB,1344985545861177346,2022-03-20 01:04:41+00:00,
19,1505349575850135552,"RT @chitaglorya__: giveaway 200$ | 2,800,000 IDR

-- rt follow @flagnetwork_NFT 

-- rt &amp; quoted their pinned with   #FlagNetwork  #cryptoc…",1383026373216718850,2022-03-20 01:04:41+00:00,
20,1505349574910652417,"We just know #XRP will moon #crypto #binance #cryptocurrency #bitcoin #btc

https://t.co/WcoJTYqmDa",1204148546775273477,2022-03-20 01:04:41+00:00,
21,1505349574487158789,RT @HicoDns: Bitcoiners are different. To understand #Bitcoin is easier for certain kinds of personalities. Im curious how many bitcoiners…,954004238,2022-03-20 01:04:41+00:00,
22,1505349574096932864,"RT @apollocoinAPX: 🚀Apollo Coin🚀

✅Event: Live AMA
✅Where: https://t.co/qAyDY1B8CG
✅When: 22 March @ 18:00PM UTC

Join us for info about St…",1470592983640600580,2022-03-20 01:04:41+00:00,
23,1505349571123486721,"RT @AirdropStario: 💧 SafeWallet Airdrop 💧

🏆 Task:        ➕ 175 SLT (~$3.5) for 1000 random participants

👨‍👩‍👧 Referral: ➕ 30,000 SLT (~$6…",1501223930891481092,2022-03-20 01:04:40+00:00,
24,1505349567876804608,"RT @AirdropDet: 🔍 New #Airdrop: Elite Cash

🏆 Total Airdrop Pool: 140,000 ELC [~$49,000]

🔴 Start the airdrop bot https://t.co/geX2YRhj5n…",1500354067180130305,2022-03-20 01:04:39+00:00,
25,1505349567554134016,"RT @airdropinspect: New airdrop: Prizefighter (RING)
Total Reward: $5,000 worth of RING
Rate: ⭐️⭐️⭐️⭐️
Winners: 1,000 Random &amp; Top 100
Dist…",1342686182065328128,2022-03-20 01:04:39+00:00,
26,1505349564672344065,"RT @chitaglorya__: giveaway 200$ | 2,800,000 IDR

-- rt follow @flagnetwork_NFT 

-- rt &amp; quoted their pinned with   #FlagNetwork  #cryptoc…",1500452828590264320,2022-03-20 01:04:38+00:00,
27,1505349563892174850,"We just know #XRP will moon #crypto #binance #cryptocurrency #bitcoin #btc

https://t.co/TceTtLvqqR",4252570276,2022-03-20 01:04:38+00:00,
28,1505349562973704196,"RT @VinnyLingham: A China policy reversal on #Bitcoin will likely create the biggest ever daily green candle for Bitcoin. 

Low probability…",49585687,2022-03-20 01:04:38+00:00,
29,1505349562491236357,The strongest bullish signal flashed for #XRP #bitcoin #btc #ethereum #eth https://t.co/AY1GtlbHV6,1441383291035078662,2022-03-20 01:04:38+00:00,
30,1505349560763584512,"Check this out, guys🔥

#FlagNetwork  #cryptocurrency #Bitcoin #StandWithUkraine https://t.co/XaCpz6XCcf",1479366341798686723,2022-03-20 01:04:37+00:00,
31,1505349560461369348,RT @HicoDns: Bitcoiners are different. To understand #Bitcoin is easier for certain kinds of personalities. Im curious how many bitcoiners…,926193900,2022-03-20 01:04:37+00:00,
32,1505349559496499200,RT @BitcoinMagazine: The revolution can not be stopped. #Bitcoin https://t.co/J51qviTWId,1387793888308449283,2022-03-20 01:04:37+00:00,
33,1505349557290356738,We just know #XRP will moon #crypto #binance #cryptocurrency #bitcoin #btc https://t.co/NrGU288LYp,1432704268193120257,2022-03-20 01:04:37+00:00,
34,1505349556795588611,"The latest #bitcoin block 728128 with 351 transactions was just mined by Foundry USA
Total Fees:0.01450316
Block Subsidy:6.25
#Bitcoin #BTC #blockchain #analysis",1383145917356728320,2022-03-20 01:04:37+00:00,
35,1505349555289612291,"n Japan, #XRP is religion. I love it! All works! #eth #ethereum #binance #bitcoin btc #ripple #crypto #cryptocurrency

https://t.co/AASLOIWyoU",1143026477807460352,2022-03-20 01:04:36+00:00,
36,1505349555264450561,RT @Steven69427425: @RodolfoPaz76 @BillyM2k @sgtshibtoken #WOLFPACK #SHIBARMY #SGTSHIB #SHINJA #XRP #XRPUSD #CRO #BTC #VVSFinance #BSC #alt…,796532294236311552,2022-03-20 01:04:36+00:00,
37,1505349554580901892,RT @HicoDns: Bitcoiners are different. To understand #Bitcoin is easier for certain kinds of personalities. Im curious how many bitcoiners…,578269976,2022-03-20 01:04:36+00:00,
38,1505349552223956993,"We just know #XRP will moon #crypto #binance #cryptocurrency #bitcoin #btc

https://t.co/0v5yDOuUvb",1283235136205717505,2022-03-20 01:04:35+00:00,
39,1505349551867121671,"RT @AirdropDet: 🔍 New #Airdrop: YupVerse

💲 Reward: Up to 10M YuP (~$5) + 2M YuP (~$1,000) referral pool

🔴 Start the airdrop bot https://t…",1500354067180130305,2022-03-20 01:04:35+00:00,
40,1505349550743199744,"RT @Revolotto: 🏏World's Dangerous Cricketer
Greatest Batsman of All-time in Cricket

🌎Universe Boss - Chris Gayle extending his support and…",1311640760744243201,2022-03-20 01:04:35+00:00,
41,1505349547295494147,RT @HicoDns: Bitcoiners are different. To understand #Bitcoin is easier for certain kinds of personalities. Im curious how many bitcoiners…,18295233,2022-03-20 01:04:34+00:00,
42,1505349545869205506,"In Japan, #XRP is religion. I love it! All works! #eth #ethereum #binance #bitcoin btc #ripple #crypto #cryptocurrency https://t.co/bXT1R6D8VG",1453774703777095708,2022-03-20 01:04:34+00:00,
43,1505349540865613827,RT @Bitcoin_Norway: I bought my appartment in Norway in 2015 for 1100 #bitcoin. My assessment in 2022 valued it to 13.6 #bitcoin. Conclusio…,1370954237073620995,2022-03-20 01:04:33+00:00,
44,1505349538848063496,Get IN now don't be LATE #xrp #binance #cryptocurrency #bitcoin https://t.co/RmEsDkig2M,3975680267,2022-03-20 01:04:32+00:00,
45,1505349537421946881,"RT @Revolotto: 🏏World's Dangerous Cricketer
Greatest Batsman of All-time in Cricket

🌎Universe Boss - Chris Gayle extending his support and…",1472349745217634306,2022-03-20 01:04:32+00:00,
46,1505349537262571525,"In Japan, #XRP is religion. I love it! All works! #eth #ethereum #binance #bitcoin btc #ripple #crypto #cryptocurrency https://t.co/Z7orEoWXk9",1166380960549613569,2022-03-20 01:04:32+00:00,
47,1505349536902189061,"RT @SILVERBACKLGNDS: SILVERBACK LEGENDS
The godfathers of all apes.

🏆WEEKEND GIVEAWAY🏆
We are giving away 10 WHITELIST SPOTS on this post!…",1546621423,2022-03-20 01:04:32+00:00,
48,1505349534934732801,"RT @eCashInformer: #eCashArmy If you are one Facebook, you can like the eCash Official FB page 😊👇

#XEC #eCash #Bitcoin #Crypto #Avalanche…",1347078117232312321,2022-03-20 01:04:31+00:00,
