,id,text,author_id,created_at,geo
0,1505646358086180864,"@cryptogems555 I know what have to do.
I have to buy #bluesparrow. 
And tomorrow the sun will be mine
@BlueSparrowETH
@BluesparrowC
#BluesparrowCEX
#ETH
#BlueSparrowtoken
#BlueSparrowCommunity
#bitcoin    
#BestDrawToken
#Bluesparrowcharity
#Web3
#NFT
157",1431707129707212803,2022-03-20 20:43:59+00:00,
1,1505646356622458888,"RT @joshiidrex: @whale_alert Buy your #Bitcoin  @AltbaseApp now with speed cause the pump is coming 🤝🤝🔥
#alts #Altbase #100xgem https://t.c…",1504900371235450885,2022-03-20 20:43:59+00:00,
2,1505646355208978441,XRP is getting ready to take off to the moon! #altcoin #bitcoin #binance #xrp #ripple https://t.co/30Ss0Wg4FY,1482768658850013191,2022-03-20 20:43:59+00:00,
3,1505646355091443712,"RT @saylor: If you don't understand money, you won't understand #bitcoin.",869243741432930304,2022-03-20 20:43:59+00:00,
4,1505646355032772615,@ProBit_Exchange We are growing fast💪🏻💪🏻🚀🚀🚀 #Bitcoin #PitbullCREW #PitbullTokenShibaKiller #Metaverse #P2E #NFT #Bsc #Bnb #BTC #BuyPitbullToken @BscPitbull #btc,1485914395335176192,2022-03-20 20:43:59+00:00,
5,1505646354936172548,RT @CryptoMichNL: Not really fancying this correction on #Bitcoin.,1466154380625911813,2022-03-20 20:43:59+00:00,
6,1505646354248347648,RT @Eljaboom: If you don’t understand #bitcoin then unfollow me,1412916510536867842,2022-03-20 20:43:59+00:00,
7,1505646354147819532,XRP is getting ready to take off to the moon! #altcoin #bitcoin #binance #xrp #ripple https://t.co/3siXVL395Y,1450141190326607879,2022-03-20 20:43:59+00:00,
8,1505646353652895752,"@Marketsbylili World 1st bitcoin transection NFT  

https://t.co/vEVMoezY0E    

@opensea 

#Bitcoin  #nft #BinanceNFT #PolygonNFT #legend #100xgem #NFT #memoriesNFTseller #NFTs #opensea #OpenSeaNFT",1123881566399270912,2022-03-20 20:43:58+00:00,
9,1505646350297305090,"RT @AirdropDet: 🔍 New #Airdrop: Elite Cash

🏆 Total Airdrop Pool: 140,000 ELC [~$49,000]

🔴 Start the airdrop bot https://t.co/geX2YRhj5n…",1497596354515795971,2022-03-20 20:43:58+00:00,
10,1505646346287472641,RT @MatthewHyland_: $42.6k is the fastlane to $46k #Bitcoin,1466154380625911813,2022-03-20 20:43:57+00:00,
11,1505646345671122952,RT @Eljaboom: If you don’t understand #bitcoin then unfollow me,627148715,2022-03-20 20:43:57+00:00,
12,1505646345566269441,"RT @cz_binance: If you don't understand #bitcoin, you don't understand money.",1412448358036299776,2022-03-20 20:43:56+00:00,
13,1505646344878403587,"RT @bpmcrypto: @elonmusk Hey Genius,
Lets not miss out on @Catcoinbsc¡!
Remember, 2022 is the year of the #cats 

We are pumping even witho…",3370136225,2022-03-20 20:43:56+00:00,
14,1505646344609878026,"@BscGemSniper #BlueSparrow is a bridge between the stock market and crypto .. You will have both in the Blue Sparrow CEX
@BlueSparrowETH
#BluesparrowCEX
#BlueSparrow
#BlueSparrowtoken
#BlueSparrowCommunity
#bitcoin
#BestDrawToken
#Bluesparrowcharity
#Web3
#NFT 
https://t.co/y3F6pnZsZg
🤩12",1484217295178280961,2022-03-20 20:43:56+00:00,
15,1505646343112605699,"Top analyst predicts Bitcoin (BTC) to rally next month as the “adoption game” accelerates #accelerates #adoption #analyst #Bitcoin #BTC #Crypto #Game #month #Predicts #Rally #Top
https://t.co/kCQyRnauhM",1411690886472163328,2022-03-20 20:43:56+00:00,
16,1505646342915477508,@ProBit_Exchange Ever-growing Ecosystem Ever-growing Numbers We are now 70.000+ Members on all @telegram Communities 130.000+ Followers on @Twitter 467.000+ Holders (30k in 7days) @BscPitbull #Bitcoin #BTCUSDT,2369218994,2022-03-20 20:43:56+00:00,
17,1505646342135234561,"@p2pb2b Our target is 1 billion market value by the end of the year. %100 Safe Community Token %59 Burn Listed exchanges ; Bitget, Hotbit, MEXC, Latoken, Cointiger, ZT, Indoex Swap ; Pitswap, Pancakeswap, 1nchNetworkSwap 475+K Holders @BscPitbull #Bitcoin #btc https://t.co/PNpmAoTvyA https://t.co/2nTeBDN4LB",1479895913858490372,2022-03-20 20:43:56+00:00,
18,1505646341980106761,"In Japan, #XRP is religion. I love it! All works! #eth #ethereum #binance #bitcoin btc #ripple #crypto #cryptocurrency https://t.co/9IKU8Y5RZ0",1489950874789199880,2022-03-20 20:43:56+00:00,
19,1505646341632012306,Get IN now don't be LATE #xrp #binance #cryptocurrency #bitcoin https://t.co/h8gTKY6lml,1452287203678228489,2022-03-20 20:43:56+00:00,
20,1505646341552189440,Get IN now don't be LATE #xrp #binance #cryptocurrency #bitcoin https://t.co/1D8mslbGos,1150860162078560258,2022-03-20 20:43:56+00:00,
21,1505646341149581315,"@cryptogems555 I know what have to do.
I have to buy #bluesparrow. 
And tomorrow the sun will be mine
@BlueSparrowETH
@BluesparrowC
#BluesparrowCEX
#ETH
#BlueSparrowtoken
#BlueSparrowCommunity
#bitcoin    
#BestDrawToken
#Bluesparrowcharity
#Web3
#NFT
156",1431707129707212803,2022-03-20 20:43:55+00:00,
22,1505646340239462405,"RT @CryptoWhale: #Bitcoin maximalists will spend 365 days out of the year calling $XRP a centralized scam. 

While simultaneously shilling…",1379786024994410498,2022-03-20 20:43:55+00:00,
23,1505646339106951176,"In Japan, #XRP is religion. I love it! All works! #eth #ethereum #binance #bitcoin btc #ripple #crypto #cryptocurrency https://t.co/KxhHl0Prxo",1486413650911014920,2022-03-20 20:43:55+00:00,
24,1505646337806766086,We just know #XRP will moon #crypto #binance #cryptocurrency #bitcoin #btc https://t.co/tAb7Fi19Qs,875179689207361536,2022-03-20 20:43:55+00:00,
25,1505646336258940931,@BobMalakasPI #Bitcoin is spread out the world.,258888032,2022-03-20 20:43:54+00:00,
26,1505646333570564103,"In Japan, #XRP is religion. I love it! All works! #eth #ethereum #binance #bitcoin btc #ripple #crypto #cryptocurrency https://t.co/wc0vQnSScY",1370377165322215424,2022-03-20 20:43:54+00:00,
27,1505646333230649344,"In Japan, #XRP is religion. I love it! All works! #eth #ethereum #binance #bitcoin btc #ripple #crypto #cryptocurrency https://t.co/GkFPG3NLKw",1471378134490443777,2022-03-20 20:43:54+00:00,
28,1505646332035448833,"@ArtvisionNFT World 1st bitcoin transection NFT  

https://t.co/vEVMoezY0E    

@opensea 

#Bitcoin  #nft #BinanceNFT #PolygonNFT #legend #100xgem #NFT #memoriesNFTseller #NFTs #opensea #OpenSeaNFT",1123881566399270912,2022-03-20 20:43:53+00:00,
29,1505646331678937091,"RT @cz_binance: If you don't understand #bitcoin, you don't understand money.",1489427412475686913,2022-03-20 20:43:53+00:00,
30,1505646330118651909,"@BscGemSniper #BlueSparrow is a bridge between the stock market and crypto .. You will have both in the Blue Sparrow CEX
@BlueSparrowETH
#BluesparrowCEX
#BlueSparrow
#BlueSparrowtoken
#BlueSparrowCommunity
#bitcoin
#BestDrawToken
#Bluesparrowcharity
#Web3
#NFT 
https://t.co/y3F6pnZsZg
🤩11",1484217295178280961,2022-03-20 20:43:53+00:00,
31,1505646329036427265,@ProBit_Exchange PITBULLTOKEN will play in 2022. It will be the killer of all your tokens. #buypitbulltoken #pitbulltoken #bscpitbull @BscPitbull $PIT #Bitcoin #btc,747897475013427200,2022-03-20 20:43:53+00:00,
32,1505646328574984194,"We just know #XRP will moon #crypto #binance #cryptocurrency #bitcoin #btc

https://t.co/IPwqRWNI6Q",906393595694923781,2022-03-20 20:43:52+00:00,
33,1505646328256204801,XRP is getting ready to take off to the moon! #altcoin #bitcoin #binance #xrp #ripple https://t.co/UxBq7Du5Hm,1484640402590347266,2022-03-20 20:43:52+00:00,
34,1505646325429329924,"@saylor If you don't understand #BabyDogeCoin , you don't understand #bitcoin .@cz_binance @BabyDogeCoin @TheMoonCarl @elonmusk @elonmusk @krakenfx @WatcherGuru @TheBinanceNFT",4827273501,2022-03-20 20:43:52+00:00,
35,1505646325370556417,RT @rovercrc: Buy the #Bitcoin dip while you still can!,1466154380625911813,2022-03-20 20:43:52+00:00,
36,1505646323500208128,FlagNetwork #IDO #cryptocurrency #Bitcoin #NFTs @Kuragayalaanil1  @Nikhilkethe2  @ParvezPagala https://t.co/UTZANPemc1,1426126769015324674,2022-03-20 20:43:51+00:00,
37,1505646322828861442,Get IN now don't be LATE #xrp #binance #cryptocurrency #bitcoin https://t.co/cR1zcEdLvJ,1481744486178992132,2022-03-20 20:43:51+00:00,
38,1505646321910304774,"@cryptogems555 I know what have to do.
I have to buy #bluesparrow. 
And tomorrow the sun will be mine
@BlueSparrowETH
@BluesparrowC
#BluesparrowCEX
#ETH
#BlueSparrowtoken
#BlueSparrowCommunity
#bitcoin    
#BestDrawToken
#Bluesparrowcharity
#Web3
#NFT
155",1431707129707212803,2022-03-20 20:43:51+00:00,
39,1505646320782131203,The strongest bullish signal flashed for #XRP #bitcoin #btc #ethereum #eth https://t.co/dCmFGSHMUa,1492414029192699904,2022-03-20 20:43:51+00:00,
40,1505646320576606211,"RT @Revolotto: 💎If you can Hold it tight!
🚀Revolotto will cross 10$ for sure. 
🌍Let's together show the power of holding to the world. 

🌍J…",1453700855459303431,2022-03-20 20:43:51+00:00,
41,1505646318273847299,"RT @joshiidrex: @whale_alert Buy your #Bitcoin  @AltbaseApp now with speed cause the pump is coming 🤝🤝🔥
#alts #Altbase #100xgem https://t.c…",3097527069,2022-03-20 20:43:50+00:00,
42,1505646317569204231,"n Japan, #XRP is religion. I love it! All works! #eth #ethereum #binance #bitcoin btc #ripple #crypto #cryptocurrency

https://t.co/sMH34XmmGA",1486624717188792322,2022-03-20 20:43:50+00:00,
43,1505646316923367434,"RT @m_umair2002: Giving away my NFTs 
1 winner 🏆  -  60 minutes ⌛

To win:                      
1. Follow Me✅
2. Like and Retweet  ✅
3. Dr…",1485341084737851393,2022-03-20 20:43:50+00:00,
44,1505646316784951310,We just know #XRP will moon #crypto #binance #cryptocurrency #bitcoin #btc https://t.co/9VS0T1GD1r,1363772704730587138,2022-03-20 20:43:50+00:00,
45,1505646316390699009,"@ProBit_Exchange Our target is 1 billion market value by the end of the year. %100 Safe Community Token %59 Burn Listed exchanges ; Bitget, Hotbit, MEXC, Latoken, Cointiger, ZT, Indoex Swap ; Pitswap, Pancakeswap, 1nchNetworkSwap 467+K Holders @BscPitbull #Bitcoin #btc https://t.co/h8mP0JDsgg",1461749945552228366,2022-03-20 20:43:50+00:00,
46,1505646315803484162,"@p2pb2b Our target is 1 billion market value by the end of the year. %100 Safe Community Token %59 Burn Listed exchanges ; Bitget, Hotbit, MEXC, Latoken, Cointiger, ZT, Indoex Swap ; Pitswap, Pancakeswap, 1nchNetworkSwap 475+K Holders @BscPitbull #Bitcoin #btc https://t.co/PNpmAoTvyA https://t.co/XPJYSo2XHG",1479895913858490372,2022-03-20 20:43:49+00:00,
47,1505646314737922048,The strongest bullish signal flashed for #XRP #bitcoin #btc #ethereum #eth https://t.co/pQHH3tQsVg,771435802836492288,2022-03-20 20:43:49+00:00,
