,id,text,author_id,created_at,geo
0,1505660450108760078,"n Japan, #XRP is religion. I love it! All works! #eth #ethereum #binance #bitcoin btc #ripple #crypto #cryptocurrency

https://t.co/UScaWNzw4Y",1474286248378486796,2022-03-20 21:39:59+00:00,
1,1505660450008371200,Joining Stackswap to bring permissionless Bitcoin DeFi powered by AI! https://t.co/xIHvq0Wroj #Stackswap #NFTs #DeFi #Permissionless #Bitcoin #Launchpad #AI,1470444107965157379,2022-03-20 21:39:59+00:00,
2,1505660448108077062,"@AveleyFC @Sons_of_Aveley @AveleyVillage @AveleyYouthFC @Aveleyu18sEja @yourthurrock @ThurrockGazette World 1st bitcoin transection NFT  

https://t.co/vEVMoezY0E    

@opensea 

#Bitcoin  #nft #BinanceNFT #PolygonNFT #legend #100xgem #NFT #memoriesNFTseller #NFTs #opensea #OpenSeaNFT",1123881566399270912,2022-03-20 21:39:59+00:00,
3,1505660444295548933,@cryptosfaucets 💎 Play mini Games to earn real #crypto #coins FOR FREE at Rollercoin Mining Game: https://t.co/CG9vGo8In7 - Choose between mining #BTC #Bitcoin #ETH #Ethereum #BNB #DOGE #DOGECOIN and #MATIC #POLYGON,1492101219841675298,2022-03-20 21:39:58+00:00,
4,1505660443762860032,"RT @AirdropStario: 💧 RPGC Airdrop 💧

🏆 Task:         ➕  $8 worth of RPGC for 2000 random participants each.

👨‍👩‍👧 Referral:  ➕  $40 worth…",1382731191577550849,2022-03-20 21:39:58+00:00,
5,1505660436917923840,"RT @AirdropStario: 💧 Hero Arena Airdrop 💧

📍 Listed on: CoinMarketCap, PancakeSwap

🏆 Task: ➕  100 HERA (~$4) for 3000 random participants…",1386475437979697157,2022-03-20 21:39:56+00:00,
6,1505660436510822412,"@davidgokhshtein Our target is 1 billion market value by the end of the year. %100 Safe Community Token %59 Burn Listed exchanges ; Bitget, Hotbit, MEXC, Latoken, Cointiger, ZT, Indoex Swap ; Pitswap, Pancakeswap, 1nchNetworkSwap 475+K Holders @BscPitbull #Bitcoin #btc https://t.co/ztHtxjskVA",1460653983446540296,2022-03-20 21:39:56+00:00,
7,1505660435340869633,"RT @CryptoGiggle: Thoughts?
#inflation #FederalReserve #interestrates #Bitcoin https://t.co/8qT6ryRXug",1485571661067915271,2022-03-20 21:39:56+00:00,
8,1505660434640216071,"@Kripto_Poyraz #shinja #ShinjaSeason
#DubaiExpo2022
#DubaiCryptoExpo

#DOJOSWAP listing #Token
#Selena_Inu
#flokimusk
#saitanobi
#bobatama
#threeohdao
#YetiCoin
#kuonotori
#planataso

#altcoin #AVAX #dogecoin
#BabyDoge #GALA
@cz_binance @elonmusk #Bitcoin #ethereum https://t.co/BQ5txZme2I",1454678238295437314,2022-03-20 21:39:56+00:00,
9,1505660433931259905,"We just know #XRP will moon #crypto #binance #cryptocurrency #bitcoin #btc

https://t.co/KD2JvdmGUc",1489283099171065859,2022-03-20 21:39:55+00:00,
10,1505660432983511043,"We just know #XRP will moon #crypto #binance #cryptocurrency #bitcoin #btc

https://t.co/UVza0q4tPE",1394872862792581131,2022-03-20 21:39:55+00:00,
11,1505660430865285120,RT @cryptojack: Retweet if you believe #Bitcoin  will hit $100k in 2022 ♻️🚀,825639453830033409,2022-03-20 21:39:55+00:00,
12,1505660429921656833,RT @invest_answers: Incredibly #Dovish - wow JP - Wall St Wins... #Bitcoin #Ethereum #Solana huge bounces in minutes. https://t.co/rYSNu62y…,3420495023,2022-03-20 21:39:54+00:00,
13,1505660428277456897,We just know #XRP will moon #crypto #binance #cryptocurrency #bitcoin #btc https://t.co/IR3YOSu6fM,906112008554209280,2022-03-20 21:39:54+00:00,
14,1505660425165176832,"#FlagNetwork  #cryptocurrency #Bitcoin  #StandWithUkraine 

ends in 24 hours good luck 🍒 https://t.co/P9A63y0OJY",2286226242,2022-03-20 21:39:53+00:00,
15,1505660423512723459,"@alexoleary91 @Bowerspitseafc @ConcordRangers World 1st bitcoin transection NFT  

https://t.co/vEVMoezY0E    

@opensea 

#Bitcoin  #nft #BinanceNFT #PolygonNFT #legend #100xgem #NFT #memoriesNFTseller #NFTs #opensea #OpenSeaNFT",1123881566399270912,2022-03-20 21:39:53+00:00,
16,1505660423072366597,"RT @AirdropDet: 🔍 New #Airdrop: YupVerse

💲 Reward: Up to 10M YuP (~$5) + 2M YuP (~$1,000) referral pool

🔴 Start the airdrop bot https://t…",1382368362257391620,2022-03-20 21:39:53+00:00,
17,1505660420576751624,"@davidgokhshtein Our target is 1 billion market value by the end of the year. %100 Safe Community Token %59 Burn Listed exchanges ; Bitget, Hotbit, MEXC, Latoken, Cointiger, ZT, Indoex Swap ; Pitswap, Pancakeswap, 1nchNetworkSwap 475+K Holders @BscPitbull #Bitcoin #btc https://t.co/Poe0RHMZyC",1460653983446540296,2022-03-20 21:39:52+00:00,
18,1505660417590591489,@DominiqueTaegon You have one option. Buy and learn #bitcoin it cannot be inflated and has a fixed supply of 21 million! Volitile in the short term. Up and to the right in the long term.,1407736892058181635,2022-03-20 21:39:52+00:00,
19,1505660415384199169,"@Kripto_Poyraz #shinja #ShinjaSeason
#DubaiExpo2022
#DubaiCryptoExpo

#DOJOSWAP listing #Token
#Selena_Inu
#flokimusk
#saitanobi
#bobatama
#threeohdao
#YetiCoin
#kuonotori
#planataso

#altcoin #AVAX #dogecoin
#BabyDoge #GALA
@cz_binance @elonmusk #Bitcoin #ethereum https://t.co/BQ5txZme2I",1454678238295437314,2022-03-20 21:39:51+00:00,
20,1505660415115624449,"RT @derus1997: Long Altcoin Now 🚀

@cctip_com airdrop 5000000 BTTNEW 500 #ALTSEASON #bitcoin",1157314600133697538,2022-03-20 21:39:51+00:00,
21,1505660413668515843,"RT @AirdropDet: 🔍 New #Airdrop: YupVerse

💲 Reward: Up to 10M YuP (~$5) + 2M YuP (~$1,000) referral pool

🔴 Start the airdrop bot https://t…",1467992176516730881,2022-03-20 21:39:51+00:00,
22,1505660412724871168,"RT @HawkBlaze_: #bitcoin Marked 10-Day High, #shibainu Soars 8% (Market Watch)
$BTC  $ETH
https://t.co/Y79eV66xuc
#bitcoin #ETHEREUM #crypt…",1459183405929680899,2022-03-20 21:39:50+00:00,
23,1505660409675661312,"RT @binance: 💰 $10,000 giveaway 💰
 
Post your #BitcoinButton result to enter!
 
Rules:
🔸 Retweet this post
🔸 Follow @Binance
🔸 Play #Bitcoi…",2545602026,2022-03-20 21:39:50+00:00,
24,1505660407784038401,"RT @invest_answers: #Bitcoin, Disruption, Markets, Headwinds, Arbitrage and so much more. Have we bottomed? Perhaps not but we saw some cle…",3420495023,2022-03-20 21:39:49+00:00,
25,1505660404365676549,"@news_of_bsc @secretworldbsc World 1st bitcoin transection NFT  

https://t.co/vEVMoezY0E    

@opensea 

#Bitcoin  #nft #BinanceNFT #PolygonNFT #legend #100xgem #NFT #memoriesNFTseller #NFTs #opensea #OpenSeaNFT",1123881566399270912,2022-03-20 21:39:48+00:00,
26,1505660400767234048,"RT @Stackswap_BTC: Stackswap GIVEAWAY

Prizes: 
🎁NFTs : 10 Gold Passes and 1,000 Silver Passes
💰Token : 10,000 STSW Tokens (1,000 winners)…",1470444107965157379,2022-03-20 21:39:48+00:00,
27,1505660399567482886,"@Kripto_Poyraz #shinja #ShinjaSeason
#DubaiExpo2022
#DubaiCryptoExpo

#DOJOSWAP listing #Token
#Selena_Inu
#flokimusk
#saitanobi
#bobatama
#threeohdao
#YetiCoin
#kuonotori
#planataso

#altcoin #AVAX #dogecoin
#BabyDoge #GALA
@cz_binance @elonmusk #Bitcoin #ethereum https://t.co/BQ5txZme2I",1454678238295437314,2022-03-20 21:39:47+00:00,
28,1505660399219359748,"Check out our new forum. If like BitcoinTalks forum or if you hate it. Join our forum as it's based on the same framework but ours has way more options and themes for a better user experience. Join today and try it out.

https://t.co/2mzdcMEU50

#bitcointalk #bitcoin #CryptoNews",983074397547368448,2022-03-20 21:39:47+00:00,
29,1505660398699171842,"@davidgokhshtein Our target is 1 billion market value by the end of the year. %100 Safe Community Token %59 Burn Listed exchanges ; Bitget, Hotbit, MEXC, Latoken, Cointiger, ZT, Indoex Swap ; Pitswap, Pancakeswap, 1nchNetworkSwap 475+K Holders @BscPitbull #Bitcoin #btc https://t.co/MWPtYHnqE7",1460653983446540296,2022-03-20 21:39:47+00:00,
30,1505660393741598721,"n Japan, #XRP is religion. I love it! All works! #eth #ethereum #binance #bitcoin btc #ripple #crypto #cryptocurrency

https://t.co/r3hehdDb1E",1448724276727586816,2022-03-20 21:39:46+00:00,
31,1505660393582211075,"RT @YupVerse: ✔️ YupVerse Airdrop (New Round) is live!

🔵 Airdrop Reward: Up to 10 Million YuP (~$5)

🔵 Referral Reward: 2 Million YuP (~$1…",3405439361,2022-03-20 21:39:46+00:00,
32,1505660392248418305,"RT @CryptoGiggle: Which one are you?
#crypto #bitcoin https://t.co/dqjoIw6VkV",1485571661067915271,2022-03-20 21:39:45+00:00,
33,1505660388284764165,"We just know #XRP will moon #crypto #binance #cryptocurrency #bitcoin #btc

https://t.co/EjHhmeeDFy",1382000696719941632,2022-03-20 21:39:45+00:00,
34,1505660385176739850,RT @missbitcoin_mai: Perfectly smooth #LightningNetwork  transaction at Starbucks! Better than usual caramel macchiato😏❤️#Bitcoin #ElSalvad…,909991969694339072,2022-03-20 21:39:44+00:00,
35,1505660385046708233,"@CCASHCitizen World 1st bitcoin transection NFT  

https://t.co/vEVMoezY0E    

@opensea 

#Bitcoin  #nft #BinanceNFT #PolygonNFT #legend #100xgem #NFT #memoriesNFTseller #NFTs #opensea #OpenSeaNFT",1123881566399270912,2022-03-20 21:39:44+00:00,
36,1505660383671066631,"Pairs:BTCUSDT 
 BUY:41318.57000 
 Time :3/21/2022 12:39:12 AM
 Average Decision: 51.30768FifteenMinutes 
 Estimated Direction: UP
 #BTC #NULSBNB #Bitcoin #RSİ #Bollinger -It is not investment advice. You can visit our profile for your own alarms. YTD. 12:39:28 AM",1500139829371232259,2022-03-20 21:39:43+00:00,
37,1505660382773497858,"We just know #XRP will moon #crypto #binance #cryptocurrency #bitcoin #btc

https://t.co/m55DoHCNXQ",1430474041177956353,2022-03-20 21:39:43+00:00,
38,1505660382580555781,"@davidgokhshtein Our target is 1 billion market value by the end of the year. %100 Safe Community Token %59 Burn Listed exchanges ; Bitget, Hotbit, MEXC, Latoken, Cointiger, ZT, Indoex Swap ; Pitswap, Pancakeswap, 1nchNetworkSwap 475+K Holders @BscPitbull #Bitcoin #btc https://t.co/aAjpUsc4Y6",1460653983446540296,2022-03-20 21:39:43+00:00,
39,1505660376662560768,RT @MetinYmaz13: @JakeGagain We are ready for bull season!!! 😎😎 Probably nothing 😏 👉 @VoltInuOfficial 👀⚡⚡⚡⚡⚡⚡ #VOLTINU #CRYPTO #Dextools #E…,1482726840934539270,2022-03-20 21:39:42+00:00,
40,1505660375991304193,https://t.co/Znbky6QmYB #DeFi #TeleFy #DEX #cryptocurrency #Ethereum #BinanceSmartChain #Bitcoin #Airdrop #polkadot #MATIC #Polygon $TELE #Cardano #ETH https://t.co/WamOOPqDCC,511893887,2022-03-20 21:39:42+00:00,
41,1505660375366307842,"@Kripto_Poyraz #shinja #ShinjaSeason
#DubaiExpo2022
#DubaiCryptoExpo

#DOJOSWAP listing #Token
#Selena_Inu
#flokimusk
#saitanobi
#bobatama
#threeohdao
#YetiCoin
#kuonotori
#planataso

#altcoin #AVAX #dogecoin
#BabyDoge #GALA
@cz_binance @elonmusk #Bitcoin #ethereum https://t.co/BQ5txZme2I",1454678238295437314,2022-03-20 21:39:41+00:00,
42,1505660375139770373,"Yesterday my finger got completely shut in a van door as I was just going into gym, the pain was bad but my mindset made me go and still hit the bags

After I then went hospital luckily nothing broken #boxing #mindset #pain #bitcoin #BSV https://t.co/MlwWhh4hSx",1354851558,2022-03-20 21:39:41+00:00,
43,1505660374871420930,Bengals are winning the super bowl this year!!! Watch!! #bengals #superbowl #CincinnatiBengals #RuleTheJungle #NFL #NFLFreeAgency #Rams #burrow #Stafford #The #football #Bitcoin #Browns #Chiefs #Colts #AFLFantasy #Super #MotoGP #AEWDynamite #Chargers #boobs #booty #sexy,1504566060451782662,2022-03-20 21:39:41+00:00,
44,1505660372900278272,"RT @ShiborgToken: LAUNCHING ON #Ethereum !!😍🦾🚀

#PRESALE AND #LAUNCH: April 1st

Big marketing booked like #Dextools Golden Button Ads!

#S…",1496710464780529667,2022-03-20 21:39:41+00:00,
45,1505660372451311625,"RT @invest_answers: The week ahead, where we are and how we should approach it. Also digging into some SEC GAAP info re $MSTR and talking c…",3420495023,2022-03-20 21:39:41+00:00,
46,1505660366977703941,"Confirm the winning short video 🍾

Nothing to say but congratulations 🎉 

@Realfixed01 

#ImranKhan #CloseupProtects #WTF1 #bitcoin  #BIGBANGisBACK https://t.co/NQEMd09mRO",1303093835778662403,2022-03-20 21:39:39+00:00,
47,1505660366734438405,"@mdaixo World 1st bitcoin transection NFT  

https://t.co/vEVMoezY0E    

@opensea 

#Bitcoin  #nft #BinanceNFT #PolygonNFT #legend #100xgem #NFT #memoriesNFTseller #NFTs #opensea #OpenSeaNFT",1123881566399270912,2022-03-20 21:39:39+00:00,
48,1505660362242330626,RT @invest_answers: Quick reminder everyone.... of why we are here and what #Bitcoin is. I think during times like these people forget why…,3420495023,2022-03-20 21:39:38+00:00,
