,id,text,author_id,created_at,geo
0,1505437980936351744,"RT @Meta_Gaming99: Meta Gaming  🎁
 Airdrop for everyone

Steps:
1️⃣Follow us Twitter @Meta_Gaming99 RT&amp;Tag 3 friends
2️⃣Join us TG group: h…",3329583134,2022-03-20 06:55:58+00:00,
1,1505437980261240836,"RT @CircuitSociety: #NFTCOLLECTION COMING SOON 🏆

We are continuing to develop our #NFTs! Our NFTS will offer something that has not yet be…",1456215339927171082,2022-03-20 06:55:58+00:00,
2,1505437976297357313,"RT @YupVerse: ✔️ YupVerse Airdrop (New Round) is live!

🔵 Airdrop Reward: Up to 10 Million YuP (~$5)

🔵 Referral Reward: 2 Million YuP (~$1…",1500014433015324672,2022-03-20 06:55:57+00:00,
3,1505437973931769857,"#bitcoin 

Nothing else. Go on with your day.",1444269530348392452,2022-03-20 06:55:57+00:00,
4,1505437972438478849,"RT @maxkeiser: America is an idea, not a place. Most of the world who are living American ideals - don’t live in America. They are #Bitcoin…",1486348391646994434,2022-03-20 06:55:56+00:00,
5,1505437971339780098,"RT @airdropinspect: New airdrop: Prizefighter (RING)
Total Reward: $5,000 worth of RING
Rate: ⭐️⭐️⭐️⭐️
Winners: 1,000 Random &amp; Top 100
Dist…",1483447207965900811,2022-03-20 06:55:56+00:00,
6,1505437970496585729,"RT @chitaglorya__: giveaway 200$ | 2,800,000 IDR

-- rt follow @flagnetwork_NFT 

-- rt &amp; quoted their pinned with   #FlagNetwork  #cryptoc…",1378280775716507649,2022-03-20 06:55:56+00:00,
7,1505437970001965057,"RT @airdropinspect: New airdrop: Prizefighter (RING)
Total Reward: $5,000 worth of RING
Rate: ⭐️⭐️⭐️⭐️
Winners: 1,000 Random &amp; Top 100
Dist…",2831613792,2022-03-20 06:55:56+00:00,
8,1505437969217474560,"RT @TheRealPlanC: We will see a #Bitcoin All-Time High in 2022, mark my words. 

Screen shot this post if you want, I am extremely confiden…",1420760642147946505,2022-03-20 06:55:56+00:00,
9,1505437968915636225,"RT @AirdropDet: 🔍 New #Airdrop: YupVerse

💲 Reward: Up to 10M YuP (~$5) + 2M YuP (~$1,000) referral pool

🔴 Start the airdrop bot https://t…",1486910810152583170,2022-03-20 06:55:56+00:00,
10,1505437967736872965,RT @NewsOnChain: #Bitcoin- will expose these criminals along with the political &amp; murderous crimes 🎓,1140526234067189760,2022-03-20 06:55:55+00:00,
11,1505437967388917760,"@AirdropDet Wonderful project, this project very good and this projector has a lot of attractions, so hopefully the project will be better in the future and the cryptocurrency will be the best Number one.
@Atiqur0012
@khalid9789
@joyjb513
#Airdrops #YupVerse #Bitcoin #AirdropDetective #YuP",1495269258032390149,2022-03-20 06:55:55+00:00,
12,1505437965954150400,RT @BTCTN: Paypal co-founder Peter Thiel said that his “biggest mistake” during the last ten years “was getting too late and too little int…,1491302697076916224,2022-03-20 06:55:55+00:00,
13,1505437965866377217,"@airdropinspect @p2ePrizeFighter I really believe that this project will really go a long way to put smile in our face. I hope this project will develop well and will be on the moon.
@denywahy1596 @HeroePoetra82 @abiarda0 
#Airdrop #Airdrops #Airdropinspector #FTM #Prizefighter #RING #Crypto #Bitcoin",1385656970095448066,2022-03-20 06:55:55+00:00,
14,1505437962766540804,"RT @ProjectsIco: #Bitcoin average monthly returns 

#Bitcoin #Crypto #cryptotrading",1464340457169825795,2022-03-20 06:55:54+00:00,
15,1505437961374281730,"RT @AirdropDet: 🔍 New #Airdrop: YupVerse

💲 Reward: Up to 10M YuP (~$5) + 2M YuP (~$1,000) referral pool

🔴 Start the airdrop bot https://t…",1362825486720667648,2022-03-20 06:55:54+00:00,
16,1505437961004871680,"RT @AirdropDet: 🔍 New #Airdrop: YupVerse

💲 Reward: Up to 10M YuP (~$5) + 2M YuP (~$1,000) referral pool

🔴 Start the airdrop bot https://t…",1424956867915091968,2022-03-20 06:55:54+00:00,
17,1505437960615120896,"RT @chitaglorya__: giveaway 200$ | 2,800,000 IDR

-- rt follow @flagnetwork_NFT 

-- rt &amp; quoted their pinned with   #FlagNetwork  #cryptoc…",1501152382507708416,2022-03-20 06:55:54+00:00,
18,1505437960535044101,"RT @Revolotto: 🏏World's Dangerous Cricketer
Greatest Batsman of All-time in Cricket

🌎Universe Boss - Chris Gayle extending his support and…",1286962963216179202,2022-03-20 06:55:54+00:00,
19,1505437953841111042,RT @LinaSeiche: Buying #Bitcoin https://t.co/wZEqK1Nn3G,745749032,2022-03-20 06:55:52+00:00,
20,1505437952549482499,"RT @ExcelTrading1: Crypto Twitter. 

Bitcoin -50% from ATH -&gt; Pumps 10% back to 41k -&gt; “Told you new ATH/100k incoming.”

Bitcoin +2000%  f…",1459415804865171461,2022-03-20 06:55:52+00:00,
21,1505437952549142529,"RT @airdropinspect: New airdrop: Prizefighter (RING)
Total Reward: $5,000 worth of RING
Rate: ⭐️⭐️⭐️⭐️
Winners: 1,000 Random &amp; Top 100
Dist…",1460103708616785929,2022-03-20 06:55:52+00:00,
22,1505437947327361024,"RT @ffurknaydnn: @Free_Patriot76 @DelCrxpto Don’t missed #SHINJA 🥷🏿🔥
Buy Now and Happy later 🥷🏿🔥

#Shibnobi #Crypto #DeFi #BTC #SHIB #Ceek…",1498781970846949376,2022-03-20 06:55:50+00:00,
23,1505437944814845952,Get IN now don't be LATE #xrp #binance #cryptocurrency #bitcoin https://t.co/dpJ0esknkZ,771527335,2022-03-20 06:55:50+00:00,
24,1505437944479649794,"RT @DeathNote_Token: DEATH NOTE TOKEN REFERRAL CONTEST 🔥 

Join our contest and win #Prizes for inviting the most people to our @telegram 🍎…",1456215339927171082,2022-03-20 06:55:50+00:00,
25,1505437944420610051,"RT @AirdropDet: 🔍 New #Airdrop: YupVerse

💲 Reward: Up to 10M YuP (~$5) + 2M YuP (~$1,000) referral pool

🔴 Start the airdrop bot https://t…",1518007927,2022-03-20 06:55:50+00:00,
26,1505437944252928003,The strongest bullish signal flashed for #XRP #bitcoin #btc #ethereum #eth https://t.co/ueUBauOvt2,1304148992738177025,2022-03-20 06:55:50+00:00,
27,1505437943930195973,"RT @airdropinspect: New airdrop: Prizefighter (RING)
Total Reward: $5,000 worth of RING
Rate: ⭐️⭐️⭐️⭐️
Winners: 1,000 Random &amp; Top 100
Dist…",1427681613190623238,2022-03-20 06:55:50+00:00,
28,1505437940150935554,RT @Ismaelbitcoiner: A normal saturday at the #Bitcoin  beach https://t.co/EJMD704ceX,416614443,2022-03-20 06:55:49+00:00,
29,1505437939785949186,"RT @Arsenik23Mesut: @Cryptoandstock4 #shinja #ShinjaSeason
#DubaiExpo2022
#DubaiCryptoExpo

#DOJOSWAP listing #Token
#Selena_Inu
#flokimusk…",1502671018623750145,2022-03-20 06:55:49+00:00,
30,1505437934677233668,"RT @AirdropStario: 💧 SafeWallet Airdrop 💧

🏆 Task:        ➕ 175 SLT (~$3.5) for 1000 random participants

👨‍👩‍👧 Referral: ➕ 30,000 SLT (~$6…",1458044803774439424,2022-03-20 06:55:47+00:00,
31,1505437934492786688,"RT @AirdropDet: 🔍 New #Airdrop: YupVerse

💲 Reward: Up to 10M YuP (~$5) + 2M YuP (~$1,000) referral pool

🔴 Start the airdrop bot https://t…",1443495174915637252,2022-03-20 06:55:47+00:00,
32,1505437934148890630,"RT @AirdropStario: 💧 SafeWallet Airdrop 💧

🏆 Task:        ➕ 175 SLT (~$3.5) for 1000 random participants

👨‍👩‍👧 Referral: ➕ 30,000 SLT (~$6…",1494337413438574593,2022-03-20 06:55:47+00:00,
33,1505437932852817921,"@flagnetwork_NFT Nice project and congratulations to the team for their efforts.
#FlagNetwork #IDO #cryptocurrency #Bitcoin #NFTs
@box_polock @juhyolok12 @Clarenc30916435",1458402072055910405,2022-03-20 06:55:47+00:00,
34,1505437930533261312,"RT @AirdropStario: 💧 SafeMe Airdrop 💧

🏆 Task:          ➕  Up to 800 SAME (~$8)

👨‍👩‍👧 Referral:   ➕  400 SAME (~$4)

🔛 Airdrop Link &amp; Info…",1248651641596739584,2022-03-20 06:55:46+00:00,
35,1505437929518292994,"RT @Arsenik23Mesut: @ShinjaWarrior @YouTube @Shib_nobi #shinja #ShinjaSeason
#DubaiExpo2022
#DubaiCryptoExpo

#DOJOSWAP listing #Token
#Sel…",1502671018623750145,2022-03-20 06:55:46+00:00,
36,1505437926326665217,"@flagnetwork_NFT Nice project
@KakGati @KakBas10 @westcoastbill 
#IDO #Airdrop #Whitelist #NFT #P2P
#FlagNetwork #IDO #cryptocurrency #Bitcoin #NFTs",1496040390033829888,2022-03-20 06:55:45+00:00,
37,1505437925642625024,"RT @Revolotto: 🏏World's Dangerous Cricketer
Greatest Batsman of All-time in Cricket

🌎Universe Boss - Chris Gayle extending his support and…",1346136730101981185,2022-03-20 06:55:45+00:00,
38,1505437923050946560,"RT @airdropinspect: New airdrop: Prizefighter (RING)
Total Reward: $5,000 worth of RING
Rate: ⭐️⭐️⭐️⭐️
Winners: 1,000 Random &amp; Top 100
Dist…",1367421939891933187,2022-03-20 06:55:45+00:00,
39,1505437921750716418,"Congratulation for the team, I hope this is a very good project and fly to the moon soon.
@SANNATA_YT
@bongobirtv
@spicylp
@Rasel91766093

#cryptocurrency #Airdrop #BSC #Bitcoin #USDT #SafeWallet #SLT #Airdropstario https://t.co/TCCOySPCVg",1500666730695520261,2022-03-20 06:55:44+00:00,
40,1505437921347661890,"RT @AirdropStario: 💧 SafeWallet Airdrop 💧

🏆 Task:        ➕ 175 SLT (~$3.5) for 1000 random participants

👨‍👩‍👧 Referral: ➕ 30,000 SLT (~$6…",1499725838824382475,2022-03-20 06:55:44+00:00,
41,1505437917975486466,"RT @airdropinspect: New airdrop: Prizefighter (RING)
Total Reward: $5,000 worth of RING
Rate: ⭐️⭐️⭐️⭐️
Winners: 1,000 Random &amp; Top 100
Dist…",1459709289707180033,2022-03-20 06:55:43+00:00,
42,1505437917778710531,"RT @airdropinspect: New airdrop: Tuniver (TNV)
Total Reward: $5,000 worth of TNV
Rate: ⭐️⭐️⭐️⭐️
Winners: 1,000 Random &amp; 100 Top
Distributio…",978600106726313985,2022-03-20 06:55:43+00:00,
43,1505437917753266176,"RT @Arsenik23Mesut: @RealOmniFinance @wayofshibnobi @Shib_nobi #shinja #ShinjaSeason
#DubaiExpo2022
#DubaiCryptoExpo

#DOJOSWAP listing #To…",1502671018623750145,2022-03-20 06:55:43+00:00,
44,1505437917694644227,"RT @AirdropStario: 💧 SafeWallet Airdrop 💧

🏆 Task:        ➕ 175 SLT (~$3.5) for 1000 random participants

👨‍👩‍👧 Referral: ➕ 30,000 SLT (~$6…",1381220090729877511,2022-03-20 06:55:43+00:00,
45,1505437917384040451,RT @Meta_UFO: #bitcoin and #MetaUFO have no inflation.,1505436627513987073,2022-03-20 06:55:43+00:00,
46,1505437916704686083,"➡️ @CONNECTORCOIN ⬅️
Good Project 👌👌👌
#crypto #bitcoin 
#CONNECTORCOIN 
#ctco $bnb $bsc 
$ctco #bnb #cryptocurrency
@Rocket__crypto
@charliesheen 
@Akon 
⬇️⬇️⬇️⬇️⬇️⬇️⬇️Yy

📎TG
https://t.co/wXqcrhY5uK https://t.co/WouvADvdik",1443104995944157190,2022-03-20 06:55:43+00:00,
47,1505437913978322944,"RT @AirdropDet: 🔍 New #Airdrop: YupVerse

💲 Reward: Up to 10M YuP (~$5) + 2M YuP (~$1,000) referral pool

🔴 Start the airdrop bot https://t…",1466642191359434755,2022-03-20 06:55:43+00:00,
48,1505437913953501184,RT @ExcelTradingBot: PrimeXBTPremiumBot$ignal $BTC #Bitcoin  Place market Sell trade for BTC/USDT market price at present on @PrimeXBT is 4…,1459415804865171461,2022-03-20 06:55:43+00:00,
49,1505437912804249600,"RT @GiveawayInspect: New Giveaway: Retoken (USDT)
Total Reward: 2,000 USDT
Rate: ⭐️⭐️⭐️⭐️
Winners: 700 Random &amp; Top 50
Distribution: within…",1470924890802835459,2022-03-20 06:55:42+00:00,
