,id,text,author_id,created_at,geo
0,1505610874333106178,RT @TNR_Gold: We had the best confirmation of young #Gold Bull. Sharp counter-trend corrections confirm the bullish primary trend. The spec…,132288724,2022-03-20 18:22:59+00:00,
1,1505610871145472007,"RT @army_shiba: #Bitcoin is trying to hold $41,092! https://t.co/guBKZXGYpu",1464915291457081344,2022-03-20 18:22:59+00:00,
2,1505610870025383936,"RT @AirdropStario: 💧 RPGC Airdrop 💧

🏆 Task:         ➕  $8 worth of RPGC for 2000 random participants each.

👨‍👩‍👧 Referral:  ➕  $40 worth…",1501520172720730112,2022-03-20 18:22:58+00:00,
3,1505610868373049357,"We just know #XRP will moon #crypto #binance #cryptocurrency #bitcoin #btc

https://t.co/Pl9Txj92k0",1221916435246714884,2022-03-20 18:22:58+00:00,
4,1505610865978097667,"RT @ValerySobolev: 10 levels by PARTNER DAILY
You will be able to receive #BTC #USD by visiting your favorite sites by watching YouTube vid…",324318782,2022-03-20 18:22:58+00:00,
5,1505610865579630602,RT @Excellion: I’m working on nation-state #Bitcoin adoption. Roger Ver is working on nation-state #Bcash adoption. This is perfect. 👌 http…,1453320035435532288,2022-03-20 18:22:57+00:00,
6,1505610861578440706,"RT @AirdropDet: 🔍 New #Airdrop: Elite Cash

🏆 Total Airdrop Pool: 140,000 ELC [~$49,000]

🔴 Start the airdrop bot https://t.co/geX2YRhj5n…",1485278825470922752,2022-03-20 18:22:56+00:00,
7,1505610859623727104,"@ChoiseCom Buy the Dip and hodl!!#Dpadfinance   LET‘S GO TO THE MOON 
#DPAD $DPAD
@DpadFinance 
#LLC 
#DYOR 
#BSCGem 
#Web3 
#Metaverse 

#nft #game #BTC #BNB #Ethereum #Binance #BinanceSmartChain #Bitcoin #NFTs 
#GameFi #IDO #DeFi #ToTheMoon #ElonMusk #Coinbase #Bitcoin #crypto https://t.co/J0GfmWXVbg",1479017203290677252,2022-03-20 18:22:56+00:00,
8,1505610853541982219,RT @BitcoinMagazine: The revolution can not be stopped. #Bitcoin https://t.co/J51qviTWId,1289142155878047745,2022-03-20 18:22:55+00:00,
9,1505610853370179585,"RT @Revolotto: 👑We're very happy to announce that ;
on this beautiful journey, now we are a bigger family of 30K Followers on Twitter. 

💎R…",1408147947708059648,2022-03-20 18:22:54+00:00,
10,1505610852375965700,"RT @ValerySobolev: 10 levels by PARTNER DAILY
You will be able to receive #BTC #USD by visiting your favorite sites by watching YouTube vid…",324318782,2022-03-20 18:22:54+00:00,
11,1505610850006097920,RT @MrPortner: Best present for a newborn I could image and give: B is for #bitcoin first #Satoshis in his young lifetime on an @OPENDIME s…,51684834,2022-03-20 18:22:54+00:00,
12,1505610845073588232,"RT @ZBexchange: Just one day to go until #AIBC in #Dubai! 🇦🇪

Find #ZB there, where our CEO International, Romex Jha, will be discussing th…",1402339254144061445,2022-03-20 18:22:53+00:00,
13,1505610844947759106,"RT @BitcoinMagazine: Only 2 weeks until the 19,000,000 #bitcoin is mined ⛏",1289142155878047745,2022-03-20 18:22:52+00:00,
14,1505610844242993154,"RT @CryptoListy: Supports all #crypto tax reports, supports #Bitcoin, #Ethereum, And more, works seamlessly and easily. @koinly got all tha…",1445632109033373699,2022-03-20 18:22:52+00:00,
15,1505610840573104133,"RT @ValerySobolev: 10 levels by PARTNER DAILY
You will be able to receive #BTC #USD by visiting your favorite sites by watching YouTube vid…",324318782,2022-03-20 18:22:51+00:00,
16,1505610840447545344,"RT @I_am_henryO: ᴬᴿᵀᴵˢᵀ 👉 @skiptechdesign

𝔸𝕧𝕒𝕚𝕝𝕒𝕓𝕝𝕖 𝕆𝕟 𝕆𝕡𝕖𝕟𝕤𝕖𝕒 👉

https://t.co/KPwHQx5DVO

#NFT #NFTCommunity #NFTs #nftart #nftcollectors…",1497130962437640193,2022-03-20 18:22:51+00:00,
17,1505610836525654021,"RT @JDxBruce: Airdrop 🪙  @cctip_com draw 70000 BabyDoge 250 $BTC #Bitcoin ifb

https://t.co/qfhscBlf6s",1462870094090948608,2022-03-20 18:22:50+00:00,
18,1505610835397332996,"@gladstein For all the crap #bitcoin ‘ers give @VitalikButerin …he agrees with this and doing his best to preserve the spirit of Satoshi’s creation. Financial inclusion and freedom for all. Less digital monkeys, more decentralized money and internet https://t.co/smwLLOIT0i",1436836386750058496,2022-03-20 18:22:50+00:00,
19,1505610835019763712,RT @CarlBMenger: #Bitcoin’ers yelling at their Non-#Bitcoin friends for years now: https://t.co/BzqG9uLcfO,603094930,2022-03-20 18:22:50+00:00,
20,1505610834873049090,"RT @TNR_Gold: Why banksters are “fighting” #FED with #Tether☃️☀️ using your money?

And who is buying all #Gold &amp; #Silver while they can?…",132288724,2022-03-20 18:22:50+00:00,
21,1505610831052087302,RT @AriZonanHODL: I’ve been asking normies their main objection to #bitcoin. Here are my takeaways. Use them as you wish to help the dialog…,1425135898497327106,2022-03-20 18:22:49+00:00,
22,1505610829739094016,"RT @airdropinspect: New airdrop: Ubiquity DAO (USDT)
Total Reward: 2,500 USDT
Rate: ⭐️⭐️⭐️⭐️
Winners: 1,000 Random &amp; Top 100
Distribution:…",1428559357008961543,2022-03-20 18:22:49+00:00,
23,1505610829730881548,"RT @ezzyg_armyz: @cryptoworld202 most solid fundamentals ? only few of coins like
#bitcoin #BitcoinZ #DGB",1487448046527000576,2022-03-20 18:22:49+00:00,
24,1505610828237656075,"DAO Safe Pay

Safest #payments  based #blockchain #blockchaintechnology 
#rt 
https://t.co/zx19X9YwdV - https://t.co/ToiVR28oxs

#Bitcoin #BTC #Ethereum #ETH
#Domain #Domains #domainnames #domainsforsale #DomainNameForSale #domainname #domainforsale #PremiumDomain #premiumdomains https://t.co/nAqK1fDevn",160428983,2022-03-20 18:22:49+00:00,
25,1505610826601877514,"RT @ValerySobolev: 10 levels by PARTNER DAILY
You will be able to receive #BTC #USD by visiting your favorite sites by watching YouTube vid…",324318782,2022-03-20 18:22:48+00:00,
26,1505610825565974534,"RT @p2ePrizeFighter: Who will be the next challenger?
(Screenshot from Actual Gameplay)

#nft #nftart #art #digitalart #nfts #nftartist #cr…",1129507306109132805,2022-03-20 18:22:48+00:00,
27,1505610825217761285,"RT @Revolotto: 🏏World's Dangerous Cricketer
Greatest Batsman of All-time in Cricket

🌎Universe Boss - Chris Gayle extending his support and…",1447637823306313728,2022-03-20 18:22:48+00:00,
28,1505610822487207939,"RT @cryptotigers12: The pre-sale date is March 21🗓

You can still sign up to join the @escacrypto waitlist👇

🌐https://t.co/NKF7wS4aB7

#esc…",1473278635121336324,2022-03-20 18:22:47+00:00,
29,1505610821652471809,#DeFi #TeleFy #DEX #cryptocurrency #Ethereum #BinanceSmartChain #Bitcoin #Airdrop #polkadot #MATIC #Polygon $TELE #Cardano #ETH https://t.co/Iwl6YhDz4I,1363340086599852039,2022-03-20 18:22:47+00:00,
30,1505610815843577860,"RT @Lord_Brise: @bitgertbrise is seriously gaining momentum and will hit a $10b market cap 🔥🔥🔥

#Brise 
#Bitgert 
#BRC20 
#bitcoin 
#ETH 
#…",450013183,2022-03-20 18:22:46+00:00,
31,1505610813763112960,"RT @ValerySobolev: 10 levels by PARTNER DAILY
You will be able to receive #BTC #USD by visiting your favorite sites by watching YouTube vid…",324318782,2022-03-20 18:22:45+00:00,
32,1505610813670887425,"RT @WatcherGuru: JUST IN: 🇸🇬 Singapore’s largest bank, DBS Bank CEO, Piyush Gupta, says central banks should regulate #Bitcoin &amp; #crypto.",1347959072352587778,2022-03-20 18:22:45+00:00,
33,1505610813092118529,"RT @AirdropStario: 💧 Koraplay Airdrop 💧

🏆 Task:          ➕  Up to 5000 KPLAY

👨‍👩‍👧 Referral:   ➕  500 KPLAY

🔛 Airdrop Link &amp; Information…",1501948848557625349,2022-03-20 18:22:45+00:00,
34,1505610813083582464,RT @Blockworks_: PayPal Co-Founder: The biggest mistake I made in the last decade was getting too late and too little into #Bitcoin,1457122630993993735,2022-03-20 18:22:45+00:00,
35,1505610812928323584,"XRP is getting ready to take off to the moon! #altcoin #bitcoin #binance #xrp #ripple

https://t.co/YHo25Xq9Zl",1477347463455457280,2022-03-20 18:22:45+00:00,
36,1505610812840460290,"RT @Mehrdad31046861: We are @SpyWolfNetwork and we are here to clean up the crypto space and to make you $$$
 
https://t.co/n3vpOGr8W6 is o…",1444966414343983104,2022-03-20 18:22:45+00:00,
37,1505610811049340928,"RT @AirdropStario: 💧 Odds96 Airdrop 💧

🏆 Task:          ➕ $10 worth of Odds96 Tokens.

🔛 Airdrop Link &amp; Information: https://t.co/rBb5KjyM1…",1502818907173777408,2022-03-20 18:22:44+00:00,
38,1505610810785210376,"RT @Revolotto: 👑We're very happy to announce that ;
on this beautiful journey, now we are a bigger family of 30K Followers on Twitter. 

💎R…",1447637823306313728,2022-03-20 18:22:44+00:00,
39,1505610808457375750,"RT @TheCryptoLark: #bitcoin will hit a million dollars per coin, the only question is when!",1445823241143001093,2022-03-20 18:22:44+00:00,
40,1505610807479963648,You can do Cloud Mining using this site https://t.co/0LqAUcXsCJ                            #mining #trxmining #money #earnmoney #register #bitcoin #ethereum #btc #eth #tronvex 2541,1500135601206697988,2022-03-20 18:22:44+00:00,
41,1505610807463538689,"RT @airdropinspect: New airdrop: Ubiquity DAO (USDT)
Total Reward: 2,500 USDT
Rate: ⭐️⭐️⭐️⭐️
Winners: 1,000 Random &amp; Top 100
Distribution:…",1448927945104375808,2022-03-20 18:22:44+00:00,
42,1505610807207469059,"n Japan, #XRP is religion. I love it! All works! #eth #ethereum #binance #bitcoin btc #ripple #crypto #cryptocurrency

https://t.co/PdUgQ1AtoD",1474128252696416260,2022-03-20 18:22:43+00:00,
43,1505610806083399684,RT @ZaffGeorge: #Bitcoin once again @ 42K,1485182490767679490,2022-03-20 18:22:43+00:00,
44,1505610805550583811,"RT @WolvesofCrypto_: The RSI triangle will break before the price triangle on #BTC.

This RSI break will give us a very good indication of…",1436667042103447554,2022-03-20 18:22:43+00:00,
45,1505610804560756736,"n Japan, #XRP is religion. I love it! All works! #eth #ethereum #binance #bitcoin btc #ripple #crypto #cryptocurrency

https://t.co/sARCGV3Aaz",1469357846353653773,2022-03-20 18:22:43+00:00,
46,1505610804028219396,"RT @AirdropStario: 💧 Bee-Trade Finance Airdrop 💧

📍 Audited by: CertiK

🏆 Task:          ➕  Up to 36 BTF (~$51,48)

👨‍👩‍👧 Referral:   ➕  5…",1498020811323711488,2022-03-20 18:22:43+00:00,
47,1505610803595993091,"RT @Lord_Brise: @bitgertbrise is seriously gaining momentum and will hit a $10b market cap 🔥🔥🔥

#Brise 
#Bitgert 
#BRC20 
#bitcoin 
#ETH 
#…",1461731081455951875,2022-03-20 18:22:43+00:00,
48,1505610802019151876,Just an idea... #bitcoin https://t.co/wg507y7017,1430401336273784833,2022-03-20 18:22:42+00:00,
