,id,text,author_id,created_at,geo
0,1505677562353266694,"➡️ @CONNECTORCOIN ⬅️
Good Project 👌👌👌
#crypto #bitcoin 
#CONNECTORCOIN 
#ctco $bnb $bsc 
$ctco #bnb #cryptocurrency
@Rocket__crypto
@charliesheen 
@Akon 
⬇️⬇️⬇️⬇️⬇️⬇️⬇️

📎TG
https://t.co/KmmLDtyPoE 🔥😈🤩😍 https://t.co/D40kEB6oeP",1494268163155968004,2022-03-20 22:47:59+00:00,
1,1505677557794058241,RT @maxkeiser: #Bitcoin came from . . .,1418575660784758786,2022-03-20 22:47:58+00:00,
2,1505677547798937601,"RT @saylor: If you don't understand money, you won't understand #bitcoin.",1255648794588389379,2022-03-20 22:47:56+00:00,
3,1505677544531628039,"RT @additionalrules: cryptocurrency news.

Ethereum Classic Soars On Reaction To Key Pattern, Miners Gain Interest: Is A Golden Cross On Th…",1504643754229215247,2022-03-20 22:47:55+00:00,
4,1505677543021588480,"@sergeigemhunter be ready for @UniVerse_BSC 
#NFTs #NFTCommunity #gaming #DeFi #BTC #Bitcoin #bnb #Binance #BinanceSmartChain #cryptotrading #cryptocurrecy #GameFi #NFTGiveaway  #NewYork #NYC #China #Japan #CoinMarketCap #CoinGecko #NFTdrop  #nftart  #NFTGame #NFTGame LG

https://t.co/lnOSOsejjm",1406650636876357636,2022-03-20 22:47:55+00:00,
5,1505677538785439751,"RT @el_crypto_prof: #ALTSEASON 

One chart that really excites me, is the #Altcoinmarketcap-Chart (exclude $BTC).

-Same structure as from…",104261319,2022-03-20 22:47:54+00:00,
6,1505677532934287363,Politicizing #SWIFT Will Power the Rise of Crypto #RussiaUkraineConflict #Russia #Bitcoin  #war #ukraine #putin #biden https://t.co/KJtSL3W0ot …,28803148,2022-03-20 22:47:52+00:00,
7,1505677531697094659,"RT @XYOPepe: Pepe will be giving away a total of 10,000 $xyo to 5 lucky winners (2,000 each) when it hits $0.03. 

Just retweet this to par…",1355530727870386181,2022-03-20 22:47:52+00:00,
8,1505677531432767496,"RT @saylor: If you don't understand money, you won't understand #bitcoin.",207319253,2022-03-20 22:47:52+00:00,
9,1505677529880961031,"RT @airdropinspect: New airdrop: PlayZap X CoinBlock 
Total Reward: $3,500 worth of PLAYZAP
Rate: ⭐️⭐️⭐️⭐️
Winners: 1000 Random &amp; Top 50
Di…",1481002067435180033,2022-03-20 22:47:51+00:00,
10,1505677529021284353,"RT @100OtrillionUSD: I´m giving 0.1 #btc #bitcoin to the first 1000 people who follows and retweets!! #cryptocurrency 
Drop your wallet",132458806,2022-03-20 22:47:51+00:00,
11,1505677527448236039,"When Satoshi is ever going to use his bitcoins he will be tracked and traced by chain analysis companies.. Think about that, around one million BTC locked up and useless! He will need a #Monero by then to opt-out, that is if he wants to stay anonymous.. 

#xmr #monero #Bitcoin https://t.co/k4be5qXeV8",946027049671692289,2022-03-20 22:47:51+00:00,
12,1505677525095133184,RT @adoptmeelonmusk: #BITCOIN #DOGECOIN all the coins 📈🎈🎈🎈,1392264618794438657,2022-03-20 22:47:50+00:00,
13,1505677524260605956,"RT @altnftworld: 1200$💰

NFT Giveaway 🚀🚀

To enter 
- Follow @altnftworld 👍
- RT + LİKE ♥️
- Tag 2 friends ✅

⏰48H. 

#NFT #NFTGiveaway #Gi…",1487368159237713921,2022-03-20 22:47:50+00:00,
14,1505677523744555011,The strongest bullish signal flashed for #XRP #bitcoin #btc #ethereum #eth https://t.co/9zBUTTqKqM,1285822581543768066,2022-03-20 22:47:50+00:00,
15,1505677523681697794,RT @EllensohnStefan: Check out lost cool kittydiamonteet#90 by Thiobedda at https://t.co/wI2eIg81Sr NFT! https://t.co/6rQIvaIm8G via @crypt…,1504529612994486283,2022-03-20 22:47:50+00:00,
16,1505677522880581633,"n Japan, #XRP is religion. I love it! All works! #eth #ethereum #binance #bitcoin btc #ripple #crypto #cryptocurrency

https://t.co/Tq0JMeMlJd",1437157981897072641,2022-03-20 22:47:50+00:00,
17,1505677520250748928,"RT @GiveawayInspect: New Giveaway: Retoken (USDT)
Total Reward: 2,000 USDT
Rate: ⭐️⭐️⭐️⭐️
Winners: 700 Random &amp; Top 50
Distribution: within…",1445065054538326031,2022-03-20 22:47:49+00:00,
18,1505677519747436550,"@venomdu237 @Bobatama is a token that you should check out is has 1000x potential
#BOBAMASK #BOBATAMA
#BOBATAMA1000x

@elonmusk
#ETH #Bitcoin  #nftart #NFTartist #trending 
#Crypto $Boba
#1000xGem #LBANK

👉 https://t.co/BaMcwVD95w",1504836040720367620,2022-03-20 22:47:49+00:00,
19,1505677517830590465,"We just know #XRP will moon #crypto #binance #cryptocurrency #bitcoin #btc

https://t.co/rQMXJYHzqg",1467203593967046657,2022-03-20 22:47:49+00:00,
20,1505677514248761348,XRP is getting ready to take off to the moon! #altcoin #bitcoin #binance #xrp #ripple https://t.co/SEhRn1Wq4d,1330194948424151042,2022-03-20 22:47:48+00:00,
21,1505677513330200583,@SimonDixonTwitt I genuinely believe @MoneySavingExp Martin Lewis would embrace #bitcoin after discussing it with people like yourself Simon 🙏. Whether it be as a savings tool/experimental donations for the masses or as a verification tool for one of the most fradulent online personalities.,1178976952574709760,2022-03-20 22:47:47+00:00,
22,1505677505050595334,"RT @ArtOfPunks1: Peace
Artist: @ArtOfPunks
Available: @opensea

➡️Polygon Blockchain
➡️No gass fee
➡️Handmade

#nfts #nft #nftart #nftcommu…",1494960316953903107,2022-03-20 22:47:45+00:00,
23,1505677504970989570,Get IN now don't be LATE #xrp #binance #cryptocurrency #bitcoin https://t.co/6sXKaNnOfR,1363772704730587138,2022-03-20 22:47:45+00:00,
24,1505677504694173700,@WhaleEverything @Medi_Token's changing the world! Building an amazing ecosystem &amp; donating to communities in need across the planet! #RealUtility #Charity #Crypto #NFT #Play2Earn #ETH #NFTs #x2000gem #bitcoin $Medi #MediArmy #MediToken #doxxed #LLC #Saitama #Shib https://t.co/V52YkkafB1 https://t.co/w3cUCpbYDC,1460551629950930944,2022-03-20 22:47:45+00:00,
25,1505677504534654976,"RT @p2ePrizeFighter: Who will be the next challenger?
(Screenshot from Actual Gameplay)

#nft #nftart #art #digitalart #nfts #nftartist #cr…",1435990492118876163,2022-03-20 22:47:45+00:00,
26,1505677504006144002,"We just know #XRP will moon #crypto #binance #cryptocurrency #bitcoin #btc

https://t.co/YtCKxnkg2K",1298586316339372032,2022-03-20 22:47:45+00:00,
27,1505677503091859461,"RT @cz_binance: If you don't understand #bitcoin, you don't understand money.",1431243482,2022-03-20 22:47:45+00:00,
28,1505677499832930305,"@GaryGiraffe3 @rarible @Bobatama is a token that you should check out is has 1000x potential
#BOBAMASK #BOBATAMA
#BOBATAMA1000x

@elonmusk
#ETH #Bitcoin  #nftart #NFTartist #trending 
#Crypto $Boba
#1000xGem #LBANK

👉 https://t.co/BaMcwVD95w",1504836040720367620,2022-03-20 22:47:44+00:00,
29,1505677499421843468,"RT @BTCTN: #Crypto's ""share as a medium for illicit finance is not anywhere as large as just using cash,"" said the Treasury official. #cryp…",265652318,2022-03-20 22:47:44+00:00,
30,1505677495579906048,"RT @DaniCoach2: star click earn money (FREE COURSE) Click Here 👉 https://t.co/geBP9M8oDQ

#Affiliates #AffiliateMarketing #affiliateprogram…",1246117723500941312,2022-03-20 22:47:43+00:00,
31,1505677494967447552,"RT @ShiborgToken: HERE WE GO!🥳😎🔥

#SHIBORGINU #NFT Platform and #NFTs goes live next week!

1000 unique and exclusive NFTs!
All NFT holders…",1331076050370011136,2022-03-20 22:47:43+00:00,
32,1505677494128680968,RT @Blockworks_: PayPal Co-Founder: The biggest mistake I made in the last decade was getting too late and too little into #Bitcoin,1472793712866562051,2022-03-20 22:47:43+00:00,
33,1505677485882724356,"We just know #XRP will moon #crypto #binance #cryptocurrency #bitcoin #btc

https://t.co/npqgD9bate",1284867381341413382,2022-03-20 22:47:41+00:00,
34,1505677484762689538,RT @OnChainCollege: #Bitcoin Perspective,1490058567625240578,2022-03-20 22:47:41+00:00,
35,1505677484138070016,"RT @AirdropDet: 🔍 New #Airdrop: Elite Cash

🏆 Total Airdrop Pool: 140,000 ELC [~$49,000]

🔴 Start the airdrop bot https://t.co/geX2YRhj5n…",1459003845615390726,2022-03-20 22:47:41+00:00,
36,1505677482183299072,"We just know #XRP will moon #crypto #binance #cryptocurrency #bitcoin #btc

https://t.co/OlJKa4xnSg",1423498636713857024,2022-03-20 22:47:40+00:00,
37,1505677480044253189,"RT @airdropinspect: New airdrop: Prizefighter (RING)
Total Reward: $5,000 worth of RING
Rate: ⭐️⭐️⭐️⭐️
Winners: 1,000 Random &amp; Top 100
Dist…",1414593600978100230,2022-03-20 22:47:40+00:00,
38,1505677476307025922,"RT @tedcruz: #Bitcoin is the new digital gold. 

The more Democrats devalue our currency, the more vulnerable it gets, and the more people…",1022125535252672512,2022-03-20 22:47:39+00:00,
39,1505677465343389697,"RT @100OtrillionUSD: I´m giving 0.1 #btc   #bitcoin   to the first 1000 people who follows and retweets!! #cryptocurrency #crypto
Drop your…",132458806,2022-03-20 22:47:36+00:00,
40,1505677464718110722,"RT @rektcapital: The upcoming #BTC Weekly candle close is looming large and price is just at the green dashed diagonal resistance

BTC need…",740033701954740224,2022-03-20 22:47:36+00:00,
41,1505677464709865477,"@tanerelhan @rarible @Bobatama is a token that you should check out is has 1000x potential
#BOBAMASK #BOBATAMA
#BOBATAMA1000x

@elonmusk
#ETH #Bitcoin  #nftart #NFTartist #trending 
#Crypto $Boba
#1000xGem #LBANK

👉 https://t.co/BaMcwVD95w",1504836040720367620,2022-03-20 22:47:36+00:00,
42,1505677460289040393,"RT @ShiborgToken: HERE WE GO!🥳😎🔥

#SHIBORGINU #NFT Platform and #NFTs goes live next week!

1000 unique and exclusive NFTs!
All NFT holders…",1502122219115220994,2022-03-20 22:47:35+00:00,
43,1505677457269362688,"RT @ArtOfPunks1: Horse thief
Artist: @ArtOfPunks
Available: @opensea

➡️Polygon Blockchain
➡️No gass fee
➡️Handmade

#nfts #nft #nftart #nf…",1246117723500941312,2022-03-20 22:47:34+00:00,
44,1505677456996540422,"RT @saylor: If you don't understand money, you won't understand #bitcoin.",1474817936141524996,2022-03-20 22:47:34+00:00,
45,1505677456811991042,"People MAD at the SEC for THIS in the XRP Case?😟 https://t.co/kqPL2KaOdZ… #Crypto #XRP #Bitcoin   $XRP #NFT #ETH #APECOIN 

👀",1496279195508432896,2022-03-20 22:47:34+00:00,
46,1505677456489037826,"RT @WeeklyGripe: This doesn't surprise me, the #ChinaRussia link is already there. Only one thing to do #boycottbinance

#crypto #bnb #cryp…",941364719964827648,2022-03-20 22:47:34+00:00,
47,1505677455050354692,"RT @AirdropDet: 🔍 New #Airdrop: YupVerse

💲 Reward: Up to 10M YuP (~$5) + 2M YuP (~$1,000) referral pool

🔴 Start the airdrop bot https://t…",1390874781055127552,2022-03-20 22:47:34+00:00,
48,1505677450323415044,"Are you aware that #IstandwithRussia, #IstandwithPutin are among the top tending hashtags in India ? This war has become so controversial 

#russia #Finance #bitcoin",962224063451148288,2022-03-20 22:47:32+00:00,
49,1505677448599392256,"RT @SheraTokens: we would like to announce that deposit and withdrawl at @LBank_Exchange  is open now...🔥🔥
#bitcoin    #BNB   #Etherum #SHI…",1084318638893453312,2022-03-20 22:47:32+00:00,
