,id,text,author_id,created_at,geo
0,1505372000059109376,"In Japan, #XRP is religion. I love it! All works! #eth #ethereum #binance #bitcoin btc #ripple #crypto #cryptocurrency https://t.co/0MNrR9yhsl",872958557758652420,2022-03-20 02:33:47+00:00,
1,1505371998847119363,"RT @AirdropDet: 🔍 New #Airdrop: YupVerse

💲 Reward: Up to 10M YuP (~$5) + 2M YuP (~$1,000) referral pool

🔴 Start the airdrop bot https://t…",1501537808959164421,2022-03-20 02:33:47+00:00,
2,1505371997856886784,"RT @Revolotto: 🏏World's Dangerous Cricketer
Greatest Batsman of All-time in Cricket

🌎Universe Boss - Chris Gayle extending his support and…",1390360352500506625,2022-03-20 02:33:47+00:00,
3,1505371996732882949,"We just know #XRP will moon #crypto #binance #cryptocurrency #bitcoin #btc

https://t.co/VJpoDl3VP5",1190788563878785024,2022-03-20 02:33:47+00:00,
4,1505371996565258243,We just know #XRP will moon #crypto #binance #cryptocurrency #bitcoin #btc https://t.co/Apj2SAP2WY,1233374992164933632,2022-03-20 02:33:47+00:00,
5,1505371995336110081,Get IN now don't be LATE #xrp #binance #cryptocurrency #bitcoin https://t.co/ofVKIrRrK2,1156964815836856325,2022-03-20 02:33:46+00:00,
6,1505371991557222405,"RT @CryptoKingKeyur: In the journey of 0 to 1, the journey from 0 to 0.1 is the hardest.

#Bitcoin",1505289002110406656,2022-03-20 02:33:45+00:00,
7,1505371991385157633,"n Japan, #XRP is religion. I love it! All works! #eth #ethereum #binance #bitcoin btc #ripple #crypto #cryptocurrency

https://t.co/TotMtGLqiU",295479228,2022-03-20 02:33:45+00:00,
8,1505371990437371905,The strongest bullish signal flashed for #XRP #bitcoin #btc #ethereum #eth https://t.co/8HdqckIG5K,1246246070117523456,2022-03-20 02:33:45+00:00,
9,1505371988915011586,RT @jreentertain: ALASKA CRYPTO CONFERENCE CONTINUES COME OUT TO SELFIE WRLD 8-10 pm!  FREE EVENT!  #alaskacryptoconference #firsteverinala…,1491508343651057664,2022-03-20 02:33:45+00:00,
10,1505371987283099648,"RT @airdropinspect: New airdrop: Prizefighter (RING)
Total Reward: $5,000 worth of RING
Rate: ⭐️⭐️⭐️⭐️
Winners: 1,000 Random &amp; Top 100
Dist…",1455792700469309443,2022-03-20 02:33:44+00:00,
11,1505371985265627136,@flagnetwork_NFT good @annhien2619 @vantruong300519 @lequocsu621  #FlagNetwork #IDO #cryptocurrency #Bitcoin #NFT,1478694384677711873,2022-03-20 02:33:44+00:00,
12,1505371984188014596,"RT @AirdropDet: 🔍 New #Airdrop: YupVerse

💲 Reward: Up to 10M YuP (~$5) + 2M YuP (~$1,000) referral pool

🔴 Start the airdrop bot https://t…",752025774,2022-03-20 02:33:44+00:00,
13,1505371983935991808,"@Limbouniverse @foundation This is the best gem out there.
@Bobatama
#BOBAMASK #BOBATAMA
#BOBATAMA1000x

@AuzsomeAustin @elonmusk @MattWallace888 @JakeGagain
@Yourpop8 @Z_humphries
#ETH #Bitcoin  #nftart #NFTartist
#Crypto $Boba
#1000xGem #LBANK

👉 https://t.co/aLpK8UszXz",1500160116577820678,2022-03-20 02:33:44+00:00,
14,1505371980769366017,"RT @chitaglorya__: giveaway 200$ | 2,800,000 IDR

-- rt follow @flagnetwork_NFT 

-- rt &amp; quoted their pinned with   #FlagNetwork  #cryptoc…",1490393124430282752,2022-03-20 02:33:43+00:00,
15,1505371980094185478,"In Japan, #XRP is religion. I love it! All works! #eth #ethereum #binance #bitcoin btc #ripple #crypto #cryptocurrency https://t.co/oqNJGEshwC",3932879057,2022-03-20 02:33:43+00:00,
16,1505371973114806274,We just know #XRP will moon #crypto #binance #cryptocurrency #bitcoin #btc https://t.co/GPZKGeyALT,1481064937581682689,2022-03-20 02:33:41+00:00,
17,1505371973089730562,"#Bitcoin is spreading everywhere

.              🇸🇻🇵🇾
       🇦🇹🇧🇷🇨🇦🇨🇭🇨🇱🇩🇪
             🇩🇰 🇪🇬       🇫🇷🇬🇷
            🇭🇰 🇮🇱        🇮🇪🇮🇳
           🇯🇵 🇰🇷     🇱🇹🇳🇴
    🇳🇬🇵🇪 🇵🇰🇵🇱🇵🇹🇷🇺
         🇸🇪 🇺🇸        🇹🇷🇺🇬
        🇧🇴 🇿🇼          🇧🇸🇧🇹
       🇧🇻 🇨🇺      🇪🇸🇬🇧
🇬🇹🇭🇷🇻🇳🇮🇩🇮🇷🇯🇲
    🇮🇹 🇸🇩",1387714349989564417,2022-03-20 02:33:41+00:00,
18,1505371971290234881,"@flagnetwork_NFT Nice
#FlagNetwork #IDO #cryptocurrency #Bitcoin #NFTs

@Abhayabehera2 

@GhiaPrasad 

@KantaShankhua",1441742536352034829,2022-03-20 02:33:41+00:00,
19,1505371970946449408,Get IN now don't be LATE #xrp #binance #cryptocurrency #bitcoin https://t.co/lBLhycALn7,878575756695052288,2022-03-20 02:33:40+00:00,
20,1505371967993843712,"RT @ashwsbreal: The year is 2028 and #Bitcoin 
Just hit $700k. 

That makes you happy right ? 

This is gonna happen so hold tight 
and be…",1497547782697385984,2022-03-20 02:33:40+00:00,
21,1505371965372076032,"@hejeemi This is the best gem out there.
@Bobatama
#BOBAMASK #BOBATAMA
#BOBATAMA1000x

@AuzsomeAustin @elonmusk @MattWallace888 @JakeGagain
@Yourpop8 @Z_humphries
#ETH #Bitcoin  #nftart #NFTartist
#Crypto $Boba
#1000xGem #LBANK

👉 https://t.co/aLpK8UszXz",1500160116577820678,2022-03-20 02:33:39+00:00,
22,1505371965326266368,"RT @AirdropDet: 🔍 New #Airdrop: YupVerse

💲 Reward: Up to 10M YuP (~$5) + 2M YuP (~$1,000) referral pool

🔴 Start the airdrop bot https://t…",818981432240394241,2022-03-20 02:33:39+00:00,
23,1505371964881395716,Get IN now don't be LATE #xrp #binance #cryptocurrency #bitcoin https://t.co/M0f3M82goL,118454367,2022-03-20 02:33:39+00:00,
24,1505371964348764166,We just know #XRP will moon #crypto #binance #cryptocurrency #bitcoin #btc https://t.co/njasEktK4P,388360167,2022-03-20 02:33:39+00:00,
25,1505371963941785600,"RT @AirdropStario: 💧 SafeWallet Airdrop 💧

🏆 Task:        ➕ 175 SLT (~$3.5) for 1000 random participants

👨‍👩‍👧 Referral: ➕ 30,000 SLT (~$6…",1481914776964202497,2022-03-20 02:33:39+00:00,
26,1505371962008543232,"RT @TheCryptoGifter: If you don't have @coinbase already, then use my code. 
After you buy or sell $100 or more in #Crypto, you get $10 in…",1497858616355069952,2022-03-20 02:33:38+00:00,
27,1505371959797846016,"We just know #XRP will moon #crypto #binance #cryptocurrency #bitcoin #btc

https://t.co/FNfReGQmVt",1289910327497224192,2022-03-20 02:33:38+00:00,
28,1505371953648992259,"We just know #XRP will moon #crypto #binance #cryptocurrency #bitcoin #btc

https://t.co/t1qLntsuG9",1560630318,2022-03-20 02:33:36+00:00,
29,1505371949085736960,"RT @SpookyShibaRoo: Check out the updated website #SpookyShiba 

https://t.co/AGh4BScHcB

#BNB #BahrainGP #instagram #BTC #Bitcoin #binance…",1502218696563077122,2022-03-20 02:33:35+00:00,
30,1505371948058316801,"RT @TheCryptoLaunch: 💥The Crypto Launchpad Giveaway💥

🏆 Task: Up to $50 worth of TCL Partners' Tokens.

👨‍👩‍👧 Referral: $25 worth of TCL Pa…",1416937149996302336,2022-03-20 02:33:35+00:00,
31,1505371947709853700,"@elysamunster This is the best gem out there.
@Bobatama
#BOBAMASK #BOBATAMA
#BOBATAMA1000x

@AuzsomeAustin @elonmusk @MattWallace888 @JakeGagain
@Yourpop8 @Z_humphries
#ETH #Bitcoin  #nftart #NFTartist
#Crypto $Boba
#1000xGem #LBANK

👉 https://t.co/aLpK8UszXz",1500160116577820678,2022-03-20 02:33:35+00:00,
32,1505371944610193412,"We just know #XRP will moon #crypto #binance #cryptocurrency #bitcoin #btc

https://t.co/O0YodiQO6E",1227568098376658944,2022-03-20 02:33:34+00:00,
33,1505371944321007616,"In Japan, #XRP is religion. I love it! All works! #eth #ethereum #binance #bitcoin btc #ripple #crypto #cryptocurrency https://t.co/9fKb82XEsS",738670166465085440,2022-03-20 02:33:34+00:00,
34,1505371941783621634,"@elonmusk Bitcoin is geniuse 

#Bitcoin 
#cryptocurrecy",1502488428620902402,2022-03-20 02:33:34+00:00,
35,1505371938696228865,"XRP is getting ready to take off to the moon! #altcoin #bitcoin #binance #xrp #ripple

https://t.co/ASYavAJQfz",779311500,2022-03-20 02:33:33+00:00,
36,1505371938629513217,"RT @AirdropDet: 🔍 New #Airdrop: YupVerse

💲 Reward: Up to 10M YuP (~$5) + 2M YuP (~$1,000) referral pool

🔴 Start the airdrop bot https://t…",1374647324278890497,2022-03-20 02:33:33+00:00,
37,1505371928881553410,"@SkulleezNFT This is the best gem out there.
@Bobatama
#BOBAMASK #BOBATAMA
#BOBATAMA1000x

@AuzsomeAustin @elonmusk @MattWallace888 @JakeGagain
@Yourpop8 @Z_humphries
#ETH #Bitcoin  #nftart #NFTartist
#Crypto $Boba
#1000xGem #LBANK

👉 https://t.co/aLpK8UszXz",1500160116577820678,2022-03-20 02:33:30+00:00,
38,1505371926742683648,The strongest bullish signal flashed for #XRP #bitcoin #btc #ethereum #eth https://t.co/Jfb2YLxdY5,1449178566407639040,2022-03-20 02:33:30+00:00,
39,1505371925937238018,"Every #Bitcoin helps: Crypto-fueled relief aid for Ukraine

https://t.co/wwKBP1Pamw #BTC #Crypto #CryptoNews #CryptocurrencyNews",1441934645763862528,2022-03-20 02:33:30+00:00,
40,1505371923907108864,"n Japan, #XRP is religion. I love it! All works! #eth #ethereum #binance #bitcoin btc #ripple #crypto #cryptocurrency

https://t.co/MKDasHMYDI",1381942878880985094,2022-03-20 02:33:29+00:00,
41,1505371918530068480,"I am claiming my free Lightning sats from @_bitcoiner's amazing faucet! ⚡

@boltcoiner unlock me 9883e182-1335-4067-aa41-e30b8da00e61

#Bitcoin #BTC #LN #LightningNetwork #boltcoiner
https://t.co/IMfwZUqBZN",1199725860569280512,2022-03-20 02:33:28+00:00,
42,1505371918442151941,"RT @airdropinspect: New airdrop: Prizefighter (RING)
Total Reward: $5,000 worth of RING
Rate: ⭐️⭐️⭐️⭐️
Winners: 1,000 Random &amp; Top 100
Dist…",1424378651714408450,2022-03-20 02:33:28+00:00,
43,1505371917867368454,"RT @chitaglorya__: giveaway 200$ | 2,800,000 IDR

-- rt follow @flagnetwork_NFT 

-- rt &amp; quoted their pinned with   #FlagNetwork  #cryptoc…",1375733396115124227,2022-03-20 02:33:28+00:00,
44,1505371917661913090,"RT @CryptoKingKeyur: Yes definitely, fundamentally strong coins are the best thing that parents can gift to their child!

#Bitcoin",1505289002110406656,2022-03-20 02:33:28+00:00,
45,1505371916592648198,"RT @Revolotto: 🏏World's Dangerous Cricketer
Greatest Batsman of All-time in Cricket

🌎Universe Boss - Chris Gayle extending his support and…",1483324217378873347,2022-03-20 02:33:28+00:00,
46,1505371915422433283,"RT @AirdropDet: 🔍 New #Airdrop: YupVerse

💲 Reward: Up to 10M YuP (~$5) + 2M YuP (~$1,000) referral pool

🔴 Start the airdrop bot https://t…",1219389871753576448,2022-03-20 02:33:27+00:00,
47,1505371912616116234,We just know #XRP will moon #crypto #binance #cryptocurrency #bitcoin #btc https://t.co/dJrtE6VpGB,1448256088835559427,2022-03-20 02:33:27+00:00,
48,1505371910837661701,"@hicetnunc1ab This is the best gem out there.
@Bobatama
#BOBAMASK #BOBATAMA
#BOBATAMA1000x

@AuzsomeAustin @elonmusk @MattWallace888 @JakeGagain
@Yourpop8 @Z_humphries
#ETH #Bitcoin  #nftart #NFTartist
#Crypto $Boba
#1000xGem #LBANK

👉 https://t.co/aLpK8UszXz",1500160116577820678,2022-03-20 02:33:26+00:00,
49,1505371910795931649,"RT @chitaglorya__: giveaway 200$ | 2,800,000 IDR

-- rt follow @flagnetwork_NFT 

-- rt &amp; quoted their pinned with   #FlagNetwork  #cryptoc…",3433168535,2022-03-20 02:33:26+00:00,
