,id,text,author_id,created_at,geo
0,1505591496090685442,"RT @Revolotto: 🏏World's Dangerous Cricketer
Greatest Batsman of All-time in Cricket

🌎Universe Boss - Chris Gayle extending his support and…",253436422,2022-03-20 17:05:59+00:00,
1,1505591495415545857,"Cryptocurrency prices today: ApeCoin extends losses, #bitcoin near $41,450 https://t.co/UiXVqNJm7y https://t.co/WakVUzghdC",2281314234,2022-03-20 17:05:59+00:00,
2,1505591494048030722,"RT @AirdropDet: 🔍 New #Airdrop: SteamPad

🏆 Total Airdrop Pool: 5 Million STPD [~$300,000]

🔴 Start the airdrop bot https://t.co/CR15u9bH3K…",1401567604242743297,2022-03-20 17:05:59+00:00,
3,1505591493393850375,"RT @AirdropStario: 💧 Odds96 Airdrop 💧

🏆 Task:          ➕ $10 worth of Odds96 Tokens.

🔛 Airdrop Link &amp; Information: https://t.co/rBb5KjyM1…",1498559617164525574,2022-03-20 17:05:59+00:00,
4,1505591492395429890,RT @crypstax: PayPal co-founder says the “biggest mistake I made in the last decade was getting too late and too little into #Bitcoin.” In…,1468257833460199426,2022-03-20 17:05:58+00:00,
5,1505591491749572609,"RT @BitcoinMagazine: 💥 In 17 days, the biggest #Bitcoin  conference in history kicks off in Miami 👀",1426607444411621376,2022-03-20 17:05:58+00:00,
6,1505591490655166464,"RT @DimpalS04947727: 🔎 New Airdrops: Phaver
🎁 Reward:  GET Phaver Points
👨‍👧‍👦 Participants: For All Early Users
🔥 Each 250$ to 1500$

🦾 Re…",1480170528690245638,2022-03-20 17:05:58+00:00,
7,1505591490013122560,"@flagnetwork_NFT @HyperRacer_NFT To the moon
#FlagNetwork 
#IDO 
#cryptocurrency 
#bitcoin 
#NTFs",1464533012025167881,2022-03-20 17:05:58+00:00,
8,1505591488570351620,"RT @DocumentingBTC: U.S. Rep. @RitchieTorres, 'We should all be rooting for its success because decentralizing both finance and the interne…",113371508,2022-03-20 17:05:58+00:00,
9,1505591487307948032,"RT @AirdropStario: 💧 RPGC Airdrop 💧

🏆 Task:         ➕  $8 worth of RPGC for 2000 random participants each.

👨‍👩‍👧 Referral:  ➕  $40 worth…",1457636748113158144,2022-03-20 17:05:57+00:00,
10,1505591485344849921,"RT @AirdropStario: 💧 Odds96 Airdrop 💧

🏆 Task:          ➕ $10 worth of Odds96 Tokens.

🔛 Airdrop Link &amp; Information: https://t.co/rBb5KjyM1…",1484558199374385154,2022-03-20 17:05:57+00:00,
11,1505591484074139649,"@Wiiinnie 🔥BlocPay🔥

BlocPay is one of multiple modules that BlocVault plans to release. 
One of the biggest things that BlocPay brings to the table is FIAT direct to Tokens along with the BlocVault Debit Card.💳

#BITCOIN #BSC #ETH
#Staking #BSC #ETH #BTC 
#WeAreBlocVault https://t.co/Drxx0mOarf",1481876386176458755,2022-03-20 17:05:56+00:00,
12,1505591483914543108,"RT @AirdropAchiever: New Whitelist: STMAN × FamCentral
Allocation: ≤ 30 BUSD (TBA)
Winners: All Participants
End Date: 22nd March, 2022

🔗…",1430570819478953986,2022-03-20 17:05:56+00:00,
13,1505591482891501570,"RT @AirdropDet: 🔍 New #Airdrop: YupVerse

💲 Reward: Up to 10M YuP (~$5) + 2M YuP (~$1,000) referral pool

🔴 Start the airdrop bot https://t…",1483051327647535109,2022-03-20 17:05:56+00:00,
14,1505591478948487169,"RT @BitcoinMagazine: Only 2 weeks until the 19,000,000 #bitcoin is mined ⛏",20577717,2022-03-20 17:05:55+00:00,
15,1505591477266747395,"RT @AirdropDet: 🔍 New #Airdrop: CVIP

💲 Reward: Up to 20 CVIP (~$2.5) + 40K CVIP (~$5K) referral pool

🔴 Start the airdrop bot https://t.co…",1478287766953897984,2022-03-20 17:05:55+00:00,
16,1505591473290760193,"RT @TheCryptoLaunch: 💥We have now 80K+ Followers on Twitter!!💥
🙏Thank You, Followers!! Thank you all for following and joining us
🎉It's cel…",1461577799878074371,2022-03-20 17:05:54+00:00,
17,1505591470161424387,"RT @ashwsbreal: #Bitcoin will hit $100k sooner 
than you think.",982252545283211264,2022-03-20 17:05:53+00:00,
18,1505591466378539009,"RT @AirdropStario: 💧 CryptoZerofi Airdrop 💧

🏆 Task:          ➕ 22,000 USDT » Total reward pool.

🔛 Airdrop Link &amp; Information: https://t.c…",1475337989119037444,2022-03-20 17:05:52+00:00,
19,1505591463593361410,"RT @carecoinfamily: **AMA ANNOUNCEMENT FOR 3/6/2022* 
TODAY @ 2PM CST  18:00PM UTC    https://t.co/b4VCiq4BSb
Come join us!
#cryptocurrenci…",1672541166,2022-03-20 17:05:52+00:00,
20,1505591463408713728,"Earn Crypto Currency on Binance
Link : https://t.co/jMrjY4hyDe
#Binance
#bitcoin 
#BinanceSmartChain 
#BinanceBlockchainWeek 
#binance 
#BinanceNFT https://t.co/EbhsYz84Ot",950823634339319808,2022-03-20 17:05:52+00:00,
21,1505591460116189185,"RT @AirdropStario: 💧 CryptoZerofi Airdrop 💧

🏆 Task:          ➕ 22,000 USDT » Total reward pool.

🔛 Airdrop Link &amp; Information: https://t.c…",1458864794061135876,2022-03-20 17:05:51+00:00,
22,1505591457247162371,"RT @tigerprooffical: #Giveaway

5 winners get a follow 

Follow @GIVE_AWAYREAL, retweet, @ 3 freinds

#NFTCommunity  #Bitcoin #BTC #crypto…",1490229663117246465,2022-03-20 17:05:50+00:00,
23,1505591457184374790,Who’s in on this #pulsex project??? I’m curious how many sacrificed #Crypto #HEX #bitcoin?,1365363829606072323,2022-03-20 17:05:50+00:00,
24,1505591455863435268,"RT @AirdropDet: 🔍 New #Airdrop: SteamPad

🏆 Total Airdrop Pool: 5 Million STPD [~$300,000]

🔴 Start the airdrop bot https://t.co/CR15u9bH3K…",1496180047455338496,2022-03-20 17:05:50+00:00,
25,1505591455263379459,RT @fast7clean: If you a Crypto noob: This means that investors are moving ETH from their 'tradable' exchange wallets -to- their personal W…,1490351919658901508,2022-03-20 17:05:50+00:00,
26,1505591454642864130,"RT @AirdropStario: 💧 Odds96 Airdrop 💧

🏆 Task:          ➕ $10 worth of Odds96 Tokens.

🔛 Airdrop Link &amp; Information: https://t.co/rBb5KjyM1…",1475337989119037444,2022-03-20 17:05:49+00:00,
27,1505591454504128513,"RT @p2ePrizeFighter: Who will be the next challenger?
(Screenshot from Actual Gameplay)

#nft #nftart #art #digitalart #nfts #nftartist #cr…",1361727235321782274,2022-03-20 17:05:49+00:00,
28,1505591451069009920,RT @iLoveJaneAdams: America was a nation founded on democratic principles. #Bitcoin is a digital currency and it too was founded on democra…,1384946513198010368,2022-03-20 17:05:49+00:00,
29,1505591449597132800,"Time is the ultimate elixir in #crypto 

If you survive more than 1 cycle you will understand what I mean &amp; the growth of previous cycle blue chip purchases 

#eth #xrp #bitcoin #ada #hbar $xrp $hbar $ada $eth $btc @MoonLamboio @hbar_to_moon @jungleincxrp @hbar1000 @BarHBARian https://t.co/NNX0ODB3FL",1071116798638997504,2022-03-20 17:05:48+00:00,
30,1505591445469736961,"RT @MMCrypto: Short Term #Bitcoin Hodl’ers (new money) holds the most among bull market tops.

Long Term #Bitcoin Hodl’ers (smart money) ho…",1130019667693715456,2022-03-20 17:05:47+00:00,
31,1505591444824018946,"RT @TheCryptoLaunch: 💥The Crypto Launchpad Giveaway💥

🏆 Task: Up to $50 worth of TCL Partners' Tokens.

👨‍👩‍👧 Referral: $25 worth of TCL Pa…",1461577799878074371,2022-03-20 17:05:47+00:00,
32,1505591444416962563,"RT @AirdropStario: 💧 Odds96 Airdrop 💧

🏆 Task:          ➕ $10 worth of Odds96 Tokens.

🔛 Airdrop Link &amp; Information: https://t.co/rBb5KjyM1…",1458864794061135876,2022-03-20 17:05:47+00:00,
33,1505591443687378944,"RT @TheRealPlanC: 1/4 - Introducing, Market Capitulation Ratio 🎯 

A new #Bitcoin onchain ratio that gauges the recent relative momentum an…",1423955546751733762,2022-03-20 17:05:47+00:00,
34,1505591442009473025,"#valerstudios #VLR #blockchain #cryptocurrency #technology #bitcoin #money #crypto #Binance #BNB #cryptocurrencies #fintech 
@valerstudios 
This project is performing with nicely and very active to response. The team always trying to get success at cryptocurrency markets.",1406148422097330177,2022-03-20 17:05:46+00:00,
35,1505591440709230594,"RT @TheMoonCarl: Holding fiat will turn billionaires into millionaires.

HODLing #Bitcoin will turn millionaires into ₿illionaires.",3063758351,2022-03-20 17:05:46+00:00,
36,1505591440579371010,"Trading Token: $QA @QuantumAssetsQA
Trading Time: Mar 22nd 22:00 (GMT+8) 
#Bitcoin  #SHIB #NFT #QA 
Details: https://t.co/DG0sx2oKpN
Register: https://t.co/EQ2GVtHVwv
Event:
1:  Follow and Retweet to Share 330K Q
2: Position Snapshot to Share 370K Q
3: Trade QA to share 1m QA https://t.co/j0cPkPZ9J0",1426801946300588035,2022-03-20 17:05:46+00:00,
37,1505591439480492032,"RT @DocumentingBTC: Hal Finney was a pioneer, cypherpunk, and the first to receive a #bitcoin  transaction from Satoshi Nakamoto. Hal gave…",890162796226371586,2022-03-20 17:05:46+00:00,
38,1505591436573511680,"RT @airdropinspect: New airdrop: NOS Watch
Total Reward: 1,100 Artwork NFT
Rate: ⭐️⭐️⭐️⭐️
Winners: 1,000 Random &amp; Top 100
Distribution: wit…",1449073976660004865,2022-03-20 17:05:45+00:00,
39,1505591432911855616,RT @NatashaCryptoUS: #bitcoin looks ready to explode! 👀🚀,946669619539976192,2022-03-20 17:05:44+00:00,
40,1505591431775281157,"RT @p2ePrizeFighter: Who will be the next challenger?
(Screenshot from Actual Gameplay)

#nft #nftart #art #digitalart #nfts #nftartist #cr…",1502017033705332738,2022-03-20 17:05:44+00:00,
41,1505591431292891136,"RT @AirCoinreal: Sources: Honduras to announce #Bitcoin  as legal tender, 1 year after El Salvador did the same.

https://t.co/sS6X1AxNBF h…",1371070439502483461,2022-03-20 17:05:44+00:00,
42,1505591430349086721,RT @defi_daria: Can you really argue that #bitcoin is involved in everything now? https://t.co/EQQv6Za3nA,1376926518794878980,2022-03-20 17:05:44+00:00,
43,1505591430198460417,"RT @AltsOracle: #Bitcoin d
$BTC 
#Cryptocurrencies 
#Gann 

3/1 and/or 4/1 inevitable. Sorry, don't shoot the messenger. https://t.co/A5z6R…",16663011,2022-03-20 17:05:44+00:00,
44,1505591430013755399,Any $xrp holders over here? Do you hate your life? I'm holding it already for 15min and I hate myself already #bitcoin hahaha,44377153,2022-03-20 17:05:44+00:00,
45,1505591429954998277,RT @maxkeiser: Waste of time… Go #Bitcoin or lose it all.,1344146247653978113,2022-03-20 17:05:44+00:00,
46,1505591429392785410,"Bitcoin (BTC) Supply on Crypto Exchanges Drops to Three-Year Lows, According to Analytics Firm
#bitcoin #ethereum #cryptocurrency #blockchain #btc #iNf4mation 
Source: https://t.co/HqWwJejMK8 https://t.co/ZRA7f6VM8j",1012626486996750336,2022-03-20 17:05:43+00:00,
47,1505591426650099712,"RT @saritakri482: 🔎 New Airdrops: Phaver
🎁 Reward:  GET Phaver Points
👨‍👧‍👦 Participants: For All Early Users
🔥 Each 300$ to 1600$

🦾 Regis…",1480170528690245638,2022-03-20 17:05:43+00:00,
48,1505591423495811081,"RT @saylor: If you don't understand money, you won't understand #bitcoin.",1288264014938636288,2022-03-20 17:05:42+00:00,
49,1505591423034269702,#DeFi #TeleFy #DEX #cryptocurrency #Ethereum #BinanceSmartChain #Bitcoin #Airdrop #polkadot #MATIC #Polygon $TELE #Cardano #ETH https://t.co/27XXAIpK8Z https://t.co/b8ILx0cWr8,1420953974153220099,2022-03-20 17:05:42+00:00,
