,id,text,author_id,created_at,geo
0,1505493349913882624,#bitcoin trading over 41.5k .,1490339787919613971,2022-03-20 10:35:59+00:00,
1,1505493347569442823,"@bitfinex #BlueSparrow is a bridge between the stock market and crypto .. You will have both in the Blue Sparrow CEX
@BlueSparrowETH
#BluesparrowCEX
#BlueSparrow
#BlueSparrowtoken
#BlueSparrowCommunity
#bitcoin
#BestDrawToken
#Bluesparrowcharity
#Web3
#NFT 
https://t.co/iX9ThGAout
☘14",1500745978495881216,2022-03-20 10:35:59+00:00,
2,1505493344109019137,"n Japan, #XRP is religion. I love it! All works! #eth #ethereum #binance #bitcoin btc #ripple #crypto #cryptocurrency

https://t.co/mzermPcA7v",3192457057,2022-03-20 10:35:58+00:00,
3,1505493343756697600,"RT @rovercrc: WARNING⚠️ IF #BITCOIN BREAKS $42,500 WE WILL GO PARABOLIC!!",1328579648784109576,2022-03-20 10:35:58+00:00,
4,1505493343408635911,"Hi!😀 The World Cup is coming soon.⚽️🏆
More football players on https://t.co/V4OVXir3KW
#xtz #NFTCommunity #NFTcollectibles #cryptoart #eth #NFTGiveaway #NFT #NFTcollection #NFTart #nftcollectors #cryptoparty #opensea #naftnews #pug #eth #btc #bitcoin https://t.co/tak1VOl9Jo",1458654381444939780,2022-03-20 10:35:58+00:00,
5,1505493342104211459,"RT @AirdropStario: 💧 MedusaZone Airdrop 💧

🏆 Task:          ➕  Up to 30 AMEDU (~$36)

👨‍👩‍👧 Referral:   ➕  10 AMEDU (~$12)

🔛 Airdrop Link…",1429826238126825477,2022-03-20 10:35:58+00:00,
6,1505493342074945539,"RT @AirdropStario: 💧 SafeWallet Airdrop 💧

🏆 Task:        ➕ 175 SLT (~$3.5) for 1000 random participants

👨‍👩‍👧 Referral: ➕ 30,000 SLT (~$6…",1267550830774845440,2022-03-20 10:35:58+00:00,
7,1505493341680644098,"RT @BabyShibaBill: We're starting #videoads and #redditpromotions next week. In the next 15 days, #people will start to hear us. #1000x wil…",1505439331724443652,2022-03-20 10:35:58+00:00,
8,1505493340770672645,"RT @AirdropDet: 🔍 New #Airdrop: YupVerse

💲 Reward: Up to 10M YuP (~$5) + 2M YuP (~$1,000) referral pool

🔴 Start the airdrop bot https://t…",2583089556,2022-03-20 10:35:57+00:00,
9,1505493340405477382,"RT @AirdropDet: 🔍 New #Airdrop: Elite Cash

🏆 Total Airdrop Pool: 140,000 ELC [~$49,000]

🔴 Start the airdrop bot https://t.co/geX2YRhj5n…",1394632607887880195,2022-03-20 10:35:57+00:00,
10,1505493335368159235,RT @Arminsaber1771: @Navid18714913 @SpyWolfNetwork Security is the most valuable asset that is not easily obtained. Our eyes are always ope…,1478271393687080963,2022-03-20 10:35:56+00:00,
11,1505493334839947269,"RT @TnanVao: It would be foolish to own a stock and expect it to rise tomorrow morning.
#Crypto #bitcoin #BTC #binance #BNB #fast #NFTCommu…",1452886305117933570,2022-03-20 10:35:56+00:00,
12,1505493333841518598,"RT @Bestbrainnn: #Bitcoin is still stuck between 38k$ and 45k$. We've touched the 45k twice, if we fail to break this time for the third ti…",1242554353271136262,2022-03-20 10:35:56+00:00,
13,1505493333782765571,"RT @airdropinspect: New airdrop: Flamingo Casino
Total Reward: 200 NFTs &amp; $2500 pricing pool
Rate:⭐️⭐️⭐️⭐️
Winners: 220 Random
Distribution…",1499439126520680449,2022-03-20 10:35:56+00:00,
14,1505493332457263106,"RT @AirdropStario: 💧 MedusaZone Airdrop 💧

🏆 Task:          ➕  Up to 30 AMEDU (~$36)

👨‍👩‍👧 Referral:   ➕  10 AMEDU (~$12)

🔛 Airdrop Link…",1387982929406554112,2022-03-20 10:35:55+00:00,
15,1505493332415619072,"This a good &amp; promising project, their market work very good, I hope the development of this project is getting Huge in the future.

@BimBimmZ 
@Zulaiman311 
@rahmat_jie80

#tothemoon
#bitcoin
#Airdrop 
#Giveaway
#cs_binance https://t.co/2C6IsoXqVs",1413328089426259971,2022-03-20 10:35:55+00:00,
16,1505493330838228994,"XRP is getting ready to take off to the moon! #altcoin #bitcoin #binance #xrp #ripple

https://t.co/iOXfpaygs9",1267521928081936385,2022-03-20 10:35:55+00:00,
17,1505493330557210626,"RT @airdropinspect: New airdrop: Retoken (USDT)
Total Reward: 2,000 USDT
Rate: ⭐️⭐️⭐️⭐️
Winners: 700 Random &amp; Top 50
Distribution: within a…",1482309677501542404,2022-03-20 10:35:55+00:00,
18,1505493329865318401,"RT @AirdropStario: 💧 CRAT Airdrop 💧

🏆 Task:         ➕  $50 worth of CRAT for 1000 random participants each

👨‍👩‍👧 Referral:  ➕  $100 worth…",1503776988758224904,2022-03-20 10:35:55+00:00,
19,1505493329789992960,"RT @AwkwardDragons: Glimpse of our P2E GAME gamplay⚔️ Our community will decide the game name, join our discord now to drop your ideas and…",1477589226497605632,2022-03-20 10:35:55+00:00,
20,1505493328221319170,"RT @AirdropStario: 💧 CRAT Airdrop 💧

🏆 Task:         ➕  $50 worth of CRAT for 1000 random participants each

👨‍👩‍👧 Referral:  ➕  $100 worth…",1440466437630357509,2022-03-20 10:35:54+00:00,
21,1505493327944331270,"@bitfinex #BlueSparrow is a bridge between the stock market and crypto .. You will have both in the Blue Sparrow CEX
@BlueSparrowETH
#BluesparrowCEX
#BlueSparrow
#BlueSparrowtoken
#BlueSparrowCommunity
#bitcoin
#BestDrawToken
#Bluesparrowcharity
#Web3
#NFT 
https://t.co/iX9ThGAout
☘13",1500745978495881216,2022-03-20 10:35:54+00:00,
22,1505493324857184256,"n Japan, #XRP is religion. I love it! All works! #eth #ethereum #binance #bitcoin btc #ripple #crypto #cryptocurrency

https://t.co/pzHdsecXiK",1480097880526372865,2022-03-20 10:35:54+00:00,
23,1505493323900878853,"RT @Revolotto: 🏏World's Dangerous Cricketer
Greatest Batsman of All-time in Cricket

🌎Universe Boss - Chris Gayle extending his support and…",2194104835,2022-03-20 10:35:53+00:00,
24,1505493323221553155,RT @Vahid2810: @Navid18714913 @SpyWolfNetwork We were always afraid of wolves. But now they have decided to protect us. I'm not afraid of a…,1478271393687080963,2022-03-20 10:35:53+00:00,
25,1505493321854070785,"@RumonSha31 @flagnetwork_NFT Good job guys
@raqeeb32
@BasithXx
@sameeroraut 
 #FlagNetwork #IDO #cryptocurrency #Bitcoin #NFTs",1469342276077957120,2022-03-20 10:35:53+00:00,
26,1505493317512929282,"RT @AirdropStario: 💧 Bee-Trade Finance Airdrop 💧

📍 Audited by: CertiK

🏆 Task:          ➕  Up to 36 BTF (~$51,48)

👨‍👩‍👧 Referral:   ➕  5…",1382813285913747459,2022-03-20 10:35:52+00:00,
27,1505493316913471490,"RT @AirdropDet: 🔍 New #Airdrop: Elite Cash

🏆 Total Airdrop Pool: 140,000 ELC [~$49,000]

🔴 Start the airdrop bot https://t.co/geX2YRhj5n…",1499491759369629697,2022-03-20 10:35:52+00:00,
28,1505493314979594240,"RT @airdropinspect: New airdrop: Prizefighter (RING)
Total Reward: $5,000 worth of RING
Rate: ⭐️⭐️⭐️⭐️
Winners: 1,000 Random &amp; Top 100
Dist…",1482309677501542404,2022-03-20 10:35:51+00:00,
29,1505493313457164288,"U.S. Stocks Extend Yearslong Winning Streak 

#stocks #money #investing #entrepreneur #bitcoin #forex #business #investment #investor #cryptocurrency #trading #invest #market #wealth #finance
#success #wallstreet
#motivation #trad...
https://t.co/T6e7lO37MU",1367700165226864640,2022-03-20 10:35:51+00:00,
30,1505493312987312130,"RT @GiveawayInspect: New Giveaway: Retoken (USDT)
Total Reward: 2,000 USDT
Rate: ⭐️⭐️⭐️⭐️
Winners: 700 Random &amp; Top 50
Distribution: within…",1359940215364751360,2022-03-20 10:35:51+00:00,
31,1505493312869785611,"RT @AirdropStario: 💧 CRAT Airdrop 💧

🏆 Task:         ➕  $50 worth of CRAT for 1000 random participants each

👨‍👩‍👧 Referral:  ➕  $100 worth…",1497085177390329857,2022-03-20 10:35:51+00:00,
32,1505493310672154634,"@CryptoWhaleinfo #shinja #ShinjaSeason
#DubaiExpo2022
#DubaiCryptoExpo

#DOJOSWAP listing #Token
#Selena_Inu
#flokimusk
#saitanobi
#bobatama
#threeohdao
#YetiCoin
#kuonotori
#planataso

#shiba #Ceek #mana #raca #xrp
#altcoin #AVAX #dogecoin
#BabyDoge #GALA
@cz_binance @elonmusk #Bitcoin #ethereum",1379506222366396418,2022-03-20 10:35:50+00:00,
33,1505493310567493633,"RT @AwkwardDragons: Glimpse of our P2E GAME gamplay⚔️ Our community will decide the game name, join our discord now to drop your ideas and…",1504408924845645829,2022-03-20 10:35:50+00:00,
34,1505493309724274688,RT @MatthewHyland_: #Bitcoin Monthly RSI Falling Wedge 😯 https://t.co/Ee220HUQ96,240067557,2022-03-20 10:35:50+00:00,
35,1505493307941535746,"RT @binance: 💰 $10,000 giveaway 💰
 
Post your #BitcoinButton result to enter!
 
Rules:
🔸 Retweet this post
🔸 Follow @Binance
🔸 Play #Bitcoi…",1486348126009323524,2022-03-20 10:35:49+00:00,
36,1505493307765497858,"RT @DocumentingBTC: Think you're ""too late"" to buy #bitcoin now? So did they. https://t.co/7Zf1AU0ngn",1434548535437955074,2022-03-20 10:35:49+00:00,
37,1505493306104430600,"RT @Revolotto: 🏏World's Dangerous Cricketer
Greatest Batsman of All-time in Cricket

🌎Universe Boss - Chris Gayle extending his support and…",1495741268458033154,2022-03-20 10:35:49+00:00,
38,1505493305429303297,"@bitfinex #BlueSparrow is a bridge between the stock market and crypto .. You will have both in the Blue Sparrow CEX
@BlueSparrowETH
#BluesparrowCEX
#BlueSparrow
#BlueSparrowtoken
#BlueSparrowCommunity
#bitcoin
#BestDrawToken
#Bluesparrowcharity
#Web3
#NFT 
https://t.co/iX9ThGAout
☘12",1500745978495881216,2022-03-20 10:35:49+00:00,
39,1505493305383178240,"@hamtanovin1 #shinja #ShinjaSeason
#DubaiExpo2022
#DubaiCryptoExpo

#DOJOSWAP listing #Token
#Selena_Inu
#flokimusk
#saitanobi
#bobatama
#threeohdao
#YetiCoin
#kuonotori
#planataso

#shiba #Ceek #mana #raca #xrp
#altcoin #AVAX #dogecoin
#BabyDoge #GALA
@cz_binance @elonmusk #Bitcoin #ethereum",1379506222366396418,2022-03-20 10:35:49+00:00,
40,1505493303898537985,"RT @AirdropDet: 🔍 New #Airdrop: YupVerse

💲 Reward: Up to 10M YuP (~$5) + 2M YuP (~$1,000) referral pool

🔴 Start the airdrop bot https://t…",1446525921888923648,2022-03-20 10:35:49+00:00,
41,1505493303764078592,"Good morning #bitcoin lovers☕️☀️
from switzerland🇨🇭 https://t.co/drDyS4ZBoi",1487454622063210497,2022-03-20 10:35:48+00:00,
42,1505493301746708486,"RT @AirdropStario: 💧 RPGC Airdrop 💧

🏆 Task:         ➕  $8 worth of RPGC for 2000 random participants each.

👨‍👩‍👧 Referral:  ➕  $40 worth…",1415720702548791314,2022-03-20 10:35:48+00:00,
43,1505493301746536448,"RT @Revolotto: 🏏World's Dangerous Cricketer
Greatest Batsman of All-time in Cricket

🌎Universe Boss - Chris Gayle extending his support and…",723186415538819072,2022-03-20 10:35:48+00:00,
44,1505493301087989762,RT @Litonbd28: Joining Stackswap to bring permissionless Bitcoin DeFi powered by AI! https://t.co/yGn8Ms2u5X #Stackswap #NFTs #DeFi #Permis…,1505472913453219841,2022-03-20 10:35:48+00:00,
45,1505493300014317569,"RT @AirdropStario: 💧 CRAT Airdrop 💧

🏆 Task:         ➕  $50 worth of CRAT for 1000 random participants each

👨‍👩‍👧 Referral:  ➕  $100 worth…",1465530228780924930,2022-03-20 10:35:48+00:00,
46,1505493299569868805,RT @Bitcoin: Probably not going to happen on the #Bitcoin network. https://t.co/57Dj7KthFV,1404174487793418257,2022-03-20 10:35:47+00:00,
47,1505493299028713474,Get IN now don't be LATE #xrp #binance #cryptocurrency #bitcoin https://t.co/DgbmgbHOrq,1475408688991064066,2022-03-20 10:35:47+00:00,
48,1505493298160541701,"@CryptoKemal #shinja #ShinjaSeason
#DubaiExpo2022
#DubaiCryptoExpo

#DOJOSWAP listing #Token
#Selena_Inu
#flokimusk
#saitanobi
#bobatama
#threeohdao
#YetiCoin
#kuonotori
#planataso

#shiba #Ceek #mana #raca #xrp
#altcoin #AVAX #dogecoin
#BabyDoge #GALA
@cz_binance @elonmusk #Bitcoin #ethereum",1379506222366396418,2022-03-20 10:35:47+00:00,
49,1505493296700968972,"RT @surferjimw: The longer you are familiar with #Bitcoin ,
the more you realize you shouldn't idolize anyone

When you're hero's fall, fig…",1079385866970296320,2022-03-20 10:35:47+00:00,
