,id,text,author_id,created_at,geo
0,1505654913669419012,Get IN now don't be LATE #xrp #binance #cryptocurrency #bitcoin https://t.co/dJxK2Bkren,1121394806570344448,2022-03-20 21:17:59+00:00,
1,1505654912234967040,"RT @RaiderToken: #RaiderToken is the next #Bitcoin. It’s name was partly inspired by @lasvegasraidnfl 

#RaiderNation #RaidersNation #Peopl…",1457954190500716548,2022-03-20 21:17:59+00:00,
2,1505654911295320069,"RT @AirdropDet: 🔍 New #Airdrop: Elite Cash

🏆 Total Airdrop Pool: 140,000 ELC [~$49,000]

🔴 Start the airdrop bot https://t.co/geX2YRhj5n…",1480444835760771074,2022-03-20 21:17:59+00:00,
3,1505654907931705355,"RT @mariiaaa_ch: Bluesparrow  the future of the world😍❤️🎉
 New lifestyle with bluesparrow🚀🔥
#ETH
#BlueSparrow
#BlueSparrowtoken
#BlueSparro…",1505522317127999488,2022-03-20 21:17:58+00:00,
4,1505654907604545540,"RT @cz_binance: If you don't understand #bitcoin, you don't understand money.",1033828124599967744,2022-03-20 21:17:58+00:00,
5,1505654904366403585,#Crypto Market Watch &amp; Just Chatting | #CryptoNews #bitcoin #cryptotrading #defi #nft https://t.co/NaqfLLcxwx,1048263112904699906,2022-03-20 21:17:57+00:00,
6,1505654904114888714,"RT @AirdropDet: 🔍 New #Airdrop: YupVerse

💲 Reward: Up to 10M YuP (~$5) + 2M YuP (~$1,000) referral pool

🔴 Start the airdrop bot https://t…",2722234248,2022-03-20 21:17:57+00:00,
7,1505654903879909377,RT @Money_Trending: Is Honduras The Next Smart Kid Of The Blockchain. President Set To Announce Legalization of #Bitcoin In The Country As…,867394358,2022-03-20 21:17:57+00:00,
8,1505654903783317513,Current #Bitcoin Price is $41275 #BTC #Crypto,1443994358651359234,2022-03-20 21:17:57+00:00,
9,1505654903011741703,"RT @AirdropStario: 💧 GET Coin Airdrop 💧

🏆 Task:        ➕  100,000 GET for 20,000 random participants each

👨‍👩‍👧 Referral: ➕  500,000 GET…",1505547308171149316,2022-03-20 21:17:57+00:00,
10,1505654902969847813,@Capital15C @SenWarren Should’ve bought #bitcoin and happily strolled across the border with all her wealth,1365662675221544960,2022-03-20 21:17:57+00:00,
11,1505654902709755905,"RT @AirdropDet: 🔍 New #Airdrop: Elite Cash

🏆 Total Airdrop Pool: 140,000 ELC [~$49,000]

🔴 Start the airdrop bot https://t.co/geX2YRhj5n…",1437981260597575684,2022-03-20 21:17:57+00:00,
12,1505654895197638659,#Crypto Market Watch &amp; Just Chatting |  #CryptoNews #bitcoin #cryptotrading #defi #nft https://t.co/THq5WfSljM,1400438172769656834,2022-03-20 21:17:55+00:00,
13,1505654894774173702,"RT @LOAN_DeFi: 🔥The #LOAN token is the key to unlocking the full potential of World Loan Finance. 
A few people thought that #bitcoin (BTC)…",1500769552191401984,2022-03-20 21:17:55+00:00,
14,1505654894669221890,"YoBit AirDrop: Earn up to 4700 Fast Dollars daily: https://t.co/ExiRMUgOcs
#yobit #xrp #bitcoin",1442340613785985034,2022-03-20 21:17:55+00:00,
15,1505654892140056582,RT @missbitcoin_mai: Perfectly smooth #LightningNetwork  transaction at Starbucks! Better than usual caramel macchiato😏❤️#Bitcoin #ElSalvad…,1137395461034258433,2022-03-20 21:17:54+00:00,
16,1505654890634358785,"RT @rektcapital: #BTC is mere hours away from confirming a bullish engulfing Weekly candle

This engulfing candle encompasses the previous…",1108022389458255872,2022-03-20 21:17:54+00:00,
17,1505654888532897792,"n Japan, #XRP is religion. I love it! All works! #eth #ethereum #binance #bitcoin btc #ripple #crypto #cryptocurrency

https://t.co/3mrafiZU8L",1263502486402478080,2022-03-20 21:17:53+00:00,
18,1505654885970178048,"RT @saylor: If you don't understand money, you won't understand #bitcoin.",1346478571087249410,2022-03-20 21:17:53+00:00,
19,1505654885743673348,"RT @CryptoVampire3: Some people are little bearish some are little Bullish, but we are traders both sanerio in mind for every successful Tr…",1485861528343482370,2022-03-20 21:17:53+00:00,
20,1505654884967895047,RT @saylor: You do not sell your #bitcoin.  https://t.co/LJNgJeWxvR,1488224854159642625,2022-03-20 21:17:52+00:00,
21,1505654884913328142,"RT @AirdropDet: 🔍 New #Airdrop: YupVerse

💲 Reward: Up to 10M YuP (~$5) + 2M YuP (~$1,000) referral pool

🔴 Start the airdrop bot https://t…",1490693324826681344,2022-03-20 21:17:52+00:00,
22,1505654880068792320,"RT @mariiaaa_ch: If you want the lucky bird to sit on your shoulders, hold the #bluesparrow token and participate in the  draw and reward o…",1505522317127999488,2022-03-20 21:17:51+00:00,
23,1505654879586381826,"This will be new era in cryptocurrency field. 
#Revolotto #RevolottoArmy #Bitcoin #DeFi #Solana #AirdropCrypto #NFTCommunity #dogecoin #SHIBARMY https://t.co/gxXA5wTt6L",1403387522554552325,2022-03-20 21:17:51+00:00,
24,1505654876734468098,"RT @airdropinspect: New airdrop: Flamingo Casino
Total Reward: 200 NFTs &amp; $2500 pricing pool
Rate:⭐️⭐️⭐️⭐️
Winners: 220 Random
Distribution…",1498369343050207232,2022-03-20 21:17:50+00:00,
25,1505654876247781376,"RT @cz_binance: If you don't understand #bitcoin, you don't understand money.",1286668825123885057,2022-03-20 21:17:50+00:00,
26,1505654870610747394,"RT @tedcruz: #Bitcoin is the new digital gold. 

The more Democrats devalue our currency, the more vulnerable it gets, and the more people…",823628287364780032,2022-03-20 21:17:49+00:00,
27,1505654868668731397,"RT @TheRealPlanC: All those calling for, waiting for and assuming #Bitcoin will revisit the 200-Week SMA. 

You are correct it will... at t…",1346855000589348864,2022-03-20 21:17:49+00:00,
28,1505654867502809094,If you don't hodl you don't understand the value of information #bitcoin    💯 https://t.co/5UYD9Jsm4l,1366853673259778050,2022-03-20 21:17:48+00:00,
29,1505654864466132994,"RT @mariiaaa_ch: The greatest division of wealth of the century, will soon take place with the BlueSparrow💯💥

#ETH
#BlueSparrow
#BlueSparro…",1505522317127999488,2022-03-20 21:17:48+00:00,
30,1505654864411447297,Get IN now don't be LATE #xrp #binance #cryptocurrency #bitcoin https://t.co/FEBS4u7ggZ,1336272723450851333,2022-03-20 21:17:48+00:00,
31,1505654859651035136,"RT @AirdropStario: 💧 Bee-Trade Finance Airdrop 💧

📍 Audited by: CertiK

🏆 Task:          ➕  Up to 36 BTF (~$51,48)

👨‍👩‍👧 Referral:   ➕  5…",1493877877506465796,2022-03-20 21:17:46+00:00,
32,1505654856085815296,Stop procrastinating let's make this money 💰 together by working from home  #btc #bitcoin  #binaryoptions #bitcoinmining #investing #binaryoptions https://t.co/GgmgtdmO1h,1501995087252934659,2022-03-20 21:17:46+00:00,
33,1505654854546386948,"RT @Ido_Cherry: @gate_io $IDO  @ido_meta  is deflationary and has a complete ecology #BNB 
#GameFi #P2E 
#Crypto
👉 $IDO is only 21 million…",1498125661549912065,2022-03-20 21:17:45+00:00,
34,1505654852487065605,"@iLoveJaneAdams Uhm, no it wasn't founded on democratic principles. Where did you learn that retardation at, a government school?

Btw, it's so pathetic when people get excited about any politician that says #bitcoin It's like they've never been lied to by a politician before.",3013890138,2022-03-20 21:17:45+00:00,
35,1505654851547676674,"@CoinMarketCap World 1st bitcoin transection NFT  

https://t.co/vEVMoezY0E    

@opensea 

#Bitcoin  #nft #BinanceNFT #PolygonNFT #legend #100xgem #NFT #memoriesNFTseller #NFTs #opensea #OpenSeaNFT",1123881566399270912,2022-03-20 21:17:44+00:00,
36,1505654849815339008,"RT @Biconomy_Global: #Bitcoin is the most popular #cryptocurrency and of course you can always buy it on the #BiconomyExchange in 3 ways:
✅…",1485980347418488833,2022-03-20 21:17:44+00:00,
37,1505654843310059523,RT @Meta_UFO: #bitcoin and #MetaUFO have no inflation.,1497923900596002818,2022-03-20 21:17:43+00:00,
38,1505654840164245510,"Do you want TRUE SAFU investing?
Go to https://t.co/1Mo7qdcgFO for crypto research!
We list scams, potential scams, trusted projects,and quick audits for upcoming tokens!
BNB Rewards for $SPY holders!
 
@SpyWolfNetwork $SPY #spywolf #bnb #bscgem #binance #bitcoin #ethereum wt2nv",1473764166099947527,2022-03-20 21:17:42+00:00,
39,1505654837056262146,RT @missbitcoin_mai: Tomorrow I am going to El Zonte! I want to visit all store on this Map !!!🗺 #Bitcoin https://t.co/AzSkusyCe3,1527858824,2022-03-20 21:17:41+00:00,
40,1505654832740421632,"Money, #bitcoin - you just don’t understand.  Listen and we will all learn. https://t.co/ILAQ0A9gm0",877148964793049088,2022-03-20 21:17:40+00:00,
41,1505654830894882817,"RT @mariiaaa_ch: Bluesparrow  the future of the world😍❤️🎉
 New lifestyle with bluesparrow🚀🔥
#ETH
#BlueSparrow
#BlueSparrowtoken
#BlueSparro…",1505522317127999488,2022-03-20 21:17:40+00:00,
42,1505654830374825995,"RT @rektcapital: The upcoming #BTC Weekly candle close is looming large and price is just at the green dashed diagonal resistance

BTC need…",1215942824534970369,2022-03-20 21:17:39+00:00,
43,1505654825371193344,"@Bodhi_Bobatama @wealthyverse Bobatama “ghost wallet” utility will be a game changer in a crypto space. Get in now dont miss the train x1000 gem

@Bobatama
#BOBAMASK #BOBATAMA
#BOBATAMA1000x

@elonmusk
#ETH #Bitcoin  #nftart #NFTartist #trending 
#Crypto $Boba
#1000xGem #LBANK

👉 https://t.co/vrZ1gg7IIr https://t.co/nzNpNgpR9T",745137006,2022-03-20 21:17:38+00:00,
44,1505654824871899138,"RT @saylor: If you don't understand money, you won't understand #bitcoin.",426995631,2022-03-20 21:17:38+00:00,
45,1505654823609327619,"Did you get scammed?The good guys are here and we’ve got your back!
20% #scamsurvivor Charity! 20% charity in #SPY
Join us in the fight! Clean up the crypto space
Here: https://t.co/orShpWNDNG
@SpyWolfNetwork $SPY #spywolf #bnb #bscgem #binance #bitcoin #ethereum r459o",1473764166099947527,2022-03-20 21:17:38+00:00,
46,1505654822405558285,You can do Cloud Mining using this site https://t.co/7viorWkMrQ                            #mining #trxmining #money #earnmoney #register #bitcoin #ethereum #btc #eth #tronvex 5132,1444269328971468815,2022-03-20 21:17:38+00:00,
47,1505654821730373633,"RT @Damadi00: @Jonatha86858120 @ConnectorCoin ➡️ @CONNECTORCOIN ⬅️
Good Project 👌👌👌
#crypto #bitcoin 
#CONNECTORCOIN 
#ctco $bnb $bsc 
$ctc…",1462379368588664836,2022-03-20 21:17:37+00:00,
48,1505654818781556738,"🤓🤔👍 #knownews #bitcoin #eth Bexplus Debuts 100% Deposit Bonus And Copy Trading Feature Bexplus, a leading crypto der https://t.co/VU1QZNKfkg",285603076,2022-03-20 21:17:37+00:00,
49,1505654818462912521,"YoBit Farming: Earn up to 427% APY: https://t.co/EBipD3ZZfw
#yobit #bitcoin #xrp",1294209057935568896,2022-03-20 21:17:37+00:00,
