,id,text,author_id,created_at,geo
0,1505473216839659524,RT @VOICEOFSHIBA: Every 5 hours I am asking @binance to list #BabyDogeCoin @cz_binance @BNBCHAIN #cryptocurrency @BinanceAcademy #Bitcoin #…,1343467253451382784,2022-03-20 09:15:59+00:00,
1,1505473215774175232,"RT @Revolotto: 🏏World's Dangerous Cricketer
Greatest Batsman of All-time in Cricket

🌎Universe Boss - Chris Gayle extending his support and…",1482933168097607687,2022-03-20 09:15:59+00:00,
2,1505473213869944835,"RT @AirdropStario: 💧 CRAT Airdrop 💧

🏆 Task:         ➕  $50 worth of CRAT for 1000 random participants each

👨‍👩‍👧 Referral:  ➕  $100 worth…",1427090126572867590,2022-03-20 09:15:59+00:00,
3,1505473213270306817,You can do Cloud Mining using this site https://t.co/mybiWwqWdZ                            #mining #trxmining #money #earnmoney #register #bitcoin #ethereum #btc #eth #tronvex 3396,1688326434,2022-03-20 09:15:59+00:00,
4,1505473210992758787,"RT @Revolotto: 👑Dear Revolotto Investors and Holders, 
Now everything is fine and we are back on the track. 

🚀Let's fly together
💎Hold is…",1414768881424642048,2022-03-20 09:15:58+00:00,
5,1505473207612362752,"RT @binance: Click a button, win a #Bitcoin.
 
Sound good? #BitcoinButton 
 
Go ➡️ https://t.co/OwsRxlzV3D https://t.co/mnATF6ZMJ8",1457642820903211008,2022-03-20 09:15:57+00:00,
6,1505473205682720768,"RT @AirdropDet: 🔍 New #Airdrop: YupVerse

💲 Reward: Up to 10M YuP (~$5) + 2M YuP (~$1,000) referral pool

🔴 Start the airdrop bot https://t…",1347981183561428994,2022-03-20 09:15:57+00:00,
7,1505473205024464904,"@TelefyConnect This project and The team has built a strong community with great potential. A great project #DeFi #TeleFy #DEX #cryptocurrency #Ethereum #BinanceSmartChain #Bitcoin #Airdrop #polkadot #MATIC #Polygon $TELE #Cardano #ETH
Telegram: https://t.co/Ak2RkdoYxz",1388495594268729351,2022-03-20 09:15:57+00:00,
8,1505473204457984000,Get IN now don't be LATE #xrp #binance #cryptocurrency #bitcoin https://t.co/Gju0SWyffn,1476528284200361992,2022-03-20 09:15:56+00:00,
9,1505473203136724996,"New Airdrop : Akitavax
Winners : 🎁3000 random 

⭐ Complete the tasks
⭐ Twitter
⭐ Discord
⭐RANK 1-250 PER USER 11000$  
⏳ Last Hours
3000 Random✅ per user 8200$
👇Join now👇
https://t.co/kpH8pVy9NN

#Airdrop #Airdrops #Airdropdetectif #BSC #Avax #Akitavax #Crypto #Bitcoin",1504715936904929306,2022-03-20 09:15:56+00:00,
10,1505473198082736128,RT @VOICEOFSHIBA: Every 5 hours I am asking @RobinhoodApp to list #SHIB who is with me let's come with me. #SHIBARMY #Crypto @nytimes #Bitc…,1343467253451382784,2022-03-20 09:15:55+00:00,
11,1505473195192770563,@MrSollozzo @jimmysong @Breedlove22 @modernTman @theemikehobart @jordanbpeterson Saving money to buy #bitcoin by not eating meat  😜,1360505217272446978,2022-03-20 09:15:54+00:00,
12,1505473194458820608,"RT @AirdropStario: 💧 CRAT Airdrop 💧

🏆 Task:         ➕  $50 worth of CRAT for 1000 random participants each

👨‍👩‍👧 Referral:  ➕  $100 worth…",1418991984837079056,2022-03-20 09:15:54+00:00,
13,1505473186930077703,"In Japan, #XRP is religion. I love it! All works! #eth #ethereum #binance #bitcoin btc #ripple #crypto #cryptocurrency https://t.co/T3A71xLKif",1304148992738177025,2022-03-20 09:15:52+00:00,
14,1505473186690871300,"@TelefyConnect This is really very cool and strong project with great facilities. its team is working very hard on this project so that this project successful.
#DeFi #TeleFy #DEX #cryptocurrency #Ethereum #BinanceSmartChain #Bitcoin #Airdrop #polkadot 
https://t.co/VGB6rAA6bO",1437457971395633156,2022-03-20 09:15:52+00:00,
15,1505473186498064385,"RT @TheRealPlanC: 34k to 42.3k #Bitcoin is... the new 3k to 11.3k #Bitcoin 

Personally, I would love to see us remain between 34k to 42.3k…",1449473387114475521,2022-03-20 09:15:52+00:00,
16,1505473184862117893,"RT @AirdropDet: 🔍 New #Airdrop: YupVerse

💲 Reward: Up to 10M YuP (~$5) + 2M YuP (~$1,000) referral pool

🔴 Start the airdrop bot https://t…",1453671696192339968,2022-03-20 09:15:52+00:00,
17,1505473184476590080,"RT @airdropinspect: New airdrop: FoodChain Global (FOOD)
Total Reward: $5,000 worth of FOOD
Rate: ⭐️⭐️⭐️⭐️
Winners: 1000 Random &amp; Top 100
D…",1453163223390167046,2022-03-20 09:15:52+00:00,
18,1505473180692930563,"RT @cryptowhaleTele: #Bitcoin is pumping, which #altcoin will pump next?

Shill like retweet",1500871025537417220,2022-03-20 09:15:51+00:00,
19,1505473179456016384,Joining Stackswap to bring permissionless Bitcoin DeFi powered by AI! https://t.co/2f3J8WdxNb #Stackswap #NFTs #DeFi #Permissionless #Bitcoin #Launchpad #AI,1465321038279892993,2022-03-20 09:15:50+00:00,
20,1505473175940997122,"#IMPACTors take advantage of these prices 🔥🔥🔥🔥 #ImpactXP 

#ImpactXPToken #saitama #saita #wolfpack #Crypto #Bitcoin https://t.co/So5GEtUXFz",1214491026133569536,2022-03-20 09:15:50+00:00,
21,1505473173655269380,"RT @airdropinspect: New airdrop: Fracproperty X PriMetaProp(FRAC)
Total Reward: $10,000 worth of FRAC 
Rate: ⭐️⭐️⭐️⭐️
Winners: 2000 Random…",1449047248642273281,2022-03-20 09:15:49+00:00,
22,1505473173185511427,"RT @airdropinspect: New airdrop: Ubiquity DAO (USDT)
Total Reward: 2,500 USDT
Rate: ⭐️⭐️⭐️⭐️
Winners: 1,000 Random &amp; Top 100
Distribution:…",1445266323299201024,2022-03-20 09:15:49+00:00,
23,1505473173030150145,"It is ""the great reset""!  Someone had to be willing to sacrifice their citizens to usher in the #bitcoin standard!  They've found the right ""actor""!!  I guess it was easy?  He has been ""leading"" a fascist gov ran by nazi's that bombs its own cities!! https://t.co/d3AgM7b1Hi",1493010218581696520,2022-03-20 09:15:49+00:00,
24,1505473172195450882,RT @Bitcoin: Probably not going to happen on the #Bitcoin network. https://t.co/57Dj7KthFV,1139096384605499392,2022-03-20 09:15:49+00:00,
25,1505473172103172099,"RT @TheRealPlanC: 34k to 42.3k #Bitcoin is... the new 3k to 11.3k #Bitcoin 

Personally, I would love to see us remain between 34k to 42.3k…",1414499836322357250,2022-03-20 09:15:49+00:00,
26,1505473171738275842,"RT @binance: Click a button, win a #Bitcoin.
 
Sound good? #BitcoinButton 
 
Go ➡️ https://t.co/OwsRxlzV3D https://t.co/mnATF6ZMJ8",1303420812729503746,2022-03-20 09:15:49+00:00,
27,1505473170870083585,"RT @AirdropStario: 💧 CRAT Airdrop 💧

🏆 Task:         ➕  $50 worth of CRAT for 1000 random participants each

👨‍👩‍👧 Referral:  ➕  $100 worth…",1490178545716707328,2022-03-20 09:15:48+00:00,
28,1505473169343324160,"RT @backerfigth: 🚨INFORMATION ALERT🚨

Details are coming about @GrafeneWallet 👀
Please check out @Ste_Cha_FEG's tweet. 🔥

$FEG never stops!…",1450450071020003399,2022-03-20 09:15:48+00:00,
29,1505473168068259842,"RT @AirdropStario: 💧 CRAT Airdrop 💧

🏆 Task:         ➕  $50 worth of CRAT for 1000 random participants each

👨‍👩‍👧 Referral:  ➕  $100 worth…",1505471937765683202,2022-03-20 09:15:48+00:00,
30,1505473162448076800,"RT @Revolotto: 🏏World's Dangerous Cricketer
Greatest Batsman of All-time in Cricket

🌎Universe Boss - Chris Gayle extending his support and…",1522381890,2022-03-20 09:15:46+00:00,
31,1505473161537724422,"Very Good Project METAUFO
@ShibInuAirdrops @airdropinspect @Airdopx10ss 

#bitcoin #DAO #opensea https://t.co/NaM0ZywmpI",1450404686314549248,2022-03-20 09:15:46+00:00,
32,1505473158412967938,"@kucoincom Don’t missed #SHINJA 🥷🏿🔥
Buy Now and Happy later 🥷🏿🔥

#Shibnobi #Crypto #DeFi #BTC #SHIB #Ceek #AVAX #BNB
#Ethereum #Bitcoin #APECOIN #altcoin #FLOKI https://t.co/Gwuc1vbHbe",946877922714976256,2022-03-20 09:15:45+00:00,
33,1505473157708521474,"RT @AirdropStario: 💧 CRAT Airdrop 💧

🏆 Task:         ➕  $50 worth of CRAT for 1000 random participants each

👨‍👩‍👧 Referral:  ➕  $100 worth…",1498640150393688065,2022-03-20 09:15:45+00:00,
34,1505473152998002699,"This amazing faucet from @_bitcoiner is making me tweet this to claim my free Lightning sats. ⚡

@boltcoiner unlock me bb8b6049-5155-48e6-8d95-31528497ecb7

#Bitcoin #BTC #LN #LightningNetwork #boltcoiner
https://t.co/5zXAHIcG1D",4647043170,2022-03-20 09:15:44+00:00,
35,1505473148841463810,RT @w_s_bitcoin: #Bitcoin's absolute scarcity is such a profound discovery. https://t.co/xGdlyQZGkD,2318745712,2022-03-20 09:15:43+00:00,
36,1505473147948380160,"@SnoopDogg @BitBenderBrink @GoGalaGames @GoGalaMusic Hello,
Do you interesting with Sekuya Multiverse?
It's a good project made by good dev ever with solid community.
 
""As project audited by Certik also can be a rug, it all back to the developers"".

#Sekuya #Bitcoin #Binance #BSCGem #BSC #Metaverse #NFT #SKUY",1173018449460678656,2022-03-20 09:15:43+00:00,
37,1505473147843358721,"RT @StephenPunwasi: India just bought 3 million barrels of oil from Russia at a 20% discount and paid in rupees, not USD.

The fight to de-…",809442993879052288,2022-03-20 09:15:43+00:00,
38,1505473146740084741,"RT @airdropinspect: New airdrop: Flamingo Casino
Total Reward: 200 NFTs &amp; $2500 pricing pool
Rate:⭐️⭐️⭐️⭐️
Winners: 220 Random
Distribution…",1467358462015270913,2022-03-20 09:15:43+00:00,
39,1505473145767018496,"RT @StephenPunwasi: India just bought 3 million barrels of oil from Russia at a 20% discount and paid in rupees, not USD.

The fight to de-…",455669340,2022-03-20 09:15:42+00:00,
40,1505473145427398663,"RT @rovercrc: If #Bitcoin breaks $42,500 on the 4hr close we will go parabolic! 🚀",1283785257083445255,2022-03-20 09:15:42+00:00,
41,1505473145360502784,Advertisers can also earn from WaykiChain by exchanging their goods and services for WGRT Coin from the users of WaykiChain through the wallets of the app.  #WICC #Waykichain #blockchain #crypto #bitcoin #ethereum,4040356454,2022-03-20 09:15:42+00:00,
42,1505473143493734409,"#Bitcoin
If you invested 3000$ in bitcoin while one bitcoin worth 0.03
You would have 6000000000$
(6) Billion $ in 2021. 
#BTC",1276496855292153856,2022-03-20 09:15:42+00:00,
43,1505473142340272128,"RT @AirdropStario: 💧 CRAT Airdrop 💧

🏆 Task:         ➕  $50 worth of CRAT for 1000 random participants each

👨‍👩‍👧 Referral:  ➕  $100 worth…",1492169267046875136,2022-03-20 09:15:42+00:00,
44,1505473141875023875,"@WhoKnowYouuu @ScottLEOWarrior 1. Buy #SKUY #SEKUYA @sekuyaofficial 
2. Hodl enjoy reflection + autoburn
3. Repeat

Financial Freedom?

Stand for #Crypto

$SKUY 💎

#SKUYANS #Putin #Russia #Binance #Bitcoin #BTC
#Multiverse #Metaverse #cryptocurrency #RussiaUkraineWar https://t.co/qvCAwtn5UL https://t.co/7ykMUKcgOD",501451407,2022-03-20 09:15:42+00:00,
45,1505473139693793282,"RT @AirdropDet: 🔍 New #Airdrop: Elite Cash

🏆 Total Airdrop Pool: 140,000 ELC [~$49,000]

🔴 Start the airdrop bot https://t.co/geX2YRhj5n…",1502879019414478849,2022-03-20 09:15:41+00:00,
46,1505473138963845123,Joining Stackswap to bring permissionless Bitcoin DeFi powered by AI! https://t.co/WJcb1gODIJ #Stackswap #NFTs #DeFi #Permissionless #Bitcoin #Launchpad #AI,1498859696866099202,2022-03-20 09:15:41+00:00,
47,1505473132072607747,"RT @TheCryptoLark: If you could only hold one of these until 2030 which would it be and why? 
#bitcoin 
#ethereum 
#cardano 
$xrp 
$sol 
$d…",2318745712,2022-03-20 09:15:39+00:00,
48,1505473131712073729,"#Bitcoin Fear and Greed Index is currently 50 - NEUTRAL

Current #BTC price is 41846.669830875384 usd
Current market cap is 794,608,628,583 usd
24h trading volume is 19,803,918,097 usd

#Altcoin FGI live analysis for top 100 #cryptocurrencies https://t.co/IGiIommvHx",1260159041705259008,2022-03-20 09:15:39+00:00,
49,1505473131527512070,"@theKriptolik Don’t missed #SHINJA 🥷🏿🔥
Buy Now and Happy later 🥷🏿🔥

#Shibnobi #Crypto #DeFi #BTC #SHIB #Ceek #AVAX #BNB
#Ethereum #Bitcoin #APECOIN #altcoin #FLOKI https://t.co/Gwuc1vbHbe",946877922714976256,2022-03-20 09:15:39+00:00,
