,id,text,author_id,created_at,geo
0,1505620681232375810,"RT @Meta_Gaming99: Meta Gaming  🎁
 Airdrop for everyone

Steps:
1️⃣Follow us Twitter @Meta_Gaming99 RT&amp;Tag 3 friends
2️⃣Join us TG group: h…",1149676165,2022-03-20 19:01:58+00:00,
1,1505620679433015307,"RT @dougnewell2: CYCOIN is running an airdrop worth $200,000, please click the link to participate. #crypto #bitcoin
🎉🎉🎉
👉👉👉https://t.co/IQ…",1480919612279689222,2022-03-20 19:01:57+00:00,
2,1505620677520510976,"RT @AirdropDet: 🔍 New #Airdrop: Elite Cash

🏆 Total Airdrop Pool: 140,000 ELC [~$49,000]

🔴 Start the airdrop bot https://t.co/geX2YRhj5n…",3130878160,2022-03-20 19:01:57+00:00,
3,1505620676782301193,You can do Cloud Mining using this site https://t.co/BPKRjRJXkN #mining #trxmining #money #earnmoney #register #bitcoin #ethereum #btc #eth #tronvex 3414,1362126006505635843,2022-03-20 19:01:57+00:00,
4,1505620676253831179,"We just know #XRP will moon #crypto #binance #cryptocurrency #bitcoin #btc

https://t.co/DyO9f7o6dg",1489449445569794048,2022-03-20 19:01:56+00:00,
5,1505620674378973192,"RT @AirdropStario: 💧 Odds96 Airdrop 💧

🏆 Task:          ➕ $10 worth of Odds96 Tokens.

🔛 Airdrop Link &amp; Information: https://t.co/rBb5KjyM1…",1487741044141740038,2022-03-20 19:01:56+00:00,
6,1505620674362200070,"RT @Anton__BTC: If your paid group leader told you that #BTCUSD would pump, due to a bullish divergence on high time frame, let me tell you…",1385554663584452610,2022-03-20 19:01:56+00:00,
7,1505620672529281032,RT @saylor: You do not sell your #bitcoin.  https://t.co/LJNgJeWxvR,30738665,2022-03-20 19:01:56+00:00,
8,1505620671900139525,"RT @duczko: exciting space about #Bitcoin Andorra 🇦🇩 starting soon (in ~6h)!

help spread the word, win 100,000 or 50,000 sats

1. retweet…",3294295152,2022-03-20 19:01:55+00:00,
9,1505620671317037060,"RT @JmekaOfficial: FUN FACT: 5 years ago today #Bitcoin was $1,286",1466475016032247817,2022-03-20 19:01:55+00:00,
10,1505620671145324544,"RT @Stackswap_BTC: Stackswap GIVEAWAY

Prizes: 
🎁NFTs : 10 Gold Passes and 1,000 Silver Passes
💰Token : 10,000 STSW Tokens (1,000 winners)…",1130024133796827137,2022-03-20 19:01:55+00:00,
11,1505620670046437376,"RT @AirdropDet: 🔍 New #Airdrop: SteamPad

🏆 Total Airdrop Pool: 5 Million STPD [~$300,000]

🔴 Start the airdrop bot https://t.co/CR15u9bH3K…",1229284177003991040,2022-03-20 19:01:55+00:00,
12,1505620667617619971,"RT @AirdropDet: 🔍 New #Airdrop: YupVerse

💲 Reward: Up to 10M YuP (~$5) + 2M YuP (~$1,000) referral pool

🔴 Start the airdrop bot https://t…",1495696267812360193,2022-03-20 19:01:54+00:00,
13,1505620666850381824,"RT @AirdropStario: 💧 SafeWallet Airdrop 💧

🏆 Task:        ➕ 175 SLT (~$3.5) for 1000 random participants

👨‍👩‍👧 Referral: ➕ 30,000 SLT (~$6…",1501545604400377861,2022-03-20 19:01:54+00:00,
14,1505620665256353798,@LayahHeilpern 🤣🤣imagine being able to how the homeless Budget is spend in LA #bitcoin,1492767793741246465,2022-03-20 19:01:54+00:00,
15,1505620664962916352,"RT @AirdropDet: 🔍 New #Airdrop: CVIP

💲 Reward: Up to 20 CVIP (~$2.5) + 40K CVIP (~$5K) referral pool

🔴 Start the airdrop bot https://t.co…",1417724948546793479,2022-03-20 19:01:54+00:00,
16,1505620661292748802,"Cat lovers? Compton cats 🐈 is an excellent place to invest.

Join Now - https://t.co/k9tpR2IvTO

#ComptonCatsNFT #NFTCommunity #NFTWorld #NFTcollection #NFTshill #nft #nftlaunch #nftart #nftartwork #nftcollector #NFTdrops #nfts #digitalart #crypto #bitcoin #cryptocurrency https://t.co/tcyJq67Ulk",1448525340825907202,2022-03-20 19:01:53+00:00,
17,1505620660210577411,"RT @GuerrinoSantoni: Cutted Skittle
https://t.co/pBu7GUZYyw
#nft #nftart #nftartist #nftcollector #nfts #nftgiveaway #nftcommunity #nftcoll…",898124143991767040,2022-03-20 19:01:53+00:00,
18,1505620657983401994,"RT @AirdropDet: 🔍 New #Airdrop: YupVerse

💲 Reward: Up to 10M YuP (~$5) + 2M YuP (~$1,000) referral pool

🔴 Start the airdrop bot https://t…",1400898656606298114,2022-03-20 19:01:52+00:00,
19,1505620653386481674,"n Japan, #XRP is religion. I love it! All works! #eth #ethereum #binance #bitcoin btc #ripple #crypto #cryptocurrency

https://t.co/qinGXRh6bW",1466806194207608837,2022-03-20 19:01:51+00:00,
20,1505620650576293889,"RT @ExcelTrading1: I personally take all my #bitcoin trades that I post or that my @exceltradingbot posts on PrimeXBT.

If you are interest…",1213567285257916416,2022-03-20 19:01:50+00:00,
21,1505620648751767556,RT @Proton_News: Let’s pump this up!! Let’s like and retweet @__CaptainCrypto’s tweet ⬇️ #Proton $XPR $LOAN $XMT $MTL #NFTs #DeFi #blockcha…,1122160737059840000,2022-03-20 19:01:50+00:00,
22,1505620647535329289,"@MacroCRG @Bobatama
The Gem of the year, Token of the future.🚀🚀
Check it out🚀
#BOBAMASK #BOBATAMA
#BOBATAMA1000x

@AuzsomeAustin @elonmusk @MattWallace888 @JakeGagain
@Yourpop8 @Z_humphries
#ETH #Bitcoin  #nftart #NFTartist
#Crypto $Boba
#1000xGem #LBANK

👉 https://t.co/rW4kKwV3S8🤖🤖",1327235463682383872,2022-03-20 19:01:50+00:00,
23,1505620644049862662,"The Misfit Lab is a part of Lemon Sky Studios, the largest game developer in Australia and Southeast Asia. 🤩

Know More - https://t.co/f5ahGdsvpF

#supermisfits #misfitandproud #LOSM #NFTCommunity #NFTWorld #NFTcollection #NFTshill #nft #nfts #crypto #bitcoin #cryptocurrency",1494219101908226050,2022-03-20 19:01:49+00:00,
24,1505620641952657409,"RT @Marii6771: Did you get scammed?The good guys are here and we’ve got your back!
20% #scamsurvivor Charity! 20% charity in #SPY
Join us i…",1438149098226454529,2022-03-20 19:01:48+00:00,
25,1505620641328025600,"RT @AirdropDet: 🔍 New #Airdrop: SteamPad

🏆 Total Airdrop Pool: 5 Million STPD [~$300,000]

🔴 Start the airdrop bot https://t.co/CR15u9bH3K…",1502724421060263936,2022-03-20 19:01:48+00:00,
26,1505620640912625675,"@crypto_bitlord7 World 1st bitcoin transection NFT  

https://t.co/emFH7mWmGG    

@opensea 

#Bitcoin  #nft #BinanceNFT #PolygonNFT #legend #100xgem #NFT #memoriesNFTseller #NFTs #opensea #OpenSeaNFT",1320236448575033344,2022-03-20 19:01:48+00:00,
27,1505620640291827713,"RT @AsmaAkt01141255: #MonopolyMillionaireGame #MMG #token #NFT #art #binance #bitcoin
MMG has NFT finance and game box.MMG project party ai…",1043095769732050944,2022-03-20 19:01:48+00:00,
28,1505620637972561920,RT @Excesscoins: INVEST WITH EXCESS COINS....#Excesscoins #Bitcoin https://t.co/wyWUgRsVuc,1502272191614046212,2022-03-20 19:01:47+00:00,
29,1505620637938708481,RT @iLoveJaneAdams: America was a nation founded on democratic principles. #Bitcoin is a digital currency and it too was founded on democra…,800987531336482818,2022-03-20 19:01:47+00:00,
30,1505620637897084928,"#bitcoin Block #728247 : 1171024 bytes, 1703 transactions, 6.28720707BTC($259,073) reward
            
For more information, visit https://t.co/YhDg3QsuKg",1456568726,2022-03-20 19:01:47+00:00,
31,1505620636143853568,"RT @AirdropDet: 🔍 New #Airdrop: Elite Cash

🏆 Total Airdrop Pool: 140,000 ELC [~$49,000]

🔴 Start the airdrop bot https://t.co/geX2YRhj5n…",1500651930519207938,2022-03-20 19:01:47+00:00,
32,1505620635845681155,"RT @AirdropDet: 🔍 New #Airdrop: Elite Cash

🏆 Total Airdrop Pool: 140,000 ELC [~$49,000]

🔴 Start the airdrop bot https://t.co/geX2YRhj5n…",1476911696664952832,2022-03-20 19:01:47+00:00,
33,1505620634121945097,"XRP is getting ready to take off to the moon! #altcoin #bitcoin #binance #xrp #ripple

https://t.co/g8CJf27Tog",1295715989703790597,2022-03-20 19:01:46+00:00,
34,1505620633081847814,"RT @davidgokhshtein: If #bitcoin is hard money, then why are you selling it?",1444270109124612097,2022-03-20 19:01:46+00:00,
35,1505620630418313216,"RT @chitaglorya__: giveaway 200$ | 2,800,000 IDR

-- rt follow @flagnetwork_NFT 

-- rt &amp; quoted their pinned with   #FlagNetwork  #cryptoc…",1177098296520630272,2022-03-20 19:01:46+00:00,
36,1505620630359752705,"RT @Enesskizil: Here's another goblin sold. Get one of them right now.
#NFTProject #NFTGiveaway #nftart #NFT #NFTCommmunity #NFTGiveaway #N…",898124143991767040,2022-03-20 19:01:46+00:00,
37,1505620630204522506,"RT @elitecash_io: #Bitcoin and other #cryptocurrencies have certainly changed the way how we bank.

To understand #crypto, you must underst…",1406921562234753030,2022-03-20 19:01:45+00:00,
38,1505620629701251074,"RT @punithg44: Don&amp;#39;t miss @inverseprotcol - Highest paying staking and auto compounding protocol with 400,000.00% APY! Fair Launch on P…",1190227349775831040,2022-03-20 19:01:45+00:00,
39,1505620629533470726,"RT @SyedZaib15: @WatcherGuru World 1st bitcoin transection NFT  

https://t.co/emFH7mWmGG    

@opensea 

#Bitcoin  #nft #BinanceNFT #Polyg…",1190227349775831040,2022-03-20 19:01:45+00:00,
40,1505620628971438081,"RT @m_umair2002: Giving away my NFTs 
1 winner 🏆  -  60 minutes ⌛

To win:                      
1. Follow Me✅
2. Like and Retweet  ✅
3. Dr…",1499123654302576640,2022-03-20 19:01:45+00:00,
41,1505620627658522635,"RT @ValerySobolev: 10 levels by PARTNER DAILY
You will be able to receive #BTC #USD by visiting your favorite sites by watching YouTube vid…",324318782,2022-03-20 19:01:45+00:00,
42,1505620626614063105,"RT @Revolotto: 🌟Congratulation! 
Another Milestone Achieved!

💎31K TWITTER FOLLOWERS💎

Revolotto Team saying thanks to our most valuable an…",1408136247864823809,2022-03-20 19:01:45+00:00,
43,1505620624261083137,"Don&amp;#39;t miss @inverseprotcol - Highest paying staking and auto compounding protocol with 400,000.00% APY! Fair Launch on Pinksale! #crypto #bitcoin #cryptocurrency #presale #staking #bsc #trading #binance #fairlaunch #inverseprotcol",173114220,2022-03-20 19:01:44+00:00,
44,1505620624118788096,"RT @chitaglorya__: giveaway 200$ | 2,800,000 IDR

-- rt follow @flagnetwork_NFT 

-- rt &amp; quoted their pinned with   #FlagNetwork  #cryptoc…",1491631576366878721,2022-03-20 19:01:44+00:00,
45,1505620622923210760,"We just know #XRP will moon #crypto #binance #cryptocurrency #bitcoin #btc

https://t.co/dkEmx3Z0Sq",1465627753752014848,2022-03-20 19:01:44+00:00,
46,1505620621002260485,"@GScheckenbach @GovtsTheProblem More stimmies coming soon.

#Bitcoin",828037655489228800,2022-03-20 19:01:43+00:00,
47,1505620618762506244,"We just know #XRP will moon #crypto #binance #cryptocurrency #bitcoin #btc

https://t.co/Gv0sZ6NSKZ",1490761897481850883,2022-03-20 19:01:43+00:00,
48,1505620617063772160,"@WatcherGuru World 1st bitcoin transection NFT  

https://t.co/emFH7mWmGG    

@opensea 

#Bitcoin  #nft #BinanceNFT #PolygonNFT #legend #100xgem #NFT #memoriesNFTseller #NFTs #opensea #OpenSeaNFT",1320236448575033344,2022-03-20 19:01:42+00:00,
49,1505620612206800907,"RT @ValerySobolev: 10 levels by PARTNER DAILY
You will be able to receive #BTC #USD by visiting your favorite sites by watching YouTube vid…",324318782,2022-03-20 19:01:41+00:00,
