,id,text,author_id,created_at,geo
0,1505647111735554048,"RT @Revolotto: 👑We're very happy to announce that ;
on this beautiful journey, now we are a bigger family of 30K Followers on Twitter. 

💎R…",1453700855459303431,2022-03-20 20:46:59+00:00,
1,1505647111077081092,"RT @cz_binance: If you don't understand #bitcoin, you don't understand money.",137446586,2022-03-20 20:46:59+00:00,
2,1505647109999104006,"RT @satoshibles: ⚔️ SATMadness Round of 64 - Match #23 ⚔️

Satoshible #543 (26) vs Satoshible #1153 (39)

⬇️Vote Down Below⬇️
__
#NFT #NFTC…",2717662385,2022-03-20 20:46:59+00:00,
3,1505647109076582401,"RT @airdropinspect: New airdrop: Ubiquity DAO (USDT)
Total Reward: 2,500 USDT
Rate: ⭐️⭐️⭐️⭐️
Winners: 1,000 Random &amp; Top 100
Distribution:…",1444696229418455049,2022-03-20 20:46:59+00:00,
4,1505647108740857862,"RT @binance: 💰 $10,000 giveaway 💰
 
Post your #BitcoinButton result to enter!
 
Rules:
🔸 Retweet this post
🔸 Follow @Binance
🔸 Play #Bitcoi…",94105314,2022-03-20 20:46:58+00:00,
5,1505647108145172481,"@MartiniGuyYT I know what have to do.
I have to buy #bluesparrow. 
And tomorrow the sun will be mine
@BlueSparrowETH
@BluesparrowC
#BluesparrowCEX
#ETH
#BlueSparrowtoken
#BlueSparrowCommunity
#bitcoin    
#BestDrawToken
#Bluesparrowcharity
#Web3
#NFT
176",1431707129707212803,2022-03-20 20:46:58+00:00,
6,1505647108061335561,"RT @CryptoSultan21: My projection for #Bitcoin is clear.

That said, what do you think #BTC does next?",2688530226,2022-03-20 20:46:58+00:00,
7,1505647102772273153,"RT @saylor: If you don't understand money, you won't understand #bitcoin.",1361256986340438019,2022-03-20 20:46:57+00:00,
8,1505647102508126208,"RT @mercury_token: Mercury token info:
Name: Mercury Token

🏆 Task:          ➕  1,25,000 MER to each participants.

👨‍👩‍👧 Referral:   ➕  25…",1498318365580009483,2022-03-20 20:46:57+00:00,
9,1505647094496960513,"XRP is getting ready to take off to the moon! #altcoin #bitcoin #binance #xrp #ripple

https://t.co/7KCK25IJww",1442189360116342793,2022-03-20 20:46:55+00:00,
10,1505647094073204741,"We just know #XRP will moon #crypto #binance #cryptocurrency #bitcoin #btc

https://t.co/B1k3QkKdiQ",1422503337191149581,2022-03-20 20:46:55+00:00,
11,1505647092374683649,"In Japan, #XRP is religion. I love it! All works! #eth #ethereum #binance #bitcoin btc #ripple #crypto #cryptocurrency https://t.co/pKqOHoLYdI",1292565961308958720,2022-03-20 20:46:55+00:00,
12,1505647092085133314,Will #Bitcoin break over 44K this week?,258888032,2022-03-20 20:46:54+00:00,
13,1505647091812638729,RT @raypaxful: When the DollarTree starts charging $1.35 cents for everything… grab your #bitcoin now folks,1448942753837195264,2022-03-20 20:46:54+00:00,
14,1505647091133071360,"@deg_ape #RaiderToken has arrived on the scene, the world takes notice. No one is safe, not even #Bitcoin   

#RaiderToken #RaidNation #ThePeoplesToken #BitcoinV2 #Bitcoin    #Doge #Shib #BabyDogeCoin #Crypto #passiveincome",1406786159649427456,2022-03-20 20:46:54+00:00,
15,1505647088431886336,"XRP is getting ready to take off to the moon! #altcoin #bitcoin #binance #xrp #ripple

https://t.co/OzODQzl5Mj",1255957706285948930,2022-03-20 20:46:54+00:00,
16,1505647087375073289,"RT @saylor: If you don't understand money, you won't understand #bitcoin.",137446586,2022-03-20 20:46:53+00:00,
17,1505647084934144002,RT @Eljaboom: If you don’t understand #bitcoin then unfollow me,1502458056499957765,2022-03-20 20:46:53+00:00,
18,1505647081549021185,We just know #XRP will moon #crypto #binance #cryptocurrency #bitcoin #btc https://t.co/8svYGXRv8q,1490329334430810115,2022-03-20 20:46:52+00:00,
19,1505647081070817281,"@APompliano #BlueSparrow is a bridge between the stock market and crypto .. You will have both in the Blue Sparrow CEX
#ETH
#BlueSparrow
#BlueSparrowtoken
#BlueSparrowCommunity
#BestDrawToken
#Bluesparrowcharity
@BlueSparrowETH
#web3
#Bitcoin
@BluesparrowC https://t.co/x56jSJJYm4",1482419810466107397,2022-03-20 20:46:52+00:00,
20,1505647080496369671,"@MartiniGuyYT I know what have to do.
I have to buy #bluesparrow. 
And tomorrow the sun will be mine
@BlueSparrowETH
@BluesparrowC
#BluesparrowCEX
#ETH
#BlueSparrowtoken
#BlueSparrowCommunity
#bitcoin    
#BestDrawToken
#Bluesparrowcharity
#Web3
#NFT
175",1431707129707212803,2022-03-20 20:46:52+00:00,
21,1505647078692720641,"RT @p2ePrizeFighter: Who will be the next challenger?
(Screenshot from Actual Gameplay)

#nft #nftart #art #digitalart #nfts #nftartist #cr…",1499856293972287488,2022-03-20 20:46:51+00:00,
22,1505647077979656192,"#bitcoin Block #728258 : 467478 bytes, 566 transactions, 6.25809672BTC($259,830) reward
            
For more information, visit https://t.co/LNayYARmup",1456568726,2022-03-20 20:46:51+00:00,
23,1505647077488881664,"We just know #XRP will moon #crypto #binance #cryptocurrency #bitcoin #btc

https://t.co/fIRP5X9YBx",1412374707710533635,2022-03-20 20:46:51+00:00,
24,1505647076192923652,"RT @AirdropStario: 💧 TsushimaNFT Airdrop 💧

🏆 Task:          ➕  10 USDT for 100 random participants each.

👨‍👩‍👧 Referral:   ➕  5 USDT for…",1476361970886803459,2022-03-20 20:46:51+00:00,
25,1505647076172079108,"RT @CryptoWhale: #Bitcoin maximalists will spend 365 days out of the year calling $XRP a centralized scam. 

While simultaneously shilling…",794997658242924544,2022-03-20 20:46:51+00:00,
26,1505647074863366150,"RT @AirdropStario: 💧 RPGC Airdrop 💧

🏆 Task:         ➕  $8 worth of RPGC for 2000 random participants each.

👨‍👩‍👧 Referral:  ➕  $40 worth…",1275445258822791168,2022-03-20 20:46:50+00:00,
27,1505647074754371587,The strongest bullish signal flashed for #XRP #bitcoin #btc #ethereum #eth https://t.co/9j86vJu1pf,1285822581543768066,2022-03-20 20:46:50+00:00,
28,1505647067837911040,RT @Meta_UFO: #bitcoin and #MetaUFO have no inflation.,1490760407719587846,2022-03-20 20:46:49+00:00,
29,1505647066952871938,Get IN now don't be LATE #xrp #binance #cryptocurrency #bitcoin https://t.co/BCauux6YR8,1252475219756777472,2022-03-20 20:46:48+00:00,
30,1505647064419794944,"RT @AirdropAchiever: New Airdrop: SingulQrity
Value: 12,000,000 SULY
Rewards: 260 SULY
Referral: 10 SULY 
Winners: 8,000 Random
End Date: 3…",1432355291304116229,2022-03-20 20:46:48+00:00,
31,1505647064226492417,"#bitcoin Block #728257 : 1379823 bytes, 1792 transactions, 6.28206525BTC($260,825) reward
            
For more information, visit https://t.co/JATf8TP8SX",1456568726,2022-03-20 20:46:48+00:00,
32,1505647063844982786,"RT @CryptoWhale: #Bitcoin maximalists will spend 365 days out of the year calling $XRP a centralized scam. 

While simultaneously shilling…",1114279083381280768,2022-03-20 20:46:48+00:00,
33,1505647060896428038,"#bitcoin weekly candle close. 1st in this current lateral trend we did not make a lower low. Bad for bears 
2nd big picture we are above the 23.6. If the bulls can close above 41.5k we can expect a green week. Set you alerts and keep your fingers crossed 📈💪 https://t.co/yw6NEIMsuh",33886547,2022-03-20 20:46:47+00:00,
34,1505647058858147840,RT @Eljaboom: If you don’t understand #bitcoin then unfollow me,1382586253078536194,2022-03-20 20:46:47+00:00,
35,1505647056953786372,"@CoinDesk Our target is 1 billion market value by the end of the year. %100 Safe Community Token %59 Burn Listed exchanges ; Bitget, Hotbit, MEXC, Latoken, Cointiger, ZT, Indoex Swap ; Pitswap, Pancakeswap, 1nchNetworkSwap 475+K Holders @BscPitbull #Bitcoin #btc https://t.co/PNpmAoTvyA https://t.co/87sr6BpvuP",1479895913858490372,2022-03-20 20:46:46+00:00,
36,1505647056370782214,"March crypto 7 Wolf Performance: Presentation of 3 best cryptos with per... https://t.co/yXfEA37ipU via @YouTube 

Please look for more Videos at my Youtube channel 
https://t.co/ObCpU5Ayui
#Bitcoin #BTC #Ripple #XRP #Stellar #XLM #Chainlink #LINK #ZIL #Metaverse #Meta https://t.co/NuFf8Xuxw1",1268747480105201667,2022-03-20 20:46:46+00:00,
37,1505647056312238081,"RT @Revolotto: 🏏World's Dangerous Cricketer
Greatest Batsman of All-time in Cricket

🌎Universe Boss - Chris Gayle extending his support and…",1475868167670956035,2022-03-20 20:46:46+00:00,
38,1505647054131019783,"@rovercrc #bitcoin is the digital gold, buy #BTC now. Find your broker at https://t.co/JYMmgx8xVW",1400519478119706627,2022-03-20 20:46:45+00:00,
39,1505647053967400961,"YoBit Farming: Earn up to 427% APY: https://t.co/WfsUCEuTJF
#yobit #crypto #bitcoin",1708103762,2022-03-20 20:46:45+00:00,
40,1505647052428091393,"""Since we're all rich with bitcoins, or we will be once they're worth a million dollars like everyone expects, we ought to put some of this unearned wealth to good use."" 

- Hal Finney, the first recipient of a #Bitcoin transaction",3383733773,2022-03-20 20:46:45+00:00,
41,1505647051987636226,"RT @p2ePrizeFighter: Who will be the next challenger?
(Screenshot from Actual Gameplay)

#nft #nftart #art #digitalart #nfts #nftartist #cr…",1468253214600355850,2022-03-20 20:46:45+00:00,
42,1505647051107074049,"RT @CryptoWhale: #Bitcoin maximalists will spend 365 days out of the year calling $XRP a centralized scam. 

While simultaneously shilling…",1247212361049497600,2022-03-20 20:46:45+00:00,
43,1505647051085955074,"RT @shegzynanah: #MarvinInu is the main deal right now!
Mars invasion is inevitable...

Whole team and community is bullish aggressively
Le…",1488236602698735621,2022-03-20 20:46:45+00:00,
44,1505647050569838593,"RT @cz_binance: If you don't understand #bitcoin, you don't understand money.",2280238358,2022-03-20 20:46:45+00:00,
45,1505647048032493570,I just voted in #okornotok from @Okcoin — submit your votes &amp; tweet about it for a chance to win 12k in #bitcoin.   It's all right here: 👇 https://t.co/D95RaZOyNt,796999267483316224,2022-03-20 20:46:44+00:00,
46,1505647046644142081,RT @missbitcoin_mai: Perfectly smooth #LightningNetwork  transaction at Starbucks! Better than usual caramel macchiato😏❤️#Bitcoin #ElSalvad…,1549199546,2022-03-20 20:46:44+00:00,
47,1505647046598197249,"RT @el_crypto_prof: #ALTSEASON 

One chart that really excites me, is the #Altcoinmarketcap-Chart (exclude $BTC).

-Same structure as from…",1355035668246794246,2022-03-20 20:46:44+00:00,
48,1505647044739801090,"RT @Jithere1: @AlphaApeNetwork @sgtshibtoken @sgtshibtoken Pays 8% of real @Shibtoken REWARDS!!

$Ape $Shib $BTC $BNB $CRO $BSC $SGTS $AANT…",796532294236311552,2022-03-20 20:46:43+00:00,
49,1505647043875774473,"RT @BitcoinMagazine: 💥 In 17 days, the biggest #Bitcoin  conference in history kicks off in Miami 👀",2280238358,2022-03-20 20:46:43+00:00,
