,id,text,author_id,created_at,geo
0,1505615903861391361,You can do Cloud Mining using this site https://t.co/MJ82mkq8BC                            #mining #trxmining #money #earnmoney #register #bitcoin #ethereum #btc #eth #tronvex 9362,1482824146837032966,2022-03-20 18:42:59+00:00,
1,1505615903299448838,RT @TaikunGlobal: TAIKUN TESLA airdrop now Launched.  Participate and claim free 5TKT Tokens. Click on the link to join https://t.co/YAe3VJ…,1498031435172745216,2022-03-20 18:42:58+00:00,
2,1505615901768679424,"RT @ICOAnnouncement: 🎙 New Project

🔷 IotexPad (TEX)

🔶 IotexPad aims to be the first decentralized IDO platform based on the Iotex chain.…",1359548931705737221,2022-03-20 18:42:58+00:00,
3,1505615901709717512,"Hello World 
My new NFT “Stars”
#crypto #BitcoinButton #Bitcoin #Binance #NFTCollection #NFT #nftworlds 

https://t.co/rYKcLp6ItB",1503450053528145932,2022-03-20 18:42:58+00:00,
4,1505615898270482443,"RT @airdropinspect: New airdrop: Flamingo Casino
Total Reward: 200 NFTs &amp; $2500 pricing pool
Rate:⭐️⭐️⭐️⭐️
Winners: 220 Random
Distribution…",1345488791730057216,2022-03-20 18:42:57+00:00,
5,1505615896685035523,@BounceNewsNg @Ava_lim93 #Bitcoin  TO THE MOON 🚀,1505506369708904453,2022-03-20 18:42:57+00:00,
6,1505615896554917892,RT @ShibnobiNews: NEWS: 🇺🇸 U.S. Congressman Pete Sessions says Texas will be the #Bitcoin capital. #CRYPTO,1456265441022660611,2022-03-20 18:42:57+00:00,
7,1505615893967081474,"RT @saylor: If you don't understand money, you won't understand #bitcoin.",4826912038,2022-03-20 18:42:56+00:00,
8,1505615892155179009,"RT @ICOAnnouncement: 🎙 New Featured Project

🔷 Paragen (RGEN)

🔶 Paragen is a decentralized and multi-chain metaverse incubator project bas…",1478236562240512000,2022-03-20 18:42:56+00:00,
9,1505615890846416896,"RT @WarriorLionNft: Mint is Live!!!

Mint Website: https://t.co/NA82JIJLVg

#Nft #Noticias #Mint #cripto  #Solana #SolanaNFT #NFTCommunity…",1500400023930310661,2022-03-20 18:42:56+00:00,
10,1505615890175655936,"RT @AirdropDet: 🔍 New #Airdrop: YupVerse

💲 Reward: Up to 10M YuP (~$5) + 2M YuP (~$1,000) referral pool

🔴 Start the airdrop bot https://t…",1447966650179936259,2022-03-20 18:42:55+00:00,
11,1505615883024023554,"RT @Revolotto: 🏏World's Dangerous Cricketer
Greatest Batsman of All-time in Cricket

🌎Universe Boss - Chris Gayle extending his support and…",1455435700413681665,2022-03-20 18:42:54+00:00,
12,1505615882680119296,"RT @wyzthofficial: Many are waiting for that 69,420 mark for Bitcoin 💀

#Bitcoin #BTC #cryptocurrency",1471050560497278990,2022-03-20 18:42:54+00:00,
13,1505615881639976962,"RT @LizaFlux: . $Flux / @RunOnFlux decentralized #web3
👀🧐
#defi #web30 #WEB3 #CloudComputing #blockchain #aws #webdev #devops #docker #java…",3377219128,2022-03-20 18:42:53+00:00,
14,1505615878351732739,"RT @Liionss: It will take place 20 minutes later on the Global telegram channel, during the announcement accompanied by the CEO of the comp…",1300442027906269185,2022-03-20 18:42:53+00:00,
15,1505615877794066432,"RT @ICOAnnouncement: 🎙 New Project

🔷 Hyss Finance (HYSS)

🔶 Hyss Finance is a DeFi protocol based on the Binance Smart chain. Hyss Finance…",1359548931705737221,2022-03-20 18:42:52+00:00,
16,1505615871901077504,"RT @HerbertRSim: #CounterEconomics &amp; The State 🏦 
Power Transfers &amp; Why #Bitcoin Is Here To Stay

#PowerToThePeople ✊🏼💪🏼

https://t.co/auN5…",1504209158236741645,2022-03-20 18:42:51+00:00,
17,1505615871221407750,"RT @Lord_Brise: @bitgertbrise is seriously gaining momentum and will hit a $10b market cap 🔥🔥🔥

#Brise 
#Bitgert 
#BRC20 
#bitcoin 
#ETH 
#…",298013093,2022-03-20 18:42:51+00:00,
18,1505615870743166988,"""Our project eNeFTi MARKETPLACE advertised in AdanaDemirspor stadium in partnership with the famous metaverse project REVOMON. We are very happy for this cooperation."" #MetaverseNFT #NFTCommunity #OpenSeaCommunity #bitcoin #shiba #FEG #EthereumNFTs #NFTGiveaways #architecture https://t.co/eyUHM1tLme",1497934904071446528,2022-03-20 18:42:51+00:00,
19,1505615869782671363,"@Ralvero @Shido_Inu @Bobatama
The Gem of the year, Token of the future.🚀🚀
Check it out🚀
#BOBAMASK #BOBATAMA
#BOBATAMA1000x

@AuzsomeAustin @elonmusk @MattWallace888 @JakeGagain
@Yourpop8 @Z_humphries
#ETH #Bitcoin  #nftart #NFTartist
#Crypto $Boba
#1000xGem #LBANK

👉 https://t.co/rW4kKwV3S8🫢🫢",1327235463682383872,2022-03-20 18:42:51+00:00,
20,1505615868440416257,"RT @airdropinspect: New airdrop: Angelic (ANGL)
Total Reward: 50,000 ANGL
Rate: ⭐️⭐️⭐️⭐️
Winners: 1,500 Random &amp; Top 50
Distribution: withi…",1398981631130488833,2022-03-20 18:42:50+00:00,
21,1505615868281212929,"RT @MartiniGuyYT: BITCOIN CRASHING 🚨 HUGE TRADING OPPORTUNITY!! $1.5M LONG?!?!!

- #Bitcoin Analysis
- #Ethereum Analysis

💰 WATCH THIS VID…",1444220226237837314,2022-03-20 18:42:50+00:00,
22,1505615867563835394,"We just know #XRP will moon #crypto #binance #cryptocurrency #bitcoin #btc

https://t.co/jEjoF4mWdq",1483429071782612993,2022-03-20 18:42:50+00:00,
23,1505615867291189248,"RT @OMGitsVictoriaV: 💋Do you like the view ❤️🌸🌺

https://t.co/wZGflpzdXV 

 #firstdayofspring 🌸🍀🌷☀️ 🌴
 #bitcoin https://t.co/0NYZTnevpm",805555888392052736,2022-03-20 18:42:50+00:00,
24,1505615866599202819,"RT @AirdropStario: 💧 Odds96 Airdrop 💧

🏆 Task:          ➕ $10 worth of Odds96 Tokens.

🔛 Airdrop Link &amp; Information: https://t.co/rBb5KjyM1…",1490648005317439491,2022-03-20 18:42:50+00:00,
25,1505615864724623360,"RT @AirdropDet: 🔍 New #Airdrop: Elite Cash

🏆 Total Airdrop Pool: 140,000 ELC [~$49,000]

🔴 Start the airdrop bot https://t.co/geX2YRhj5n…",1474066916092231681,2022-03-20 18:42:49+00:00,
26,1505615860987269122,"RT @binance: 💰 $10,000 giveaway 💰
 
Post your #BitcoinButton result to enter!
 
Rules:
🔸 Retweet this post
🔸 Follow @Binance
🔸 Play #Bitcoi…",324530963,2022-03-20 18:42:48+00:00,
27,1505615855912058882,"We just know #XRP will moon #crypto #binance #cryptocurrency #bitcoin #btc

https://t.co/i0hRVkJivQ",1488171384735948804,2022-03-20 18:42:47+00:00,
28,1505615855031250945,"We just know #XRP will moon #crypto #binance #cryptocurrency #bitcoin #btc

https://t.co/5CtlT8m3I9",909284139056103424,2022-03-20 18:42:47+00:00,
29,1505615854460936197,RT @CharlieShrem: Why #Bitcoin is unstoppable https://t.co/F5gdWIyRqX,939229699892563968,2022-03-20 18:42:47+00:00,
30,1505615853827543052,"RT @Newblock_news: Google Launches Blockchain Division. #Crypto, #Bitcoin news via @Newblock_news https://t.co/lK2rCREwrX",2170598832,2022-03-20 18:42:47+00:00,
31,1505615853660024832,"RT @p2ePrizeFighter: Who will be the next challenger?
(Screenshot from Actual Gameplay)

#nft #nftart #art #digitalart #nfts #nftartist #cr…",1503046617951535106,2022-03-20 18:42:47+00:00,
32,1505615847745859600,"RT @MrDiamondhandz1: Surround yourself with #Crypto OG’s. Learn from them, ask them questions, and become successful like them. Knowledge i…",1395457487105662983,2022-03-20 18:42:45+00:00,
33,1505615844579188738,Cryptocurrencies' role in Ukraine #CryptoCurrencies #bitcoin via https://t.co/2uw6Af42mz https://t.co/wGkQ8o5xKj,1135495639704281088,2022-03-20 18:42:44+00:00,
34,1505615843429916677,"RT @AirdropStario: 💧 Odds96 Airdrop 💧

🏆 Task:          ➕ $10 worth of Odds96 Tokens.

🔛 Airdrop Link &amp; Information: https://t.co/rBb5KjyM1…",1499666635770236930,2022-03-20 18:42:44+00:00,
35,1505615841122869253,"We just know #XRP will moon #crypto #binance #cryptocurrency #bitcoin #btc

https://t.co/P6h6rhUAla",1482476906607951874,2022-03-20 18:42:44+00:00,
36,1505615838249820166,"RT @cryptotigers12: The pre-sale date is March 21🗓

You can still sign up to join the @escacrypto waitlist👇

🌐https://t.co/NKF7wS4aB7

#esc…",1503933257024303108,2022-03-20 18:42:43+00:00,
37,1505615834177232896,"RT @AirdropDet: 🔍 New #Airdrop: Battle World

💲 Reward: Up to 500 BWO (~$20) + 500K BWO (~$20K) referral pool

🔴 Start the airdrop bot http…",1488460618009128960,2022-03-20 18:42:42+00:00,
38,1505615833338466307,"Idiots are tweeting bullish run for @Bitcoin citing nothing 
And since their tweet it's on free fall #bitcoin",2535113005,2022-03-20 18:42:42+00:00,
39,1505615832881111042,Current #Bitcoin Price is $41153 #BTC #Crypto,1443994358651359234,2022-03-20 18:42:42+00:00,
40,1505615831052525571,"RT @jemsbatter: This is true gaining and really excellent protocol 
#Valerstudios #ValerstudiosSwap #VLR #blockchain #cryptocurrency #techn…",2933447393,2022-03-20 18:42:41+00:00,
41,1505615828384985088,"RT @LizaFlux: . $Flux / @RunOnFlux decentralized #web3
👀🧐
#defi #web30 #WEB3 #CloudComputing #blockchain #aws #webdev #devops #docker #java…",1284015839876919296,2022-03-20 18:42:41+00:00,
42,1505615825352507393,"RT @TheRealPlanC: Not sure if you guys have seen @AurelienOhayon content yet. #Bitcoin

By all indications this dude is the real deal, came…",1283429638446944256,2022-03-20 18:42:40+00:00,
43,1505615823599292417,"#bitcoin FUTURES

#Binance #binancebutton @cz_binance @binance @BinanceTR https://t.co/HOWsYXpUzl",527620388,2022-03-20 18:42:39+00:00,
44,1505615822479261697,"RT @airdropinspect: New airdrop: Jureance (JURE)
Total Reward: 50,000 JURE
Rate: ⭐️⭐️⭐️⭐️
Winners: 2,000 Random &amp; Top 200
Distribution: wit…",1405173196098183174,2022-03-20 18:42:39+00:00,
45,1505615821225222147,RT @rovercrc: Wouldn't be surprised to see #Bitcoin back at ATHs within 10 weeks from now... https://t.co/Vl6XxPkWkU,971010744035758080,2022-03-20 18:42:39+00:00,
46,1505615820897980417,"RT @AirdropStario: 💧 Bluca NFT Airdrop 💧

🏆 Task:         ➕  400 BULC (~$2) for 8000 random participants

👨‍👩‍👧 Referral:  ➕  4000 BULC (~$…",1382609587187060737,2022-03-20 18:42:39+00:00,
47,1505615820868755468,"#Cardano &amp; #Bitcoin JUST Flipped!! (proof)
https://t.co/9J32JcfwYE",1188998539197767680,2022-03-20 18:42:39+00:00,
48,1505615820038176769,"RT @CleanSpark_Inc: Huge thanks to @FOX5Vegas for attending the ribbon-cutting of #CLSK's new corporate office in Henderson, NV &amp; interview…",1145792650009665536,2022-03-20 18:42:39+00:00,
49,1505615819073589257,This would be really cool. A #Bitcoin halving party! Count me in @derekmross. https://t.co/GFN2fg5MqP,1081549387522887680,2022-03-20 18:42:38+00:00,
