,id,text,author_id,created_at,geo
0,1505594515411075072,"RT @AirdropAchiever: New Whitelist: STMAN × FamCentral
Allocation: ≤ 30 BUSD (TBA)
Winners: All Participants
End Date: 22nd March, 2022

🔗…",1505592476794757120,2022-03-20 17:17:59+00:00,
1,1505594514047647744,"RT @saylor: If you don't understand money, you won't understand #bitcoin.",861712366274269189,2022-03-20 17:17:59+00:00,
2,1505594513821216768,"RT @AirdropStario: 💧 Odds96 Airdrop 💧

🏆 Task:          ➕ $10 worth of Odds96 Tokens.

🔛 Airdrop Link &amp; Information: https://t.co/rBb5KjyM1…",1502687957219745792,2022-03-20 17:17:59+00:00,
3,1505594513066278915,RT @TheCryptoLark: I am SO bullish on #bitcoin and the entire #crypto space.,98446679,2022-03-20 17:17:59+00:00,
4,1505594512315408388,RT @bmurphypointman: #businessgrowth #tumblr #twitter #facebook #instagram #dogecoin #socialmedia #pinterest #doge #deal #gift #gifts #gift…,147223992,2022-03-20 17:17:58+00:00,
5,1505594511430660096,"@AirdropStario I feel very happy to be able to work on such a good project..i love this porject.
@praditach 
@GopurSaputra1 
@rkn5fl 
@rkn5flt 
@njelma1

#BSC #Bitcoin #HeroArena #HERA #Airdropstario",1428352317615603744,2022-03-20 17:17:58+00:00,
6,1505594510436630528,"RT @airdropinspect: New airdrop: Prizefighter (RING)
Total Reward: $5,000 worth of RING
Rate: ⭐️⭐️⭐️⭐️
Winners: 1,000 Random &amp; Top 100
Dist…",2953781456,2022-03-20 17:17:58+00:00,
7,1505594509454839808,"RT @REATproperties: If you're not a Stacks bull or #Bitcoin bull - Check out @TheopetraLabs

They will have a way to participate without ev…",1397314189803220997,2022-03-20 17:17:58+00:00,
8,1505594502349611010,"@Forbes Would you like to see crypto and the forex market on a platform?  
BlueSparrow  CEX offers you this exciting feature....
#ETH
#BlueSparrow
#BlueSparrowtoken
#BlueSparrowCommunity
#BestDrawToken
#Bluesparrowcharity
@BlueSparrowETH
#web3
#Bitcoin
@BluesparrowC https://t.co/MtgnfBfH61",1482419810466107397,2022-03-20 17:17:56+00:00,
9,1505594501561159685,"RT @AirdropStario: 💧 Odds96 Airdrop 💧

🏆 Task:          ➕ $10 worth of Odds96 Tokens.

🔛 Airdrop Link &amp; Information: https://t.co/rBb5KjyM1…",1499284428014911488,2022-03-20 17:17:56+00:00,
10,1505594500936253442,"RT @MartiniGuyYT: Finally #Bitcoin dipped a MASSIVE $700

Going to buy more 😂",1454950706276978690,2022-03-20 17:17:56+00:00,
11,1505594497182625796,"RT @AirdropStario: 💧 Hero Arena Airdrop 💧

📍 Listed on: CoinMarketCap, PancakeSwap

🏆 Task: ➕  100 HERA (~$4) for 3000 random participants…",1428352317615603744,2022-03-20 17:17:55+00:00,
12,1505594496758726666,"@LynAldenContact Shit seems to be getting real.

#Bitcoin",1071364126960746496,2022-03-20 17:17:55+00:00,
13,1505594495035129857,"RT @p2ePrizeFighter: Who will be the next challenger?
(Screenshot from Actual Gameplay)

#nft #nftart #art #digitalart #nfts #nftartist #cr…",2953781456,2022-03-20 17:17:54+00:00,
14,1505594489783521280,"We are the clothing brand that connects with the crypto world! 🌎 

When you see the DECENTRALIZED ⚡️ Logo it will one day be recognized as a leading brand that was created solely for helping the adoption, awareness, &amp; #education of #Bitcoin &amp; #Crypto https://t.co/iNQXDZktqI",1457547961668300801,2022-03-20 17:17:53+00:00,
15,1505594488655392768,"RT @bti_trading: $BTC $ETH $LTC 30m
Want to make your first cryptocurrency trade?
If you’ve been looking for a way to start trading , then…",1176621624948404224,2022-03-20 17:17:53+00:00,
16,1505594486948302851,RT @THETOPICisCOOL: https://t.co/3HSIMFIpRK: #PulseChain Testnet v2b &amp; #PulseX sacrifice balances tutorial (Correct PLSX contract address:…,1093550004608880640,2022-03-20 17:17:52+00:00,
17,1505594482317737988,RT @relai_app: What does #bitcoin taste like?,1140677322665840640,2022-03-20 17:17:51+00:00,
18,1505594479281324033,"RT @PotatoCoinSPL: 25B Potato giveaway

Potato will surprise you all with what we are about to announce.

Like, Retweet and Tag 3 friends t…",68977778,2022-03-20 17:17:51+00:00,
19,1505594473098940419,"RT @p2ePrizeFighter: Who will be the next challenger?
(Screenshot from Actual Gameplay)

#nft #nftart #art #digitalart #nfts #nftartist #cr…",1475367572526698498,2022-03-20 17:17:49+00:00,
20,1505594471362277386,"RT @TheMaticGreys: GM #NFTCommunity!

👽It's going to be a great day!!👽

🔥And a great day to check out our Discord!!https://t.co/gi7cTh2G2L…",236339969,2022-03-20 17:17:49+00:00,
21,1505594470750101508,"I feel very happy to be able to work on such a good project..i love this porject.
@praditach 
@GopurSaputra1 
@rkn5fl 
@rkn5flt 
@njelma1

#BSC #Bitcoin #HeroArena #HERA #Airdropstario https://t.co/ZrOZzRlnYd",1428352317615603744,2022-03-20 17:17:49+00:00,
22,1505594468367757312,"RT @AirdropStario: 💧 Odds96 Airdrop 💧

🏆 Task:          ➕ $10 worth of Odds96 Tokens.

🔛 Airdrop Link &amp; Information: https://t.co/rBb5KjyM1…",1495686264372142083,2022-03-20 17:17:48+00:00,
23,1505594465762922506,"RT @BodelDan: GM if you’re building web3 with integrity.

#bluecollarcrypto #bluecollar #bitcoin #ethereum #solana #shiba #doge #saitama #f…",1462530683377696777,2022-03-20 17:17:47+00:00,
24,1505594463669739520,"RT @Wealth_Theory: Empires debase their currencies as they fall.

Prediction: The next empire will be a sub-nation of sovereign individuals…",131649303,2022-03-20 17:17:47+00:00,
25,1505594462382493698,"RT @XYOPepe: Pepe will be giving away a total of 10,000 $xyo to 5 lucky winners (2,000 each) when it hits $0.03. 

Just retweet this to par…",996654863332208645,2022-03-20 17:17:47+00:00,
26,1505594461736288262,"RT @AltcoinDailyio: If you have the ability to hodl #bitcoin, you have the responsibility to hold bitcoin. ✊",1469336489523884037,2022-03-20 17:17:46+00:00,
27,1505594460662800387,"RT @Revolotto: 👑We're very happy to announce that ;
on this beautiful journey, now we are a bigger family of 30K Followers on Twitter. 

💎R…",1408505665220485120,2022-03-20 17:17:46+00:00,
28,1505594454941450240,"RT @AirdropDet: 🔍 New #Airdrop: YupVerse

💲 Reward: Up to 10M YuP (~$5) + 2M YuP (~$1,000) referral pool

🔴 Start the airdrop bot https://t…",1493484560603967489,2022-03-20 17:17:45+00:00,
29,1505594453641342980,"March is not done, but we have a decent idea.  Call April! #bitcoin https://t.co/KF0e1TazIt",1427260411519266817,2022-03-20 17:17:44+00:00,
30,1505594451909279745,"RT @AirdropDet: 🔍 New #Airdrop: YupVerse

💲 Reward: Up to 10M YuP (~$5) + 2M YuP (~$1,000) referral pool

🔴 Start the airdrop bot https://t…",1499768265685749764,2022-03-20 17:17:44+00:00,
31,1505594450126512129,"RT @m_umair2002: Giving away my NFTs 
1 winner 🏆  -  60 minutes ⌛

To win:                      
1. Follow Me✅
2. Like and Retweet  ✅
3. Dr…",444073632,2022-03-20 17:17:44+00:00,
32,1505594449375772680,@ShibnobiNews 🚨Motley Fool🚨 THESE TOPTTECH Share FRA: AC00 is a top line based on the value and volume of aggregate transactions! https://t.co/81F22SERD6 #btc #bitcoin #defi #fintech #nft #eth #ethereum #crypto,1485755209162936328,2022-03-20 17:17:43+00:00,
33,1505594444963274755,"RT @DefichainW: If it has some unnecessary risk of hacks and loss of money, it’s not the future of finance.

That’s why @defichain is the f…",1407726975582720003,2022-03-20 17:17:42+00:00,
34,1505594441259651074,"RT @AirdropStario: 💧 CRAT Airdrop 💧

🏆 Task:         ➕  $50 worth of CRAT for 1000 random participants each

👨‍👩‍👧 Referral:  ➕  $100 worth…",1465285301606096898,2022-03-20 17:17:42+00:00,
35,1505594437593837568,"RT @AirdropDet: 🔍 New #Airdrop: Elite Cash

🏆 Total Airdrop Pool: 140,000 ELC [~$49,000]

🔴 Start the airdrop bot https://t.co/geX2YRhj5n…",1189937387805143040,2022-03-20 17:17:41+00:00,
36,1505594436796882947,"RT @AirdropStario: 💧 Odds96 Airdrop 💧

🏆 Task:          ➕ $10 worth of Odds96 Tokens.

🔛 Airdrop Link &amp; Information: https://t.co/rBb5KjyM1…",1479883374021935105,2022-03-20 17:17:40+00:00,
37,1505594431340412928,"This project is most beautiful project. Everyone really like this project. Because this project community also well. I hope this project was successful.
#DeFi #TeleFy #DEX #Cryptocurrency #Ethereum #BinanceSmartChain #Bitcoin #Airdrop #Polkadot #MATIC #Polygon $TELE #Cardano #ETH",1459044911987130368,2022-03-20 17:17:39+00:00,
38,1505594429033181185,"RT @AirdropDet: 🔍 New #Airdrop: YupVerse

💲 Reward: Up to 10M YuP (~$5) + 2M YuP (~$1,000) referral pool

🔴 Start the airdrop bot https://t…",1484511125752664064,2022-03-20 17:17:39+00:00,
39,1505594428056129539,"@okx Our favourite is #babybitcoin, because   #Bitcoin's baby is #babybitcoin.. 
#NextKingBBTC
#MemeKingBBTC https://t.co/3SeDx2JRFs",1498618017017741314,2022-03-20 17:17:38+00:00,
40,1505594427695411200,"RT @TrishHaines3: @clif_high Know your local (country) WEFers. Vote them out, or ostracize them.
Buy all the #bitcoin you can.
Here's ""cryp…",1487449290901528578,2022-03-20 17:17:38+00:00,
41,1505594425636012040,"RT @AirdropDet: 🔍 New #Airdrop: Elite Cash

🏆 Total Airdrop Pool: 140,000 ELC [~$49,000]

🔴 Start the airdrop bot https://t.co/geX2YRhj5n…",1353848341403226114,2022-03-20 17:17:38+00:00,
42,1505594425598042112,"RT @satoshiisland: Introducing Satoshi Island 🏝️ A real-life private Island dedicated to the crypto community.
https://t.co/zumSePH20Y 
#NF…",1474266050245971974,2022-03-20 17:17:38+00:00,
43,1505594425229340677,"RT @crypto_world00: There aren’t enough Bitcoin for every millionaire in the world.

56M millionaires. 

21M Bitcoin.
#Btc #Bitcoin #Eth #E…",1501775617452548097,2022-03-20 17:17:38+00:00,
44,1505594424281251841,RT @Bitcoin_Norway: I bought my appartment in Norway in 2015 for 1100 #bitcoin. My assessment in 2022 valued it to 13.6 #bitcoin. Conclusio…,997801955186692096,2022-03-20 17:17:37+00:00,
45,1505594420623724547,"RT @TheCryptoLark: #bitcoin will hit a million dollars per coin, the only question is when!",1354954141727121416,2022-03-20 17:17:37+00:00,
46,1505594420049027082,"RT @MoneykingGG: Haha, for a second market gave us hope and next it made us poor again🥺

#bitcoin",1447019401962659841,2022-03-20 17:17:36+00:00,
47,1505594419684253698,"👋 A new block was found on the #Bitcoin network. We're at block height 728234, current #bitcoin price is $41297.16 and there are 201100622690011 #sats left to mine.",1448763322812276737,2022-03-20 17:17:36+00:00,
48,1505594415502569483,"RT @saylor: If you don't understand money, you won't understand #bitcoin.",272799578,2022-03-20 17:17:35+00:00,
49,1505594415238111232,"RT @TheMoonCarl: Would you rather go all in on #Bitcoin or #Ethereum?

Both       $ETH          $BTC
👇            👇                👇",1732448730,2022-03-20 17:17:35+00:00,
