,id,text,author_id,created_at,geo
0,1505521535351668747,RT @saylor: You do not sell your #bitcoin.  https://t.co/LJNgJeWxvR,16883176,2022-03-20 12:27:59+00:00,
1,1505521534290386953,"RT @airdropinspect: New airdrop: Flamingo Casino
Total Reward: 200 NFTs &amp; $2500 pricing pool
Rate:⭐️⭐️⭐️⭐️
Winners: 220 Random
Distribution…",1330739851428204544,2022-03-20 12:27:59+00:00,
2,1505521533267357698,"RT @AirdropStario: 💧 PeaSwap Finance Airdrop 💧

🏆 Task:          ➕ 10 PEA for 300 random participants each.

🔛 Airdrop Link &amp; Information:…",1361956314742595586,2022-03-20 12:27:59+00:00,
3,1505521532319125507,"We just know #XRP will moon #crypto #binance #cryptocurrency #bitcoin #btc

https://t.co/W6G2VlE6O1",1462344274645700610,2022-03-20 12:27:59+00:00,
4,1505521531010498560,"n Japan, #XRP is religion. I love it! All works! #eth #ethereum #binance #bitcoin btc #ripple #crypto #cryptocurrency

https://t.co/ROVyjxSn6m",1384578593276243973,2022-03-20 12:27:58+00:00,
5,1505521523787919362,"RT @AirdropStario: 💧 CRAT Airdrop 💧

🏆 Task:         ➕  $50 worth of CRAT for 1000 random participants each

👨‍👩‍👧 Referral:  ➕  $100 worth…",1501972898390560776,2022-03-20 12:27:57+00:00,
6,1505521523075031044,"@rovercrc That's what we need buddy.🙌

I particularly need it to moon higher so my #ALTs can follow suit. There is a token burn coming up for my major holdings, $PINK and I am hoping with the #bitcoin pump, price is gonna rocket the more🚀💥",196372291,2022-03-20 12:27:56+00:00,
7,1505521521061675014,"RT @AirdropDet: 🔍 New #Airdrop: YupVerse

💲 Reward: Up to 10M YuP (~$5) + 2M YuP (~$1,000) referral pool

🔴 Start the airdrop bot https://t…",969191763104665600,2022-03-20 12:27:56+00:00,
8,1505521516917702656,"We just know #XRP will moon #crypto #binance #cryptocurrency #bitcoin #btc

https://t.co/Wna0aWRb8h",1166660247932559360,2022-03-20 12:27:55+00:00,
9,1505521516431261700,"RT @TheCryptoLaunch: 💥The Crypto Launchpad Giveaway💥

🏆 Task: Up to $50 worth of TCL Partners' Tokens.

👨‍👩‍👧 Referral: $25 worth of TCL Pa…",1504890416075882496,2022-03-20 12:27:55+00:00,
10,1505521516032585730,The strongest bullish signal flashed for #XRP #bitcoin #btc #ethereum #eth https://t.co/fCShxhtril,1431841653057196043,2022-03-20 12:27:55+00:00,
11,1505521514036490242,"RT @CarfuelFinance: Our #Carfuel community has passed 3000+ followers in 1 day. Thank you everyone, we are just at the beginning of the roa…",1465996172846583808,2022-03-20 12:27:54+00:00,
12,1505521512102703112,"$QUICK

BUY $235

 Sell 🎯
Target 1 : $270 😍😍

#BTC #Bitcoin #KuCoin $BTC $ape $tara $jasmy $hbb $opct",720711505969291264,2022-03-20 12:27:54+00:00,
13,1505521511066525702,"RT @Revolotto: 🏏World's Dangerous Cricketer
Greatest Batsman of All-time in Cricket

🌎Universe Boss - Chris Gayle extending his support and…",1500727324253167616,2022-03-20 12:27:54+00:00,
14,1505521510705885186,"RT @airdropinspect: New airdrop: Flamingo Casino
Total Reward: 200 NFTs &amp; $2500 pricing pool
Rate:⭐️⭐️⭐️⭐️
Winners: 220 Random
Distribution…",1479825018611662853,2022-03-20 12:27:54+00:00,
15,1505521508520804354,"@saylor TIP!!🚨🚨: Could also change your life. I only bought BNXA CVE: BNXA stock. Big wins waits. Thank me later for that hint🔥 @BanxaOfficial #btc #bitcoin #defi #nft
https://t.co/x6CvMLn9ln",1470148662122721285,2022-03-20 12:27:53+00:00,
16,1505521507446845441,"RT @Revolotto: 🏏World's Dangerous Cricketer
Greatest Batsman of All-time in Cricket

🌎Universe Boss - Chris Gayle extending his support and…",1467523995754905607,2022-03-20 12:27:53+00:00,
17,1505521507258273792,You can do Cloud Mining using this site https://t.co/mybiWwqWdZ                            #mining #trxmining #money #earnmoney #register #bitcoin #ethereum #btc #eth #tronvex 6833,1688326434,2022-03-20 12:27:53+00:00,
18,1505521504188252163,"RT @airdropinspect: New airdrop: Prizefighter (RING)
Total Reward: $5,000 worth of RING
Rate: ⭐️⭐️⭐️⭐️
Winners: 1,000 Random &amp; Top 100
Dist…",1485152691563413507,2022-03-20 12:27:52+00:00,
19,1505521503730913288,@ashwsbreal BANXA HOLDINGS CVE: BNXA🚨 WOW! 🚨 This company will change your life forever! @Banxaofficial coming to US #crypto #bitcoin #btc #eth #ethereum #doge https://t.co/1M3IG9Vq9i,1470145355236978698,2022-03-20 12:27:52+00:00,
20,1505521500618563584,RT @BTCTN: Ron Paul still believes the government could outright ban #bitcoin citing gold history. #crypto #cryptocurrency $BTC https://t.c…,1419592462792863747,2022-03-20 12:27:51+00:00,
21,1505521499322548227,"#BITCOIN
42k
Hitting levels Making us #BULLSIH for 2022
Breaking above the 50 EMAA on the Daily 
#cryptonews #crypto #bitcoin #btc #usdt #btcusd https://t.co/ZZcCLE99xq",1384623743704748035,2022-03-20 12:27:51+00:00,
22,1505521498748235780,"RT @airdropinspect: New airdrop: Prizefighter (RING)
Total Reward: $5,000 worth of RING
Rate: ⭐️⭐️⭐️⭐️
Winners: 1,000 Random &amp; Top 100
Dist…",1463108530890698757,2022-03-20 12:27:51+00:00,
23,1505521498093924354,"RT @Revolotto: 🏏World's Dangerous Cricketer
Greatest Batsman of All-time in Cricket

🌎Universe Boss - Chris Gayle extending his support and…",1500804681979015170,2022-03-20 12:27:51+00:00,
24,1505521493052174341,The strongest bullish signal flashed for #XRP #bitcoin #btc #ethereum #eth https://t.co/COnPrpxpLp,1474854870414987268,2022-03-20 12:27:49+00:00,
25,1505521492553236481,"This amazing faucet from @_bitcoiner is making me tweet this to claim my free Lightning sats. ⚡

@boltcoiner unlock me 04a9695e-15ab-41e8-ad76-9b0a3a551c60

#Bitcoin #BTC #LN #LightningNetwork #boltcoiner
https://t.co/r5xrFrcp7w",1499028054903226372,2022-03-20 12:27:49+00:00,
26,1505521487104536577,"We just know #XRP will moon #crypto #binance #cryptocurrency #bitcoin #btc

https://t.co/jTv4X0cdKG",1482144909448646658,2022-03-20 12:27:48+00:00,
27,1505521485309710337,"RT @AirdropStario: 💧 PeaSwap Finance Airdrop 💧

🏆 Task:          ➕ 10 PEA for 300 random participants each.

🔛 Airdrop Link &amp; Information:…",1364190529504702464,2022-03-20 12:27:47+00:00,
28,1505521484030087172,"RT @GiveawayInspect: New Giveaway: Retoken (USDT)
Total Reward: 2,000 USDT
Rate: ⭐️⭐️⭐️⭐️
Winners: 700 Random &amp; Top 50
Distribution: within…",1502401489649557504,2022-03-20 12:27:47+00:00,
29,1505521483656933380,We just know #XRP will moon #crypto #binance #cryptocurrency #bitcoin #btc https://t.co/VGBAzWyJkc,1290122234594385920,2022-03-20 12:27:47+00:00,
30,1505521480322338816,Get IN now don't be LATE #xrp #binance #cryptocurrency #bitcoin https://t.co/YlWWHS59Mj,1435356128838303745,2022-03-20 12:27:46+00:00,
31,1505521479802363908,#bitcoin is sovereign wealth protection,936343522248183811,2022-03-20 12:27:46+00:00,
32,1505521479588331525,"RT @earnwithrk: 🔴Now Nepal is also on the wrong track 😔
Nepal Telecommunications Authority is shutting down all apps and websites in the co…",1426442466366869508,2022-03-20 12:27:46+00:00,
33,1505521476316844035,"@flagnetwork_NFT Nice Project.

#FlagNetwork #IDO #cryptocurrency #Bitcoin #NFTs

@JITENDR49922681 @aarush_mehra1 @AjayMehra02",1469952214554886144,2022-03-20 12:27:45+00:00,
34,1505521473557090309,RT @BitcoinSapiens: We are so early that there are zero thick girls with fat asses in #Bitcoin.,1378963962834911232,2022-03-20 12:27:45+00:00,
35,1505521470792941571,"RT @BEARBULLWHALE: 🐻 BEARWHALE! just SHORTED $3,174,548 worth of #Bitcoin #BTC at $41,726 on #Binance Futures",1488161926576484352,2022-03-20 12:27:44+00:00,
36,1505521469253582848,"In Japan, #XRP is religion. I love it! All works! #eth #ethereum #binance #bitcoin btc #ripple #crypto #cryptocurrency https://t.co/IKs1Ze8NJq",1481666072852021248,2022-03-20 12:27:44+00:00,
37,1505521467508752385,"RT @rovercrc: #Bitcoin to $50,000 next week!",1426442466366869508,2022-03-20 12:27:43+00:00,
38,1505521466632294410,"@Shibaunitedus @sgtshibtoken Pays 8% of real
@Shibtoken REWARDS!!
$Ape $Shib $BTC $BNB $CRO $BSC
$SGTS $AANT $XRP $USDT $ELON
$NFT $LUNA #BTC B #Bitcoin B
#CRO
#Binance
#SGTSHIB #NFT
#BSC #ELON #XRP #AANT #Crypto
#SHIBARMY #shibainu #SGTS
#AlphaApeNetwork #SGTS #100xgem
#BSCGem #Web3 #Metaverse",1502077074202316822,2022-03-20 12:27:43+00:00,
39,1505521463574507524,"We just know #XRP will moon #crypto #binance #cryptocurrency #bitcoin #btc

https://t.co/1qdFXwU9bZ",1418636438837600260,2022-03-20 12:27:42+00:00,
40,1505521461741895688,"RT @binance: Click a button, win a #Bitcoin.
 
Sound good? #BitcoinButton 
 
Go ➡️ https://t.co/OwsRxlzV3D https://t.co/mnATF6ZMJ8",1493714014136078344,2022-03-20 12:27:42+00:00,
41,1505521460768505856,"RT @AirdropStario: 💧 PeaSwap Finance Airdrop 💧

🏆 Task:          ➕ 10 PEA for 300 random participants each.

🔛 Airdrop Link &amp; Information:…",1446435328173109253,2022-03-20 12:27:42+00:00,
42,1505521459107667982,"RT @Meta_Gaming99: Meta Gaming  🎁
 Airdrop for everyone

Steps:
1️⃣Follow us Twitter @Meta_Gaming99 RT&amp;Tag 3 friends
2️⃣Join us TG group: h…",1394720567371210754,2022-03-20 12:27:41+00:00,
43,1505521456687599618,"How many of you remember me calling for $1800 per $BNB? We are perfectly on track :)

#Binance #Bitcoin https://t.co/c8uiATauEE",1057889046192705536,2022-03-20 12:27:41+00:00,
44,1505521456511344643,@meta_ruffy Even @kevinolearytv supports #MetaRuffy! https://t.co/8ihXlaWTrt #Landsale #BinanceSmartChain #binance #Gateio #Metaverse #gamers #MetaRuffy #CryptoExpoDubai2022 #bitcoin #Ether #BSCGem #Investment #cryptocurrencies #CryptoNews #NFTCommunity #NFTs #BSC #BNB #P2E #DeFi,956585000991944705,2022-03-20 12:27:41+00:00,
45,1505521455047446530,"We just know #XRP will moon #crypto #binance #cryptocurrency #bitcoin #btc

https://t.co/v03UoTZmQ8",1444893128096468994,2022-03-20 12:27:40+00:00,
46,1505521454028398592,"RT @ohhwesley89: Trending w/ #VeChain $VET 

Yesterday 
VeChainThor Accounts: 1,723,514

Today
VeChainThor Accounts: 1,724,656

Clauses: 81…",1007878942093606914,2022-03-20 12:27:40+00:00,
47,1505521452593864706,"RT @GiveawayInspect: New Giveaway: Retoken (USDT)
Total Reward: 2,000 USDT
Rate: ⭐️⭐️⭐️⭐️
Winners: 700 Random &amp; Top 50
Distribution: within…",1504629723153977351,2022-03-20 12:27:40+00:00,
48,1505521449871687688,"XRP is getting ready to take off to the moon! #altcoin #bitcoin #binance #xrp #ripple

https://t.co/8kgKHW8ZeJ",1172683157746806784,2022-03-20 12:27:39+00:00,
49,1505521446193610754,"RT @AirdropDet: 🔍 New #Airdrop: YupVerse

💲 Reward: Up to 10M YuP (~$5) + 2M YuP (~$1,000) referral pool

🔴 Start the airdrop bot https://t…",1475401915815333888,2022-03-20 12:27:38+00:00,
