,id,text,author_id,created_at,geo
0,1505646105165324288,XRP is getting ready to take off to the moon! #altcoin #bitcoin #binance #xrp #ripple https://t.co/AQqCWku8y0,1464564147111272448,2022-03-20 20:42:59+00:00,
1,1505646104720945154,@ProBit_Exchange Ever-growing Ecosystem Ever-growing Numbers We are now 70.000+ Members on all @telegram Communities 130.000+ Followers on @Twitter 467.000+ Holders (30k in 7days) @BscPitbull #Bitcoin #BTC,2369218994,2022-03-20 20:42:59+00:00,
2,1505646104674639873,XRP is getting ready to take off to the moon! #altcoin #bitcoin #binance #xrp #ripple https://t.co/r8W4NseaMq,1492537735151861762,2022-03-20 20:42:59+00:00,
3,1505646104288841730,"We just know #XRP will moon #crypto #binance #cryptocurrency #bitcoin #btc

https://t.co/XXmJgluukk",1432116637851955200,2022-03-20 20:42:59+00:00,
4,1505646103676526593,"@BscGemSniper #BlueSparrow is a bridge between the stock market and crypto .. You will have both in the Blue Sparrow CEX
@BlueSparrowETH
#BluesparrowCEX
#BlueSparrow
#BlueSparrowtoken
#BlueSparrowCommunity
#bitcoin
#BestDrawToken
#Bluesparrowcharity
#Web3
#NFT 
https://t.co/y3F6pnZsZg
🤩1",1484217295178280961,2022-03-20 20:42:59+00:00,
5,1505646102141456384,We just know #XRP will moon #crypto #binance #cryptocurrency #bitcoin #btc https://t.co/030kzll0mB,1291155078859153408,2022-03-20 20:42:58+00:00,
6,1505646101327609857,"RT @ShaneTrammel: Not financial advice but I'm in my mid 50's and I'm 100% allocated to #Bitcoin outside of my house. 

That's my level of…",36172970,2022-03-20 20:42:58+00:00,
7,1505646099574390784,"RT @AirdropDet: 🔍 New #Airdrop: Elite Cash

🏆 Total Airdrop Pool: 140,000 ELC [~$49,000]

🔴 Start the airdrop bot https://t.co/geX2YRhj5n…",1474105374810669057,2022-03-20 20:42:58+00:00,
8,1505646098374791169,RT @Muataz_Hadia: When we say $FEG will be the King of DEFI and google suite for crypto we mean it. What’s coming it is mind blowing. Sit b…,1468314602425434125,2022-03-20 20:42:58+00:00,
9,1505646096550297601,We just know #XRP will moon #crypto #binance #cryptocurrency #bitcoin #btc https://t.co/rx8nbJmgqY,1370377165322215424,2022-03-20 20:42:57+00:00,
10,1505646094356606977,"Creditlution found #bitcoin in a User vault at this location! Join me playing #coinhuntworld, It's awesome! https://t.co/Jt0YLLmsxQ #cryptocurrency #93219 https://t.co/w3GqhgjWEz",1358758982240768002,2022-03-20 20:42:57+00:00,
11,1505646091743772674,I keep trying to rack my head for practical ideas on how the price of #XRP goes to $0. I can't see how this would happen. Any ideas? #xrpcommunity #btc #eth #Ltd #dash #eos #crypto #cryptocurrencies #cryptocurrency #Ethereum #bitcoin #ripple,1082055648978845696,2022-03-20 20:42:56+00:00,
12,1505646090896359424,"n Japan, #XRP is religion. I love it! All works! #eth #ethereum #binance #bitcoin btc #ripple #crypto #cryptocurrency

https://t.co/TzqECVLbu5",1415607252761731074,2022-03-20 20:42:56+00:00,
13,1505646090560937995,RT @CharlieShrem: Why #Bitcoin is unstoppable https://t.co/F5gdWIyRqX,3327041507,2022-03-20 20:42:56+00:00,
14,1505646090103791625,"@NFTCompanyy World 1st bitcoin transection NFT  

https://t.co/vEVMoezY0E    

@opensea 

#Bitcoin  #nft #BinanceNFT #PolygonNFT #legend #100xgem #NFT #memoriesNFTseller #NFTs #opensea #OpenSeaNFT",1123881566399270912,2022-03-20 20:42:56+00:00,
15,1505646088325414914,"@anndylian @TwitterSpaces Our target is 1 billion market value by the end of the year. %100 Safe Community Token %59 Burn Listed exchanges ; Bitget, Hotbit, MEXC, Latoken, Cointiger, ZT, Indoex Swap ; Pitswap, Pancakeswap, 1nchNetworkSwap 475+K Holders @BscPitbull #Bitcoin #btc https://t.co/PNpmAoTvyA https://t.co/jJ7qcnRiGp",1479895913858490372,2022-03-20 20:42:55+00:00,
16,1505646087683510277,Get IN now don't be LATE #xrp #binance #cryptocurrency #bitcoin https://t.co/tWjCMHkbNU,1486413650911014920,2022-03-20 20:42:55+00:00,
17,1505646087301853185,The strongest bullish signal flashed for #XRP #bitcoin #btc #ethereum #eth https://t.co/f99OgJGoEW,1482238746892423168,2022-03-20 20:42:55+00:00,
18,1505646086894940160,"RT @airdropinspect: New airdrop: Flamingo Casino
Total Reward: 200 NFTs &amp; $2500 pricing pool
Rate:⭐️⭐️⭐️⭐️
Winners: 220 Random
Distribution…",1461684441105846275,2022-03-20 20:42:55+00:00,
19,1505646086295281683,"RT @CryptoColonels: @cyhnft The collection is completely ready and the floor price is 0.1 eth

let's not be late pick your colonel and watc…",1496923331488006152,2022-03-20 20:42:55+00:00,
20,1505646085561331730,I just voted in #okornotok from @Okcoin — submit your votes &amp; tweet about it for a chance to win 12k in #bitcoin.   It's all right here: 👇 https://t.co/3wpjs2O2Mb,1473669675938680835,2022-03-20 20:42:55+00:00,
21,1505646082050584579,Current #Bitcoin Price is $41506 #BTC #Crypto,1443994358651359234,2022-03-20 20:42:54+00:00,
22,1505646080947458048,The strongest bullish signal flashed for #XRP #bitcoin #btc #ethereum #eth https://t.co/Yt2sfaTAUb,1493563078423756802,2022-03-20 20:42:53+00:00,
23,1505646079823388672,"RT @p2ePrizeFighter: Who will be the next challenger?
(Screenshot from Actual Gameplay)

#nft #nftart #art #digitalart #nfts #nftartist #cr…",1407316035930189828,2022-03-20 20:42:53+00:00,
24,1505646078707871746,XRP is getting ready to take off to the moon! #altcoin #bitcoin #binance #xrp #ripple https://t.co/nX2mImHluC,1465160423582445574,2022-03-20 20:42:53+00:00,
25,1505646077906620416,"n Japan, #XRP is religion. I love it! All works! #eth #ethereum #binance #bitcoin btc #ripple #crypto #cryptocurrency

https://t.co/Teg76pDVRg",1431650472704843778,2022-03-20 20:42:53+00:00,
26,1505646073091858432,RT @bitcoinonymous: 100 free sats straight from my node to you for the first 10 invoices posted as replies to this thread. Has to be a QR c…,135209165,2022-03-20 20:42:52+00:00,
27,1505646072517074957,"RT @Squid_Academy: 🔥Sneak Peek Giveaway #7🔥

-3 NFTs
-10 Squid Warrior spots
-10 OG spots

Rules:
✅  Join: https://t.co/TvFEwVsUFS (3 invit…",1491084845484806148,2022-03-20 20:42:51+00:00,
28,1505646069245304833,RT @missbitcoin_mai: Perfectly smooth #LightningNetwork  transaction at Starbucks! Better than usual caramel macchiato😏❤️#Bitcoin #ElSalvad…,1360522760397619201,2022-03-20 20:42:51+00:00,
29,1505646068402470915,We just know #XRP will moon #crypto #binance #cryptocurrency #bitcoin #btc https://t.co/e4dvFVm24l,1453401978491580423,2022-03-20 20:42:50+00:00,
30,1505646067836194820,"RT @ajoltoshi: @VoltInuOfficial Community 

⚡️⚡️⚡️ $VOLT ⚡️⚡️⚡️

#Bitcoin #ETH #BNB #MATIC #crypto #altcoinseason #DeFi #10000X #VOLTARMY #…",1497221355196006405,2022-03-20 20:42:50+00:00,
31,1505646067085316096,"XRP is getting ready to take off to the moon! #altcoin #bitcoin #binance #xrp #ripple

https://t.co/8bY1K1HlBM",929370129556582401,2022-03-20 20:42:50+00:00,
32,1505646066502287360,Get IN now don't be LATE #xrp #binance #cryptocurrency #bitcoin https://t.co/Vwexpff2wc,1480125762627796993,2022-03-20 20:42:50+00:00,
33,1505646061666275329,"RT @Revolotto: 🏏World's Dangerous Cricketer
Greatest Batsman of All-time in Cricket

🌎Universe Boss - Chris Gayle extending his support and…",4868069141,2022-03-20 20:42:49+00:00,
34,1505646061309812740,"@GiveAwayHost World 1st bitcoin transection NFT  

https://t.co/vEVMoezY0E    

@opensea 

#Bitcoin  #nft #BinanceNFT #PolygonNFT #legend #100xgem #NFT #memoriesNFTseller #NFTs #opensea #OpenSeaNFT",1123881566399270912,2022-03-20 20:42:49+00:00,
35,1505646061104287745,"@anndylian @TwitterSpaces Our target is 1 billion market value by the end of the year. %100 Safe Community Token %59 Burn Listed exchanges ; Bitget, Hotbit, MEXC, Latoken, Cointiger, ZT, Indoex Swap ; Pitswap, Pancakeswap, 1nchNetworkSwap 475+K Holders @BscPitbull #Bitcoin #btc https://t.co/PNpmAoTvyA https://t.co/08MPeIS011",1479895913858490372,2022-03-20 20:42:49+00:00,
36,1505646057744650245,"We just know #XRP will moon #crypto #binance #cryptocurrency #bitcoin #btc

https://t.co/RYXYmtshuL",1284867381341413382,2022-03-20 20:42:48+00:00,
37,1505646057124147202,RT @Eljaboom: If you don’t understand #bitcoin then unfollow me,1292830646801330178,2022-03-20 20:42:48+00:00,
38,1505646056742264838,"RT @BitcoinMagazine: 💥 In 17 days, the biggest #Bitcoin  conference in history kicks off in Miami 👀",1482796887656869894,2022-03-20 20:42:48+00:00,
39,1505646054598926343,XRP is getting ready to take off to the moon! #altcoin #bitcoin #binance #xrp #ripple https://t.co/EgE1nFVaty,1443603567357702153,2022-03-20 20:42:47+00:00,
40,1505646053558730753,RT @Excesscoins: INVEST WITH EXCESS COINS....#Excesscoins #Bitcoin https://t.co/wyWUgRsVuc,1409882242864848907,2022-03-20 20:42:47+00:00,
41,1505646050098524167,"RT @el_crypto_prof: #ALTSEASON 

One chart that really excites me, is the #Altcoinmarketcap-Chart (exclude $BTC).

-Same structure as from…",1097525112067248129,2022-03-20 20:42:46+00:00,
42,1505646050069159938,"In Japan, #XRP is religion. I love it! All works! #eth #ethereum #binance #bitcoin btc #ripple #crypto #cryptocurrency https://t.co/ju3zUjJuRf",1490157948097728517,2022-03-20 20:42:46+00:00,
43,1505646048043466752,"RT @airdropinspect: New airdrop: Flamingo Casino
Total Reward: 200 NFTs &amp; $2500 pricing pool
Rate:⭐️⭐️⭐️⭐️
Winners: 220 Random
Distribution…",1482886623264387072,2022-03-20 20:42:46+00:00,
44,1505646046797758464,"RT @AirdropDet: 🔍 New #Airdrop: YupVerse

💲 Reward: Up to 10M YuP (~$5) + 2M YuP (~$1,000) referral pool

🔴 Start the airdrop bot https://t…",1496071908387074050,2022-03-20 20:42:45+00:00,
45,1505646046457864193,"@ProBit_Exchange Our target is 1 billion market value by the end of the year. %100 Safe Community Token %59 Burn Listed exchanges ; Digifinex,Bitrue,Bitget, Hotbit, MEXC, Latoken, Cointiger, ZT, Indoex Swap ; Pitswap, Pancakeswap, 1nchNetworkSwap 474+K Holders @BscPitbull #Bitcoin #btc",747897475013427200,2022-03-20 20:42:45+00:00,
46,1505646046021623816,"RT @AirdropDet: 🔍 New #Airdrop: SafeWallet

💲 Reward: Up to 500 SLT (~$10) + 10K SLT (~$200) referral pool

🔴 Start the airdrop bot https:/…",1457010669425811461,2022-03-20 20:42:45+00:00,
47,1505646045660794880,RT @cz_binance: #bitcoin and #BNB have no inflation.,1387504718352556032,2022-03-20 20:42:45+00:00,
48,1505646043987423232,"@missteencrypto World 1st bitcoin transection NFT  

https://t.co/vEVMoezY0E    

@opensea 

#Bitcoin  #nft #BinanceNFT #PolygonNFT #legend #100xgem #NFT #memoriesNFTseller #NFTs #opensea #OpenSeaNFT",1123881566399270912,2022-03-20 20:42:45+00:00,
49,1505646043375050760,"In Japan, #XRP is religion. I love it! All works! #eth #ethereum #binance #bitcoin btc #ripple #crypto #cryptocurrency https://t.co/UYwylUUI88",779511092930281472,2022-03-20 20:42:44+00:00,
