,id,text,author_id,created_at,geo
0,1505462645901647872,"RT @Revolotto: 🏏World's Dangerous Cricketer
Greatest Batsman of All-time in Cricket

🌎Universe Boss - Chris Gayle extending his support and…",384659855,2022-03-20 08:33:59+00:00,
1,1505462641275379718,"RT @Bybit_Official: Dear #Bitcoin, _____________.",1497284057327185921,2022-03-20 08:33:58+00:00,
2,1505462638603816961,"RT @airdropinspect: New airdrop: Angelic (ANGL)
Total Reward: 50,000 ANGL
Rate: ⭐️⭐️⭐️⭐️
Winners: 1,500 Random &amp; Top 50
Distribution: withi…",1378387485999329284,2022-03-20 08:33:57+00:00,
3,1505462638431465473,"RT @airdropinspect: New airdrop: Retoken (USDT)
Total Reward: 2,000 USDT
Rate: ⭐️⭐️⭐️⭐️
Winners: 700 Random &amp; Top 50
Distribution: within a…",1456451849889153024,2022-03-20 08:33:57+00:00,
4,1505462637383065606,@ZeeNews Maybe the keys of the house or car you want so much are in the hands of $SHIB . Are you going to miss this opportunity and just watch? #SHIB $BTC #Bitcoin $ETH $BNB $SOL $ADA $XRP $DOT $DOGE $AVAX $LUNA $MATIC $MANA $AXS $SAND $BLOK $ENJ $ATOM  #Metaverse #SHIBerse https://t.co/pYCbDQ8XkQ,1559109584,2022-03-20 08:33:57+00:00,
5,1505462634547712003,At affordable rate💯😄😄 #trending #bitcoin #cryptocurrency https://t.co/acP2tsWKiv,1319029111529082881,2022-03-20 08:33:56+00:00,
6,1505462631783858177,"RT @Next100XGEMS: Really they don’t know!😌

#bitcoin #BTC #Crypto https://t.co/z8ScMd7E1Y",1439964885618618371,2022-03-20 08:33:56+00:00,
7,1505462630709805057,"#DeFi #TeleFy #DEX #cryptocurrency #Ethereum #BinanceSmartChain #Bitcoin #Airdrop #polkadot #MATIC #Polygon $TELE #Cardano #ETH
https://t.co/uWVLA4HO5v https://t.co/DJCMoIHYTt",1464229179034116118,2022-03-20 08:33:55+00:00,
8,1505462629128552449,"RT @TheCryptoLaunch: 💥The Crypto Launchpad Giveaway💥

🏆 Task: Up to $50 worth of TCL Partners' Tokens.

👨‍👩‍👧 Referral: $25 worth of TCL Pa…",1452866608141987841,2022-03-20 08:33:55+00:00,
9,1505462626058633218,"RT @TheCryptoGifter: If you don't have @coinbase already, then use my code. 
After you buy or sell $100 or more in #Crypto, you get $10 in…",1501182075101392903,2022-03-20 08:33:54+00:00,
10,1505462625148162048,RT @Maruf32999424: @AirdropStario Good Project .I'm really proud to join this project and hope that this project will reach their success.V…,1473714353979412486,2022-03-20 08:33:54+00:00,
11,1505462625014263808,"RT @lucidsungmin: Pleasure discussing @Stackswap_BTC, our innovative DEX and trading platform built on #Bitcoin with  #Stacks at Stacker Ch…",1469468571105333250,2022-03-20 08:33:54+00:00,
12,1505462624737181699,"@sietseesteis ➡️ @CONNECTORCOIN ⬅️
Good Project 👌👌👌
#crypto #bitcoin 
#CONNECTORCOIN 
#ctco $bnb $bsc 
$ctco #bnb 
@Rocket__crypto
🎗 @Akon 🎗
📎F.B
https://t.co/Ni8xxVSElp https://t.co/a7CczQoXgS https://t.co/SBF5Udhdbl",1492413993709096960,2022-03-20 08:33:54+00:00,
13,1505462623218941953,"How amazing can it be?  #Bluesparrow Native Token for Centralized Exchange with focus on both the stock &amp; crypto market
@BlueSparrowETH
@BluesparrowC
#BluesparrowCEX
#ETH
#BlueSparrow
#BlueSparrowtoken
#BlueSparrowCommunity
#bitcoin
70#NFT https://t.co/Q2pKf5JGn1",1504327113456893952,2022-03-20 08:33:54+00:00,
14,1505462620920643584,RT @CHalexov2016: Protect your #cryptocurrency on #Blockchain with #NFT by great @WalletProtector !Only 99 DigitalwalletProtectors for few…,1498960872030748672,2022-03-20 08:33:53+00:00,
15,1505462619859308548,"Do you want TRUE SAFU investing?
Go to https://t.co/1Mo7qdcgFO for crypto research!
We list scams, potential scams, trusted projects,and quick audits for upcoming tokens!
BNB Rewards for $SPY holders!
 
@SpyWolfNetwork $SPY #spywolf #bnb #bscgem #binance #bitcoin #ethereum 3244x",1473764166099947527,2022-03-20 08:33:53+00:00,
16,1505462618152407040,@jimmysong If I could re develop #bitcoin a major part of it would be to make it POS for energy saving PLUS it would incentivise lots of token holders/stakers to hold as opposed to POW high energy use and only about 12 major miners receiving all of the rewards &amp; selling to pay costs,1212280495460896768,2022-03-20 08:33:52+00:00,
17,1505462617581699072,@ashwsbreal 🚨MOTLEYFOOL🚨 THESE CRYPTO Share OTC: BNXAF is the top line based on the value &amp; volume of aggregate transactions! https://t.co/jd4B4ZNcpE #btc #bitcoin #defi #fintech #nft #eth #ethereum #crypto,1403641732739260416,2022-03-20 08:33:52+00:00,
18,1505462615857938432,"RT @AirdropStario: 💧 SafeWallet Airdrop 💧

🏆 Task:        ➕ 175 SLT (~$3.5) for 1000 random participants

👨‍👩‍👧 Referral: ➕ 30,000 SLT (~$6…",1478646962375303169,2022-03-20 08:33:52+00:00,
19,1505462614268297216,"RT @Revolotto: 🏏World's Dangerous Cricketer
Greatest Batsman of All-time in Cricket

🌎Universe Boss - Chris Gayle extending his support and…",1473330796694065154,2022-03-20 08:33:52+00:00,
20,1505462612632342529,"RT @binance: 💰 $10,000 giveaway 💰
 
Post your #BitcoinButton result to enter!
 
Rules:
🔸 Retweet this post
🔸 Follow @Binance
🔸 Play #Bitcoi…",1504802702819176454,2022-03-20 08:33:51+00:00,
21,1505462611575336961,"RT @Stackswap_BTC: Stackswap GIVEAWAY

Prizes: 
🎁NFTs : 10 Gold Passes and 1,000 Silver Passes
💰Token : 10,000 STSW Tokens (1,000 winners)…",1372931526426435584,2022-03-20 08:33:51+00:00,
22,1505462611386638336,"RT @AirdropDet: 🔍 New #Airdrop: YupVerse

💲 Reward: Up to 10M YuP (~$5) + 2M YuP (~$1,000) referral pool

🔴 Start the airdrop bot https://t…",1493781201802637320,2022-03-20 08:33:51+00:00,
23,1505462609948348426,"RT @airdropinspect: New airdrop: Skygard Game
Total Reward: 1100 NFTs
Rate: ⭐️⭐️⭐️⭐️
Winners: 1,000 Random &amp; 100 Top
Distribution: within 1…",1378387485999329284,2022-03-20 08:33:51+00:00,
24,1505462606911483909,"RT @AirdropDet: 🔍 New #Airdrop: Elite Cash

🏆 Total Airdrop Pool: 140,000 ELC [~$49,000]

🔴 Start the airdrop bot https://t.co/geX2YRhj5n…",1431974378896609284,2022-03-20 08:33:50+00:00,
25,1505462604839342083,"#Telcoin season 2.0 started. Soon #TEL will reach new #ATH in upcoming weeks. 

$tel #bitcoin #Etherum #Telfam #SHIBARMY #Altseason2022
#ALTSEASON #Coinbase #binance #HitBTC #KuCoin #KuCoinGem #BTC #ADA #PolygonNFT https://t.co/L8UIG1GQLG",1122219463548579840,2022-03-20 08:33:49+00:00,
26,1505462603895775237,"Did you get scammed?The good guys are here and we’ve got your back!
20% #scamsurvivor Charity! 20% charity in #SPY
Join us in the fight! Clean up the crypto space
Here: https://t.co/orShpWNDNG
@SpyWolfNetwork $SPY #spywolf #bnb #bscgem #binance #bitcoin #ethereum r1ioy",1473764166099947527,2022-03-20 08:33:49+00:00,
27,1505462594836049921,"RT @AirdropDet: 🔍 New #Airdrop: YupVerse

💲 Reward: Up to 10M YuP (~$5) + 2M YuP (~$1,000) referral pool

🔴 Start the airdrop bot https://t…",1431974378896609284,2022-03-20 08:33:47+00:00,
28,1505462594643324929,RT @Chilled__Life: Bitcoin will reclaim his rightful place at 65k and @PoorQuack  will hit 1B MC  already have @CertiKTech audit and @soken…,1266957216726179840,2022-03-20 08:33:47+00:00,
29,1505462593917313025,"RT @Revolotto: 🏏World's Dangerous Cricketer
Greatest Batsman of All-time in Cricket

🌎Universe Boss - Chris Gayle extending his support and…",1447976825016119299,2022-03-20 08:33:47+00:00,
30,1505462592638267397,"Good afternoon 🌞

Hope you all fine and enjoying weekend 😊 today I'll share my next week plan 😉

And I also have surprise for you guy's 😉 who is ready ?

#forex #money #Cryptocurreny #trading #XAUUSD  #bitcoin #profiteroles",1369789515573981187,2022-03-20 08:33:46+00:00,
31,1505462590276784128,"RT @Moradi513500361: @bitfinex You will feel the explosion soon😍

@BlueSparrowETH
@BluesparrowC
#BluesparrowCEX
#ETH
#BlueSparrow
#BlueSpar…",1491828899990454272,2022-03-20 08:33:46+00:00,
32,1505462588091641858,"Make money!Prosecute scammers!All at the same time
Make passive income in BNB rewards for holding $SPY
Your rewards accumulate in a pool and then delivered straight to your wallet every few days
@SpyWolfNetwork $SPY #spywolf #bnb #bscgem #binance #bitcoin #ethereum 266q8",1473764166099947527,2022-03-20 08:33:45+00:00,
33,1505462587902685185,"RT @AirdropStario: 💧 Koraplay Airdrop 💧

🏆 Task:          ➕  Up to 5000 KPLAY

👨‍👩‍👧 Referral:   ➕  500 KPLAY

🔛 Airdrop Link &amp; Information…",3190211850,2022-03-20 08:33:45+00:00,
34,1505462586866913280,"24-hr z-scores for cryptocurrency prices and volume
more @ https://t.co/Hv8R8Llc3r
 
#buythedip #thedipindex #BTC #bitcoin #ETH #cryptocurrency https://t.co/AXkkHEusdo",852616762436849664,2022-03-20 08:33:45+00:00,
35,1505462586548146178,"RT @StephenPunwasi: India just bought 3 million barrels of oil from Russia at a 20% discount and paid in rupees, not USD.

The fight to de-…",1157175457026117633,2022-03-20 08:33:45+00:00,
36,1505462586539749378,"@ashwsbreal ATTENTION! 🚨🚨 There is one stock that will change your life forever! 
AND NASDAQ Uplisting is soon! BNXA is the door of #crypto and #bitcoin #btc #eth #ethereum #doge https://t.co/IqVlClmuaJ",1457079152155181063,2022-03-20 08:33:45+00:00,
37,1505462581187731456,"RT @HadiHos65287736: @BitcoinFear Would you like to see crypto and the forex market on a platform?  
BlueSparrow  CEX offers you this excit…",1448432250220056576,2022-03-20 08:33:44+00:00,
38,1505462578453000193,FlagNetwork #IDO #cryptocurrency #Bitcoin #NFTs https://t.co/vFQI2CuyT8,1505369326630567940,2022-03-20 08:33:43+00:00,
39,1505462574162358273,We just know #XRP will moon #crypto #binance #cryptocurrency #bitcoin #btc https://t.co/zOXbMj2GiC,1430655979289563138,2022-03-20 08:33:42+00:00,
40,1505462573562744835,"RT @AirdropStario: 💧 Meta Auction Airdrop 💧

🏆 Task:          ➕  Up to 40 METAU (~$16)

👨‍👩‍👧 Referral:   ➕  40 METAU (~$16)

🔛 Airdrop Lin…",1018117355505889280,2022-03-20 08:33:42+00:00,
41,1505462570555084800,"RT @bitcoin_duniya: New financial year is starting so we might expect some green movements in market.  

#bitcoin #crypto #reducecryptotax",217720384,2022-03-20 08:33:41+00:00,
42,1505462568814583813,"RT @AirdropDet: 🔍 New #Airdrop: YupVerse

💲 Reward: Up to 10M YuP (~$5) + 2M YuP (~$1,000) referral pool

🔴 Start the airdrop bot https://t…",1468025615161131008,2022-03-20 08:33:41+00:00,
43,1505462568252592128,"Jack Hellsing in action @HellsingInu :D Hellgate has been opened monsters are out! Join Hellsing #P2E #P2EGame #Metaverse #Saitama #shiba #AxieInfinity #x1000GEM 
#100xgem #cryptocurrency #altcoin #ALTSEASON #ToTheMoon #Bitcoin #ETH #Bullish #DYOR just check it you wont lose! https://t.co/fFdXgjpAKn",1474440955327655946,2022-03-20 08:33:41+00:00,
44,1505462565027172352,"Fantastic thread here outlining why #bitcoin PoW can niether never be replaced with PoS, nor can any PoS blockchain ever compete with #bitcoins resilience to government control. Thus #ETH 2.0 may as well be a #CBDC.... https://t.co/5HnOUoKa8H",765372071178141696,2022-03-20 08:33:40+00:00,
45,1505462563831787521,"RT @ProjectsIco: #Bitcoin average monthly returns 

#Bitcoin #Crypto #cryptotrading",1495393421946765317,2022-03-20 08:33:40+00:00,
46,1505462561147219969,"RT @Revolotto: 💎Revolotto is back, Stop if you can. Its unstoppable.

💎RVL is ""Again"" in the list of Top Gainers on @CoinMarketCap &amp; @CoinG…",1403340298445410316,2022-03-20 08:33:39+00:00,
47,1505462557770928132,"Make money! Prosecute scammers! All at the same time 
Make passive income in BNB rewards for holding $SPY!
Your rewards accumulate in a pool and then delivered straight to your wallet every few days!
@SpyWolfNetwork $SPY #spywolf #bnb #bscgem #binance #bitcoin #ethereum f8wae",1473764166099947527,2022-03-20 08:33:38+00:00,
