,id,text,author_id,created_at,geo
0,1505649124326223883,What's your preferred OS to run a #Bitcoin Node?,1231006274038517760,2022-03-20 20:54:59+00:00,
1,1505649123344613377,"If you don’t understand #freedom then you don’t understand #bitcoin 
@cz_binance @saylor https://t.co/JZdOZMkcKl",1305678786420248576,2022-03-20 20:54:59+00:00,
2,1505649122614910977,"RT @astronos_io: To celebrate the successful launch of @BITONIUM_IO we are giving away some #bitcoin today! And an #NFT 🔥

5 winners total…",53557639,2022-03-20 20:54:59+00:00,
3,1505649120085946369,"RT @airdropinspect: New airdrop: Ubiquity DAO (USDT)
Total Reward: 2,500 USDT
Rate: ⭐️⭐️⭐️⭐️
Winners: 1,000 Random &amp; Top 100
Distribution:…",1444708940248326152,2022-03-20 20:54:58+00:00,
4,1505649119817351176,"RT @idealistkripto: Rally is Loading 🏁 
#binance #bitcoin",1391019631893221377,2022-03-20 20:54:58+00:00,
5,1505649117640503297,"RT @BitcoinMagazine: 💥 In 17 days, the biggest #Bitcoin  conference in history kicks off in Miami 👀",1504872193787891719,2022-03-20 20:54:57+00:00,
6,1505649117615300622,"RT @cz_binance: If you don't understand #bitcoin, you don't understand money.",951841625797427200,2022-03-20 20:54:57+00:00,
7,1505649114960306176,"#fireworks before the month is out. 🤔
#SAFEMOON #SAFEMOONSWAP #SAFEMOONGALAXY #cryptocurrencies #CryptoNews #bitcoin",1231056286449532934,2022-03-20 20:54:57+00:00,
8,1505649113903161344,"RT @AilsaForshaw: Buy #Bitcoin  with CAD - that's #Canadian, baby!🇨🇦🌎🌍🌏 #DOGE #aroundtheworld 🎶🪙👛
https://t.co/ehdWlfvZ7V #ads #Canada 
#do…",832170559,2022-03-20 20:54:57+00:00,
9,1505649113454587905,"What would you do if you woke up tomorrow and
found out that you can't use your bank cards,
bank apps, or buy or send foreign currency? Would
you be prepared?
#bitcoin",1438528578598092802,2022-03-20 20:54:56+00:00,
10,1505649110912802821,"Always calm down in digital transactions deal 🤝 and always double check your inputs.

#STAYSAFU #fintech #blockchain #cryptocurrency #crypto #business #cryptocurrencies #Bitcoin #BGB #Bitget #Ethereum https://t.co/w5Tsh5k37S",1393895648748056576,2022-03-20 20:54:56+00:00,
11,1505649110518583298,"RT @MCStaker: 🔥GIVEAWAY🔥
10 WINNERS, 50 MATIC FOR EACH WINNER💜

👉Like and Retweet this tweet
👉Follow us
👉 Tag a friend
👉Join our telegram:…",773807455,2022-03-20 20:54:56+00:00,
12,1505649110170406914,"RT @saylor: If you don't understand money, you won't understand #bitcoin.",631333254,2022-03-20 20:54:56+00:00,
13,1505649102415093762,@TheCryptoLark Ever-growing Ecosystem Ever-growing Numbers We are now 70.000+ Members on all @telegram Communities 130.000+ Followers on @Twitter 467.000+ Holders (30k in 7days) @BscPitbull #Bitcoin #btc,1651471002,2022-03-20 20:54:54+00:00,
14,1505649101169467394,"@TheCryptoLark Our target is 1 billion market value by the end of the year. %100 Safe Community Token %59 Burn Listed exchanges ; Bitget, Hotbit, MEXC, Latoken, Cointiger, ZT, Indoex Swap ; Pitswap, Pancakeswap, 1nchNetworkSwap 475+K Holders @BscPitbull #Bitcoin #btc https://t.co/PNpmAoTvyA https://t.co/aMzvrUZC6D",1479895913858490372,2022-03-20 20:54:53+00:00,
15,1505649097834995715,"Imagine what's going to happen for $theta and #bitcoin when the Arab Oil money kick in!

https://t.co/wuY0jNczzR

#theta $tfuel #cryptos #crypto #cryptocrash #cryptotrading #cryptocurrencies #CryptoNews #CryptoBOT #CryptoSignals #Dubai #Bahrain",1482488149477625859,2022-03-20 20:54:53+00:00,
16,1505649096626950151,"XRP is getting ready to take off to the moon! #altcoin #bitcoin #binance #xrp #ripple

https://t.co/zBM6pelKNj",1070593198261596160,2022-03-20 20:54:52+00:00,
17,1505649095708450819,RT @Eljaboom: If you don’t understand #bitcoin then unfollow me,1431417318358364160,2022-03-20 20:54:52+00:00,
18,1505649094231932928,RT @bitcoinist: #ElSalvador’s #Bitcoin Adoption Far Lower Than Expected 🥲 https://t.co/lQH10ALr06,4861169798,2022-03-20 20:54:52+00:00,
19,1505649093070278658,"n Japan, #XRP is religion. I love it! All works! #eth #ethereum #binance #bitcoin btc #ripple #crypto #cryptocurrency

https://t.co/fMNNIGoiMl",1427261483197501441,2022-03-20 20:54:52+00:00,
20,1505649092738760705,"RT @TheCryptoLark: If you could only hold one of these until 2030 which would it be and why? 
#bitcoin 
#ethereum 
#cardano 
$xrp 
$sol 
$d…",1457122630993993735,2022-03-20 20:54:51+00:00,
21,1505649091073941504,"RT @airdropinspect: New airdrop: Prizefighter (RING)
Total Reward: $5,000 worth of RING
Rate: ⭐️⭐️⭐️⭐️
Winners: 1,000 Random &amp; Top 100
Dist…",1490189459639668738,2022-03-20 20:54:51+00:00,
22,1505649089970688009,"RT @AirdropStario: 💧 The Crypto Launchpad Airdrop 💧

🏆 Task:          ➕  Up to $50 worth of TCL

👨‍👩‍👧 Referral:   ➕  $25 worth of TCL

🔛 A…",1494387172153212931,2022-03-20 20:54:51+00:00,
23,1505649089890983943,"RT @ProjectsIco: What is next leg up for #Bitcoin 

#Crypto #BTC #BTCUSDT #cryptocurrency",1479349104677466114,2022-03-20 20:54:51+00:00,
24,1505649089362505731,"RT @Arsalan3572: @rovercrc I know what have to do.
I have to buy #bluesparrow. 
And tomorrow the sun will be mine
@BlueSparrowETH
@Bluespar…",1469023210805108752,2022-03-20 20:54:51+00:00,
25,1505649088213270535,Excellent piece of info on #bitcoin Block Sizes and Memory forecasts. https://t.co/qZ1CwC9Gk4,88190895,2022-03-20 20:54:50+00:00,
26,1505649086699122699,"RT @BTCfuel: #Bitcoin is looking for a BULLISH breakout  🔥🔥

After falling below the MA's, Bitcoin is now challenging the 100D MA (red). Th…",1437083250602749958,2022-03-20 20:54:50+00:00,
27,1505649083452727304,"RT @airdropinspect: New airdrop: Flamingo Casino
Total Reward: 200 NFTs &amp; $2500 pricing pool
Rate:⭐️⭐️⭐️⭐️
Winners: 220 Random
Distribution…",1372239237257527296,2022-03-20 20:54:49+00:00,
28,1505649080751439873,Get IN now don't be LATE #xrp #binance #cryptocurrency #bitcoin https://t.co/5mVwVbPjG4,875179689207361536,2022-03-20 20:54:49+00:00,
29,1505649080470577154,"RT @airdropinspect: New airdrop: Angelic (ANGL)
Total Reward: 50,000 ANGL
Rate: ⭐️⭐️⭐️⭐️
Winners: 1,500 Random &amp; Top 50
Distribution: withi…",1499854496616394759,2022-03-20 20:54:49+00:00,
30,1505649080118226961,RT @kosehknn: @anndylian @TwitterSpaces every day you will regret that you did not take it one day @BscPitbull #Bitcoin #btc,1482667330995994625,2022-03-20 20:54:48+00:00,
31,1505649078809632777,"RT @CryptoWhale: #Bitcoin maximalists will spend 365 days out of the year calling $XRP a centralized scam. 

While simultaneously shilling…",1400729700855599107,2022-03-20 20:54:48+00:00,
32,1505649077488275456,RT @AilsaForshaw: I gotta do my bit to help everyone who wants to buy #doge (and I hope that's everyone! #MakeMoney!) #Bitcoin  #BTC  #Cryp…,832170559,2022-03-20 20:54:48+00:00,
33,1505649076460785673,"@Jonatha86858120 @ConnectorCoin @cz_binance @coinbase ➡️ @CONNECTORCOIN ⬅️
Good Project 👌👌👌
#crypto #bitcoin 
#CONNECTORCOIN 
#ctco $bnb $bsc 
$ctco #bnb 
@Rocket__crypto
🎗 @Akon 🎗
📎F.B
https://t.co/uO5qsmsh8y https://t.co/gXy8eCaEGk",1484529376330981376,2022-03-20 20:54:48+00:00,
34,1505649076234248199,"@TheCryptoLark If you're researching tokens, you don't need to research anymore. Because there is Pitbull Token. $PIT @BscPitbull #Bitcoin #btc",747897475013427200,2022-03-20 20:54:48+00:00,
35,1505649075307544576,"RT @AirdropStario: 💧 Tales of Ragnarok Airdrop 💧

🏆 Task:         ➕  400 TOR for 500 random participants

👨‍👩‍👧 Referral:  ➕  50,000 TOR fo…",1420491076918407168,2022-03-20 20:54:47+00:00,
36,1505649072442511360,"RT @saylor: If you don't understand money, you won't understand #bitcoin.",1457346617787494401,2022-03-20 20:54:47+00:00,
37,1505649071977082886,"RT @WeBullOnly: #BabyDogeCoin  is on the next level 🚀❤️‍🔥❤️‍🔥

So lock ur seatbelts for the incoming flight #ToTheMoon 🚀🚀

Follow @WeBullOn…",1437737771599343620,2022-03-20 20:54:47+00:00,
38,1505649067787014149,"@TheCryptoLark Our target is 1 billion market value by the end of the year. %100 Safe Community Token %59 Burn Listed exchanges ; Bitget, Hotbit, MEXC, Latoken, Cointiger, ZT, Indoex Swap ; Pitswap, Pancakeswap, 1nchNetworkSwap 475+K Holders @BscPitbull #Bitcoin #btc https://t.co/PNpmAoTvyA https://t.co/qQNl1kW7w8",1479895913858490372,2022-03-20 20:54:46+00:00,
39,1505649066608402440,"RT @CryptoWhale: #Bitcoin maximalists will spend 365 days out of the year calling $XRP a centralized scam. 

While simultaneously shilling…",1294453729094033410,2022-03-20 20:54:45+00:00,
40,1505649064729366530,"XRP is getting ready to take off to the moon! #altcoin #bitcoin #binance #xrp #ripple

https://t.co/3wl241Ym6y",784727697633095680,2022-03-20 20:54:45+00:00,
41,1505649064523706368,"RT @el_crypto_prof: #ALTSEASON 

One chart that really excites me, is the #Altcoinmarketcap-Chart (exclude $BTC).

-Same structure as from…",1482443653574537219,2022-03-20 20:54:45+00:00,
42,1505649060727779329,RT @Blockworks_: PayPal Co-Founder: The biggest mistake I made in the last decade was getting too late and too little into #Bitcoin,864852198609403904,2022-03-20 20:54:44+00:00,
43,1505649057603198977,"RT @CryptonicZeus: #BurnUpdate 🔥

2.22 Trillion #Pitbull were #burnt yesterday through #Transactions

#PIT #Bitcoin #BNB #memecoin #altcoin…",1241808851265032198,2022-03-20 20:54:43+00:00,
44,1505649057238163458,"RT @AilsaForshaw: #CreditCards 
#BlockFi 🪙💳
https://t.co/Dsejz8JHeN #ad @BlockFi 
The wait is over! 
The BlockFi Credit Card is now availab…",832170559,2022-03-20 20:54:43+00:00,
45,1505649053685751820,"n Japan, #XRP is religion. I love it! All works! #eth #ethereum #binance #bitcoin btc #ripple #crypto #cryptocurrency

https://t.co/2DM8CtgpeU",2393117562,2022-03-20 20:54:42+00:00,
46,1505649052880457729,"We just know #XRP will moon #crypto #binance #cryptocurrency #bitcoin #btc

https://t.co/Wo4acFwHln",1484129047202648065,2022-03-20 20:54:42+00:00,
47,1505649051848617988,"RT @QuintenFrancois: Don’t let them tell you it was Putin or Covid that crushed the purchasing power of your savings. 

#Bitcoin fixes this…",193239250,2022-03-20 20:54:42+00:00,
