,id,text,author_id,created_at,geo
0,1505654157792919555,"Did you get scammed?The good guys are here and we’ve got your back!
20% #scamsurvivor Charity! 20% charity in #SPY
Join us in the fight! Clean up the crypto space
Here: https://t.co/orShpWNDNG
@SpyWolfNetwork $SPY #spywolf #bnb #bscgem #binance #bitcoin #ethereum r9wp8",1473764166099947527,2022-03-20 21:14:59+00:00,
1,1505654157444796426,"A new mobile phone virus called BHUNT steals your 12 or 24 #seedphrases from app based wallets

The 3 wallets affected are  #JaxxLiberty, #Exodus, and #Blockchain 

Move your funds out NOW.

#Bitcoin             
#btc                                                      
#crypto",1241420928489328642,2022-03-20 21:14:59+00:00,
2,1505654153162412039,"RT @EtherNasyonaL: LOOKING AT THE BACKGROUND, THERE IS A BULLISH FLAG FORMATION. AFTER A FAKE FALL, IT CONTINUES TO STAY IN THE UPPER REGIO…",1241485817362743296,2022-03-20 21:14:58+00:00,
3,1505654152793571330,Everyday is a good day when you own #bitcoin,1256432141300150272,2022-03-20 21:14:58+00:00,
4,1505654151572819970,"RT @cz_binance: If you don't understand #bitcoin, you don't understand money.",1412261324,2022-03-20 21:14:58+00:00,
5,1505654149265956875,"RT @TheBitcoinConf: The largest #Bitcoin conference in history starts in 18 days!

Stop checking the fiat price every 15 minutes and join u…",1157349048925523970,2022-03-20 21:14:57+00:00,
6,1505654148926164992,"@gummymonkeysnft I know what have to do.
I have to buy #bluesparrow. 
And tomorrow the sun will be mine
@BlueSparrowETH
@BluesparrowC
#BluesparrowCEX
#ETH
#BlueSparrowtoken
#BlueSparrowCommunity
#bitcoin     
#BestDrawToken
#Bluesparrowcharity
#Web3
#NFT
180",1431707129707212803,2022-03-20 21:14:57+00:00,
7,1505654147009310721,"XRP is getting ready to take off to the moon! #altcoin #bitcoin #binance #xrp #ripple

https://t.co/sJthQWW6HI",1481656531867160581,2022-03-20 21:14:57+00:00,
8,1505654144514019328,"RT @p2ePrizeFighter: Who will be the next challenger?
(Screenshot from Actual Gameplay)

#nft #nftart #art #digitalart #nfts #nftartist #cr…",501478137,2022-03-20 21:14:56+00:00,
9,1505654142752235522,"RT @EtherNasyonaL: 69k is not the last peak of this loop🔥

The obstacles ahead will be lifted one by one and we will set off towards a new…",1241485817362743296,2022-03-20 21:14:55+00:00,
10,1505654142680903680,"RT @cz_binance: If you don't understand #bitcoin, you don't understand money.",1358483797231230976,2022-03-20 21:14:55+00:00,
11,1505654140801855493,"Make money!Prosecute scammers!All at the same time
Make passive income in BNB rewards for holding $SPY
Your rewards accumulate in a pool and then delivered straight to your wallet every few days
@SpyWolfNetwork $SPY #spywolf #bnb #bscgem #binance #bitcoin #ethereum c96q0",1473764166099947527,2022-03-20 21:14:55+00:00,
12,1505654140311117833,Stop procrastinating let's make this money 💰 together by working from home  #btc #bitcoin  #binaryoptions #bitcoinmining #investing #binaryoptions https://t.co/YECwFc7v8w,1501995087252934659,2022-03-20 21:14:55+00:00,
13,1505654139002376192,"n Japan, #XRP is religion. I love it! All works! #eth #ethereum #binance #bitcoin btc #ripple #crypto #cryptocurrency

https://t.co/MTsJF222P9",1353019277930942464,2022-03-20 21:14:55+00:00,
14,1505654137140105217,"We just know #XRP will moon #crypto #binance #cryptocurrency #bitcoin #btc

https://t.co/BMyXMDgp4I",1353019277930942464,2022-03-20 21:14:54+00:00,
15,1505654136242593792,Stop procrastinating let's make this money 💰 together by working from home  #btc #bitcoin  #binaryoptions #bitcoinmining #investing #binaryoptions https://t.co/m8fHrbyKu9,1501995087252934659,2022-03-20 21:14:54+00:00,
16,1505654134653034506,"RT @BaarbariaaN: @Live4everInNOW #shinja #ShinjaSeason
#DubaiExpo2022
#DubaiCryptoExpo

#DOJOSWAP listing #Token
#Selena_Inu
#flokimusk
#sa…",1457886028610551815,2022-03-20 21:14:54+00:00,
17,1505654131498774531,"@Shaygaan1 @ConnectorCoin ➡️ @CONNECTORCOIN ⬅️
Good Project 👌👌👌
#crypto #bitcoin 
#CONNECTORCOIN 
#ctco $bnb $bsc 
$ctco #bnb 
@Rocket__crypto
🎗 @Akon 🎗
📎F.B
https://t.co/M8N0qAdrmY 🤯🥴👌👏 https://t.co/jeWWRh5kkP👑👑👑",1444918426934419457,2022-03-20 21:14:53+00:00,
18,1505654130966151178,RT @SimonDixonTwitt: The correct advise was to save in #Bitcoin - that was the missing tool and still is for me.,757134762846846976,2022-03-20 21:14:53+00:00,
19,1505654130706104320,@RaiderToken @lasvegasraidnfl Is #raidernation buying the next #bitcoin #raidertoken @raidernation @lasvegasraidnfl #crypto #bscgem #adapt.exchange #affinitybsc,56389814,2022-03-20 21:14:53+00:00,
20,1505654127107444737,"RT @AltsOracle: #Bitcoin d
$BTC 
#Gann 

I added a Gann box on top of my previous chart using the swing high and the swing low. The vertica…",1372890818088996864,2022-03-20 21:14:52+00:00,
21,1505654125790334976,"RT @BTCGandalf: This is how @bopinion sees the world. 

#Bitcoin fixes this. https://t.co/Qq2A7HxMMP",449430692,2022-03-20 21:14:51+00:00,
22,1505654125744246785,"RT @rektcapital: #BTC Monthly timeframe continues to show a sustained series of Higher Lows

$BTC #Crypto #Bitcoin https://t.co/SKxuuyePxu",1090440884578062336,2022-03-20 21:14:51+00:00,
23,1505654125165428750,"RT @TheRealPlanC: We will see a #Bitcoin All-Time High in 2022, mark my words. 

Screen shot this post if you want, I am extremely confiden…",1373495828036395010,2022-03-20 21:14:51+00:00,
24,1505654123957424133,"XRP is getting ready to take off to the moon! #altcoin #bitcoin #binance #xrp #ripple

https://t.co/fR9ZH0O2r7",1416879616556404740,2022-03-20 21:14:51+00:00,
25,1505654122858659843,"- 
BTC price: $41,259 / £31,308 

24.24 Naks per USD
31.94 Naks per GBP

&lt;price steady&gt; 

A #Nak is a millionth of a #Bitcoin. 
A #Sat is one hundred millionth.  
If a Sat is a cent, a Nak is a dollar! 
#Bitcoinprice 

20/03/2022  21:14:49 GMT https://t.co/TifT9WUTMK",1317380967393353733,2022-03-20 21:14:51+00:00,
26,1505654122661527568,@flagnetwork_NFT #ajafey FlagNetwork #IDO #Cryptocurrency #Bitcoin #NFTs,1243203122450829317,2022-03-20 21:14:51+00:00,
27,1505654120618766339,"RT @AirdropStario: 💧 Odds96 Airdrop 💧

🏆 Task:          ➕ $10 worth of Odds96 Tokens.

🔛 Airdrop Link &amp; Information: https://t.co/rBb5KjyM1…",1418542830746619913,2022-03-20 21:14:50+00:00,
28,1505654114860113924,Stop procrastinating let's make this money 💰 together by working from home  #btc #bitcoin  #binaryoptions #bitcoinmining #investing #binaryoptions https://t.co/4V80wUBypK,1501995087252934659,2022-03-20 21:14:49+00:00,
29,1505654114423914496,"RT @product6803: #RaiderToken is the One token that will take you to the next level.
#1000xgem #binance #bitcoin #cryptocurrencies https://…",1406786159649427456,2022-03-20 21:14:49+00:00,
30,1505654113895391240,"We just know #XRP will moon #crypto #binance #cryptocurrency #bitcoin #btc

https://t.co/oNpzqS1lzX",1456637073788596227,2022-03-20 21:14:49+00:00,
31,1505654112645521416,"RT @cz_binance: If you don't understand #bitcoin, you don't understand money.",1470430451227676675,2022-03-20 21:14:48+00:00,
32,1505654108992249860,RT @BitcoinSapiens: We are so early that there are zero thick girls with fat asses in #Bitcoin.,1073381570533343232,2022-03-20 21:14:47+00:00,
33,1505654108312649729,RT @missbitcoin_mai: Perfectly smooth #LightningNetwork  transaction at Starbucks! Better than usual caramel macchiato😏❤️#Bitcoin #ElSalvad…,102837765,2022-03-20 21:14:47+00:00,
34,1505654104995115009,"RT @airdropinspect: New airdrop: Jungle Jim (JIM)
Total Reward: $5,000 worth of JIM
Rate: ⭐️⭐️⭐️⭐️
Winners: 1000 Random &amp; Top 100
Distribut…",1063749136619585537,2022-03-20 21:14:46+00:00,
35,1505654104797822982,"RT @AirdropDet: 🔍 New #Airdrop: YupVerse

💲 Reward: Up to 10M YuP (~$5) + 2M YuP (~$1,000) referral pool

🔴 Start the airdrop bot https://t…",1495389777948037123,2022-03-20 21:14:46+00:00,
36,1505654102952402946,"@nomadcapitalist Looking to diversify &amp; grow your IRA portfolio with metals &amp; #Bitcoin? #RegalAssets is uniquely qualified to serve your precious metals &amp; Bitcoin needs. Click here to invest in gold &amp; Bitcoin today ➡️ https://t.co/DhBTy3AjSs
#cryptocurrency #StockMarket #iraportfolio #Bitcoin",42471053,2022-03-20 21:14:46+00:00,
37,1505654101345927169,"We just know #XRP will moon #crypto #binance #cryptocurrency #bitcoin #btc

https://t.co/pZbqISOcZz",1469732979874451465,2022-03-20 21:14:46+00:00,
38,1505654096551763968,"XRP is getting ready to take off to the moon! #altcoin #bitcoin #binance #xrp #ripple

https://t.co/dg5ppUgSCL",2830771065,2022-03-20 21:14:44+00:00,
39,1505654096082186245,RT @nomadcapitalist: 1.5 #bitcoin or a kilobar of #gold will fund the bank account for a Costa Rica 🇨🇷 residence permit. https://t.co/zcHHQ…,838719118299779077,2022-03-20 21:14:44+00:00,
40,1505654094760923148,"RT @AirdropStario: 💧 SafeWallet Airdrop 💧

🏆 Task:        ➕ 175 SLT (~$3.5) for 1000 random participants

👨‍👩‍👧 Referral: ➕ 30,000 SLT (~$6…",1466155795020750848,2022-03-20 21:14:44+00:00,
41,1505654094433763333,"In Japan, #XRP is religion. I love it! All works! #eth #ethereum #binance #bitcoin btc #ripple #crypto #cryptocurrency https://t.co/CryB95prnv",1321154219634761735,2022-03-20 21:14:44+00:00,
42,1505654090856026115,"RT @RaiderToken: #RaiderToken is the next #Bitcoin. It’s name was partly inspired by @lasvegasraidnfl 

#RaiderNation #RaidersNation #Peopl…",1394987983804239879,2022-03-20 21:14:43+00:00,
43,1505654090725879809,"@mortex1142 @ConnectorCoin @rocket__crypto ➡️ @CONNECTORCOIN ⬅️
Good Project 👌👌👌
#crypto #bitcoin 
#CONNECTORCOIN 
#ctco $bnb $bsc 
$ctco #bnb 
@Rocket__crypto
🎗 @Akon 🎗
📎F.B
https://t.co/M8N0qAdrmY 🤯🥴👌👏 https://t.co/jeWWRh5kkP💗💗💗💗",1444918426934419457,2022-03-20 21:14:43+00:00,
44,1505654089455075328,"n Japan, #XRP is religion. I love it! All works! #eth #ethereum #binance #bitcoin btc #ripple #crypto #cryptocurrency

https://t.co/ZBqOmiN7RL",1470376655323418625,2022-03-20 21:14:43+00:00,
45,1505654089434103809,"We just know #XRP will moon #crypto #binance #cryptocurrency #bitcoin #btc

https://t.co/OaLzyXTyEX",1470376655323418625,2022-03-20 21:14:43+00:00,
46,1505654085508382724,"RT @w_s_bitcoin: What's the largest block (in bytes) that has ever been added to #Bitcoin's blockchain? If you know, can you share the bloc…",758035217403764737,2022-03-20 21:14:42+00:00,
47,1505654083981557761,"RT @Trader_XO: Livestream Tonight Sunday 20th - 9:30pm UTC

Reviewing Levels &amp; Trading Setups for the week ahead
#Bitcoin
#Etherum 
#Alts…",1381341090,2022-03-20 21:14:41+00:00,
48,1505654080039006214,"This is the spaceman, or better, the spaceavocado!
He is the first astronaut to go to the space.
He has trained hard and is trained to survive for a long time in space.

#art #crypto #avocado #bitcoin #ethereum #collectible #nft #space #spaceman #astronaut #ship #Galaxy https://t.co/4LTlATi3Ih",1496210937673572354,2022-03-20 21:14:41+00:00,
