,id,text,author_id,created_at,geo
0,1505446289349087235,"RT @airdropinspect: New airdrop: Flamingo Casino
Total Reward: 200 NFTs &amp; $2500 pricing pool
Rate:⭐️⭐️⭐️⭐️
Winners: 220 Random
Distribution…",1482702902779326464,2022-03-20 07:28:59+00:00,
1,1505446285687590914,"RT @binance: Click a button, win a #Bitcoin.
 
Sound good? #BitcoinButton 
 
Go ➡️ https://t.co/OwsRxlzV3D https://t.co/mnATF6ZMJ8",1349415057059360771,2022-03-20 07:28:59+00:00,
2,1505446284903485440,"RT @airdropinspect: New airdrop: Flamingo Casino
Total Reward: 200 NFTs &amp; $2500 pricing pool
Rate:⭐️⭐️⭐️⭐️
Winners: 220 Random
Distribution…",1357351500708671488,2022-03-20 07:28:58+00:00,
3,1505446283162669057,RT @MMCrypto: THIS CAN GET VERY PAINFUL FOR #BITCOIN BEARS! https://t.co/watNtpMl69,1416020853654007814,2022-03-20 07:28:58+00:00,
4,1505446281216462849,"RT @binance: 💰 $10,000 giveaway 💰
 
Post your #BitcoinButton result to enter!
 
Rules:
🔸 Retweet this post
🔸 Follow @Binance
🔸 Play #Bitcoi…",1416337929681711104,2022-03-20 07:28:57+00:00,
5,1505446278305845248,"RT @AirdropDet: 🔍 New #Airdrop: YupVerse

💲 Reward: Up to 10M YuP (~$5) + 2M YuP (~$1,000) referral pool

🔴 Start the airdrop bot https://t…",1491354365470593025,2022-03-20 07:28:57+00:00,
6,1505446275596042242,"RT @Bitboy_Crypto: If you own #Bitcoin,pat yourself on the back.

If you own #Ethereum, your great great grandchildren will one day build s…",1367778976710729729,2022-03-20 07:28:56+00:00,
7,1505446275508224000,"RT @Revolotto: 🏏World's Dangerous Cricketer
Greatest Batsman of All-time in Cricket

🌎Universe Boss - Chris Gayle extending his support and…",1470987062404730889,2022-03-20 07:28:56+00:00,
8,1505446275419832320,"RT @AirdropDet: 🔍 New #Airdrop: CVIP

💲 Reward: Up to 20 CVIP (~$2.5) + 40K CVIP (~$5K) referral pool

🔴 Start the airdrop bot https://t.co…",1503641407956799489,2022-03-20 07:28:56+00:00,
9,1505446275222810629,RT @shibaca33: @flagnetwork_NFT Wow... don't miss dis @SalamiKabir3 @Ajibola300 @KayBee_006  #FlagNetwork #IDO #cryptocurrency #Bitcoin #NF…,2698682163,2022-03-20 07:28:56+00:00,
10,1505446270500241408,"@airdropinspect bright project everything will run smoothly this event
@fachrur_al
@anetamfan
@Xecutioner4627

#Airdrop #Airdrops #Airdropinspector #FTM #Prizefighter #RING #Crypto #Bitcoin",1316340516632449024,2022-03-20 07:28:55+00:00,
11,1505446268767723520,"RT @MiTiSe3: https://t.co/xphFhtkWvO

Diamond stake is running. Take a look. 
Join our community 
#DIOSFinance 
#DIOS 
#ToTheMoon
https://t…",1502341310241554434,2022-03-20 07:28:54+00:00,
12,1505446267404849152,"RT @GiveawayInspect: New Giveaway: Retoken (USDT)
Total Reward: 2,000 USDT
Rate: ⭐️⭐️⭐️⭐️
Winners: 700 Random &amp; Top 50
Distribution: within…",1416820441772036096,2022-03-20 07:28:54+00:00,
13,1505446266704396294,"RT @TheBitcoinConf: The largest #Bitcoin conference in history starts in 18 days!

Stop checking the fiat price every 15 minutes and join u…",65863016,2022-03-20 07:28:54+00:00,
14,1505446260249341954,"RT @rovercrc: I think #Bitcoin will break $100,000 by July 2022! 🚀",1394236088181350401,2022-03-20 07:28:52+00:00,
15,1505446256985968641,@flagnetwork_NFT Wow... don't miss dis @SalamiKabir3 @Ajibola300 @KayBee_006  #FlagNetwork #IDO #cryptocurrency #Bitcoin #NFTs,2698682163,2022-03-20 07:28:52+00:00,
16,1505446254536364036,"RT @AirdropStario: 💧 SafeWallet Airdrop 💧

🏆 Task:        ➕ 175 SLT (~$3.5) for 1000 random participants

👨‍👩‍👧 Referral: ➕ 30,000 SLT (~$6…",1498989069925163008,2022-03-20 07:28:51+00:00,
17,1505446253781389313,"RT @james_savanah: @KirschenbaumRoy @shakespearby $CISLA 🏝️
A new month is starting this week!

And the team is working hard behind the sce…",1419941795387953163,2022-03-20 07:28:51+00:00,
18,1505446226916876291,"RT @AirdropDet: 🔍 New #Airdrop: Elite Cash

🏆 Total Airdrop Pool: 140,000 ELC [~$49,000]

🔴 Start the airdrop bot https://t.co/geX2YRhj5n…",1306161460616151047,2022-03-20 07:28:44+00:00,
19,1505446226526830596,RT @MorgenRochard: Financial advisors have a fiduciary obligation to recommend #bitcoin not crypto.,1368937998146961418,2022-03-20 07:28:44+00:00,
20,1505446226497777671,"RT @AirdropDet: 🔍 New #Airdrop: YupVerse

💲 Reward: Up to 10M YuP (~$5) + 2M YuP (~$1,000) referral pool

🔴 Start the airdrop bot https://t…",1469715717628956674,2022-03-20 07:28:44+00:00,
21,1505446224765554690,"RT @airdropinspect: New airdrop: Prizefighter (RING)
Total Reward: $5,000 worth of RING
Rate: ⭐️⭐️⭐️⭐️
Winners: 1,000 Random &amp; Top 100
Dist…",1490974806770327553,2022-03-20 07:28:44+00:00,
22,1505446223993470977,"RT @AirdropStario: 💧 SafeWallet Airdrop 💧

🏆 Task:        ➕ 175 SLT (~$3.5) for 1000 random participants

👨‍👩‍👧 Referral: ➕ 30,000 SLT (~$6…",1498188990268071939,2022-03-20 07:28:44+00:00,
23,1505446223146274817,"RT @binance: Click a button, win a #Bitcoin.
 
Sound good? #BitcoinButton 
 
Go ➡️ https://t.co/OwsRxlzV3D https://t.co/mnATF6ZMJ8",1477116553665650689,2022-03-20 07:28:44+00:00,
24,1505446220357066755,"Another article on @bitgertbrise &amp; its incredibly fast and basically free blockchain 🔥🔥🔥

#Brise 
#Bitgert 
#BRC20
#Defi 
#Blockchain 
#Staking 
#Bitcoin 
#Solana 
#Matic 
#Gateio 
#BitMart 

https://t.co/eZMkFIloWR",1494218974476779523,2022-03-20 07:28:43+00:00,
25,1505446214946332678,"RT @SweetSOLtoken: 🍬 $SSOL Launched on 🥞PancakeSwap🥞

🥞PancakeSwap:
https://t.co/TnRHeXb5Nl

📊Chart: 
https://t.co/laccD1haMC

🍠 Contract:…",1505418302541103108,2022-03-20 07:28:42+00:00,
26,1505446212664795136,"Queen Elizabeth II &amp; Prince Phillip Autograph Picture - Certified Authentic

https://t.co/Zfo5qBqp81 #NFT #NFTCommunity #NFTs #nftcollector #NFTGiveaway #NFTGiveaways #bitcoin #Sales #Auction #collection #UnitedKingdom",1503583929508536324,2022-03-20 07:28:41+00:00,
27,1505446211972595715,"I believe this is a faithful project.The projector has a lot of attractions so hopefully the project will be best in the future.

@irokibul786786
@AkuddusKhan20
@mhossain3668
#Airdrops #EliteCash #Bitcoin #AirdropDetective #cryptocurrecy https://t.co/QlG6r3oJdt",1306161460616151047,2022-03-20 07:28:41+00:00,
28,1505446210689134592,"RT @BTC_Archive: #Bitcoin at $42k 👀
Nice and steady…👌",1403235837433679878,2022-03-20 07:28:41+00:00,
29,1505446210324529153,RT @BTCfuel: #ALTCOINS are more BULLISH than #BITCOIN  🔥🔥🚀🚀,1394236088181350401,2022-03-20 07:28:41+00:00,
30,1505446200463482880,"RT @Meta_Gaming99: Meta Gaming  🎁
 Airdrop for everyone

Steps:
1️⃣Follow us Twitter @Meta_Gaming99 RT&amp;Tag 3 friends
2️⃣Join us TG group: h…",1425195072581144585,2022-03-20 07:28:38+00:00,
31,1505446197363982338,"RT @binance: Click a button, win a #Bitcoin.
 
Sound good? #BitcoinButton 
 
Go ➡️ https://t.co/OwsRxlzV3D https://t.co/mnATF6ZMJ8",841989055336214528,2022-03-20 07:28:37+00:00,
32,1505446195577372679,"RT @AirdropStario: 💧 SafeWallet Airdrop 💧

🏆 Task:        ➕ 175 SLT (~$3.5) for 1000 random participants

👨‍👩‍👧 Referral: ➕ 30,000 SLT (~$6…",1472428228639748102,2022-03-20 07:28:37+00:00,
33,1505446191558971397,"RT @binance: Click a button, win a #Bitcoin.
 
Sound good? #BitcoinButton 
 
Go ➡️ https://t.co/OwsRxlzV3D https://t.co/mnATF6ZMJ8",1070331354,2022-03-20 07:28:36+00:00,
34,1505446190695198721,RT @rovercrc: #BITCOIN IS STARTING TO PUMP AGAIN!!! 🚀,1394236088181350401,2022-03-20 07:28:36+00:00,
35,1505446189487239169,"RT @AirdropStario: 💧 Bluca NFT Airdrop 💧

🏆 Task:         ➕  400 BULC (~$2) for 8000 random participants

👨‍👩‍👧 Referral:  ➕  4000 BULC (~$…",1359442212187107329,2022-03-20 07:28:36+00:00,
36,1505446187604021253,"RT @ICOAnnouncement: 🎙 New Project

🔷 IotexPad (TEX)

🔶 IotexPad aims to be the first decentralized IDO platform based on the Iotex chain.…",1483100433346600962,2022-03-20 07:28:35+00:00,
37,1505446185653485574,"RT @binance: Click a button, win a #Bitcoin.
 
Sound good? #BitcoinButton 
 
Go ➡️ https://t.co/OwsRxlzV3D https://t.co/mnATF6ZMJ8",63823801,2022-03-20 07:28:35+00:00,
38,1505446184269221888,"RT @GiveawayInspect: New Giveaway: Retoken (USDT)
Total Reward: 2,000 USDT
Rate: ⭐️⭐️⭐️⭐️
Winners: 700 Random &amp; Top 50
Distribution: within…",1348939389024436228,2022-03-20 07:28:34+00:00,
39,1505446184043032576,"RT @AirdropStario: 💧 SafeWallet Airdrop 💧

🏆 Task:        ➕ 175 SLT (~$3.5) for 1000 random participants

👨‍👩‍👧 Referral: ➕ 30,000 SLT (~$6…",1443782433640353797,2022-03-20 07:28:34+00:00,
40,1505446179500433408,"RT @airdropinspect: New airdrop: PlayZap X CoinBlock 
Total Reward: $3,500 worth of PLAYZAP
Rate: ⭐️⭐️⭐️⭐️
Winners: 1000 Random &amp; Top 50
Di…",1479123331110432773,2022-03-20 07:28:33+00:00,
41,1505446179064225793,"RT @binance: Click a button, win a #Bitcoin.
 
Sound good? #BitcoinButton 
 
Go ➡️ https://t.co/OwsRxlzV3D https://t.co/mnATF6ZMJ8",3151681366,2022-03-20 07:28:33+00:00,
42,1505446178699169796,"RT @AirdropDet: 🔍 New #Airdrop: YupVerse

💲 Reward: Up to 10M YuP (~$5) + 2M YuP (~$1,000) referral pool

🔴 Start the airdrop bot https://t…",1457006257001283592,2022-03-20 07:28:33+00:00,
43,1505446178028093441,"Vip project , to the moon ! @Vuvanthuc17 @Phuongpl3  @Vinh13052004 @Vi98917904

#FlagNetwork #IDO #cryptocurrency #Bitcoin #NFTs https://t.co/8uvWZhMyhx",1371041953706434562,2022-03-20 07:28:33+00:00,
44,1505446176187105287,"RT @CircuitSociety: CIRCUIT SOCIETY #NFTS IN PROGRESS 🏆

As we design our hand-crafted #NFT collection, what would you like to see the most…",1310200869724409859,2022-03-20 07:28:32+00:00,
45,1505446175956250632,"RT @Revolotto: 🏏World's Dangerous Cricketer
Greatest Batsman of All-time in Cricket

🌎Universe Boss - Chris Gayle extending his support and…",1226522526697824259,2022-03-20 07:28:32+00:00,
46,1505446174760787968,"RT @binance: 💰 $10,000 giveaway 💰
 
Post your #BitcoinButton result to enter!
 
Rules:
🔸 Retweet this post
🔸 Follow @Binance
🔸 Play #Bitcoi…",1488073182942842880,2022-03-20 07:28:32+00:00,
47,1505446174727102465,"RT @airdropinspect: New airdrop: Prizefighter (RING)
Total Reward: $5,000 worth of RING
Rate: ⭐️⭐️⭐️⭐️
Winners: 1,000 Random &amp; Top 100
Dist…",486181972,2022-03-20 07:28:32+00:00,
48,1505446173359943682,"RT @binance: Click a button, win a #Bitcoin.
 
Sound good? #BitcoinButton 
 
Go ➡️ https://t.co/OwsRxlzV3D https://t.co/mnATF6ZMJ8",3151793907,2022-03-20 07:28:32+00:00,
