,id,text,author_id,created_at,geo
0,1505647363280494603,"XRP is getting ready to take off to the moon! #altcoin #bitcoin #binance #xrp #ripple

https://t.co/YD8WsQDmkJ",245755719,2022-03-20 20:47:59+00:00,
1,1505647362999713792,"RT @joshiidrex: @whale_alert Buy your #Bitcoin  @AltbaseApp now with speed cause the pump is coming 🤝🤝🔥
#alts #Altbase #100xgem https://t.c…",1494603879853531151,2022-03-20 20:47:59+00:00,
2,1505647361963528194,"RT @AirdropDet: 🔍 New #Airdrop: YupVerse

💲 Reward: Up to 10M YuP (~$5) + 2M YuP (~$1,000) referral pool

🔴 Start the airdrop bot https://t…",2426168327,2022-03-20 20:47:59+00:00,
3,1505647361607057413,"RT @i_am_jackis: #Bitcoin currently squeezed between EMA21.

The last time this has happened was Fall 2018 https://t.co/XU3dQlDSva",32883283,2022-03-20 20:47:59+00:00,
4,1505647361074380802,"@ShibInform #shinja #ShinjaSeason
#DubaiExpo2022
#DubaiCryptoExpo

#DOJOSWAP listing #Token
#Selena_Inu
#flokimusk
#saitanobi
#bobatama
#threeohdao
#YetiCoin
#kuonotori
#planataso

#altcoin #AVAX #dogecoin
#BabyDoge #GALA
@cz_binance @elonmusk #Bitcoin #ethereum https://t.co/BQ5txZme2I",1454678238295437314,2022-03-20 20:47:59+00:00,
5,1505647360185094145,"RT @prodoodleclub: NFT Giveaway 🎁

🏆 1 winner 

To participate:
Follow + ♥️ + ♻️

#NFTGiveaway #Doodle #NFTCollection #ProDoodle #Airdrop #…",1478471188603101193,2022-03-20 20:47:58+00:00,
6,1505647357534380033,"RT @Revolotto: 🏏World's Dangerous Cricketer
Greatest Batsman of All-time in Cricket

🌎Universe Boss - Chris Gayle extending his support and…",1392097196414222342,2022-03-20 20:47:58+00:00,
7,1505647356364083202,RT @missbitcoin_mai: Perfectly smooth #LightningNetwork  transaction at Starbucks! Better than usual caramel macchiato😏❤️#Bitcoin #ElSalvad…,1241433527876542465,2022-03-20 20:47:57+00:00,
8,1505647356263698432,"RT @m_umair2002: Giving away my NFTs 
1 winner 🏆  -  60 minutes ⌛

To win:                      
1. Follow Me✅
2. Like and Retweet  ✅
3. Dr…",1480510701932220417,2022-03-20 20:47:57+00:00,
9,1505647354837352449,"@BTCTN Our target is 1 billion market value by the end of the year. %100 Safe Community Token %59 Burn Listed exchanges ; Bitget, Hotbit, MEXC, Latoken, Cointiger, ZT, Indoex Swap ; Pitswap, Pancakeswap, 1nchNetworkSwap 475+K Holders @BscPitbull #Bitcoin #btc https://t.co/PNpmAoTvyA https://t.co/eRVrGpVDND",1479895913858490372,2022-03-20 20:47:57+00:00,
10,1505647350014169090,"🇦🇺 Australia Bitcoin Exchange 🇦🇺
💰Bid–Ask Spread Ranking💰
1⃣Binance_au : 22 AUD
2⃣Independent Reserve : 99 AUD
3⃣CoinJar : 240 AUD
4⃣Swyftx : 258 AUD
5⃣Coinspot : 337 AUD
6⃣Digital Surge : 617 AUD
7⃣CoinTree : 1,243 AUD
#Bitcoin #BTC #Australia 
https://t.co/H1ijLRHOg3",1481658236197814272,2022-03-20 20:47:56+00:00,
11,1505647348822671363,"RT @Revolotto: 🏏World's Dangerous Cricketer
Greatest Batsman of All-time in Cricket

🌎Universe Boss - Chris Gayle extending his support and…",1271982942105956353,2022-03-20 20:47:56+00:00,
12,1505647347404922883,"We just know #XRP will moon #crypto #binance #cryptocurrency #bitcoin #btc

https://t.co/gDiTOs9jIp",719047501270106112,2022-03-20 20:47:55+00:00,
13,1505647345584726016,"RT @k_roberson2: @cryptogems555 Big BULLISH ON $PONGOINU!!!
PONGOINU TO THE MOON!!!
@pongoinutoken #PONGOARMY #IndonesianGP #GetWellSoonJin…",4824266577,2022-03-20 20:47:55+00:00,
14,1505647345249054720,"RT @AirdropDet: 🔍 New #Airdrop: SteamPad

🏆 Total Airdrop Pool: 5 Million STPD [~$300,000]

🔴 Start the airdrop bot https://t.co/CR15u9bH3K…",1399766336893452289,2022-03-20 20:47:55+00:00,
15,1505647343911251971,"@amytongwu World 1st bitcoin transection NFT  

https://t.co/vEVMoezY0E    

@opensea 

#Bitcoin  #nft #BinanceNFT #PolygonNFT #legend #100xgem #NFT #memoriesNFTseller #NFTs #opensea #OpenSeaNFT",1123881566399270912,2022-03-20 20:47:55+00:00,
16,1505647342141116419,Current #Bitcoin Price is $41500 #BTC #Crypto,1443994358651359234,2022-03-20 20:47:54+00:00,
17,1505647341180751883,RT @missbitcoin_mai: Perfectly smooth #LightningNetwork  transaction at Starbucks! Better than usual caramel macchiato😏❤️#Bitcoin #ElSalvad…,1487833192275001348,2022-03-20 20:47:54+00:00,
18,1505647340094468099,"Elon Musk owns only 3 coins.
#Bitcoin 龙
#ethereum
$doge",1438528578598092802,2022-03-20 20:47:54+00:00,
19,1505647337745571842,"RT @LOAN_DeFi: 🔥The #LOAN token is the key to unlocking the full potential of World Loan Finance. 
A few people thought that #bitcoin (BTC)…",1422446027320274946,2022-03-20 20:47:53+00:00,
20,1505647337334521859,"RT @HawkBlaze_: #bitcoin Marked 10-Day High, #shibainu Soars 8% (Market Watch)
$BTC  $ETH
https://t.co/Y79eV66xuc
#bitcoin #ETHEREUM #crypt…",1647817903,2022-03-20 20:47:53+00:00,
21,1505647336583688194,"In Japan, #XRP is religion. I love it! All works! #eth #ethereum #binance #bitcoin btc #ripple #crypto #cryptocurrency https://t.co/IvDsfC1g67",954834208932933632,2022-03-20 20:47:53+00:00,
22,1505647331848376328,"@binance @AlpineF1Team #shinja #ShinjaSeason
#DubaiExpo2022
#DubaiCryptoExpo

#DOJOSWAP listing #Token
#Selena_Inu
#flokimusk
#saitanobi
#bobatama
#threeohdao
#YetiCoin
#kuonotori
#planataso

#altcoin #AVAX #dogecoin
#BabyDoge #GALA
@cz_binance @elonmusk #Bitcoin #ethereum https://t.co/BQ5txZme2I",1454678238295437314,2022-03-20 20:47:52+00:00,
23,1505647330615128066,RT @defi_daria: Can you really argue that #bitcoin is involved in everything now? https://t.co/EQQv6Za3nA,753198679394136065,2022-03-20 20:47:51+00:00,
24,1505647328211972103,"@BTCTN Our target is 1 billion market value by the end of the year. %100 Safe Community Token %59 Burn Listed exchanges ; Bitget, Hotbit, MEXC, Latoken, Cointiger, ZT, Indoex Swap ; Pitswap, Pancakeswap, 1nchNetworkSwap 475+K Holders @BscPitbull #Bitcoin #btc https://t.co/PNpmAoTvyA https://t.co/vaaH4Omwul",1479895913858490372,2022-03-20 20:47:51+00:00,
25,1505647324781068292,"March crypto 9 Wolf Performance: Presentation of 3 best cryptos with per... https://t.co/tICas2XMyy via @YouTube 

Please look for more Videos at my Youtube channel 
https://t.co/ObCpU5Ayui
#Bitcoin #BTC #Ripple #XRP #Stellar #XLM #Chainlink #LINK #ZIL #Metaverse #Meta https://t.co/sYxvLxw4sg",1268747480105201667,2022-03-20 20:47:50+00:00,
26,1505647323417759744,We just know #XRP will moon #crypto #binance #cryptocurrency #bitcoin #btc https://t.co/1doshvy6zZ,1121394806570344448,2022-03-20 20:47:50+00:00,
27,1505647322981535745,"RT @cz_binance: If you don't understand #bitcoin, you don't understand money.",258888032,2022-03-20 20:47:50+00:00,
28,1505647320939077641,RT @w_s_bitcoin: #Bitcoin's absolute scarcity is such a profound discovery. https://t.co/xGdlyQZGkD,1266012423192023042,2022-03-20 20:47:49+00:00,
29,1505647317097005060,"RT @p2ePrizeFighter: Who will be the next challenger?
(Screenshot from Actual Gameplay)

#nft #nftart #art #digitalart #nfts #nftartist #cr…",1391427916878290944,2022-03-20 20:47:48+00:00,
30,1505647315431923716,"RT @el_crypto_prof: #ALTSEASON 

One chart that really excites me, is the #Altcoinmarketcap-Chart (exclude $BTC).

-Same structure as from…",1486628873563430912,2022-03-20 20:47:48+00:00,
31,1505647314525773826,"RT @AirdropStario: 💧 Elonmoon Airdrop 💧

🏆 Task:          ➕ $15 Billion Elonmoon for 6000 random participants each.

🔛 Airdrop Link &amp; Infor…",1476361970886803459,2022-03-20 20:47:48+00:00,
32,1505647314421043205,"The funny thing is that #bitcoin will go above the $100,000 during the next #BullMarket and many of you still thinking its the right time or not to buy some! Damn what are you waiting for!",37677867,2022-03-20 20:47:47+00:00,
33,1505647313682903040,"RT @TheCryptoLaunch: 💥The Crypto Launchpad Giveaway💥

🏆 Task: Up to $50 worth of TCL Partners' Tokens.

👨‍👩‍👧 Referral: $25 worth of TCL Pa…",1478279303410462722,2022-03-20 20:47:47+00:00,
34,1505647308775608325,Get IN now don't be LATE #xrp #binance #cryptocurrency #bitcoin https://t.co/NOxsPotYl0,1330194948424151042,2022-03-20 20:47:46+00:00,
35,1505647305340317699,"RT @AirdropStario: 💧 Mercury Tools Airdrop 💧

🏆 Task:       ➕  $5 worth of MERCURY for 1800 random participants

👨‍👩‍👧 Referral: ➕  $5 wort…",1476361970886803459,2022-03-20 20:47:45+00:00,
36,1505647304195334144,We just know #XRP will moon #crypto #binance #cryptocurrency #bitcoin #btc https://t.co/diKffWA7sS,1469963218399506432,2022-03-20 20:47:45+00:00,
37,1505647303906021384,"RT @ucakberke_eth: @SupernovaVerse $LFC  sell like hot cakes on @smaugsnft  Launchpad  🔥 %20 gone already
#SmaugsNFT #Supernova #LFC #SMG #…",1036710400493080577,2022-03-20 20:47:45+00:00,
38,1505647302144413700,"@BTCTN Our target is 1 billion market value by the end of the year. %100 Safe Community Token %59 Burn Listed exchanges ; Bitget, Hotbit, MEXC, Latoken, Cointiger, ZT, Indoex Swap ; Pitswap, Pancakeswap, 1nchNetworkSwap 475+K Holders @BscPitbull #Bitcoin #btc https://t.co/PNpmAoTvyA https://t.co/Tc5Djx8KOA",1479895913858490372,2022-03-20 20:47:45+00:00,
39,1505647296754733058,"We just know #XRP will moon #crypto #binance #cryptocurrency #bitcoin #btc

https://t.co/rDX6PZFHvU",1339986700655861760,2022-03-20 20:47:43+00:00,
40,1505647294787559430,@StackingMonero @BryanBSolstin @THORmaximalist Until then you can use @Strike to make #bitcoin payments. That's the main value prop of Strike and what differentiates it from all other #Bitcoin wallets and fintech apps. HODL your savings in cold storage and use Strike for daily spending needs.,1485451562080256003,2022-03-20 20:47:43+00:00,
41,1505647294754041856,RT @CignalsIo: The LVN portion (~$41k) of the 4H profile has provided S on pullbacks since Friday when we mentioned in Discord to our subs.…,171997888,2022-03-20 20:47:43+00:00,
42,1505647291994185729,"RT @cz_binance: If you don't understand #bitcoin, you don't understand money.",1084773151853211648,2022-03-20 20:47:42+00:00,
43,1505647291671080963,"RT @AirdropStario: 💧 TigerBite Airdrop 💧

🏆 Task:          ➕  $5 worth of TigerBite for 180 random participants

👨‍👩‍👧 Referral:   ➕  $5 wo…",1476361970886803459,2022-03-20 20:47:42+00:00,
44,1505647290815500291,"@ItsEliOyefeso World 1st bitcoin transection NFT  

https://t.co/vEVMoezY0E    

@opensea 

#Bitcoin  #nft #BinanceNFT #PolygonNFT #legend #100xgem #NFT #memoriesNFTseller #NFTs #opensea #OpenSeaNFT",1123881566399270912,2022-03-20 20:47:42+00:00,
45,1505647290719125507,"RT @chitaglorya__: giveaway 200$ | 2,800,000 IDR

-- rt follow @flagnetwork_NFT 

-- rt &amp; quoted their pinned with   #FlagNetwork  #cryptoc…",2525168575,2022-03-20 20:47:42+00:00,
46,1505647288609173505,"@BabyDogeReports #BlueSparrow is a bridge between the stock market and crypto .. You will have both in the Blue Sparrow CEX
#ETH
#BlueSparrow
#BlueSparrowtoken
#BlueSparrowCommunity
#BestDrawToken
#Bluesparrowcharity
@BlueSparrowETH
#web3
#Bitcoin
@BluesparrowC https://t.co/seujdkCw7M",1482419810466107397,2022-03-20 20:47:41+00:00,
47,1505647288533897223,RT @Eljaboom: If you don’t understand #bitcoin then unfollow me,1475852956947959816,2022-03-20 20:47:41+00:00,
48,1505647287703330819,RT @TheCryptoLark: Apparently $luna wants to have 10 billion in #bitcoin total to make a “Bitcoin standard” for $ust. Is this is the start…,3433845934,2022-03-20 20:47:41+00:00,
49,1505647285010513924,"RT @additionalrules: cryptocurrency news.

Crypto refugees fleeing Ukraine have found a haven in Portugal. Here’s why - Fortune 

 https://…",2823990954,2022-03-20 20:47:40+00:00,
