,id,text,author_id,created_at,geo
0,1505622950841663505,"Mark Zuckerberg Announces NFTs are coming to Instagram 
.
.
#ZolveCryptoDaily #bitcoin #btc #cryptocurrency #crypto #ethereum #dogecoin #airdrop #cardano #blockchain #trading #altcoin #cryptocurrencynews #cryptocurrencytrading #eth #blockchaingaming #defi #NFTcommunitiy https://t.co/aPDUqIOpFr",1330820453284208642,2022-03-20 19:10:59+00:00,
1,1505622949251928066,"@crypto_bitlord7 World 1st bitcoin transection NFT  

https://t.co/emFH7mWmGG    

@opensea 

#Bitcoin  #nft #BinanceNFT #PolygonNFT #legend #100xgem #NFT #memoriesNFTseller #NFTs #opensea #OpenSeaNFT",1320236448575033344,2022-03-20 19:10:58+00:00,
2,1505622948983578630,"RT @product6803: @DjPrestigeUk https://t.co/NHCcbaUSxB 
https://t.co/JQ8jMm8us9
We are the safest crypto in the business
LP locked for 80 y…",1426442854092754949,2022-03-20 19:10:58+00:00,
3,1505622948090355712,"RT @airdropinspect: New airdrop: Flamingo Casino
Total Reward: 200 NFTs &amp; $2500 pricing pool
Rate:⭐️⭐️⭐️⭐️
Winners: 220 Random
Distribution…",1503872935056257025,2022-03-20 19:10:58+00:00,
4,1505622939890520064,"RT @airdropinspect: New airdrop: Flamingo Casino
Total Reward: 200 NFTs &amp; $2500 pricing pool
Rate:⭐️⭐️⭐️⭐️
Winners: 220 Random
Distribution…",1419326073754456064,2022-03-20 19:10:56+00:00,
5,1505622933905055748,"RT @intocryptoverse: Ah yes, the good ol’ dump going into the weekly #Bitcoin close",1493250367274074117,2022-03-20 19:10:55+00:00,
6,1505622932113874944,"RT @OnChainCollege: The last time the #Bitcoin Balance on Exchanges was this low was 1,229 days (or 3 1/3 years) ago. https://t.co/zCvbkO64…",1377359378639056896,2022-03-20 19:10:54+00:00,
7,1505622928641167366,"@fluffypony @rekodi_i @eyebeatxbt @crypto_bitlord7 @BarrySilbert World 1st bitcoin transection NFT  

https://t.co/emFH7mWmGG    

@opensea 

#Bitcoin  #nft #BinanceNFT #PolygonNFT #legend #100xgem #NFT #memoriesNFTseller #NFTs #opensea #OpenSeaNFT",1320236448575033344,2022-03-20 19:10:53+00:00,
8,1505622928506904579,You can do Cloud Mining using this site https://t.co/NDdmeK1yCs                            #mining #trxmining #money #earnmoney #register #bitcoin #ethereum #btc #eth #tronvex 4352,1474465850174418951,2022-03-20 19:10:53+00:00,
9,1505622927785353217,"Great post by @EmmyMoonie 👏👏

The Mayer Multiple trend-line hinting that the long awaited capitulation might have already come and gone. 

#Bitcoin #Crypto https://t.co/BjmKdc6t2w",1301215504686694400,2022-03-20 19:10:53+00:00,
10,1505622926317748224,"RT @airdropinspect: New airdrop: MOMOCO (USDT)
Total Reward: 3,000 USDT
Rate: ⭐️⭐️⭐️⭐️
Winners: 1000 Random &amp; Top 100
Distribution: within…",1473996298915221507,2022-03-20 19:10:53+00:00,
11,1505622922022604806,RT @Blockworks_: PayPal Co-Founder: The biggest mistake I made in the last decade was getting too late and too little into #Bitcoin,1504695114530275330,2022-03-20 19:10:52+00:00,
12,1505622921309564935,"We just know #XRP will moon #crypto #binance #cryptocurrency #bitcoin #btc

https://t.co/D9lZff32iA",894989013496602626,2022-03-20 19:10:52+00:00,
13,1505622919505920000,"RT @AirdropDet: 🔍 New #Airdrop: YupVerse

💲 Reward: Up to 10M YuP (~$5) + 2M YuP (~$1,000) referral pool

🔴 Start the airdrop bot https://t…",1504797109723222020,2022-03-20 19:10:51+00:00,
14,1505622918105296896,"RT @AirdropDet: 🔍 New #Airdrop: Elite Cash

🏆 Total Airdrop Pool: 140,000 ELC [~$49,000]

🔴 Start the airdrop bot https://t.co/geX2YRhj5n…",1500653951695593472,2022-03-20 19:10:51+00:00,
15,1505622915408183305,20 + #bitcoin or you might see your wife around the house without making plans.,906599146253058049,2022-03-20 19:10:50+00:00,
16,1505622914414129152,"We just know #XRP will moon #crypto #binance #cryptocurrency #bitcoin #btc

https://t.co/fjyBIt07IU",1425933594393030662,2022-03-20 19:10:50+00:00,
17,1505622914271428624,"@crypto_bitlord7 World 1st bitcoin transection NFT  

https://t.co/emFH7mWmGG    

@opensea 

#Bitcoin  #nft #BinanceNFT #PolygonNFT #legend #100xgem #NFT #memoriesNFTseller #NFTs #opensea #OpenSeaNFT",1320236448575033344,2022-03-20 19:10:50+00:00,
18,1505622912019189766,"RT @airdropinspect: New airdrop: Flamingo Casino
Total Reward: 200 NFTs &amp; $2500 pricing pool
Rate:⭐️⭐️⭐️⭐️
Winners: 220 Random
Distribution…",1256282281578201088,2022-03-20 19:10:50+00:00,
19,1505622908378492928,"RT @TheRealPlanC: 34k to 42.3k #Bitcoin is... the new 3k to 11.3k #Bitcoin 

Personally, I would love to see us remain between 34k to 42.3k…",1470460694604701701,2022-03-20 19:10:49+00:00,
20,1505622907535433733,"RT @talkmada: @Sayembabu24 Search no further. 

$MARVIN is currently taking lead among #MemeSeason 

You gotta bag #marvininu for your next…",1491625982834393092,2022-03-20 19:10:48+00:00,
21,1505622907430522886,RT @Meta_UFO: #bitcoin and #MetaUFO have no inflation.,1468492652094291971,2022-03-20 19:10:48+00:00,
22,1505622907015163908,RT @simplykashif: Paypal co-founder says that his biggest mistake in the last 10 year was that he entered too late and too little into #bit…,4704397862,2022-03-20 19:10:48+00:00,
23,1505622903953444867,"RT @tedcruz: #Bitcoin is the new digital gold. 

The more Democrats devalue our currency, the more vulnerable it gets, and the more people…",993530695732645889,2022-03-20 19:10:48+00:00,
24,1505622901441155073,"n Japan, #XRP is religion. I love it! All works! #eth #ethereum #binance #bitcoin btc #ripple #crypto #cryptocurrency

https://t.co/Be3OnlfVXO",1340919034519367680,2022-03-20 19:10:47+00:00,
25,1505622900585422851,"RT @intocryptoverse: Ah yes, the good ol’ dump going into the weekly #Bitcoin close",1412481674080927744,2022-03-20 19:10:47+00:00,
26,1505622884458582016,"RT @AltCryptoGems: In all honesty, this drop/correction on #Bitcoin isn't looking too good.

Hope to see a pump tonight/tomorrow to be back…",1266674826661388289,2022-03-20 19:10:43+00:00,
27,1505622884429017092,"@crypto_bitlord7 World 1st bitcoin transection NFT  

https://t.co/emFH7mWmGG    

@opensea 

#Bitcoin  #nft #BinanceNFT #PolygonNFT #legend #100xgem #NFT #memoriesNFTseller #NFTs #opensea #OpenSeaNFT",1320236448575033344,2022-03-20 19:10:43+00:00,
28,1505622883531472903,"RT @BitsBeTrippin: Ready to get south and into warmer waters. New York is great, but 80s and sun is great too. #bitcoin #btc #SpringBreak l…",1463214858875326465,2022-03-20 19:10:43+00:00,
29,1505622882872926209,Media are Positive about #Bitcoin and #Crypto while Global media sentiment is Positive. https://t.co/dfqAODvCEi,1392389412806348807,2022-03-20 19:10:43+00:00,
30,1505622879777480711,"@crypto_birb @Bobatama
The Gem of the year, Token of the future.🚀🚀
Check it out🚀
#BOBAMASK #BOBATAMA
#BOBATAMA1000x

@AuzsomeAustin @elonmusk @MattWallace888 @JakeGagain
@Yourpop8 @Z_humphries
#ETH #Bitcoin  #nftart #NFTartist
#Crypto $Boba
#1000xGem #LBANK

👉 https://t.co/rW4kKwV3S8💀💀",1327235463682383872,2022-03-20 19:10:42+00:00,
31,1505622879316193286,"n Japan, #XRP is religion. I love it! All works! #eth #ethereum #binance #bitcoin btc #ripple #crypto #cryptocurrency

https://t.co/lTMitQ35mI",2698402507,2022-03-20 19:10:42+00:00,
32,1505622877453881351,"RT @augustpayson: In #bitcoin I trust 🕊

To h£ll with retarded financial institutions policy, #cryptocurrency is the truf.",1246030560021094401,2022-03-20 19:10:41+00:00,
33,1505622877122531333,"RT @omenavhuz: ✅ ✅ ✅ SALE. Switzerland Fine gold 999.9 - Argor Heraeus new gold bar.
Payment in bitcoin, Ethereum, XRP and XLM. https://t.c…",1490351919658901508,2022-03-20 19:10:41+00:00,
34,1505622876816384006,"RT @Jimakos13: Great @CryptoSlate article about @ImagineReplay implementation on @Theta_Network!

#theta $theta #bitcoin #btc #metaverse #n…",78312299,2022-03-20 19:10:41+00:00,
35,1505622876291952640,RT @rovercrc: Buy the #Bitcoin dip while you still can!,1438690747499352066,2022-03-20 19:10:41+00:00,
36,1505622875545518084,"RT @airdropinspect: New airdrop: Prizefighter (RING)
Total Reward: $5,000 worth of RING
Rate: ⭐️⭐️⭐️⭐️
Winners: 1,000 Random &amp; Top 100
Dist…",1217772197999271937,2022-03-20 19:10:41+00:00,
37,1505622871233736705,"RT @BitcoinMagazine: Only 2 weeks until the 19,000,000 #bitcoin is mined ⛏",1502893641953693696,2022-03-20 19:10:40+00:00,
38,1505622869635526659,"RT @GiveawayInspect: New Giveaway: Retoken (USDT)
Total Reward: 2,000 USDT
Rate: ⭐️⭐️⭐️⭐️
Winners: 700 Random &amp; Top 50
Distribution: within…",1466720366550679552,2022-03-20 19:10:39+00:00,
39,1505622868998389760,"RT @PotatoCoinSPL: Many will wish they had bought billions of Potatoes at these prices, we will see that 1400% gain before the new listing.…",1389146247026540544,2022-03-20 19:10:39+00:00,
40,1505622867504947202,"🌏Join the Revolution🌏
👑Hold is Gold👑
#Crypto #cryptocurrency #BTC #BabyDogeCoin· #BitcoinButton #bitcoin #shiba #SolanaNFTs  #BNB #BSCGems #blockchain #BabyDogeCoin #ETH #ethereum https://t.co/X8KdPC9qQI",1493250367274074117,2022-03-20 19:10:39+00:00,
41,1505622867022647302,RT @rovercrc: #Bitcoin looks ready to explode! 👀🚀,1003091106,2022-03-20 19:10:39+00:00,
42,1505622864480780288,"@AndyinKW @lisa_cara19 That is gonna have to be some EMP indeed.  It's going to have to wipe out every copy of the blockchain on every running #Bitcoin node worldwide.  

I'm not at all sure human life could survive such an event, so whether #Bitcoin would survive is somewhat moot.",1599823170,2022-03-20 19:10:38+00:00,
43,1505622862094376968,"Inside the Nickel Market Failure: Massive Trades the Exchange Didn’t See 

#stocks #money #investing #entrepreneur #bitcoin #forex #business #investment #investor #cryptocurrency #trading #invest #market #wealth #finance
#success #wallstreet
#motivati...
https://t.co/KJCVEwCoTl",1367700165226864640,2022-03-20 19:10:38+00:00,
44,1505622857166041092,"RT @TheMoonCarl: Will #Bitcoin hit $100,000 in 2022?

No           Maybe         Yes
👇            👇                👇",175063101,2022-03-20 19:10:36+00:00,
45,1505622856159268864,"RT @AirdropStario: 💧 Odds96 Airdrop 💧

🏆 Task:          ➕ $10 worth of Odds96 Tokens.

🔛 Airdrop Link &amp; Information: https://t.co/rBb5KjyM1…",1501298199708852226,2022-03-20 19:10:36+00:00,
46,1505622855123279872,"RT @WorldOfLadiesnf: Tell me what you think?

#nfts #nft #nftart #nftcommunity #nftcollector #nftartist #cryptoart #digitalart #art #crypto…",1500717136502796292,2022-03-20 19:10:36+00:00,
47,1505622854733381632,"RT @airdropinspect: New airdrop: Flamingo Casino
Total Reward: 200 NFTs &amp; $2500 pricing pool
Rate:⭐️⭐️⭐️⭐️
Winners: 220 Random
Distribution…",1504576767151026185,2022-03-20 19:10:36+00:00,
48,1505622853592309762,"We just know #XRP will moon #crypto #binance #cryptocurrency #bitcoin #btc

https://t.co/hrDuMUjSSb",1396312620655808516,2022-03-20 19:10:36+00:00,
49,1505622850577002496,"RT @Coinmegalodon: How to Buy $MEGA 🦈 

You can purchase $MEGA on PancakeSwap: https://t.co/4ceHEfYhxx

Set Slippage to 0.1%

#CoinMegalodo…",1419742122664546304,2022-03-20 19:10:35+00:00,
