,id,text,author_id,created_at,geo
0,1505464408457293825,"RT @mariiaaa_ch: always be in #bullish with bluesparrow
#ETH
#BlueSparrow
#BlueSparrowtoken
#BlueSparrowCommunity
#BestDrawToken
#Bluesparr…",1489910445687377922,2022-03-20 08:40:59+00:00,
1,1505464407291310082,The strongest bullish signal flashed for #XRP #bitcoin #btc #ethereum #eth https://t.co/FULel9YJNp,1447192663929860101,2022-03-20 08:40:59+00:00,
2,1505464406884646919,"RT @Evil_Promoter: HIVE is the third major blockchain ecosystems
It is the largest mining pool for Tron
Join them &amp; develop together

Link…",1348213164433764353,2022-03-20 08:40:59+00:00,
3,1505464402396463105,"Make money! Prosecute scammers! All at the same time 
Make passive income in BNB rewards for holding $SPY!
Your rewards accumulate in a pool and then delivered straight to your wallet every few days!
@SpyWolfNetwork $SPY #spywolf #bnb #bscgem #binance #bitcoin #ethereum 3ee6u",1473764166099947527,2022-03-20 08:40:58+00:00,
4,1505464402123767813,"Very good project with specific goals, a good product and a great team that will certainly achieve its goal.
@Yummy1810 @mohitshankar7 @Heaven_0fficial 

#Airdrop #Binance #BNB #BSC  #cryptocurrency #DeFi #BinanceSmartChain #BTC #Crypto #NFT  #Bitcoin #Elonmusk #Blockchain #NFT https://t.co/0MyEn6Uydv",1288485271777009664,2022-03-20 08:40:58+00:00,
5,1505464401658368008,"How amazing can it be?  #Bluesparrow Native Token for Centralized Exchange with focus on both the stock &amp; crypto market
@BlueSparrowETH
@BluesparrowC
#BluesparrowCEX
#ETH
#BlueSparrow
#BlueSparrowtoken
#BlueSparrowCommunity
#bitcoin
94#NFT https://t.co/psJugCvdad",1504327113456893952,2022-03-20 08:40:58+00:00,
6,1505464400987127808,"RT @AirdropStario: 💧 CRAT Airdrop 💧

🏆 Task:         ➕  $50 worth of CRAT for 1000 random participants each

👨‍👩‍👧 Referral:  ➕  $100 worth…",1440053833934065668,2022-03-20 08:40:58+00:00,
7,1505464400936792066,Get IN now don't be LATE #xrp #binance #cryptocurrency #bitcoin https://t.co/ja7vdrZBNC,1474047587279941633,2022-03-20 08:40:58+00:00,
8,1505464399854997508,"RT @Evil_Promoter: HIVE is the third major blockchain ecosystems
It is the largest mining pool for Tron
Join them &amp; develop together

Link…",1470307752744476674,2022-03-20 08:40:57+00:00,
9,1505464397866672134,RT @ALGOV9: Sign up with our friends at @investvoyager using join code D1CD6387D and get a free $25 in Bitcoin (#bitcoin ) when you deposit…,1355994570295750729,2022-03-20 08:40:57+00:00,
10,1505464395836633089,"RT @mariiaaa_ch: Bluesparrow  the future of the world😍❤️🎉
 New lifestyle with bluesparrow🚀🔥
#ETH
#BlueSparrow
#BlueSparrowtoken
#BlueSparro…",1489910445687377922,2022-03-20 08:40:56+00:00,
11,1505464392573501447,"@shibalouie @sgtshibtoken Pays 8% of real @Shibtoken REWARDS!!

$Ape $Shib $BTC $BNB $CRO $BSC $SGTS $AANT $XRP $USDT $ELON $NFT $LUNA #BTC #Bitcoin #CRO #Binance #SGTSHIB #NFT #BSC #ELON #XRP #AANT #Crypto #SHIBARMY #shibainu #SGTS #AlphaApeNetwork #SGTS #100xgem #BSCGem #Web3 #Metaverse https://t.co/McmIDnjbMa",310900409,2022-03-20 08:40:56+00:00,
12,1505464390077739009,"RT @AirdropStario: 💧 CRAT Airdrop 💧

🏆 Task:         ➕  $50 worth of CRAT for 1000 random participants each

👨‍👩‍👧 Referral:  ➕  $100 worth…",1505051377369714694,2022-03-20 08:40:55+00:00,
13,1505464389537009665,"RT @Evil_Promoter: HIVE is the third major blockchain ecosystems
It is the largest mining pool for Tron
Join them &amp; develop together

Link…",1462812984082714633,2022-03-20 08:40:55+00:00,
14,1505464387628371972,"We are @SpyWolfNetwork and we are here to clean up the crypto space and to make you
 
https://t.co/1Mo7qdcgFO is our anti-scam and SAFU investment portal. IT'S THE 1ST PLACE TO GO FOR DYOR!
@SpyWolfNetwork $SPY #spywolf #bnb #bscgem #binance #bitcoin zlmqk",1473764166099947527,2022-03-20 08:40:54+00:00,
15,1505464386013790210,"RT @AirdropDet: 🔍 New #Airdrop: YupVerse

💲 Reward: Up to 10M YuP (~$5) + 2M YuP (~$1,000) referral pool

🔴 Start the airdrop bot https://t…",1502259691111747585,2022-03-20 08:40:54+00:00,
16,1505464384847593474,RT @mariiaaa_ch: Web 3.0 is all about a more transparent and fairer network where everyone can participate without fearing a loss of privac…,1489910445687377922,2022-03-20 08:40:54+00:00,
17,1505464384633839617,"RT @Evil_Promoter: HIVE is the third major blockchain ecosystems
It is the largest mining pool for Tron
Join them &amp; develop together

Link…",1472038099282964480,2022-03-20 08:40:54+00:00,
18,1505464383073226756,"RT @Evil_Promoter: HIVE is the third major blockchain ecosystems
It is the largest mining pool for Tron
Join them &amp; develop together

Link…",1480277321886023680,2022-03-20 08:40:53+00:00,
19,1505464382830125056,"RT @TheCryptoGifter: If you don't have @coinbase already, then use my code. 
After you buy or sell $100 or more in #Crypto, you get $10 in…",1485235356387663877,2022-03-20 08:40:53+00:00,
20,1505464381487734787,"RT @AirdropStario: 💧 CRAT Airdrop 💧

🏆 Task:         ➕  $50 worth of CRAT for 1000 random participants each

👨‍👩‍👧 Referral:  ➕  $100 worth…",1452674947541729283,2022-03-20 08:40:53+00:00,
21,1505464381399777280,"Financial independence is achievable only if you have another stream of income 
Choose #Crypto mining as a new stream of income and earn over 700% of your investment daily::

INVEST $4,000 and EARN over $42,000 etc…
#Bitcoin #NFT #NFTs #NFTCommunity #dek65 #ETH",1263153644616200198,2022-03-20 08:40:53+00:00,
22,1505464381282598919,"RT @Revolotto: 🏏World's Dangerous Cricketer
Greatest Batsman of All-time in Cricket

🌎Universe Boss - Chris Gayle extending his support and…",1490667002364854275,2022-03-20 08:40:53+00:00,
23,1505464381185789954,"RT @AirdropStario: 💧 CRAT Airdrop 💧

🏆 Task:         ➕  $50 worth of CRAT for 1000 random participants each

👨‍👩‍👧 Referral:  ➕  $100 worth…",1428242464394055683,2022-03-20 08:40:53+00:00,
24,1505464379504046081,RT @rovercrc: #Bitcoin Bull run 3.0 loading... https://t.co/d1tUySOLOv,1481577011403542530,2022-03-20 08:40:52+00:00,
25,1505464377301864451,XRP is getting ready to take off to the moon! #altcoin #bitcoin #binance #xrp #ripple https://t.co/Nit45WWVRt,390639019,2022-03-20 08:40:52+00:00,
26,1505464374131294211,"RT @Evil_Promoter: HIVE is the third major blockchain ecosystems
It is the largest mining pool for Tron
Join them &amp; develop together

Link…",1504317463164784642,2022-03-20 08:40:51+00:00,
27,1505464372986056707,"RT @TheRealPlanC: We will see a #Bitcoin All-Time High in 2022, mark my words. 

Screen shot this post if you want, I am extremely confiden…",1401704323214610439,2022-03-20 08:40:51+00:00,
28,1505464372080037888,"RT @mariiaaa_ch: Bluesparrow  the future of the world😍❤️🎉
 New lifestyle with bluesparrow🚀🔥
#ETH
#BlueSparrow
#BlueSparrowtoken
#BlueSparro…",1489910445687377922,2022-03-20 08:40:51+00:00,
29,1505464370188664835,"RT @cub_ietz: @Metro_TV 1. Buy #SKUY #SEKUYA @sekuyaofficial 
2. Hodl enjoy reflection + autoburn
3. Repeat

Stand for #Crypto

$SKUY 🥦

#B…",890101309,2022-03-20 08:40:50+00:00,
30,1505464369877987335,"RT @Evil_Promoter: HIVE is the third major blockchain ecosystems
It is the largest mining pool for Tron
Join them &amp; develop together

Link…",1484827068240363522,2022-03-20 08:40:50+00:00,
31,1505464369148305408,"RT @ffurknaydnn: @BSCGemsAlert Don’t missed #SHINJA 🥷🏿🔥
Buy Now or Cry later 🥷🏿🔥

#Shibnobi #Crypto #DeFi #BTC #SHIB #Ceek #AVAX #BNB
#Ethe…",1459221842078703619,2022-03-20 08:40:50+00:00,
32,1505464368028217345,"RT @TheCryptoGifter: If you don't have @coinbase already, then use my code. 
After you buy or sell $100 or more in #Crypto, you get $10 in…",1305170446904508416,2022-03-20 08:40:50+00:00,
33,1505464367114240003,"RT @AirdropStario: 💧 MedusaZone Airdrop 💧

🏆 Task:          ➕  Up to 30 AMEDU (~$36)

👨‍👩‍👧 Referral:   ➕  10 AMEDU (~$12)

🔛 Airdrop Link…",1503313208471592966,2022-03-20 08:40:49+00:00,
34,1505464366916800515,"RT @ZoroToken: 🔥 We are giving away 20,000$ in $ZORO Inu tokens!

To enter all you have to do is follow this link and complete all the step…",2482314493,2022-03-20 08:40:49+00:00,
35,1505464366719590403,"RT @Evil_Promoter: HIVE is the third major blockchain ecosystems
It is the largest mining pool for Tron
Join them &amp; develop together

Link…",1499539857076797441,2022-03-20 08:40:49+00:00,
36,1505464364547342337,"RT @airdropinspect: New airdrop: Ubiquity DAO (USDT)
Total Reward: 2,500 USDT
Rate: ⭐️⭐️⭐️⭐️
Winners: 1,000 Random &amp; Top 100
Distribution:…",1428228133585440780,2022-03-20 08:40:49+00:00,
37,1505464364161449988,"RT @Evil_Promoter: HIVE is the third major blockchain ecosystems
It is the largest mining pool for Tron
Join them &amp; develop together

Link…",1487031979426017295,2022-03-20 08:40:49+00:00,
38,1505464363767021569,"RT @Next100XGEMS: Really they don’t know!😌

#bitcoin #BTC #Crypto https://t.co/z8ScMd7E1Y",1371796743839490048,2022-03-20 08:40:49+00:00,
39,1505464363494555654,"RT @Evil_Promoter: HIVE is the third major blockchain ecosystems
It is the largest mining pool for Tron
Join them &amp; develop together

Link…",1438448074632822786,2022-03-20 08:40:49+00:00,
40,1505464363188170752,RT @rovercrc: #BITCOIN IS BULLISH 🚀,261419075,2022-03-20 08:40:49+00:00,
41,1505464362747965445,"RT @rovercrc: If #Bitcoin breaks $42,500 on the 4hr close we will go parabolic! 🚀",1504793192713318407,2022-03-20 08:40:48+00:00,
42,1505464361858465797,"RT @ProjectsIco: #Bitcoin average monthly returns 

#Bitcoin #Crypto #cryptotrading",1502287698140094464,2022-03-20 08:40:48+00:00,
43,1505464361841700866,@AirdropStario Good project @KplusThuy @thesao1102 @Dungngu38506276 #cryptocurrency #Airdrop #BSC #Bitcoin  #USDT #CRAT #Airdropstario,1374000997169733637,2022-03-20 08:40:48+00:00,
44,1505464361594368000,If all #Crypto community donate $10 worth bitcoin we can help more #StandWithUkriane #SupportUkraine #Bitcoin https://t.co/6oO1kFncAN,1505235289605869576,2022-03-20 08:40:48+00:00,
45,1505464360822468613,"RT @TheCryptoLaunch: 💥The Crypto Launchpad Giveaway💥

🏆 Task: Up to $50 worth of TCL Partners' Tokens.

👨‍👩‍👧 Referral: $25 worth of TCL Pa…",1504195259173011459,2022-03-20 08:40:48+00:00,
46,1505464360503709702,"RT @Revolotto: 🏏World's Dangerous Cricketer
Greatest Batsman of All-time in Cricket

🌎Universe Boss - Chris Gayle extending his support and…",1408380639234052101,2022-03-20 08:40:48+00:00,
47,1505464359803396099,The strongest bullish signal flashed for #XRP #bitcoin #btc #ethereum #eth https://t.co/qlyVTKRFa1,390639019,2022-03-20 08:40:48+00:00,
48,1505464357953581056,"RT @AirdropStario: 💧 CRAT Airdrop 💧

🏆 Task:         ➕  $50 worth of CRAT for 1000 random participants each

👨‍👩‍👧 Referral:  ➕  $100 worth…",1491304013505044483,2022-03-20 08:40:47+00:00,
