,id,text,author_id,created_at,geo
0,1505688132037009424,"RT @p2ePrizeFighter: Who will be the next challenger?
(Screenshot from Actual Gameplay)

#nft #nftart #art #digitalart #nfts #nftartist #cr…",1434829062959157250,2022-03-20 23:29:59+00:00,
1,1505688130048999427,"RT @BTCGandalf: This is how @bopinion sees the world. 

#Bitcoin fixes this. https://t.co/Qq2A7HxMMP",752524760114835456,2022-03-20 23:29:59+00:00,
2,1505688126487937025,"@flagnetwork_NFT Hello guys

#FlagNetwork #IDO #cryptocurrency #Bitcoin #NFTs",1498212504459268096,2022-03-20 23:29:58+00:00,
3,1505688126131679236,"RT @chitaglorya__: giveaway 200$ | 2,800,000 IDR

-- rt follow @flagnetwork_NFT 

-- rt &amp; quoted their pinned with   #FlagNetwork  #cryptoc…",1500278284805816320,2022-03-20 23:29:58+00:00,
4,1505688123543592961,"RT @BitcoinMagazine: 💥 In 17 days, the biggest #Bitcoin  conference in history kicks off in Miami 👀",1492895523598180363,2022-03-20 23:29:57+00:00,
5,1505688119105843202,"@clif_high I believe there is a path to #bitcoin anonymity that will fix this.  

The path may go through coinjoin, payjoin, and #monero.",1072606370933829632,2022-03-20 23:29:56+00:00,
6,1505688114181787649,XRP is getting ready to take off to the moon! #altcoin #bitcoin #binance #xrp #ripple https://t.co/Nii02aLhta,1285822581543768066,2022-03-20 23:29:55+00:00,
7,1505688107210973185,"RT @binance: 💰 $10,000 giveaway 💰
 
Post your #BitcoinButton result to enter!
 
Rules:
🔸 Retweet this post
🔸 Follow @Binance
🔸 Play #Bitcoi…",361854347,2022-03-20 23:29:53+00:00,
8,1505688105474564100,"Tele Score is a multi-chain  protocol to calculate the credit worthiness based on the transactional data on the block chains.
https://t.co/Fln7SQTRIB #DeFi #TeleFy #DEX #cryptocurrency #Ethereum #BinanceSmartChain #Bitcoin #Airdrop #polkadot #MATIC #Polygon $TELE #Cardano #ETH",1197262223342735360,2022-03-20 23:29:53+00:00,
9,1505688104987942914,"We just know #XRP will moon #crypto #binance #cryptocurrency #bitcoin #btc

https://t.co/S6sVmIsKNJ",1398853775402536962,2022-03-20 23:29:53+00:00,
10,1505688098788700161,"@_cryptosurfer @Shibtoken @ShibaInuHodler @ShibInfo @thisisharryo @ShibArmy @weedmannop @ash_shib @JelicicNick @DesbrossesBenj1 @sgtshibtoken Pays 8% of real @Shibtoken REWARDS!!

$Ape $Shib $BTC $BNB $CRO $BSC $SGTS $AANT $XRP $USDT $ELON $NFT $LUNA #BTC #Bitcoin #CRO #Binance #SGTSHIB #NFT #BSC #ELON #XRP #AANT #Crypto #SHIBARMY #shibainu #SGTS #AlphaApeNetwork #SGTS #100xgem #BSCGem #Web3 #Metaverse https://t.co/lWBJWhAZDF",796532294236311552,2022-03-20 23:29:51+00:00,
11,1505688096905515012,"RT @mariiaaa_ch: Linking parallel worlds with 💥#bluesparrow 🌏🌎🪐
🔥BlueSparrow🔥 for everyone
#ETH
#BlueSparrow
#BlueSparrowtoken
#BlueSparrow…",1497606911428022281,2022-03-20 23:29:51+00:00,
12,1505688092870512640,XRP is getting ready to take off to the moon! #altcoin #bitcoin #binance #xrp #ripple https://t.co/RRjIseCV5j,1307545813736976394,2022-03-20 23:29:50+00:00,
13,1505688083836006407,"RT @ffurknaydnn: @cmrcamurrr @Shib_nobi @Free_Patriot76 @ShibnobiStrong Don’t missed #SHINJA 🥷🏿🔥
Buy Now and Happy later 🥷🏿🔥

#Shibnobi #Cr…",1458131173159288837,2022-03-20 23:29:48+00:00,
14,1505688083521495044,"RT @mariiaaa_ch: Linking parallel worlds with 💥#bluesparrow 🌏🌎🪐
🔥BlueSparrow🔥 for everyone
#ETH
#BlueSparrow
#BlueSparrowtoken
#BlueSparrow…",1497606911428022281,2022-03-20 23:29:48+00:00,
15,1505688081999208452,RT @defi_daria: Can you really argue that #bitcoin is involved in everything now? https://t.co/EQQv6Za3nA,1473534226888724481,2022-03-20 23:29:47+00:00,
16,1505688080182919168,"We just know #XRP will moon #crypto #binance #cryptocurrency #bitcoin #btc

https://t.co/pLmT784UVa",1273975751793131520,2022-03-20 23:29:47+00:00,
17,1505688077842407433,"In Japan, #XRP is religion. I love it! All works! #eth #ethereum #binance #bitcoin btc #ripple #crypto #cryptocurrency https://t.co/4pi3oOco4j",1123241531404582912,2022-03-20 23:29:46+00:00,
18,1505688071265611777,"RT @AirdropDet: 🔍 New #Airdrop: Elite Cash

🏆 Total Airdrop Pool: 140,000 ELC [~$49,000]

🔴 Start the airdrop bot https://t.co/geX2YRhj5n…",1480492016999940096,2022-03-20 23:29:45+00:00,
19,1505688059597238272,"@terrelljstarr If #bitcoin  crashes the whole crypto market will crash too, Everything is Correlated to Btc right now

#bitcoin  will not crash We are just in a bear market

Y’all follow @Stellajeffreyfx She’s a super underrated Bitcoiner who have been following her tweets and tip closely",1501705147164020737,2022-03-20 23:29:42+00:00,
20,1505688057080684557,"RT @mariiaaa_ch: always be in #bullish with bluesparrow
#ETH
#BlueSparrow
#BlueSparrowtoken
#BlueSparrowCommunity
#BestDrawToken
#Bluesparr…",1497606911428022281,2022-03-20 23:29:41+00:00,
21,1505688056447508480,"RT @TheMoonCarl: Will #Bitcoin hit $100,000 in 2022?

No           Maybe         Yes
👇            👇                👇",145394360,2022-03-20 23:29:41+00:00,
22,1505688055075594241,"RT @Brisecommunity: $98,817.31 (75,617,934,686 $Brise) Buy Now Or Cry Later🔥
.
➡ $BRISE To The Moon 🚀

#Bitgert #Brise #Bitgertcommunity #B…",1357957623912439809,2022-03-20 23:29:41+00:00,
23,1505688053905608708,"In Japan, #XRP is religion. I love it! All works! #eth #ethereum #binance #bitcoin btc #ripple #crypto #cryptocurrency https://t.co/JbBKfxfqKi",1347773773,2022-03-20 23:29:41+00:00,
24,1505688051246243840,"We just know #XRP will moon #crypto #binance #cryptocurrency #bitcoin #btc

https://t.co/xYIFX6i4kk",1474162302190604291,2022-03-20 23:29:40+00:00,
25,1505688042362732544,"@_cryptosurfer @Shibtoken @ShibaInuHodler @ShibInfo @thisisharryo @ShibArmy @weedmannop @ash_shib @JelicicNick @DesbrossesBenj1 @sgtshibtoken We are the #SHIBARMY of the #BSC Network

🔵8% SHIB REWARDS
🔵2% Buyback/Burns
🔵2% Auto LP

🔴P2E Game Coming Soon
🔴KYC + Audit Complete 
🔴Massive Marketing Campaign
🔴Anti Whale Mechanism

https://t.co/Mk3ncy75aL

#SGTSHIB #SGTS #Bitcoin #AlphaApeNetwork #AANT https://t.co/BMWnOKfW98",796532294236311552,2022-03-20 23:29:38+00:00,
26,1505688039934373893,"RT @TheCryptoLark: #bitcoin rejected off of resistance at $42,500 again, surprise, surprise.",1473647575869886464,2022-03-20 23:29:37+00:00,
27,1505688038957015046,"RT @altnftworld: 1200$💰

NFT Giveaway 🚀🚀

To enter 
- Follow @altnftworld 👍
- RT + LİKE ♥️
- Tag 2 friends ✅

⏰48H. 

#NFT #NFTGiveaway #Gi…",815252623,2022-03-20 23:29:37+00:00,
28,1505688037774303239,"XRP is getting ready to take off to the moon! #altcoin #bitcoin #binance #xrp #ripple

https://t.co/OAupjmZa9Z",979709365648228352,2022-03-20 23:29:37+00:00,
29,1505688037019492353,"RT @AirdropStario: 💧 Hero Arena Airdrop 💧

📍 Listed on: CoinMarketCap, PancakeSwap

🏆 Task: ➕  100 HERA (~$4) for 3000 random participants…",1449032234158071808,2022-03-20 23:29:37+00:00,
30,1505688035664568320,"@BTCGandalf A strong fiat currency relative to others could hurt your manufacturing or export base

An attack on #Bitcoin would just bring attention to Bitcoin as a superior store of value relative to fiat",965008173974343685,2022-03-20 23:29:36+00:00,
31,1505688025866645507,"RT @VerseFloki: We have a question for you guys... 

When somebody ask about #Flokiverse, how can you reply in the fastest way? 

- With a…",1452020334689914884,2022-03-20 23:29:34+00:00,
32,1505688025224949767,"RT @cz_binance: If you don't understand #bitcoin, you don't understand money.",1302532319195148288,2022-03-20 23:29:34+00:00,
33,1505688019138977794,RT @rovercrc: Buy the #Bitcoin dip while you still can!,1473647575869886464,2022-03-20 23:29:32+00:00,
34,1505688015431118849,"Can someone please explain, when paying with the #LightningNetwork  are you paying with #Bitcoin or just using the #Bitcoin rails to pay in fiat?",90688469,2022-03-20 23:29:31+00:00,
35,1505688015368241155,"RT @mariiaaa_ch: always be in #bullish with bluesparrow
#ETH
#BlueSparrow
#BlueSparrowtoken
#BlueSparrowCommunity
#BestDrawToken
#Bluesparr…",1497606911428022281,2022-03-20 23:29:31+00:00,
36,1505688015225913347,"RT @chitaglorya__: giveaway 200$ | 2,800,000 IDR

-- rt follow @flagnetwork_NFT 

-- rt &amp; quoted their pinned with   #FlagNetwork  #cryptoc…",1499978821109686272,2022-03-20 23:29:31+00:00,
37,1505688012784427010,RT @CookieMemberss: Turning Up The Youth Program ! https://t.co/qymlhROUjA #NFT #METAVERSE #OPENSEA #CRYPTO #BITCOIN #ETH #ETHEREUM #MANA #…,1505685720572256270,2022-03-20 23:29:31+00:00,
38,1505688012172058625,"RT @lab__NFT: 🎁 #NFTGiveaway 🎁

🏆 1 Punk Owl #NFT 🖼️
🏆 100 $ADA (85 $) 💰

✅ Rules :
1⃣ Follow @lab__NFT 
2⃣ ❤️ + RT + Tag friends 🔥

⏰  48…",1487857972759855105,2022-03-20 23:29:31+00:00,
39,1505688011694034946,"🐻 BEARWHALE! just SHORTED $6,028,605 worth of #Bitcoin #BTC at $41,250 on #Binance Futures",1284573941063974912,2022-03-20 23:29:30+00:00,
40,1505688011186614274,"RT @AirdropStario: 💧 Bee-Trade Finance Airdrop 💧

📍 Audited by: CertiK

🏆 Task:          ➕  Up to 36 BTF (~$51,48)

👨‍👩‍👧 Referral:   ➕  5…",1441702798324756487,2022-03-20 23:29:30+00:00,
41,1505688009114595330,RT @Blockworks_: PayPal Co-Founder: The biggest mistake I made in the last decade was getting too late and too little into #Bitcoin,1505301439891091464,2022-03-20 23:29:30+00:00,
42,1505688006233300993,"RT @GiveawayInspect: New Giveaway: Retoken (USDT)
Total Reward: 2,000 USDT
Rate: ⭐️⭐️⭐️⭐️
Winners: 700 Random &amp; Top 50
Distribution: within…",1483469223519461380,2022-03-20 23:29:29+00:00,
43,1505688006115610627,23) Current #Bitcoin Price is $41275.4 #BTC #Crypto,1501922448324927500,2022-03-20 23:29:29+00:00,
44,1505688005733978113,"Tele NFT is multi chain NFT marketplace where you can buy/sell NFT. Tele NFT protocol fees will be distributed tem who staked $TELE 
https://t.co/Fln7SQTRIB #DeFi #TeleFy #DEX #cryptocurrency #Ethereum #BinanceSmartChain #Bitcoin #Airdrop #polkadot #MATIC #Polygon #Cardano #ETH",1197262223342735360,2022-03-20 23:29:29+00:00,
45,1505688005650137095,"We just know #XRP will moon #crypto #binance #cryptocurrency #bitcoin #btc

https://t.co/0g2H9vj7Vu",1324180506431336448,2022-03-20 23:29:29+00:00,
46,1505688002802196484,"RT @mariiaaa_ch: always be in #bullish with bluesparrow
#ETH
#BlueSparrow
#BlueSparrowtoken
#BlueSparrowCommunity
#BestDrawToken
#Bluesparr…",1497606911428022281,2022-03-20 23:29:28+00:00,
47,1505687999329275904,"earning sites that pay through payoneer (FREE COURSE) Click Here 👉 https://t.co/geBP9M8oDQ

#Affiliates #AffiliateMarketing #affiliateprogram #makemoney #makemoneyonline #makeMoneyFromHome #makemoneyfast #Job #jobsearch #Jobs #Crypto #Bitcoin",1505649753173987328,2022-03-20 23:29:28+00:00,
48,1505687999123963905,RT @BitcoinSapiens: We are so early that there are zero thick girls with fat asses in #Bitcoin.,1281767880640454656,2022-03-20 23:29:27+00:00,
