,id,text,author_id,created_at,geo
0,1505412013006405634,"RT @chitaglorya__: giveaway 200$ | 2,800,000 IDR

-- rt follow @flagnetwork_NFT 

-- rt &amp; quoted their pinned with   #FlagNetwork  #cryptoc…",1505358571575611397,2022-03-20 05:12:47+00:00,
1,1505412012033343489,"RT @YupVerse: ✔️ YupVerse Airdrop (New Round) is live!

🔵 Airdrop Reward: Up to 10 Million YuP (~$5)

🔵 Referral Reward: 2 Million YuP (~$1…",1401539865875939334,2022-03-20 05:12:47+00:00,
2,1505412010791514112,We just know #XRP will moon #crypto #binance #cryptocurrency #bitcoin #btc https://t.co/uCpMQwhIVG,1387518030771589120,2022-03-20 05:12:47+00:00,
3,1505412010732834818,"RT @AirdropDet: 🔍 New #Airdrop: YupVerse

💲 Reward: Up to 10M YuP (~$5) + 2M YuP (~$1,000) referral pool

🔴 Start the airdrop bot https://t…",1209610620183691265,2022-03-20 05:12:47+00:00,
4,1505412010539945986,"RT @Marii6771: Make money! Prosecute scammers! All at the same time 
Make passive income in BNB rewards for holding $SPY!
Your rewards accu…",1477512307601293318,2022-03-20 05:12:47+00:00,
5,1505412010007310336,"@charliebilello World 1st bitcoin transection NFT  

https://t.co/emFH7mWmGG    

@opensea 

#Bitcoin  #nft #BinanceNFT #PolygonNFT #legend #100xgem #NFT #memoriesNFTseller #NFTs #opensea #OpenSeaNFT",1320236448575033344,2022-03-20 05:12:47+00:00,
6,1505412009919381508,"RT @AirdropStario: 💧 SafeWallet Airdrop 💧

🏆 Task:        ➕ 175 SLT (~$3.5) for 1000 random participants

👨‍👩‍👧 Referral: ➕ 30,000 SLT (~$6…",1499745992891334656,2022-03-20 05:12:47+00:00,
7,1505412006366613504,"RT @JDxBruce: Airdrop 🪙  @cctip_com draw 70000 BabyDoge 250 $BTC #Bitcoin ifb

https://t.co/qfhscBlf6s",219856760,2022-03-20 05:12:46+00:00,
8,1505412005687185410,Get IN now don't be LATE #xrp #binance #cryptocurrency #bitcoin https://t.co/5WQz9x2zkk,1429551744565096456,2022-03-20 05:12:46+00:00,
9,1505412005121114113,"invite friends Earn coins together

https://t.co/d3lHScYA6Z

#Bitcoin #Binance #BNB #Ethereum #ETH #Coin #cryptocurrency #Futures #defi #nft #Gamefi #airdrop #metaverse",1305519708515385346,2022-03-20 05:12:45+00:00,
10,1505412004642791424,"RT @Jimakos13: I was watching the clouds from the hospital's window, while i was scratching my head i asked myself ""Will $theta achieve Glo…",2778025921,2022-03-20 05:12:45+00:00,
11,1505412002973470721,"RT @product6803: +Nothing Will Stop What's Coming+
Created for #PassiveIncome &amp; #trading
1% trade tax
100% Taxes go back to holders
Communi…",1406786159649427456,2022-03-20 05:12:45+00:00,
12,1505411999378857986,"RT @Marii6771: Make money!Prosecute scammers!All at the same time
Make passive income in BNB rewards for holding $SPY
Your rewards accumula…",1477512307601293318,2022-03-20 05:12:44+00:00,
13,1505411997139357703,"RT @Stackswap_BTC: Stackswap GIVEAWAY

Prizes: 
🎁NFTs : 10 Gold Passes and 1,000 Silver Passes
💰Token : 10,000 STSW Tokens (1,000 winners)…",1499967731772231682,2022-03-20 05:12:43+00:00,
14,1505411994937176070,"RT @Marii6771: Did you get scammed?The good guys are here and we’ve got your back!
20% #scamsurvivor Charity! 20% charity in #SPY
Join us i…",1477512307601293318,2022-03-20 05:12:43+00:00,
15,1505411994517532675,"RT @Revolotto: 🏏World's Dangerous Cricketer
Greatest Batsman of All-time in Cricket

🌎Universe Boss - Chris Gayle extending his support and…",1497788242539999232,2022-03-20 05:12:43+00:00,
16,1505411993393455113,"RT @DimpalS04947727: 🔎 New Airdrops: Phaver
🎁 Reward:  GET Phaver Points
👨‍👧‍👦 Participants: For All Early Users
🔥 Each 250$ to 1500$

🦾 Re…",1501103979052220416,2022-03-20 05:12:43+00:00,
17,1505411992521256962,The strongest bullish signal flashed for #XRP #bitcoin #btc #ethereum #eth https://t.co/sOKsLnmGnS,1340034819934351360,2022-03-20 05:12:42+00:00,
18,1505411989962903554,"RT @YupVerse: ✔️ YupVerse Airdrop (New Round) is live!

🔵 Airdrop Reward: Up to 10 Million YuP (~$5)

🔵 Referral Reward: 2 Million YuP (~$1…",1480778363417481218,2022-03-20 05:12:42+00:00,
19,1505411989744627717,The strongest bullish signal flashed for #XRP #bitcoin #btc #ethereum #eth https://t.co/ZK7KOZTYpA,1025176447621779457,2022-03-20 05:12:42+00:00,
20,1505411987798429697,"RT @Marii6771: Do you want TRUE SAFU investing?
Go to https://t.co/1Mo7qdcgFO for crypto research!
We list scams, potential scams, trusted…",1477512307601293318,2022-03-20 05:12:41+00:00,
21,1505411987584741376,"RT @AirdropStario: 💧 MedusaZone Airdrop 💧

🏆 Task:          ➕  Up to 30 AMEDU (~$36)

👨‍👩‍👧 Referral:   ➕  10 AMEDU (~$12)

🔛 Airdrop Link…",1491299396352233472,2022-03-20 05:12:41+00:00,
22,1505411986229796866,"✅ ✅ ✅ SALE. Switzerland Fine gold 999.9 - Argor Heraeus new gold bar.
Payment in bitcoin, Ethereum, XRP and XLM. https://t.co/XhpfSnGlGD
#gold #buygold #argor #bar #goldbar #BTC #ETH #bitcoin #Ethereum #XRP #ripple #Stellar #XLM #cryptocurrency #золото https://t.co/C2KwsbooCW",2740987011,2022-03-20 05:12:41+00:00,
23,1505411985747300354,"We just know #XRP will moon #crypto #binance #cryptocurrency #bitcoin #btc

https://t.co/armKxuw044",268525004,2022-03-20 05:12:41+00:00,
24,1505411983046332418,"RT @GiveawayInspect: New Giveaway: Retoken (USDT)
Total Reward: 2,000 USDT
Rate: ⭐️⭐️⭐️⭐️
Winners: 700 Random &amp; Top 50
Distribution: within…",82027380,2022-03-20 05:12:40+00:00,
25,1505411980743659535,"@Jay_OKX @decentraland @MattWallace888 World 1st bitcoin transection NFT  

https://t.co/emFH7mWmGG    

@opensea 

#Bitcoin  #nft #BinanceNFT #PolygonNFT #legend #100xgem #NFT #memoriesNFTseller #NFTs #opensea #OpenSeaNFT",1320236448575033344,2022-03-20 05:12:40+00:00,
26,1505411978633920514,"RT @airdropinspect: New airdrop: MOMOCO (USDT)
Total Reward: 3,000 USDT
Rate: ⭐️⭐️⭐️⭐️
Winners: 1000 Random &amp; Top 100
Distribution: within…",1480778424948039681,2022-03-20 05:12:39+00:00,
27,1505411976587055105,Get IN now don't be LATE #xrp #binance #cryptocurrency #bitcoin https://t.co/L08S9wwdPX,1327263881077657600,2022-03-20 05:12:39+00:00,
28,1505411974209085443,"RT @Revolotto: 🏏World's Dangerous Cricketer
Greatest Batsman of All-time in Cricket

🌎Universe Boss - Chris Gayle extending his support and…",1490837277563842560,2022-03-20 05:12:38+00:00,
29,1505411973621874696,#DeFi #TeleFy #DEX #cryptocurrency #Ethereum #BinanceSmartChain #Bitcoin #Airdrop #polkadot #MATIC #Polygon $TELE #Cardano #ETH https://t.co/Svhd5gCdUx,1377105774531411973,2022-03-20 05:12:38+00:00,
30,1505411972380217347,"YoBit Farming: Earn up to 427% APY: https://t.co/5okFTxGDL2
#yobit #bitcoin #xrp",1496751274590711809,2022-03-20 05:12:38+00:00,
31,1505411965212327940,"RT @airdropinspect: New airdrop: Crypto Klash (KLH)
Total Reward: 500,000 KLH
Rate: ⭐️⭐️⭐️⭐️
Winners: 1,000 Random &amp; Top 100
Distribution:…",1492142380337688577,2022-03-20 05:12:36+00:00,
32,1505411964998230018,"RT @Marii6771: We are @SpyWolfNetwork and we are here to clean up the crypto space and to make you
 
https://t.co/1Mo7qdcgFO is our anti-sc…",1477512307601293318,2022-03-20 05:12:36+00:00,
33,1505411963437916160,RT @IAmBitcoinBot: Current #Bitcoin Price is $41859 #BTC #Crypto,3328820531,2022-03-20 05:12:35+00:00,
34,1505411963035156481,"RT @airdropinspect: New airdrop: ReverseDAO 
Total Reward: $80888 worth of RDAO + 2000 USDT
Rate: ⭐️⭐️⭐️⭐️
Winners: 8000 Random, 1 Lucky &amp;…",1463836909700931598,2022-03-20 05:12:35+00:00,
35,1505411960757649415,"RT @ashwsbreal: The year is 2028 and #Bitcoin 
Just hit $700k. 

That makes you happy right ? 

This is gonna happen so hold tight 
and be…",1505080142959312900,2022-03-20 05:12:35+00:00,
36,1505411958736322562,"@flagnetwork_NFT @HyperRacer_NFT FlagNetwork #IDO #cryptocurrency #Bitcoin #NFTshill

Good project",1405518809188814863,2022-03-20 05:12:34+00:00,
37,1505411958568271873,"Bitcoin Average RSI is 54 ~ Neutral
Current Price: $41,881

#Bitcoin #BTC #RsiBitcoin $BTC https://t.co/HA8vVP0IBO",1496984533631381505,2022-03-20 05:12:34+00:00,
38,1505411958018822146,"RT @DeathNote_Token: DEATH NOTE TOKEN REFERRAL CONTEST 🔥 

Join our contest and win #Prizes for inviting the most people to our @telegram 🍎…",1411855064365416448,2022-03-20 05:12:34+00:00,
39,1505411957469368326,"RT @DimpalS04947727: 🔎 New Airdrops: Phaver
🎁 Reward:  GET Phaver Points
👨‍👧‍👦 Participants: For All Early Users
🔥 Each 250$ to 1500$

🦾 Re…",1306701470876741636,2022-03-20 05:12:34+00:00,
40,1505411955426791424,"RT @Marii6771: Make money! Prosecute scammers! All at the same time 
Make passive income in BNB rewards for holding $SPY!
Your rewards accu…",1477512307601293318,2022-03-20 05:12:34+00:00,
41,1505411955351179269,@bscarmyofficial @LoveMyRisez @PancakeSwap @ApeMoonToken @BabyDogeCoin @RBXSamurai @GoCryptoMeCoin @CashCowProtocol @PopsicleFinance @Marvin_Inu @splinterlands @EverRise Everrise 🟢♥️🐳🔼 Utility and Secured ecosystem #DeFi @cz_binance #LetUsIn @BinanceFutures @kucoincom @okx @gate_io #multichain #BSC #BSCGems #EverRise #FEG #1000xgem #bitcoin,1482969505760702464,2022-03-20 05:12:34+00:00,
42,1505411951186550786,"RT @AirdropDet: 🔍 New #Airdrop: SteamPad

🏆 Total Airdrop Pool: 5 Million STPD [~$300,000]

🔴 Start the airdrop bot https://t.co/CR15u9bH3K…",1149767790577897472,2022-03-20 05:12:33+00:00,
43,1505411950041178112,"RT @YupVerse: ✔️ YupVerse Airdrop (New Round) is live!

🔵 Airdrop Reward: Up to 10 Million YuP (~$5)

🔵 Referral Reward: 2 Million YuP (~$1…",1312544979936374785,2022-03-20 05:12:32+00:00,
44,1505411949823209474,RT @ProjectsIco: #Bitcoin is on good trend according to this chart bravo @MatthewHyland_ 👏,1498095752404512768,2022-03-20 05:12:32+00:00,
45,1505411948313260034,"RT @Farog6800: @web3_coin Great project👍👌
@kuFLURrrjmprM6t
@Cristiano
@Benzema

#BNBBULL #bitcoin #tron",1443676018276016135,2022-03-20 05:12:32+00:00,
46,1505411947394744323,"RT @clancyRbtb: We are living in two parallel timelines. 

One is violent commies rooting for deadly experiments on ourselves and children,…",760681822191771648,2022-03-20 05:12:32+00:00,
47,1505411946035568640,"RT @PurpleSaitama: #PurpleSaitamaInu

The SAFEST on BSC
Future of #Defi and #Metaverse

https://t.co/KFeNWlApYC

https://t.co/hste7vAwWM

#…",820582971149320192,2022-03-20 05:12:31+00:00,
48,1505411942348955651,"RT @Marii6771: Make money!Prosecute scammers!All at the same time
Make passive income in BNB rewards for holding $SPY
Your rewards accumula…",1477512307601293318,2022-03-20 05:12:30+00:00,
49,1505411942327930882,"RT @AirdropStario: 💧 Hero Arena Airdrop 💧

📍 Listed on: CoinMarketCap, PancakeSwap

🏆 Task: ➕  100 HERA (~$4) for 3000 random participants…",1499067888069746692,2022-03-20 05:12:30+00:00,
