,id,text,author_id,created_at,geo
0,1505443269941075970,RT @AltcoinDailyio: #Bitcoin is daddy. #Ethereum is mommy. 👪,1448006130743926785,2022-03-20 07:16:59+00:00,
1,1505443267189800963,"RT @chitaglorya__: giveaway 200$ | 2,800,000 IDR

-- rt follow @flagnetwork_NFT 

-- rt &amp; quoted their pinned with   #FlagNetwork  #cryptoc…",1378969798952984579,2022-03-20 07:16:59+00:00,
2,1505443267051397120,"RT @AirdropStario: 💧 SafeWallet Airdrop 💧

🏆 Task:        ➕ 175 SLT (~$3.5) for 1000 random participants

👨‍👩‍👧 Referral: ➕ 30,000 SLT (~$6…",1461010899536588800,2022-03-20 07:16:59+00:00,
3,1505443264165564418,"RT @BTCfuel: #Bitcoin dominance is reversing 👊👊

This is VERY BULLISH for #Altcoins 🔥🔥 https://t.co/2AfoQOavcu",344278824,2022-03-20 07:16:58+00:00,
4,1505443261539790856,"RT @AirdropStario: 💧 Bee-Trade Finance Airdrop 💧

📍 Audited by: CertiK

🏆 Task:          ➕  Up to 36 BTF (~$51,48)

👨‍👩‍👧 Referral:   ➕  5…",1413824199483805708,2022-03-20 07:16:57+00:00,
5,1505443259354857475,"RT @Revolotto: 🏏World's Dangerous Cricketer
Greatest Batsman of All-time in Cricket

🌎Universe Boss - Chris Gayle extending his support and…",1495362620517679104,2022-03-20 07:16:57+00:00,
6,1505443258192773121,"@MrBigWhaleREAL 🚀Apollo Coin🚀

✅Event: Live AMA
✅Where: https://t.co/J9Uyqmn706
✅When: 22 March @ 18:00PM UTC

Join us for info about Stellar Seris APX NFT, BAPX, and Staking Pools!

#Crypto #cmctopgainers #NFT #1000xgem #bitcoin #APX #DeFi #Staking #APR #passiveincome #BAPX #NFTCollection",390343518,2022-03-20 07:16:57+00:00,
7,1505443257815343105,"#Airdrop #Airdrops #Crypto #BSC #Binance #ETH #Bitcoin #Cryptocurrency #BinanceSmartChain 
New #Airdrop: YupVerse
@Dwimaulee
@Merida56781521
@Neginfdm
@alkauthar9
@Samira27187398 https://t.co/H8xTJK5fZq",1404561424681144321,2022-03-20 07:16:57+00:00,
8,1505443257408536576,"RT @ABOLFAZ_RBXS: You too can join the great army of samurai today and choose the token you want  #RBXS
💣💯🤑

https://t.co/9cISStUjVA

#RBXS…",1419995453823803396,2022-03-20 07:16:57+00:00,
9,1505443256792137728,"Check out my account on OpenSea 💙💙

#NFTs #NFTCommunity #NFTcollection #NFTartist #NFTartwork #Crypto #ETH #Bitcoin #NFTJapan #NFT #OpenSeaNFT

https://t.co/CdSUICasUd via @opensea",813337736870445057,2022-03-20 07:16:56+00:00,
10,1505443254963105797,"RT @Eljaboom: JUST IN: #Bitcoin  is at $42,000!",1451092612148957184,2022-03-20 07:16:56+00:00,
11,1505443254396854279,"RT @saritakri482: 🔎 New Airdrops: Phaver
🎁 Reward:  GET Phaver Points
👨‍👧‍👦 Participants: For All Early Users
🔥 Each 300$ to 1600$

🦾 Regis…",980078271181209601,2022-03-20 07:16:56+00:00,
12,1505443254309105666,"RT @PasinoCom: Play your favorite Casino games with #Ethereum on https://t.co/YXrRw5ppZV!

$100 Giveaway drawing tomorrow!
✅Like👍 &amp; Follow…",1378539377119297540,2022-03-20 07:16:56+00:00,
13,1505443253574721537,"XRP is getting ready to take off to the moon! #altcoin #bitcoin #binance #xrp #ripple

https://t.co/u4sBLho0FP",1421131868423049219,2022-03-20 07:16:56+00:00,
14,1505443252685533184,#DeFi #TeleFy #DEX #cryptocurrency #Ethereum #BinanceSmartChain #Bitcoin #polkadot #MATIC #Polygon $TELE #Cardano #ETH https://t.co/F9KxqUukoF,1381154250512769024,2022-03-20 07:16:55+00:00,
15,1505443252144832513,RT @Bitcoinsensus: What's your average entry price on #Bitcoin?,382725443,2022-03-20 07:16:55+00:00,
16,1505443251041542148,"@DocumentingBTC GREAT!!🚨🚨: It will also change your life. I only buy Banxa Holdings OTC: BNXAF share. High profits awaits. Thank me later for that hint🔥 @BanxaOfficial #btc #bitcoin #defi #nft
https://t.co/FL8c0LTqQB",1403641732739260416,2022-03-20 07:16:55+00:00,
17,1505443248868769794,"RT @SydneyIfergan: Good Morning, Today I realized how all the prices were increased, not just only petrol or food but also for materials or…",1454340174297530371,2022-03-20 07:16:54+00:00,
18,1505443247405121539,"@DocumentingBTC GREAT!!🚨🚨: It will also change your life. I only buy BANXA CVE: BNXA stock. High profits awaits. Thank me later for that hint🔥 @BanxaOfficial #btc #bitcoin #defi #nft
https://t.co/x6CvMLn9ln",1470148662122721285,2022-03-20 07:16:54+00:00,
19,1505443247224594432,"RT @AirdropStario: 💧 SafeWallet Airdrop 💧

🏆 Task:        ➕ 175 SLT (~$3.5) for 1000 random participants

👨‍👩‍👧 Referral: ➕ 30,000 SLT (~$6…",1360641560313004032,2022-03-20 07:16:54+00:00,
20,1505443245219880960,"soon... soon...
#Bitcoin #BTC #CounterParty #XCP https://t.co/KEVMuEBvVo https://t.co/3LGFxegB8n",1437612260722192385,2022-03-20 07:16:54+00:00,
21,1505443241621180419,"@YupVerse #Airdrop #Airdrops #Crypto #BSC #Binance #ETH #Bitcoin #Cryptocurrency #BinanceSmartChain 
Yupverse Trailer
@Dwimaulee
@Merida56781521
@Neginfdm
@alkauthar9
@Samira27187398",1404561424681144321,2022-03-20 07:16:53+00:00,
22,1505443239339376643,"RT @MatthewHyland_: Seems like engagement and interest in #Bitcoin and #Crypto has severely dropped off over the past few weeks 

Probably…",1252932120726720513,2022-03-20 07:16:52+00:00,
23,1505443238240563201,Daily__crypto: 121 XRP Shifted by Anon Address as XRP and Most of Top 10 Coins Drift into Red https://t.co/iAIsAt2w6o #crypto #btc #news #bitcoin #binance #bnb #shiba #eth  #near #egld #egold #elrond #dot #ukraine #russia #usa #blockchain #solana #meta #nft #nftcommunity,1442945138335096832,2022-03-20 07:16:52+00:00,
24,1505443236709486595,RT @woonomic: #Bitcoin is being accumulated. https://t.co/Wdnhek2u6F,1486348391646994434,2022-03-20 07:16:52+00:00,
25,1505443235212242945,RT @pastorcoin: More and more Christians are realizing the money is broken. The great orange pilling is commencing. #Bitcoin,1502921367854985218,2022-03-20 07:16:51+00:00,
26,1505443235111579649,"Daily__crypto: Cardano (ADA) Reclaims 8th Place in Market Valuation Amid Ecosystem Inflows, Here Is What to Know https://t.co/UcUawhxKGM #crypto #btc #news #bitcoin #binance #bnb #shiba #eth  #near #egld #egold #elrond #dot #ukraine #russia #usa #blockchain #solana #meta #nft #…",1442945138335096832,2022-03-20 07:16:51+00:00,
27,1505443233916203009,"RT @binance: 🚨 Win a #Bitcoin
 
Welcome to #BitcoinButton, a game that opens the door for you to win 1 #BTC.
 
Rules:
🔸 1 chance to click t…",1443239608154836995,2022-03-20 07:16:51+00:00,
28,1505443233199017984,Daily__crypto: Bitcoin Supply Shock Ratio Spikes Up: Here's What It Means https://t.co/iUY8XUaQNi #crypto #btc #news #bitcoin #binance #bnb #shiba #eth  #near #egld #egold #elrond #dot #ukraine #russia #usa #blockchain #solana #meta #nft #nftcommunity,1442945138335096832,2022-03-20 07:16:51+00:00,
29,1505443231756079108,"Daily__crypto: 600.7 Million SHIB Burned in 5 Transfers by Shiba Inu Fans, Here's What Happened https://t.co/izzpA3er0m #crypto #btc #news #bitcoin #binance #bnb #shiba #eth  #near #egld #egold #elrond #dot #ukraine #russia #usa #blockchain #solana #meta #nft #nftcommunity",1442945138335096832,2022-03-20 07:16:50+00:00,
30,1505443230288130049,"Daily__crypto: AAVE Spikes by 26% This Week as ""Shark and Whales"" Accumulated 70,000 Tokens: Santiment Details https://t.co/UOX1yaseWD #crypto #btc #news #bitcoin #binance #bnb #shiba #eth  #near #egld #egold #elrond #dot #ukraine #russia #usa #blockchain #solana #meta #nft #nf…",1442945138335096832,2022-03-20 07:16:50+00:00,
31,1505443226748129281,Daily__crypto: Shiba Inu Could Be Listed on Leading Middle Eastern Exchange https://t.co/Hh2nZiahI4 #crypto #btc #news #bitcoin #binance #bnb #shiba #eth  #near #egld #egold #elrond #dot #ukraine #russia #usa #blockchain #solana #meta #nft #nftcommunity,1442945138335096832,2022-03-20 07:16:49+00:00,
32,1505443225196285956,Daily__crypto: RippleNet Listed as Direct Alternative to SWIFT by Arab Monetary Fund Group https://t.co/93O7Ct2Srt #crypto #btc #news #bitcoin #binance #bnb #shiba #eth  #near #egld #egold #elrond #dot #ukraine #russia #usa #blockchain #solana #meta #nft #nftcommunity,1442945138335096832,2022-03-20 07:16:49+00:00,
33,1505443224097333250,"RT @MrFly69: 🥇 $100 GIVEAWAY 🥇

To Enter:

1️⃣ Follow Me &amp; @Roobet 
2️⃣ Like + Retweet
3️⃣ Comment Roobet Username

4️⃣ Bonus: Use code: fl…",1453593209393672194,2022-03-20 07:16:49+00:00,
34,1505443222432145412,Daily__crypto: “Hype and Crash”: Dogecoin Co-Founder Slams “ApeCoin” https://t.co/QVhjVPCjgr #crypto #btc #news #bitcoin #binance #bnb #shiba #eth  #near #egld #egold #elrond #dot #ukraine #russia #usa #blockchain #solana #meta #nft #nftcommunity,1442945138335096832,2022-03-20 07:16:48+00:00,
35,1505443220817338369,"@AirdropDet #Airdrop #Airdrops #Crypto #BSC #Binance #ETH #Bitcoin #Cryptocurrency #BinanceSmartChain 
New #Airdrop: YupVerse
@Dwimaulee
@Merida56781521
@Neginfdm
@alkauthar9
@Samira27187398",1404561424681144321,2022-03-20 07:16:48+00:00,
36,1505443220347576322,Daily__crypto: Solana Tokens Now Supported by Coinbase Wallet as SOL Price Approaches $90 https://t.co/V0lNdqE44u #crypto #btc #news #bitcoin #binance #bnb #shiba #eth  #near #egld #egold #elrond #dot #ukraine #russia #usa #blockchain #solana #meta #nft #nftcommunity,1442945138335096832,2022-03-20 07:16:48+00:00,
37,1505443219198611464,"RT @chitaglorya__: giveaway 200$ | 2,800,000 IDR

-- rt follow @flagnetwork_NFT 

-- rt &amp; quoted their pinned with   #FlagNetwork  #cryptoc…",794026968031313920,2022-03-20 07:16:47+00:00,
38,1505443218632036354,RT @krakenfx: 💫 Why do you believe in #Bitcoin?,1505439024646791173,2022-03-20 07:16:47+00:00,
39,1505443216476176384,"RT @AirdropDet: 🔍 New #Airdrop: YupVerse

💲 Reward: Up to 10M YuP (~$5) + 2M YuP (~$1,000) referral pool

🔴 Start the airdrop bot https://t…",1494033167577088001,2022-03-20 07:16:47+00:00,
40,1505443215738302465,Daily__crypto: Ripple's ODL Product Close to Achieving Global Coverage  https://t.co/MfUBgNS2tT #crypto #btc #news #bitcoin #binance #bnb #shiba #eth  #near #egld #egold #elrond #dot #ukraine #russia #usa #blockchain #solana #meta #nft #nftcommunity,1442945138335096832,2022-03-20 07:16:47+00:00,
41,1505443211392733184,Daily__crypto: Crypto Surged As Fed’s Rate Hike Was Partially Priced In: Santiment https://t.co/7Mk4JmwvjN #crypto #btc #news #bitcoin #binance #bnb #shiba #eth  #near #egld #egold #elrond #dot #ukraine #russia #usa #blockchain #solana #meta #nft #nftcommunity,1442945138335096832,2022-03-20 07:16:46+00:00,
42,1505443210986147845,"RT @Revolotto: 🏏World's Dangerous Cricketer
Greatest Batsman of All-time in Cricket

🌎Universe Boss - Chris Gayle extending his support and…",1411874384784986114,2022-03-20 07:16:45+00:00,
43,1505443208855228417,Daily__crypto: Heroes of Mavia MMO Strategy Scores Partnership with Tribe Gaming https://t.co/n5VhqWWWkD #crypto #btc #news #bitcoin #binance #bnb #shiba #eth  #near #egld #egold #elrond #dot #ukraine #russia #usa #blockchain #solana #meta #nft #nftcommunity,1442945138335096832,2022-03-20 07:16:45+00:00,
44,1505443205789102080,"RT @NeilJacobs: While we’re enjoying our weekends, remember, Ross Ulbricht was sentenced to life in prison without the possibility of parol…",3076422727,2022-03-20 07:16:44+00:00,
45,1505443205235548161,Daily__crypto: Bitcoin and Ethereum Futures to Be Rolled Out by LMAX Group https://t.co/eleJkrH2bm #crypto #btc #news #bitcoin #binance #bnb #shiba #eth  #near #egld #egold #elrond #dot #ukraine #russia #usa #blockchain #solana #meta #nft #nftcommunity,1442945138335096832,2022-03-20 07:16:44+00:00,
46,1505443204694306817,"RT @CircuitSociety: #NFTCOLLECTION COMING SOON 🏆

We are continuing to develop our #NFTs! Our NFTS will offer something that has not yet be…",1492854499618148352,2022-03-20 07:16:44+00:00,
47,1505443203561967619,"@ABiMH01 Would you like to see crypto and the forex market on a platform?  
BlueSparrow  CEX offers you this exciting feature...
@BlueSparrowETH
@BluesparrowC
#BluesparrowCEX
#ETH
#BlueSparrow
#BlueSparrowtoken
#BlueSparrowCommunity
#bitcoin
#BestDrawToken
#Bluesparrowcharity
#Web3
#NFT https://t.co/1gkfCUXxA5",1486985934742724611,2022-03-20 07:16:44+00:00,
48,1505443201775124480,"RT @BTC_Archive: #Bitcoin at $42k 👀
Nice and steady…👌",1459183405929680899,2022-03-20 07:16:43+00:00,
49,1505443201590734849,Daily__crypto: Polygon to Undergo a Hard Fork Upgrade in Next 24 Hours: Details Explained https://t.co/QdLR9F711U #crypto #btc #news #bitcoin #binance #bnb #shiba #eth  #near #egld #egold #elrond #dot #ukraine #russia #usa #blockchain #solana #meta #nft #nftcommunity,1442945138335096832,2022-03-20 07:16:43+00:00,
