,id,text,author_id,created_at,geo
0,1505371746505224193,"RT @Trust_Dice: You made it! 🍀 Sign up https://t.co/WF0ul2QxY3
Claim code STPATTYS for FREE #Bitcoin https://t.co/ig8SUemY4n",1309959120968011776,2022-03-20 02:32:47+00:00,
1,1505371744990867458,RT @AltcoinDailyio: #Bitcoin is daddy. #Ethereum is mommy. 👪,1492656801954861064,2022-03-20 02:32:47+00:00,
2,1505371744990756865,"RT @GiveawayInspect: New Giveaway: Retoken (USDT)
Total Reward: 2,000 USDT
Rate: ⭐️⭐️⭐️⭐️
Winners: 700 Random &amp; Top 50
Distribution: within…",1500850634244853765,2022-03-20 02:32:47+00:00,
3,1505371743988248577,"@NftCreatorLife This is the best gem out there.
@Bobatama
#BOBAMASK #BOBATAMA
#BOBATAMA1000x

@AuzsomeAustin @elonmusk @MattWallace888 @JakeGagain
@Yourpop8 @Z_humphries
#ETH #Bitcoin  #nftart #NFTartist
#Crypto $Boba
#1000xGem #LBANK

👉 https://t.co/aLpK8UszXz",1500160116577820678,2022-03-20 02:32:46+00:00,
4,1505371743606693893,RT @BTCTN: Ron Paul still believes the government could outright ban #bitcoin citing gold history. #crypto #cryptocurrency $BTC https://t.c…,1032628826193494016,2022-03-20 02:32:46+00:00,
5,1505371742335692800,"RT @Revolotto: 🏏World's Dangerous Cricketer
Greatest Batsman of All-time in Cricket

🌎Universe Boss - Chris Gayle extending his support and…",1415320584297148432,2022-03-20 02:32:46+00:00,
6,1505371740431691787,"@elonmusk @ElvantisGame Elvantis #Metaverse Revolution. Art Beyond Limitation #CrossChain #NFT #Game #Coin
#Binance #Bitcoin #Ethereum
#GameFi

https://t.co/1kTcD2qf2c
Telegram Chat: @ELVANTIS
 https://t.co/yXl0ql2v8C
 https://t.co/wcwXQjEV2S
https://t.co/em3QsmkyBQ
https://t.co/mkJT6EnDnX https://t.co/zecznwq4pc",951023040988508161,2022-03-20 02:32:46+00:00,
7,1505371740364365825,"RT @drazestan: this is my newest art submited to @kaleidoscopexcp , this is special artwork who tribute to someone talented artist, issued…",601036867,2022-03-20 02:32:46+00:00,
8,1505371738166734851,RT @TheCryptoLark: So Terra $luna going to buy up to 3 billion worth of #bitcoin… probably not priced in,1354159376395862017,2022-03-20 02:32:45+00:00,
9,1505371737252417540,"RT @AirdropDet: 🔍 New #Airdrop: YupVerse

💲 Reward: Up to 10M YuP (~$5) + 2M YuP (~$1,000) referral pool

🔴 Start the airdrop bot https://t…",1500839069382758400,2022-03-20 02:32:45+00:00,
10,1505371730726252546,"RT @lab__NFT: 🎁 #NFTGiveaway 🎁

🏆 1 Punk Owl #NFT 🖼️
🏆 100 $ADA (85 $) 💰

✅ Rules :
1⃣ Follow @lab__NFT 
2⃣ ❤️ + RT + Tag friends 🔥

⏰  48…",1485256812194836483,2022-03-20 02:32:43+00:00,
11,1505371730700746757,"We just know #XRP will moon #crypto #binance #cryptocurrency #bitcoin #btc

https://t.co/O9loIuuEm5",1412001578106560515,2022-03-20 02:32:43+00:00,
12,1505371730579275777,"n Japan, #XRP is religion. I love it! All works! #eth #ethereum #binance #bitcoin btc #ripple #crypto #cryptocurrency

https://t.co/oB96N3bmfM",4556744129,2022-03-20 02:32:43+00:00,
13,1505371730440822784,"RT @Pepe_Van_Gogh: PEPLOCK 

18 Dollars in $BTC

https://t.co/CwxkIwjLOa

#BTC #Bitcoin #Cryptoart https://t.co/lhGIPPk01A",1494960316953903107,2022-03-20 02:32:43+00:00,
14,1505371726926032900,"@BabyDogeCoin @ElvantisGame Elvantis #Metaverse Revolution. Art Beyond Limitation #CrossChain #NFT #Game #Coin
#Binance #Bitcoin #Ethereum
#GameFi

https://t.co/1kTcD2qf2c
Telegram Chat: @ELVANTIS
 https://t.co/yXl0ql2v8C
 https://t.co/wcwXQjEV2S
https://t.co/em3QsmkyBQ
https://t.co/mkJT6EnDnX https://t.co/AV8YtXb3t0",951023040988508161,2022-03-20 02:32:42+00:00,
15,1505371724006764547,@rovercrc BANXA HOLDINGS CVE: BNXA🚨 NEW! 🚨 This share will change your life now! IR coming to states #crypto #bitcoin #btc #eth #ethereum #doge https://t.co/1M3IG9Vq9i,1470145355236978698,2022-03-20 02:32:42+00:00,
16,1505371723931152385,"Skill Guilds awesome project... With great skilled member..
#NFT #metaverse #bitcoin #airdrop #crypto #GameFi #btc #bnb #binance #cryptocurrency #eth
#Blockchain #gamingcrypto #web3 #altcoin #Altcoins #Airdrop #Airdrops #cryptogames
#Togetherwegrow @alphacapitals  #AIGventure https://t.co/DYrzvU1POj",85630344,2022-03-20 02:32:42+00:00,
17,1505371720307204099,"@PunksProject This is the best gem out there.
@Bobatama
#BOBAMASK #BOBATAMA
#BOBATAMA1000x

@AuzsomeAustin @elonmusk @MattWallace888 @JakeGagain
@Yourpop8 @Z_humphries
#ETH #Bitcoin  #nftart #NFTartist
#Crypto $Boba
#1000xGem #LBANK

👉 https://t.co/aLpK8UszXz",1500160116577820678,2022-03-20 02:32:41+00:00,
18,1505371720185782279,"RT @DimpalS04947727: 🔎 New Airdrops: Phaver
🎁 Reward:  GET Phaver Points
👨‍👧‍👦 Participants: For All Early Users
🔥 Each 250$ to 1500$

🦾 Re…",1390670085975588867,2022-03-20 02:32:41+00:00,
19,1505371718818349056,"Trending on #LunarCrush:

""#Bitcoin is daddy. #Ethereum is mommy. 👪"" via @AltcoinDailyio

Top coin mentions
$btc $eth

https://t.co/3CWCpDBKtc",1218549794270076928,2022-03-20 02:32:40+00:00,
20,1505371717237100546,RT @BitcoinMagazine: The revolution can not be stopped. #Bitcoin https://t.co/J51qviTWId,756275738,2022-03-20 02:32:40+00:00,
21,1505371716385587200,"RT @TheCryptoGifter: If you don't have @coinbase already, then use my code. 
After you buy or sell $100 or more in #Crypto, you get $10 in…",1503698498251751424,2022-03-20 02:32:40+00:00,
22,1505371715949371393,"RT @airdropinspect: New airdrop: Prizefighter (RING)
Total Reward: $5,000 worth of RING
Rate: ⭐️⭐️⭐️⭐️
Winners: 1,000 Random &amp; Top 100
Dist…",1502306157657923587,2022-03-20 02:32:40+00:00,
23,1505371714359803904,Love this so true $BTC #Bitcoin https://t.co/42sRBuVUJF,1502378922146684932,2022-03-20 02:32:39+00:00,
24,1505371712720105472,"RT @RbunZc: @BitcoinMagazine $SKUY The New Earth Multiverse ✨

@sekuyaofficial #SKUY #SKUYANS
#SKUYARMY
#Sekuya #Bitcoin #Binance #BSCGem #…",890101309,2022-03-20 02:32:39+00:00,
25,1505371712065519624,"n Japan, #XRP is religion. I love it! All works! #eth #ethereum #binance #bitcoin btc #ripple #crypto #cryptocurrency

https://t.co/tFmc5CHfCL",1432429943934365704,2022-03-20 02:32:39+00:00,
26,1505371708013924353,"@AnitaPosch Hello top lady, I am currently in a #bitcoin space with an OG @exiledsurfer &amp; we are talking translating your books to Nigerian languages. I am in the process of organizing a translation hackathon of #bitcoin contents, if this sparks your interest, please reach out.",844641776,2022-03-20 02:32:38+00:00,
27,1505371705367097345,"Good project. 
Thanks for opportunity, I am so glad to be part of this. 
Keep going and get better, success for all.

@mdpolash321 @MdUjjolHossain6 @Sobuj4321 @Manik4433 @Kamrul54321
#Airdrop #Airdrops #Airdropinspector #FTM #Prizefighter #RING #Crypto #Bitcoin https://t.co/YzVYjl6FCG",1502306157657923587,2022-03-20 02:32:37+00:00,
28,1505371704994021379,RT @CryptoKingKeyur: How many times in a day do you check #Bitcoin’s price? 😉,1505289002110406656,2022-03-20 02:32:37+00:00,
29,1505371702687019009,"RT @PotatoCoinSPL: 25B Potato giveaway

Potato will surprise you all with what we are about to announce.

Like, Retweet and Tag 3 friends t…",1039575300613365761,2022-03-20 02:32:37+00:00,
30,1505371700002652163,The strongest bullish signal flashed for #XRP #bitcoin #btc #ethereum #eth https://t.co/4NixDGMYqp,786749127300378624,2022-03-20 02:32:36+00:00,
31,1505371699423891459,@LadyofCrypto1 @Medi_Token's changing the world! Building an amazing ecosystem &amp; donating to communities in need across the planet! #RealUtility #Charity #Crypto #NFT #Play2Earn #ETH #NFTs #x2000gem #bitcoin $Medi #MediArmy #MediToken #doxxed #LLC #Saitama #Shib https://t.co/V52YkkafB1 https://t.co/G44I6mi6RR,1460551629950930944,2022-03-20 02:32:36+00:00,
32,1505371698790600706,"In Japan, #XRP is religion. I love it! All works! #eth #ethereum #binance #bitcoin btc #ripple #crypto #cryptocurrency https://t.co/9Zt7y0vhBb",1141248187417673729,2022-03-20 02:32:36+00:00,
33,1505371698429931525,"RT @TheCryptoLaunch: 💥The Crypto Launchpad Giveaway💥

🏆 Task: Up to $50 worth of TCL Partners' Tokens.

👨‍👩‍👧 Referral: $25 worth of TCL Pa…",1500074387281690629,2022-03-20 02:32:36+00:00,
34,1505371698211995651,"@SkillGuilds Skill Guilds awesome project... With great skilled member..
#NFT #metaverse #bitcoin #airdrop #crypto #GameFi #btc #bnb #binance #cryptocurrency #eth
#Blockchain #gamingcrypto #web3 #altcoin #Altcoins #Airdrop #Airdrops #cryptogames
#Togetherwegrow @alphacapitals  #AIGventure",85630344,2022-03-20 02:32:35+00:00,
35,1505371697100242948,"@DogelonMars @ElvantisGame Elvantis #Metaverse Revolution. Art Beyond Limitation #CrossChain #NFT #Game #Coin
#Binance #Bitcoin #Ethereum
#GameFi

https://t.co/1kTcD2qf2c
Telegram Chat: @ELVANTIS
 https://t.co/yXl0ql2v8C
 https://t.co/wcwXQjEV2S
https://t.co/em3QsmkyBQ
https://t.co/mkJT6EnDnX https://t.co/pLGl1R7Uho",951023040988508161,2022-03-20 02:32:35+00:00,
36,1505371692486463493,The strongest bullish signal flashed for #XRP #bitcoin #btc #ethereum #eth https://t.co/J9DYuTruWG,1476932100955774989,2022-03-20 02:32:34+00:00,
37,1505371692360560641,We just know #XRP will moon #crypto #binance #cryptocurrency #bitcoin #btc https://t.co/lPBEEUc7k8,1127365494594424833,2022-03-20 02:32:34+00:00,
38,1505371690519384067,RT @rovercrc: #BITCOIN IS STARTING TO PUMP AGAIN!!! 🚀,119041831,2022-03-20 02:32:34+00:00,
39,1505371688208273408,"@LewisSPoffical This is the best gem out there.
@Bobatama
#BOBAMASK #BOBATAMA
#BOBATAMA1000x

@AuzsomeAustin @elonmusk @MattWallace888 @JakeGagain
@Yourpop8 @Z_humphries
#ETH #Bitcoin  #nftart #NFTartist
#Crypto $Boba
#1000xGem #LBANK

👉 https://t.co/aLpK8UszXz",1500160116577820678,2022-03-20 02:32:33+00:00,
40,1505371688149598211,"RT @Revolotto: 🏏World's Dangerous Cricketer
Greatest Batsman of All-time in Cricket

🌎Universe Boss - Chris Gayle extending his support and…",1498958808487505922,2022-03-20 02:32:33+00:00,
41,1505371685381234688,"RT @AirdropDet: 🔍 New #Airdrop: Elite Cash

🏆 Total Airdrop Pool: 140,000 ELC [~$49,000]

🔴 Start the airdrop bot https://t.co/geX2YRhj5n…",1472424499534434307,2022-03-20 02:32:32+00:00,
42,1505371683645014016,The strongest bullish signal flashed for #XRP #bitcoin #btc #ethereum #eth https://t.co/4m1EjWURYc,1100010736531603456,2022-03-20 02:32:32+00:00,
43,1505371682785345539,"RT @AirdropStario: 💧 Bluca NFT Airdrop 💧

🏆 Task:         ➕  400 BULC (~$2) for 8000 random participants

👨‍👩‍👧 Referral:  ➕  4000 BULC (~$…",1109019301837586432,2022-03-20 02:32:32+00:00,
44,1505371680717545475,"RT @airdropinspect: New airdrop: Prizefighter (RING)
Total Reward: $5,000 worth of RING
Rate: ⭐️⭐️⭐️⭐️
Winners: 1,000 Random &amp; Top 100
Dist…",1443965033734545415,2022-03-20 02:32:31+00:00,
45,1505371678511087616,"RT @AirdropStario: 💧 SafeWallet Airdrop 💧

🏆 Task:        ➕ 175 SLT (~$3.5) for 1000 random participants

👨‍👩‍👧 Referral: ➕ 30,000 SLT (~$6…",1431872798193029123,2022-03-20 02:32:31+00:00,
46,1505371677361795077,"In Japan, #XRP is religion. I love it! All works! #eth #ethereum #binance #bitcoin btc #ripple #crypto #cryptocurrency https://t.co/ata9BBNO6x",1163464738841538562,2022-03-20 02:32:30+00:00,
47,1505371677122830336,Get IN now don't be LATE #xrp #binance #cryptocurrency #bitcoin https://t.co/xg28DAhe9o,1182964747261677568,2022-03-20 02:32:30+00:00,
48,1505371675617120261,"@Dvision_network @efinityio @enjin @ElvantisGame Elvantis #Metaverse Revolution. Art Beyond Limitation #CrossChain #NFT #Game #Coin
#Binance #Bitcoin #Ethereum
#GameFi

https://t.co/1kTcD2qf2c
Telegram Chat: @ELVANTIS
 https://t.co/yXl0ql2v8C
 https://t.co/wcwXQjEV2S
https://t.co/em3QsmkyBQ
https://t.co/mkJT6EnDnX https://t.co/NNRhbaHyUu",951023040988508161,2022-03-20 02:32:30+00:00,
49,1505371675025625098,"RT @CryptoKingKeyur: Bitcoin Critical - Last Few Hours 😱 Russia Ukraine Attach Started? Crypt... https://t.co/Ev732RZ1kz via @YouTube 

#bi…",1505289002110406656,2022-03-20 02:32:30+00:00,
