,id,text,author_id,created_at,geo
0,1505436726008840195,"RT @CarfuelFinance: System Update
Fixed bugs in the system.
Updated interface, added referral system
Added new airdrop missions 
https://t.…",892679667441782784,2022-03-20 06:50:59+00:00,
1,1505436724616470529,"RT @AirdropStario: 💧 SafeWallet Airdrop 💧

🏆 Task:        ➕ 175 SLT (~$3.5) for 1000 random participants

👨‍👩‍👧 Referral: ➕ 30,000 SLT (~$6…",1504553638332702722,2022-03-20 06:50:59+00:00,
2,1505436720653017090,"RT @chitaglorya__: giveaway 200$ | 2,800,000 IDR

-- rt follow @flagnetwork_NFT 

-- rt &amp; quoted their pinned with   #FlagNetwork  #cryptoc…",1436651109012017153,2022-03-20 06:50:58+00:00,
3,1505436718152835077,"RT @airdropinspect: New airdrop: Prizefighter (RING)
Total Reward: $5,000 worth of RING
Rate: ⭐️⭐️⭐️⭐️
Winners: 1,000 Random &amp; Top 100
Dist…",1471120771418583045,2022-03-20 06:50:57+00:00,
4,1505436717435609089,"RT @AirdropStario: 💧 SafeWallet Airdrop 💧

🏆 Task:        ➕ 175 SLT (~$3.5) for 1000 random participants

👨‍👩‍👧 Referral: ➕ 30,000 SLT (~$6…",1400424639986159621,2022-03-20 06:50:57+00:00,
5,1505436713988268033,"RT @AirdropStario: 💧 Bluca NFT Airdrop 💧

🏆 Task:         ➕  400 BULC (~$2) for 8000 random participants

👨‍👩‍👧 Referral:  ➕  4000 BULC (~$…",1423219754043514881,2022-03-20 06:50:56+00:00,
6,1505436710112485377,"40% more currency in circulation equals 40% inflation… but politicians and the media won’t tell you that. 

#Bitcoin fixes this https://t.co/eskNG3Ih2a",949053262967304192,2022-03-20 06:50:56+00:00,
7,1505436710083039234,"RT @AirdropDet: 🔍 New #Airdrop: YupVerse

💲 Reward: Up to 10M YuP (~$5) + 2M YuP (~$1,000) referral pool

🔴 Start the airdrop bot https://t…",1361345224392536064,2022-03-20 06:50:56+00:00,
8,1505436710011875328,"RT @AirdropStario: 💧 GET Coin Airdrop 💧

🏆 Task:        ➕  100,000 GET for 20,000 random participants each

👨‍👩‍👧 Referral: ➕  500,000 GET…",1382326199133687808,2022-03-20 06:50:55+00:00,
9,1505436708896133120,RT @rovercrc: Next week will be huge for #Bitcoin,1270431660169928706,2022-03-20 06:50:55+00:00,
10,1505436706576736258,"RT @AirdropStario: 💧 SafeWallet Airdrop 💧

🏆 Task:        ➕ 175 SLT (~$3.5) for 1000 random participants

👨‍👩‍👧 Referral: ➕ 30,000 SLT (~$6…",1498585365845790725,2022-03-20 06:50:55+00:00,
11,1505436705394143233,"RT @Revolotto: 🏏World's Dangerous Cricketer
Greatest Batsman of All-time in Cricket

🌎Universe Boss - Chris Gayle extending his support and…",1451323072196190212,2022-03-20 06:50:54+00:00,
12,1505436701375750145,"RT @AirdropStario: 💧 GET Coin Airdrop 💧

🏆 Task:        ➕  100,000 GET for 20,000 random participants each

👨‍👩‍👧 Referral: ➕  500,000 GET…",1443215440449257474,2022-03-20 06:50:53+00:00,
13,1505436698376876036,"RT @EmmyMoonie: Look at the similarity between S&amp;P500 #stocks and #bitcoin daily price action! 👀

Both had 2nd HIGHER Top then straight int…",1903187785,2022-03-20 06:50:53+00:00,
14,1505436697571565568,RT @LinaSeiche: Buying #Bitcoin https://t.co/wZEqK1Nn3G,3924997036,2022-03-20 06:50:53+00:00,
15,1505436692517253122,"RT @airdropinspect: New airdrop: Prizefighter (RING)
Total Reward: $5,000 worth of RING
Rate: ⭐️⭐️⭐️⭐️
Winners: 1,000 Random &amp; Top 100
Dist…",1338381768,2022-03-20 06:50:51+00:00,
16,1505436690797584387,"RT @airdropinspect: New airdrop: Retoken (USDT)
Total Reward: 2,000 USDT
Rate: ⭐️⭐️⭐️⭐️
Winners: 700 Random &amp; Top 50
Distribution: within a…",1471120771418583045,2022-03-20 06:50:51+00:00,
17,1505436690336436229,RT @Dennis_Porter_: I’m working on the federal side and in multiple states pushing #Bitcoin and digital asset laws forward so the USA is he…,1270431660169928706,2022-03-20 06:50:51+00:00,
18,1505436689212526592,"RT @GiveawayInspect: New Giveaway: Retoken (USDT)
Total Reward: 2,000 USDT
Rate: ⭐️⭐️⭐️⭐️
Winners: 700 Random &amp; Top 50
Distribution: within…",1491650432028246016,2022-03-20 06:50:51+00:00,
19,1505436687207309326,"RT @TheCryptoJulie: #bitcoin create a same pattern as gold did😍🔥💹

#altcoin #Crypto #kasta #cryptocurrency #btc #ethereum #eth #blockchain…",1150423177731821575,2022-03-20 06:50:50+00:00,
20,1505436685328396290,"RT @SignalLTC: @ElonGoatToken Comment Why You Love #EGT And Inbox Me Your $EGT Wallet Address. $200 In #EGT Is Coming Your Way.

Make Sure…",1475835727355289601,2022-03-20 06:50:50+00:00,
21,1505436683168530443,"RT @airdropinspect: New airdrop: MOMOCO (USDT)
Total Reward: 3,000 USDT
Rate: ⭐️⭐️⭐️⭐️
Winners: 1000 Random &amp; Top 100
Distribution: within…",1480750943532511236,2022-03-20 06:50:49+00:00,
22,1505436681876430848,"RT @AirdropStario: 💧 SafeWallet Airdrop 💧

🏆 Task:        ➕ 175 SLT (~$3.5) for 1000 random participants

👨‍👩‍👧 Referral: ➕ 30,000 SLT (~$6…",1491365440303599617,2022-03-20 06:50:49+00:00,
23,1505436680794247169,"@flagnetwork_NFT #FlagNetwork #Ido #Cryptocurrency #Bitcoin #Nfts #NFT 
A Good project!
I wish you the success of this good project.
I wish I could participate.
Please help me to participate.
@leesb999 @bokyeolim @isangkim9999
@wonjongseo9999 @Actor_Yeo @bbowoo",1423935983695777793,2022-03-20 06:50:49+00:00,
24,1505436678688849924,"RT @StephenPunwasi: India just bought 3 million barrels of oil from Russia at a 20% discount and paid in rupees, not USD.

The fight to de-…",249469940,2022-03-20 06:50:48+00:00,
25,1505436676084142080,"RT @AirdropDet: 🔍 New #Airdrop: YupVerse

💲 Reward: Up to 10M YuP (~$5) + 2M YuP (~$1,000) referral pool

🔴 Start the airdrop bot https://t…",1497310247303753730,2022-03-20 06:50:47+00:00,
26,1505436674964267013,"RT @rovercrc: If #Bitcoin breaks $42,500 on the 4hr close we will go parabolic! 🚀",1460346714741686277,2022-03-20 06:50:47+00:00,
27,1505436674465013763,"RT @airdropinspect: New airdrop: Prizefighter (RING)
Total Reward: $5,000 worth of RING
Rate: ⭐️⭐️⭐️⭐️
Winners: 1,000 Random &amp; Top 100
Dist…",1372594053381042179,2022-03-20 06:50:47+00:00,
28,1505436672170741764,"@BTCTN $SKUY
SEKUYA THE 1ST MULTIVERSE META-FI PROJECT IN CRYPTO SPACE   

Multiverse
Meta-fi
WEB 3.0
RWANFT  
P2E Ecosystem
🚀🚀🚀🚀🚀🚀🚀🚀🚀
✅ Company-backed
✅ 5% #SKUY Rewards 

@sekuyaofficial

#Sekuya #Bitcoin #Binance #BSCGem #BSC #Metaverse #NFT https://t.co/PjUl208JHK",1362720044275224579,2022-03-20 06:50:46+00:00,
29,1505436671306715138,"@YupVerse Wow great project for crypto lover...

I like this project...

Don't misss

@leonidas_token 
@SolanaPoker 
@SolyardFinance

#Airdrops #Bitcoin #YupVerse #AirdropDet #Crypto #Blockchain",1350348825161035777,2022-03-20 06:50:46+00:00,
30,1505436668752543744,RT @TheCryptoLark: So Terra $luna going to buy up to 3 billion worth of #bitcoin… probably not priced in,1498959989464977408,2022-03-20 06:50:46+00:00,
31,1505436668241022976,"Comment down if you can relate to this🥲

#Crypto #cryptocurrency #cryptomeme #cryptoportfolio #Bitcoin #solana #cardano #Shubuinu #BTC #Coinscapture https://t.co/yq20uOv79C",1069887133815578624,2022-03-20 06:50:46+00:00,
32,1505436662322499587,"RT @chitaglorya__: giveaway 200$ | 2,800,000 IDR

-- rt follow @flagnetwork_NFT 

-- rt &amp; quoted their pinned with   #FlagNetwork  #cryptoc…",1407695630852530187,2022-03-20 06:50:44+00:00,
33,1505436658304692225,"RT @Revolotto: 🏏World's Dangerous Cricketer
Greatest Batsman of All-time in Cricket

🌎Universe Boss - Chris Gayle extending his support and…",1275241798160445441,2022-03-20 06:50:43+00:00,
34,1505436657763459074,"RT @TheRealPlanC: I wouldn't make these statements if I wasn't very confident. #Bitcoin 

I am aware of the amount of Plan D comments &amp; jok…",852593707044003841,2022-03-20 06:50:43+00:00,
35,1505436653308981256,"RT @CarfuelFinance: We are all over the world in just 5 days. Our project continues to grow at full speed. Thanks everyone.

https://t.co/m…",892679667441782784,2022-03-20 06:50:42+00:00,
36,1505436653086781443,"RT @bonzo_kay: FREE Bitcoins - 16 ways to earn FREE bitcoins https://t.co/jotOBugyWS

#FreeBitcoin #BTC #bitcoins #bitcoin #BitcoinButton #…",1499710761790328833,2022-03-20 06:50:42+00:00,
37,1505436647420166145,"RT @CryptoTony__: Good morning legends 

Apart from those who say #Bitcoin will not succumb to mass adoption .. Sorry who are you 🥺",1156065260,2022-03-20 06:50:41+00:00,
38,1505436647386599425,"RT @airdropinspect: New airdrop: FoodChain Global (FOOD)
Total Reward: $5,000 worth of FOOD
Rate: ⭐️⭐️⭐️⭐️
Winners: 1000 Random &amp; Top 100
D…",1452856359225999362,2022-03-20 06:50:41+00:00,
39,1505436644668715009,"RT @chitaglorya__: giveaway 200$ | 2,800,000 IDR

-- rt follow @flagnetwork_NFT 

-- rt &amp; quoted their pinned with   #FlagNetwork  #cryptoc…",1477881499256950786,2022-03-20 06:50:40+00:00,
40,1505436644198916100,"RT @Coinsquare: 🍀 GIVEAWAY ALERT🍀
Happy #StPatricksDay!! To celebrate, we'll be choosing one lucky winner to win $1000 in #Bitcoin. Feeling…",1505410420256874498,2022-03-20 06:50:40+00:00,
41,1505436643045556224,"RT @airdropinspect: New airdrop: Prizefighter (RING)
Total Reward: $5,000 worth of RING
Rate: ⭐️⭐️⭐️⭐️
Winners: 1,000 Random &amp; Top 100
Dist…",1135828359345254401,2022-03-20 06:50:40+00:00,
42,1505436642990977026,"RT @ProjectsIco: #Bitcoin average monthly returns 

#Bitcoin #Crypto #cryptotrading",1476141050431373315,2022-03-20 06:50:40+00:00,
43,1505436639945846787,"RT @airdropinspect: New airdrop: Retoken (USDT)
Total Reward: 2,000 USDT
Rate: ⭐️⭐️⭐️⭐️
Winners: 700 Random &amp; Top 50
Distribution: within a…",1484056980037967872,2022-03-20 06:50:39+00:00,
44,1505436638935015428,RT @rovercrc: #Bitcoin looks ready to explode! 👀🚀,1459183405929680899,2022-03-20 06:50:39+00:00,
45,1505436638079455236,"RT @AirdropStario: 💧 SafeWallet Airdrop 💧

🏆 Task:        ➕ 175 SLT (~$3.5) for 1000 random participants

👨‍👩‍👧 Referral: ➕ 30,000 SLT (~$6…",1423219754043514881,2022-03-20 06:50:38+00:00,
46,1505436635025985539,PayPal co-founder says the “biggest mistake I made in the last decade was getting too late and too little into #Bitcoin.” 🗯️,1457021672377171969,2022-03-20 06:50:38+00:00,
47,1505436634740838400,"RT @AirdropStario: 💧 SafeWallet Airdrop 💧

🏆 Task:        ➕ 175 SLT (~$3.5) for 1000 random participants

👨‍👩‍👧 Referral: ➕ 30,000 SLT (~$6…",1498029632846770190,2022-03-20 06:50:38+00:00,
48,1505436633491034112,RT @rovercrc: #Bitcoin looks ready to explode! 👀🚀,1270431660169928706,2022-03-20 06:50:37+00:00,
