,id,text,author_id,created_at,geo
0,1505562804480143362,"100% Real and Organic.
100% Safety and Royalty service
https://t.co/CuzED3nZ6D
#music #spotify
#Video #ad #TikTok #TheKashmirFiles #NEW #NFTCommunity #bitcoin #zonauang #F4ThailandEP13 #love #SUGA #war #gift #YoungFamousAndAfrican #GameFi #gamer #PasigIsPink #VCT #F4ThailandEP13",1482624510348369922,2022-03-20 15:11:59+00:00,
1,1505562803628740609,"RT @maxyamp: How AI-powered trading software protects my portfolio during #Bitcoin corrections 🔥

Try it free 👉 https://t.co/cdlct0CEkl ✅ h…",1494043414077206528,2022-03-20 15:11:59+00:00,
2,1505562801863073792,RT @Angela_sa3: @Navid18714913 @SpyWolfNetwork Security is the most valuable asset that is not easily obtained. Our eyes are always open. S…,1501820173153705984,2022-03-20 15:11:58+00:00,
3,1505562800026001417,"@SpaceX @Bobatama
The Gem of the year, Token of the future.🚀🚀
Check it out🚀
#BOBAMASK #BOBATAMA
#BOBATAMA1000x

@AuzsomeAustin @elonmusk @MattWallace888 @JakeGagain
@Yourpop8 @Z_humphries
#ETH #Bitcoin  #nftart #NFTartist
#Crypto $Boba
#1000xGem #LBANK

👉 https://t.co/rW4kKwV3S8..",1327235463682383872,2022-03-20 15:11:58+00:00,
4,1505562799929688068,"RT @DeathNote_Token: DEATH NOTE TOKEN REFERRAL CONTEST 🔥 

Join our contest and win #Prizes for inviting the most people to our @telegram 🍎…",1368958562542657542,2022-03-20 15:11:58+00:00,
5,1505562799707406339,"RT @Meta_Gaming99: Meta Gaming  🎁
 Airdrop for everyone

Steps:
1️⃣Follow us Twitter @Meta_Gaming99 RT&amp;Tag 3 friends
2️⃣Join us TG group: h…",1488355359936835587,2022-03-20 15:11:58+00:00,
6,1505562798541381632,"RT @airdropinspect: New airdrop: Jungle Jim (JIM)
Total Reward: $5,000 worth of JIM
Rate: ⭐️⭐️⭐️⭐️
Winners: 1000 Random &amp; Top 100
Distribut…",1500338148530081795,2022-03-20 15:11:57+00:00,
7,1505562797844967429,I earned with the help of my friends! 💸 Anyone can try how it is simple and fun on @betfury i-Gaming platform. My Username: oOmega #betfurysuccess #tron #bitcoin #referral,207122763,2022-03-20 15:11:57+00:00,
8,1505562797140111362,"We just know #XRP will moon #crypto #binance #cryptocurrency #bitcoin #btc

https://t.co/0xEuqafFIt",1351394191251800064,2022-03-20 15:11:57+00:00,
9,1505562793163956227,"RT @airdropinspect: New airdrop: Flamingo Casino
Total Reward: 200 NFTs &amp; $2500 pricing pool
Rate:⭐️⭐️⭐️⭐️
Winners: 220 Random
Distribution…",1471512316454010884,2022-03-20 15:11:56+00:00,
10,1505562792375779334,"@AirdropStario Great promising project. The project was executed in a very professional manner and had a clear development plan. @Subrodeb20

@biswas708090
@Akashghosh12300
@AnikGh4

#cryptocurrency #Airdrop #BSC #Bitcoin #USDT #SafeWallet #SLT #Airdropstario",1481314670141403137,2022-03-20 15:11:56+00:00,
11,1505562792018862092,"RT @p2ePrizeFighter: Our Awesome Female Boxers are ready!

More information will be released soon.
#nft #nftart #art #digitalart #nfts #nft…",1466293577269473283,2022-03-20 15:11:56+00:00,
12,1505562789628284935,RT @rabert_67532418: @Navid18714913 @SpyWolfNetwork Security is the most valuable asset that is not easily obtained. Our eyes are always op…,1501820173153705984,2022-03-20 15:11:55+00:00,
13,1505562789229654018,"the strongest bullish signal flashed for #Bitcoin. Not trend reverse but price bounce is anticipated!

@tradeosiann  is a super #BTC Trader 
I’ve been following his tweets and tips seriously &amp; I’ve been doing great $MC $ARPA $CTK $AYAY #Cryptocurrency  $BNB gg",1472813004831924229,2022-03-20 15:11:55+00:00,
14,1505562787581345792,We just know #XRP will moon #crypto #binance #cryptocurrency #bitcoin #btc https://t.co/6VVg7elxkB,1474932338215772160,2022-03-20 15:11:55+00:00,
15,1505562787392950274,RT @SiimDAO: #Bitcoin against inflation.,1449745160489738249,2022-03-20 15:11:55+00:00,
16,1505562786868342785,"XRP is getting ready to take off to the moon! #altcoin #bitcoin #binance #xrp #ripple

https://t.co/CuqLoOoXhL",1271058845876527105,2022-03-20 15:11:55+00:00,
17,1505562786235133956,"RT @therationalroot: Drawdown equal to previous cycles, will we bounce off the trendline? #Bitcoin https://t.co/gftYht93YB",314641202,2022-03-20 15:11:54+00:00,
18,1505562786084290562,"RT @AirdropDet: 🔍 New #Airdrop: YupVerse

💲 Reward: Up to 10M YuP (~$5) + 2M YuP (~$1,000) referral pool

🔴 Start the airdrop bot https://t…",1504468633644584962,2022-03-20 15:11:54+00:00,
19,1505562785379680257,"Amazing project with great potential. The team's dedication and ingenuity with excellent fan support will make this the envy of the crypto world. I am glad to be a part of this great project.
@numintu @mnasiruddinru @sushakil  
#FlagNetwork #IDO #cryptocurrency #Bitcoin #NFTs https://t.co/Bezd71QRbs",1492435948096815105,2022-03-20 15:11:54+00:00,
20,1505562782405734401,Earn 50$ daily with this NFT Game https://t.co/m5hTubd1Wn #bitcoin #btc #cryptocurrency #price #blockchain #time #crypto #money #news #currency #ethereum #market #trade #trading #bitcoincash #cash #gold #invest #investing #stocks,1292581595250073601,2022-03-20 15:11:53+00:00,
21,1505562780098830338,#DeFi #TeleFy #DEX #cryptocurrency #Ethereum #BinanceSmartChain #Bitcoin #Airdrop #polkadot #MATIC #Polygon $TELE #Cardano #ETH https://t.co/liKGyLeh6E,1258832208372076546,2022-03-20 15:11:53+00:00,
22,1505562777825714179,"RT @p2ePrizeFighter: Our Awesome Female Boxers are ready!

More information will be released soon.
#nft #nftart #art #digitalart #nfts #nft…",1479474812015632389,2022-03-20 15:11:52+00:00,
23,1505562776764182528,RT @BitcoinMagazine: The revolution can not be stopped. #Bitcoin https://t.co/J51qviTWId,3256143684,2022-03-20 15:11:52+00:00,
24,1505562775707439114,RT @nomadcapitalist: 1.5 #bitcoin or a kilobar of #gold will fund the bank account for a Costa Rica 🇨🇷 residence permit. https://t.co/zcHHQ…,1496810190,2022-03-20 15:11:52+00:00,
25,1505562775413612548,"n Japan, #XRP is religion. I love it! All works! #eth #ethereum #binance #bitcoin btc #ripple #crypto #cryptocurrency

https://t.co/BXtM5p8ppV",1449408411649576966,2022-03-20 15:11:52+00:00,
26,1505562775179112450,"RT @p2ePrizeFighter: Our Awesome Female Boxers are ready!

More information will be released soon.
#nft #nftart #art #digitalart #nfts #nft…",1387807441581002756,2022-03-20 15:11:52+00:00,
27,1505562774340276227,"RT @AirdropStario: 💧 CryptoZerofi Airdrop 💧

🏆 Task:          ➕ 22,000 USDT » Total reward pool.

🔛 Airdrop Link &amp; Information: https://t.c…",1504850972455337986,2022-03-20 15:11:52+00:00,
28,1505562772003856390,"RT @Godofcryp: I think the #NFTgame will be exploded in 2022,because of there is nothing to do with the #bitcoin and #ethereum and maybe th…",1480678689608282113,2022-03-20 15:11:51+00:00,
29,1505562768673579010,"RT @TuurDemeester: I like seeing these bearish tweets, they confirm ""wall of worry"" thesis. Don't think the spring &amp; fall rallies were mass…",314641202,2022-03-20 15:11:50+00:00,
30,1505562767062880261,"Watching closely BTC 5min chart. 
-Decent squeeze.
-Divergence in RSI.
-Retests daily broken downtrend.

Close above the white resistance I consider LONG 
#Bitcoin #cryptocurrency https://t.co/6hcW4mzWus",1501960346008969217,2022-03-20 15:11:50+00:00,
31,1505562765368623104,"RT @AirdropStario: 💧 CRAT Airdrop 💧

🏆 Task:         ➕  $50 worth of CRAT for 1000 random participants each

👨‍👩‍👧 Referral:  ➕  $100 worth…",1459243000056352768,2022-03-20 15:11:49+00:00,
32,1505562765058101251,"RT @p2ePrizeFighter: Our Awesome Female Boxers are ready!

More information will be released soon.
#nft #nftart #art #digitalart #nfts #nft…",4898623306,2022-03-20 15:11:49+00:00,
33,1505562763942191109,"We just know #XRP will moon #crypto #binance #cryptocurrency #bitcoin #btc

https://t.co/yflHoAm1Wr",1344872788528545793,2022-03-20 15:11:49+00:00,
34,1505562762835017733,RT @nomadcapitalist: 1.5 #bitcoin or a kilobar of #gold will fund the bank account for a Costa Rica 🇨🇷 residence permit. https://t.co/zcHHQ…,1431375686736953346,2022-03-20 15:11:49+00:00,
35,1505562762671316996,"We just know #XRP will moon #crypto #binance #cryptocurrency #bitcoin #btc

https://t.co/zK1I5bBTdN",1477484027363872772,2022-03-20 15:11:49+00:00,
36,1505562760830103556,"RT @AirdropDet: 🔍 New #Airdrop: TidalGlobal

💲 Reward: Up to 5K TDL (~$5) + 10M TDL (~$10K) referral pool

🔴 Start the airdrop bot https://…",2923458072,2022-03-20 15:11:48+00:00,
37,1505562760322723850,"RT @VandelayBTC: @business #Bitcoin has no energy problem, only energy-related misinformation/FUD in mainstream press. https://t.co/lxPOCn5…",1435568128105320448,2022-03-20 15:11:48+00:00,
38,1505562759571730438,"We just know #XRP will moon #crypto #binance #cryptocurrency #bitcoin #btc

https://t.co/xueWpaCnfz",1205322299198623745,2022-03-20 15:11:48+00:00,
39,1505562759177678848,"RT @binance: 💰 $10,000 giveaway 💰
 
Post your #BitcoinButton result to enter!
 
Rules:
🔸 Retweet this post
🔸 Follow @Binance
🔸 Play #Bitcoi…",1254573689183645696,2022-03-20 15:11:48+00:00,
40,1505562757101350916,"RT @AvocadoTeam_NFT: his avocado is a Stormtrooper, member of the Galactic Empire. His mission is to protect all the galaxy from the Onion…",1497391114868838401,2022-03-20 15:11:47+00:00,
41,1505562754513608705,"RT @saylor: If you don't understand money, you won't understand #bitcoin.",982008574539857920,2022-03-20 15:11:47+00:00,
42,1505562753750081539,"RT @Revolotto: 💎25K TWITTER FOLLOWERS💎
Revolotto Team saying thanks to our most valuable and beautiful Community.

🌏Join the Revolution🌏
👑H…",1408684106532143104,2022-03-20 15:11:47+00:00,
43,1505562752441536518,XRP is getting ready to take off to the moon! #altcoin #bitcoin #binance #xrp #ripple https://t.co/NK7NsJbqLy,1480229645886922756,2022-03-20 15:11:46+00:00,
44,1505562751967666180,"RT @p2ePrizeFighter: Our Awesome Female Boxers are ready!

More information will be released soon.
#nft #nftart #art #digitalart #nfts #nft…",1447600850503864325,2022-03-20 15:11:46+00:00,
45,1505562751770365959,"RT @saylor: If you don't understand money, you won't understand #bitcoin.",1186293935561461760,2022-03-20 15:11:46+00:00,
46,1505562751552393221,"RT @ffurknaydnn: @altcryptocom Don’t missed #SHINJA 🥷🏿🔥
Buy Now and Happy later 🥷🏿🔥

#Shibnobi #Crypto #DeFi #BTC #SHIB #Ceek #AVAX #BNB
#E…",1498781970846949376,2022-03-20 15:11:46+00:00,
47,1505562750612770817,"the strongest bullish signal flashed for #Bitcoin. Not trend reverse but price bounce is anticipated!

@tradeosiann  is a super #BTC Trader 
I’ve been following his tweets and tips seriously &amp; I’ve been doing great $MC $ARPA $CTK $AYAY #Cryptocurrency  $BN ff",1472813004831924229,2022-03-20 15:11:46+00:00,
48,1505562749564301317,"RT @AirdropStario: 💧 SafeMe Airdrop 💧

🏆 Task:          ➕  Up to 800 SAME (~$8)

👨‍👩‍👧 Referral:   ➕  400 SAME (~$4)

🔛 Airdrop Link &amp; Info…",1485947086969487362,2022-03-20 15:11:46+00:00,
49,1505562749547397120,"RT @airdropinspect: New airdrop: Flamingo Casino
Total Reward: 200 NFTs &amp; $2500 pricing pool
Rate:⭐️⭐️⭐️⭐️
Winners: 220 Random
Distribution…",1497105652304744450,2022-03-20 15:11:46+00:00,
