,id,text,author_id,created_at,geo
0,1505585960033341442,"A complete institution of higher digital asset learning that will cover instruction in a wide variety of topics throughout the blockchain and cryptocurrency space. 
#DeFi #TeleFy #DEX #cryptocurrency #Ethereum #BinanceSmartChain #Bitcoin #Airdrop #polkadot #MATIC #Polygon $TELE",1348122234838126592,2022-03-20 16:43:59+00:00,
1,1505585959978602502,"@notgrubles Today I understand that there is nothing wrong with inflation, it's a natural human thing that we have been doing for thousands of years. Before #Bitcoin one of the hardest things to inflate was gold, the USD is a product sold to us by private entities, we are stupid to buy it.",1448291038188261387,2022-03-20 16:43:59+00:00,
2,1505585958925881361,"RT @Marii6771: We are @SpyWolfNetwork and we are here to clean up the crypto space and to make you
 
https://t.co/1Mo7qdcgFO is our anti-sc…",1478271393687080963,2022-03-20 16:43:59+00:00,
3,1505585957340286979,"@TelefyConnect   I have never worked so hard on any other project. Because everything in this project is perfect and I love working with it.#DeFi #TeleFy #DEX #cryptocurrency #Ethereum #BinanceSmartChain #Bitcoin #Airdrop #polkadot #MATIC #Polygon $TELE 
https://t.co/fv4Eqv2PUC",1299546649975422980,2022-03-20 16:43:59+00:00,
4,1505585955780059138,"@CryptoWendyO World 1st bitcoin transection NFT  

https://t.co/emFH7mWmGG    

@opensea 

#Bitcoin  #nft #BinanceNFT #PolygonNFT #legend #100xgem #NFT #memoriesNFTseller #NFTs #opensea #OpenSeaNFT",1320236448575033344,2022-03-20 16:43:58+00:00,
5,1505585952554692613,"RT @binance: 💰 $10,000 giveaway 💰
 
Post your #BitcoinButton result to enter!
 
Rules:
🔸 Retweet this post
🔸 Follow @Binance
🔸 Play #Bitcoi…",1472939832867684354,2022-03-20 16:43:58+00:00,
6,1505585952084930567,RT @Dennis_Porter_: I’m working on the federal side and in multiple states pushing #Bitcoin and digital asset laws forward so the USA is he…,1218321961761345536,2022-03-20 16:43:58+00:00,
7,1505585951585693698,"RT @meta_ninjas: We listed on bsc today! LOGO AND ALL 
https://t.co/ZrAJvuqGgo
#BSC #BNB #DEFI #binance #bitcoin #altcoin #cryptocurrency #…",1495272749224267776,2022-03-20 16:43:57+00:00,
8,1505585949824102400,"RT @BitcoinMagazine: 💥 In 17 days, the biggest #Bitcoin  conference in history kicks off in Miami 👀",2682729542,2022-03-20 16:43:57+00:00,
9,1505585948897288199,RT @Meta_UFO: #bitcoin and #MetaUFO have no inflation.,1483685338547728385,2022-03-20 16:43:57+00:00,
10,1505585948712529920,"Very Good Project🥰🥰🥰

@btcearning786
@mehdi79948415
@kevin_apist4
@majnon97888813
@tarikbd667

#Airdrops #YupVerse #Bitcoin #AirdropDetective #YuP https://t.co/eZ0TfhzcSq",1465533066210729989,2022-03-20 16:43:57+00:00,
11,1505585948104482819,"RT @saylor: If you don't understand money, you won't understand #bitcoin.",1455451785276149761,2022-03-20 16:43:57+00:00,
12,1505585942790381573,"RT @BitcoinMagazine: 💥 In 17 days, the biggest #Bitcoin  conference in history kicks off in Miami 👀",1189263728883175426,2022-03-20 16:43:55+00:00,
13,1505585942786048005,"RT @MartiniGuyYT: Finally #Bitcoin dipped a MASSIVE $700

Going to buy more 😂",1300500003941539840,2022-03-20 16:43:55+00:00,
14,1505585941657890820,"RT @BitcoinMagazine: 💥 In 17 days, the biggest #Bitcoin  conference in history kicks off in Miami 👀",1246003192208543744,2022-03-20 16:43:55+00:00,
15,1505585931860181002,"https://t.co/Tbc3oveE2s
$btc short setup
#btc #bitcoin #btcusd #btcusdt #xbtusd #bitmex #binance #BinanceFutures #bybit #daytrading #btcshort #Crypto #altcoins #cryptocurrency #tradingview #trading",3987931219,2022-03-20 16:43:53+00:00,
16,1505585931637727240,"RT @Marii6771: Did you get scammed?The good guys are here and we’ve got your back!
20% #scamsurvivor Charity! 20% charity in #SPY
Join us i…",1478271393687080963,2022-03-20 16:43:53+00:00,
17,1505585929913880578,"RT @AirdropDet: 🔍 New #Airdrop: Chainsulting

🏆 Total Airdrop Pool: 3,500 BUSD

🔴 Start the airdrop bot https://t.co/SoKXql43Hn

🔘 Do the t…",1473313851068325890,2022-03-20 16:43:52+00:00,
18,1505585929494351876,"RT @AirdropStario: 💧 MJACK Airdrop 💧

🏆 Task:          ➕ Up to 50,000 MJACK.

👨‍👩‍👧 Referral:   ➕ 5000 MJACK

🔛 Airdrop Link &amp; Information:…",1483455904565669889,2022-03-20 16:43:52+00:00,
19,1505585928978452483,"RT @Dooowta: Young 'Shadowy Super-Coders' buying root beer floats at Lengthwise Brewing in Bakersfield, CA.

The folks at Lengthwise notice…",1479144083100680203,2022-03-20 16:43:52+00:00,
20,1505585927703330816,#bitcoin literally has one job right now. That's to not erase the weekly gains in the next 7 hours.,1392457904679120909,2022-03-20 16:43:52+00:00,
21,1505585926629593088,"RT @p2ePrizeFighter: Who will be the next challenger?
(Screenshot from Actual Gameplay)

#nft #nftart #art #digitalart #nfts #nftartist #cr…",1443762495382978560,2022-03-20 16:43:51+00:00,
22,1505585925568430082,RT @BitcoinMagazine: The revolution can not be stopped. #Bitcoin https://t.co/J51qviTWId,1423955546751733762,2022-03-20 16:43:51+00:00,
23,1505585920317464576,"RT @CarfuelFinance: Carfuel app will make your life easier than ever before!  Buying gas, energy or fuel has never been more profitable! Jo…",1473686291338469392,2022-03-20 16:43:50+00:00,
24,1505585920044544001,"RT @OilzFinance: 📣 OilZ Finance Airdrop is live!
👉 https://t.co/ybzLxsW61j

#cryptocurrency #Airdrop #BSC #Bitcoin #USDT #OilZFinance #OILZ…",1390193854863745030,2022-03-20 16:43:50+00:00,
25,1505585919885479936,"RT @BitcoinMagazine: 💥 In 17 days, the biggest #Bitcoin  conference in history kicks off in Miami 👀",797712337893519360,2022-03-20 16:43:50+00:00,
26,1505585918622973954,"RT @airdropinspect: New airdrop: Angelic (ANGL)
Total Reward: 50,000 ANGL
Rate: ⭐️⭐️⭐️⭐️
Winners: 1,500 Random &amp; Top 50
Distribution: withi…",1464956306901516288,2022-03-20 16:43:50+00:00,
27,1505585916840140803,"RT @Marii6771: Do you want TRUE SAFU investing?
Go to https://t.co/1Mo7qdcgFO for crypto research!
We list scams, potential scams, trusted…",1478271393687080963,2022-03-20 16:43:49+00:00,
28,1505585916605534209,"RT @p2ePrizeFighter: Who will be the next challenger?
(Screenshot from Actual Gameplay)

#nft #nftart #art #digitalart #nfts #nftartist #cr…",1489751883631579137,2022-03-20 16:43:49+00:00,
29,1505585915766644736,"RT @AirdropAchiever: New Whitelist: STMAN × FamCentral
Allocation: ≤ 30 BUSD (TBA)
Winners: All Participants
End Date: 22nd March, 2022

🔗…",1479032311773466624,2022-03-20 16:43:49+00:00,
30,1505585909835735043,"RT @BitcoinMagazine: 💥 In 17 days, the biggest #Bitcoin  conference in history kicks off in Miami 👀",1425589394724032516,2022-03-20 16:43:47+00:00,
31,1505585909701484546,"@Drop_Your_NFT_ World 1st bitcoin transection NFT  

https://t.co/emFH7mWmGG    

@opensea 

#Bitcoin  #nft #BinanceNFT #PolygonNFT #legend #100xgem #NFT #memoriesNFTseller #NFTs #opensea #OpenSeaNFT",1320236448575033344,2022-03-20 16:43:47+00:00,
32,1505585909688852486,"RT @TheCryptoLaunch: 💥The Crypto Launchpad Giveaway💥

🏆 Task: Up to $50 worth of TCL Partners' Tokens.

👨‍👩‍👧 Referral: $25 worth of TCL Pa…",1474386865792983046,2022-03-20 16:43:47+00:00,
33,1505585907654488066,RT @BryanBSolstin: I declare my candidacy for US Senate. Making #Bitcoin Legal Tender in the USA will be my primary objective on the Senate…,17753537,2022-03-20 16:43:47+00:00,
34,1505585906308157443,"RT @AirdropStario: 💧 CRAT Airdrop 💧

🏆 Task:         ➕  $50 worth of CRAT for 1000 random participants each

👨‍👩‍👧 Referral:  ➕  $100 worth…",1489253110379728908,2022-03-20 16:43:47+00:00,
35,1505585901446914051,"RT @BTCfuel: #Bitcoin is looking for a BULLISH breakout  🔥🔥

After falling below the MA's, Bitcoin is now challenging the 100D MA (red). Th…",1432581266331738118,2022-03-20 16:43:45+00:00,
36,1505585900235137024,"RT @airdropinspect: New airdrop: Flamingo Casino
Total Reward: 200 NFTs &amp; $2500 pricing pool
Rate:⭐️⭐️⭐️⭐️
Winners: 220 Random
Distribution…",1466976631965110275,2022-03-20 16:43:45+00:00,
37,1505585896397033472,"RT @AirdropDet: 🔍 New #Airdrop: Elite Cash

🏆 Total Airdrop Pool: 140,000 ELC [~$49,000]

🔴 Start the airdrop bot https://t.co/geX2YRhj5n…",1443579680481681422,2022-03-20 16:43:44+00:00,
38,1505585894677430281,"RT @binance: 💰 $10,000 giveaway 💰
 
Post your #BitcoinButton result to enter!
 
Rules:
🔸 Retweet this post
🔸 Follow @Binance
🔸 Play #Bitcoi…",1479235272495742977,2022-03-20 16:43:44+00:00,
39,1505585893314334720,"@nomadcapitalist There is a trend starting, Honduras has declared #bitcoin legal tender and Mexico may be next.  Mexico would be HUGE as it is the largest stable economy in the region.  Brazil may be next, due to currency problems and then the whole region would be #bitcoincity.",1370934009346150401,2022-03-20 16:43:44+00:00,
40,1505585890365743108,"RT @XYOPepe: Pepe will be giving away a total of 10,000 $xyo to 5 lucky winners (2,000 each) when it hits $0.03. 

Just retweet this to par…",1426805703684001800,2022-03-20 16:43:43+00:00,
41,1505585887349907457,"RT @GiveawayInspect: New Giveaway: Retoken (USDT)
Total Reward: 2,000 USDT
Rate: ⭐️⭐️⭐️⭐️
Winners: 700 Random &amp; Top 50
Distribution: within…",1424666469690839040,2022-03-20 16:43:42+00:00,
42,1505585886221590528,"RT @AirdropStario: 💧 CryptoZerofi Airdrop 💧

🏆 Task:          ➕ 22,000 USDT » Total reward pool.

🔛 Airdrop Link &amp; Information: https://t.c…",1489253110379728908,2022-03-20 16:43:42+00:00,
43,1505585885110468612,"RT @TheCryptoLaunch: 💥The Crypto Launchpad Giveaway💥

🏆 Task: Up to $50 worth of TCL Partners' Tokens.

👨‍👩‍👧 Referral: $25 worth of TCL Pa…",1418576322348023813,2022-03-20 16:43:42+00:00,
44,1505585883067695111,RT @AlbaCrxpto: @ianheinischmma @VoltInuOfficial Did you get @stylebender on board?!! That would be badass!!#VOLT #VOLTARMY #VOLTINU #100xg…,772406433576923136,2022-03-20 16:43:41+00:00,
45,1505585881842798595,RT @LeadEdgeCrypto: Is #Bitcoin going to be Bullish this week? 🤔,1500319775594987521,2022-03-20 16:43:41+00:00,
46,1505585881213648896,"🔰 #Titan #Giveaway #Round 🏅3
🉐 #Reward: $5,000 Titan ( Very #Strong #Project )
🉐 Airdrop Link: https://t.co/XeHKjHM4Qq
🏆 Winners: All Valid Users
🉐 More #Airdrops Like This: https://t.co/ceQTsWkD7H
#BNB #bitcoin #war #Russia #ukraine #irontitanium https://t.co/Cqsgt7gGtF",713182870618025984,2022-03-20 16:43:41+00:00,
47,1505585877401092096,"@ApeSkyel World 1st bitcoin transection NFT  

https://t.co/emFH7mWmGG    

@opensea 

#Bitcoin  #nft #BinanceNFT #PolygonNFT #legend #100xgem #NFT #memoriesNFTseller #NFTs #opensea #OpenSeaNFT",1320236448575033344,2022-03-20 16:43:40+00:00,
48,1505585874939289603,"I think this is a great project with a good foundation and unique concept that is so incredible &amp; can be an excellent long-term
#DeFi #TeleFy #DEX #cryptocurrency #Ethereum #BinanceSmartChain #Bitcoin #Airdrop #polkadot #MATIC #Polygon $TELE #Cardano #ETH
https://t.co/uMvkh5YvCl",1348122234838126592,2022-03-20 16:43:39+00:00,
49,1505585868588785671,RT @Blockworks_: PayPal Co-Founder: The biggest mistake I made in the last decade was getting too late and too little into #Bitcoin,1487953001532645381,2022-03-20 16:43:38+00:00,
