,id,text,author_id,created_at,geo
0,1505410755620794370,"RT @Revolotto: 🏏World's Dangerous Cricketer
Greatest Batsman of All-time in Cricket

🌎Universe Boss - Chris Gayle extending his support and…",1351062076802920451,2022-03-20 05:07:47+00:00,
1,1505410754882990086,"RT @DimpalS04947727: 🔎 New Airdrops: Phaver
🎁 Reward:  GET Phaver Points
👨‍👧‍👦 Participants: For All Early Users
🔥 Each 250$ to 1500$

🦾 Re…",1375723502225870849,2022-03-20 05:07:47+00:00,
2,1505410754597765123,"#bitcoin Block #728155 : 1192587 bytes, 1137 transactions, 6.30005861BTC($263,941) reward
            
For more information, visit https://t.co/mlEWWyS5wQ",1456568726,2022-03-20 05:07:47+00:00,
3,1505410752928124928,RT @BitcoinMagazine: The revolution can not be stopped. #Bitcoin https://t.co/J51qviTWId,1492714178401878020,2022-03-20 05:07:47+00:00,
4,1505410752504422401,"RT @AirdropDet: 🔍 New #Airdrop: OasisSwap 

💲Reward: Up to 2 OS (~$30) + 14K OS (~$210K) referral pool

🔴 Start the airdrop bot https://t.c…",1487290156482633730,2022-03-20 05:07:47+00:00,
5,1505410748557651970,"RT @GiveawayInspect: New Giveaway: OverDose
Total Reward: $600 USDT
Winners: 200 Random &amp; Top 20
Distribution: within a week after the Give…",1503616745478963200,2022-03-20 05:07:46+00:00,
6,1505410748217917441,"RT @AirdropDet: 🔍 New #Airdrop: YupVerse

💲 Reward: Up to 10M YuP (~$5) + 2M YuP (~$1,000) referral pool

🔴 Start the airdrop bot https://t…",1497451128451002371,2022-03-20 05:07:46+00:00,
7,1505410745835655169,#Crypto Market Watch &amp; Just Chatting | #CryptoNews #bitcoin #cryptotrading #defi #nft - https://t.co/rjfuifuXFF,1048263112904699906,2022-03-20 05:07:45+00:00,
8,1505410744149438466,"I believe this is a faithful project.The projector has a lot of attractions so hopefully the project will be best in the future.
@oopsfahim
@jehad7930
@utsabBain007
@uinirob
@frlrasel2028

#Airdrops #OasisSwap #Bitcoin #AirdropDet #OasisNetwork https://t.co/up08Rgl6iD",1487290156482633730,2022-03-20 05:07:45+00:00,
9,1505410743113437187,"RT @PotatoCoinSPL: Is Potato about to announce Binance listing 👊👊👊

Tag all your friends and retweet this

Buy on Bitrue, Raydium or our DE…",1491350799565619204,2022-03-20 05:07:44+00:00,
10,1505410739607326724,"RT @BTC_Archive: Not Crypto, but #Bitcoin
It's only about Bitcoin. 
Bitcoin is Freedom and I want this for everybody.
- Prince Philip of Se…",824397679924948992,2022-03-20 05:07:44+00:00,
11,1505410739523055616,"RT @BTCTN: ""#Bitcoin is trending to be a more resilient alternative option to hedge against fiat-currency inflation,"" said the U.S. lawmake…",1426607444411621376,2022-03-20 05:07:44+00:00,
12,1505410736616468481,RT @WatcherGuru: JUST IN: 🇺🇸 U.S. Congressman Pete Sessions says Texas will be the #Bitcoin capital.,1440419690828865546,2022-03-20 05:07:43+00:00,
13,1505410733370228736,"RT @AirdropDet: 🔍 New #Airdrop: YupVerse

💲 Reward: Up to 10M YuP (~$5) + 2M YuP (~$1,000) referral pool

🔴 Start the airdrop bot https://t…",747436182,2022-03-20 05:07:42+00:00,
14,1505410732808056833,XRP is getting ready to take off to the moon! #altcoin #bitcoin #binance #xrp #ripple https://t.co/KfVjIdOVpO,1412922161111703558,2022-03-20 05:07:42+00:00,
15,1505410731579162626,"RT @MultiVAC_FANS: How much will a $50 investment of #MultiVAC be worth in 2025?

#MTV $MTV #Bitcoin",1221494183145492486,2022-03-20 05:07:42+00:00,
16,1505410731205922817,The latest #Bitcoin #Nirvana #News! https://t.co/5U7jhQCVaM #bitcoin #crypto,887520792925351938,2022-03-20 05:07:42+00:00,
17,1505410730690068485,The strongest bullish signal flashed for #XRP #bitcoin #btc #ethereum #eth https://t.co/wOrCx1xJ9J,786749127300378624,2022-03-20 05:07:42+00:00,
18,1505410729985253381,"Very good projects

@Trickbd_in_net
@TrickBDcom
@ProTrickbd

#Airdrops #Bitcoin #YupVerse #AirdropDet #Crypto #Blockchain https://t.co/vm4YgR4bKd",1388314164473466880,2022-03-20 05:07:41+00:00,
19,1505410729536626688,New video! #Crypto Market Watch &amp; Just Chatting | #CryptoNews #bitcoin #cryptotrading #defi #nft https://t.co/rjfuifuXFF,1048263112904699906,2022-03-20 05:07:41+00:00,
20,1505410728467234817,"RT @chitaglorya__: giveaway 200$ | 2,800,000 IDR

-- rt follow @flagnetwork_NFT 

-- rt &amp; quoted their pinned with   #FlagNetwork  #cryptoc…",1499998675459661826,2022-03-20 05:07:41+00:00,
21,1505410727032492034,"In Japan, #XRP is religion. I love it! All works! #eth #ethereum #binance #bitcoin btc #ripple #crypto #cryptocurrency https://t.co/Yna0jnqyvQ",1438399136546516994,2022-03-20 05:07:41+00:00,
22,1505410724171898880,"We just know #XRP will moon #crypto #binance #cryptocurrency #bitcoin #btc

https://t.co/0XXYUwtC9l",1327533557187796993,2022-03-20 05:07:40+00:00,
23,1505410723190648833,"RT @Marii6771: We are @SpyWolfNetwork and we are here to clean up the crypto space and to make you
 
https://t.co/1Mo7qdcgFO is our anti-sc…",1477512307601293318,2022-03-20 05:07:40+00:00,
24,1505410722867515392,"@AirdropDet I believe this is a faithful project.The projector has a lot of attractions so hopefully the project will be best in the future.
@oopsfahim
@jehad7930
@utsabBain007
@uinirob
@frlrasel2028

#Airdrops #OasisSwap #Bitcoin #AirdropDet #OasisNetwork",1487290156482633730,2022-03-20 05:07:40+00:00,
25,1505410722854957060,"RT @chitaglorya__: giveaway 200$ | 2,800,000 IDR

-- rt follow @flagnetwork_NFT 

-- rt &amp; quoted their pinned with   #FlagNetwork  #cryptoc…",1463724571580780544,2022-03-20 05:07:40+00:00,
26,1505410721986736130,RT @MatthewHyland_: The weekly candle continues to look pretty damn good for #Bitcoin https://t.co/XeOw0VxKZs,4716918782,2022-03-20 05:07:39+00:00,
27,1505410718434316292,"RT @Marii6771: Make money! Prosecute scammers! All at the same time 
Make passive income in BNB rewards for holding $SPY!
Your rewards accu…",1477512307601293318,2022-03-20 05:07:39+00:00,
28,1505410717343973376,"RT @airdropinspect: New airdrop: Prizefighter (RING)
Total Reward: $5,000 worth of RING
Rate: ⭐️⭐️⭐️⭐️
Winners: 1,000 Random &amp; Top 100
Dist…",1501803231156260871,2022-03-20 05:07:38+00:00,
29,1505410714835378178,"RT @AirdropStario: 💧 RPGC Airdrop 💧

🏆 Task:         ➕  $8 worth of RPGC for 2000 random participants each.

👨‍👩‍👧 Referral:  ➕  $40 worth…",2992505120,2022-03-20 05:07:38+00:00,
30,1505410713573105664,"@bitfinex #BlueSparrow is a bridge between the stock market and crypto .. You will have both in the Blue Sparrow CEX
@BlueSparrowETH
#BluesparrowCEX
#BlueSparrow
#BlueSparrowtoken
#BlueSparrowCommunity
#bitcoin
#BestDrawToken
#Bluesparrowcharity
#Web3
#NFT 
https://t.co/x8PZWHtSuR
🌿14",1484217295178280961,2022-03-20 05:07:37+00:00,
31,1505410713522937857,"RT @AirdropStario: 💧 Raiinmaker Airdrop 💧

🏆 Task:          ➕ 1,5 COIIN for 500 random participants each.

👨‍👩‍👧 Referral:   ➕ 5 COIIN for…",1133495190562328576,2022-03-20 05:07:37+00:00,
32,1505410712952311810,"@bitfinex #BlueSparrow is a bridge between the stock market and crypto .. You will have both in the Blue Sparrow CEX
@BlueSparrowETH
#BluesparrowCEX
#BlueSparrow
#BlueSparrowtoken
#BlueSparrowCommunity
#bitcoin
#BestDrawToken
#Bluesparrowcharity
#Web3
#NFT 
https://t.co/x8PZWHtSuR
🌿15",1484217295178280961,2022-03-20 05:07:37+00:00,
33,1505410712906174464,"@bitfinex #BlueSparrow is a bridge between the stock market and crypto .. You will have both in the Blue Sparrow CEX
@BlueSparrowETH
#BluesparrowCEX
#BlueSparrow
#BlueSparrowtoken
#BlueSparrowCommunity
#bitcoin
#BestDrawToken
#Bluesparrowcharity
#Web3
#NFT 
https://t.co/x8PZWHtSuR
🌿12",1484217295178280961,2022-03-20 05:07:37+00:00,
34,1505410712860045318,"@bitfinex #BlueSparrow is a bridge between the stock market and crypto .. You will have both in the Blue Sparrow CEX
@BlueSparrowETH
#BluesparrowCEX
#BlueSparrow
#BlueSparrowtoken
#BlueSparrowCommunity
#bitcoin
#BestDrawToken
#Bluesparrowcharity
#Web3
#NFT 
https://t.co/x8PZWHtSuR
🌿16",1484217295178280961,2022-03-20 05:07:37+00:00,
35,1505410712759324676,"@bitfinex #BlueSparrow is a bridge between the stock market and crypto .. You will have both in the Blue Sparrow CEX
@BlueSparrowETH
#BluesparrowCEX
#BlueSparrow
#BlueSparrowtoken
#BlueSparrowCommunity
#bitcoin
#BestDrawToken
#Bluesparrowcharity
#Web3
#NFT 
https://t.co/x8PZWHtSuR
🌿13",1484217295178280961,2022-03-20 05:07:37+00:00,
36,1505410711815700480,XRP is getting ready to take off to the moon! #altcoin #bitcoin #binance #xrp #ripple https://t.co/DlshuZGOlW,4840409296,2022-03-20 05:07:37+00:00,
37,1505410711513612292,"The latest #bitcoin block 728155 with 1137 transactions was just mined by AntPool
Total Fees:0.05005861
Block Subsidy:6.25
#Bitcoin #BTC #blockchain #analysis",1383145917356728320,2022-03-20 05:07:37+00:00,
38,1505410704420990979,XRP is getting ready to take off to the moon! #altcoin #bitcoin #binance #xrp #ripple https://t.co/HGCIBZTxBr,1337417039133151235,2022-03-20 05:07:35+00:00,
39,1505410702298820611,We just know #XRP will moon #crypto #binance #cryptocurrency #bitcoin #btc https://t.co/ITO4ifY3Fq,1351691732405022720,2022-03-20 05:07:35+00:00,
40,1505410701384294400,RT @BitcoinMagazine: The revolution can not be stopped. #Bitcoin https://t.co/J51qviTWId,1426607444411621376,2022-03-20 05:07:35+00:00,
41,1505410699379773445,"RT @AirdropDet: 🔍 New #Airdrop: YupVerse

💲 Reward: Up to 10M YuP (~$5) + 2M YuP (~$1,000) referral pool

🔴 Start the airdrop bot https://t…",1497614194749116416,2022-03-20 05:07:34+00:00,
42,1505410697701863428,"RT @AirdropDet: 🔍 New #Airdrop: Cronospad

💲Reward: Up to 1K CPAD (~$4) + 500K CPAD (~$2K) referral pool

🔴 Start the airdrop bot: https://…",1459947455567573001,2022-03-20 05:07:34+00:00,
43,1505410696535814146,"RT @Marii6771: Make money!Prosecute scammers!All at the same time
Make passive income in BNB rewards for holding $SPY
Your rewards accumula…",1477512307601293318,2022-03-20 05:07:33+00:00,
44,1505410692580622340,"RT @Revolotto: 🏏World's Dangerous Cricketer
Greatest Batsman of All-time in Cricket

🌎Universe Boss - Chris Gayle extending his support and…",1069630190496534528,2022-03-20 05:07:32+00:00,
45,1505410692043714560,"RT @Marii6771: Did you get scammed?The good guys are here and we’ve got your back!
20% #scamsurvivor Charity! 20% charity in #SPY
Join us i…",1477512307601293318,2022-03-20 05:07:32+00:00,
46,1505410691875758086,"XRP is getting ready to take off to the moon! #altcoin #bitcoin #binance #xrp #ripple

https://t.co/cX3QsLNrPa",854675889560440832,2022-03-20 05:07:32+00:00,
47,1505410691112521732,"RT @TheBitcoinConf: The largest #Bitcoin conference in history starts in 18 days!

Stop checking the fiat price every 15 minutes and join u…",1029478031902035969,2022-03-20 05:07:32+00:00,
48,1505410690953195522,"RT @Revolotto: 🏏World's Dangerous Cricketer
Greatest Batsman of All-time in Cricket

🌎Universe Boss - Chris Gayle extending his support and…",1465408608645095428,2022-03-20 05:07:32+00:00,
49,1505410690726744065,"👋 A new block was found on the #Bitcoin network. We're at block height 728155, current #bitcoin price is $41895.85 and there are 201149997690011 #sats left to mine.",1448763322812276737,2022-03-20 05:07:32+00:00,
