,id,text,author_id,created_at,geo
0,1505650884562276353,RT @FR_Cryptoo: Muskito $MITO - 💥 ELON'S CAGED MOSQUITO 🦟  Un jeton de Meme prometteur s... https://t.co/Iko5P4dMnA via @YouTube @MuskItoOf…,1492206778892890117,2022-03-20 21:01:59+00:00,
1,1505650884314742785,"RT @therationalroot: The HODL Price Model scenarios:
1. Mid-cycle dip (2013 style)
2. Visit below model value (capitulation), note how ever…",1375962517143494657,2022-03-20 21:01:59+00:00,
2,1505650879856189442,"➡️ @CONNECTORCOIN ⬅️
Good Project 👌👌👌
#crypto #bitcoin 
#CONNECTORCOIN 
#ctco $bnb $bsc 
$ctco #bnb 
@Rocket__crypto
🎗 @Akon 🎗
🌺🌺🌺🌺♥️♥️♥️♥️📎F.B
https://t.co/M8N0qAdrmY 🤯🥴👌👏 https://t.co/jeWWRh5kkP https://t.co/xQCbKhm1RE",1444918426934419457,2022-03-20 21:01:58+00:00,
3,1505650879675969538,"XRP is getting ready to take off to the moon! #altcoin #bitcoin #binance #xrp #ripple

https://t.co/dUG5zR5NCM",3159790273,2022-03-20 21:01:58+00:00,
4,1505650877671129090,"RT @belifinance: Stable Coins LP Yield Farming #BSC #pancakeswap. Say hello to @belifinance

💸 $USDT - $BUSD:  3400% APY

🌿 $BTCB - $BUSD:…",1501836615597047810,2022-03-20 21:01:57+00:00,
5,1505650877041889291,"RT @AirdropStario: 💧 CryptoZerofi Airdrop 💧

🏆 Task:          ➕ 22,000 USDT » Total reward pool.

🔛 Airdrop Link &amp; Information: https://t.c…",1461220984514514947,2022-03-20 21:01:57+00:00,
6,1505650873237528576,"RT @TheCryptoLark: #bitcoin rejected off of resistance at $42,500 again, surprise, surprise.",1275881687436496896,2022-03-20 21:01:56+00:00,
7,1505650872658763777,"We just know #XRP will moon #crypto #binance #cryptocurrency #bitcoin #btc

https://t.co/01p0FX9P8w",1454147427334770695,2022-03-20 21:01:56+00:00,
8,1505650872554082307,@JAWilsonEsq @VitalikButerin @adam3us @peterktodd @lopp @maxkeiser @saylor @amazon #btc is not #bitcoin,7343782,2022-03-20 21:01:56+00:00,
9,1505650866585485312,"Bitcoin Average RSI is 46 ~ Neutral
Current Price: $41,315

#Bitcoin #BTC #RsiBitcoin $BTC https://t.co/natcYWtOiO",1496984533631381505,2022-03-20 21:01:54+00:00,
10,1505650865385840648,"RT @EtherNasyonaL: ''CRYPTO TOTAL''

The rally that will come in 2022 will make many beautiful faces smile👌💥

#Btc #Bitcoin $BTC
#total #Et…",1466154380625911813,2022-03-20 21:01:54+00:00,
11,1505650863062274051,"XRP is getting ready to take off to the moon! #altcoin #bitcoin #binance #xrp #ripple

https://t.co/1npvLmQWMC",1226547607276867586,2022-03-20 21:01:54+00:00,
12,1505650862500331528,"RT @TheRealPlanC: We will see a #Bitcoin All-Time High in 2022, mark my words. 

Screen shot this post if you want, I am extremely confiden…",477630998,2022-03-20 21:01:53+00:00,
13,1505650859555893248,"RT @AirdropStario: 💧 Odds96 Airdrop 💧

🏆 Task:          ➕ $10 worth of Odds96 Tokens.

🔛 Airdrop Link &amp; Information: https://t.co/rBb5KjyM1…",1461220984514514947,2022-03-20 21:01:53+00:00,
14,1505650857643237383,"RT @BabyPandaSquad: Who wants more Sneak Peeks??? 

#nft #nftart #art #digitalart #nfts #nftartist #crypto #cryptoart #nftcommunity #nftcol…",1503133725256830979,2022-03-20 21:01:52+00:00,
15,1505650854652567552,"In Japan, #XRP is religion. I love it! All works! #eth #ethereum #binance #bitcoin btc #ripple #crypto #cryptocurrency https://t.co/lJJMzoN4fw",1347773773,2022-03-20 21:01:52+00:00,
16,1505650854568898562,@TheCryptoLark ATTENTION! 🚨🚨 There is one share that will change your life forever! AND it is the paypal of #crypto and #bitcoin NASDAQ Uplisting is coming! https://t.co/QX6d2Z8KlI #cryptocurrecy #defi #ethereum #btc #eth #nasdaq,1485755209162936328,2022-03-20 21:01:52+00:00,
17,1505650854484795396,"RT @AirdropStario: 💧 Hero Arena Airdrop 💧

📍 Listed on: CoinMarketCap, PancakeSwap

🏆 Task: ➕  100 HERA (~$4) for 3000 random participants…",1438401385205141513,2022-03-20 21:01:52+00:00,
18,1505650853864255496,"RT @AirdropDet: 🔍 New #Airdrop: Battle World

💲 Reward: Up to 500 BWO (~$20) + 500K BWO (~$20K) referral pool

🔴 Start the airdrop bot http…",874158809698193408,2022-03-20 21:01:51+00:00,
19,1505650851867725836,"RT @saylor: If you don't understand money, you won't understand #bitcoin.",1260942280220971008,2022-03-20 21:01:51+00:00,
20,1505650849040769027,"We just know #XRP will moon #crypto #binance #cryptocurrency #bitcoin #btc

https://t.co/lhhcrNdiaG",1440626272317493255,2022-03-20 21:01:50+00:00,
21,1505650848805838862,RT @TrollTribeNFT: Introducing Troll Tribe @opensea: https://t.co/oBvYvCZw8k #nft #nftart #art #digitalart #nfts #nftartist #crypto #crypto…,1479838311556517892,2022-03-20 21:01:50+00:00,
22,1505650847480311810,"n Japan, #XRP is religion. I love it! All works! #eth #ethereum #binance #bitcoin btc #ripple #crypto #cryptocurrency

https://t.co/qWKQQMuCgo",1454226268233293826,2022-03-20 21:01:50+00:00,
23,1505650846981410816,"XRP is getting ready to take off to the moon! #altcoin #bitcoin #binance #xrp #ripple

https://t.co/Bq2KsWnHaY",1461704104359645189,2022-03-20 21:01:50+00:00,
24,1505650836898205700,"In Japan, #XRP is religion. I love it! All works! #eth #ethereum #binance #bitcoin btc #ripple #crypto #cryptocurrency https://t.co/aZxuhUsswK",1353672718936236032,2022-03-20 21:01:47+00:00,
25,1505650835518337024,"XRP is getting ready to take off to the moon! #altcoin #bitcoin #binance #xrp #ripple

https://t.co/eaHjZc3hi4",3374714740,2022-03-20 21:01:47+00:00,
26,1505650831097581579,"We just know #XRP will moon #crypto #binance #cryptocurrency #bitcoin #btc

https://t.co/X8QznhChMF",3374714740,2022-03-20 21:01:46+00:00,
27,1505650830388703239,RT @QuintenFrancois: #Bitcoin exchanges spot reserves have been falling since October 2019 and are at their lowest this August 2017! 👀 http…,1190227349775831040,2022-03-20 21:01:46+00:00,
28,1505650827196702730,"RT @altnftworld: 1200$💰

NFT Giveaway 🚀🚀

To enter 
- Follow @altnftworld 👍
- RT + LİKE ♥️
- Tag 2 friends ✅

⏰48H. 

#NFT #NFTGiveaway #Gi…",1638871902,2022-03-20 21:01:45+00:00,
29,1505650823711244288,RT @QuintenFrancois: #Bitcoin exchanges spot reserves have been falling since October 2019 and are at their lowest this August 2017! 👀 http…,1466154380625911813,2022-03-20 21:01:44+00:00,
30,1505650823421906948,"RT @saylor: If you don't understand money, you won't understand #bitcoin.",815804006022909953,2022-03-20 21:01:44+00:00,
31,1505650823325532160,"- 
BTC price: $41,202 / £31,259 

24.27 Naks per USD
31.99 Naks per GBP
 
&lt;dropping&gt; 

One #Bitcoin = one million #Naks. Simple as that!  
#Bitcoinprice #SatoshiNakamoto

20/03/2022  21:01:40 GMT https://t.co/TifT9WUTMK",1317380967393353733,2022-03-20 21:01:44+00:00,
32,1505650821161275393,"FREE NFT!!! 
Just drop ur $ETH wallet i’ll pop into one 😘

#NFTGiveaway #NFTGiveaways #NFTCommmunity #picknava #NFTs #ETH #BTC  #Crypto #BNB  #SOL #BSC #Avax  #Doge #Ethereum #Bitcoin  #Solana #Giveaway #GiveawayNFT #Airdrop #NFTArt #NFTdrop #DropyourNFT #shiba https://t.co/liq6OCqTq3",1497340662412369932,2022-03-20 21:01:44+00:00,
33,1505650816140537856,"➡️ @CONNECTORCOIN ⬅️
💞💗🤩Good Project 👌👌👌
#crypto #bitcoin 
#CONNECTORCOIN 
#ctco $bnb $bsc 
$ctco #bnb 
@Rocket__crypto
🎗 @Akon 🎗
📎F.B
https://t.co/M8N0qAdrmY 🤯🥴👌👏 https://t.co/jeWWRh5kkP https://t.co/xQCbKhm1RE",1444918426934419457,2022-03-20 21:01:42+00:00,
34,1505650815117062144,"RT @TheRealPlanC: Not sure if you guys have seen @AurelienOhayon content yet. #Bitcoin

By all indications this dude is the real deal, came…",1466154380625911813,2022-03-20 21:01:42+00:00,
35,1505650815070965762,"XRP is getting ready to take off to the moon! #altcoin #bitcoin #binance #xrp #ripple

https://t.co/bB2XN0Op73",1482428817897627649,2022-03-20 21:01:42+00:00,
36,1505650813598937090,"RT @saylor: If you don't understand money, you won't understand #bitcoin.",1488581773479059457,2022-03-20 21:01:42+00:00,
37,1505650811942043649,"XRP is getting ready to take off to the moon! #altcoin #bitcoin #binance #xrp #ripple

https://t.co/hBsi9iqSHi",894989013496602626,2022-03-20 21:01:41+00:00,
38,1505650808771444738,"RT @airdropinspect: New airdrop: Ubiquity DAO (USDT)
Total Reward: 2,500 USDT
Rate: ⭐️⭐️⭐️⭐️
Winners: 1,000 Random &amp; Top 100
Distribution:…",1446381960213848064,2022-03-20 21:01:41+00:00,
39,1505650806762393600,"RT @TheCryptoLaunch: 💥The Crypto Launchpad Giveaway💥

🏆 Task: Up to $50 worth of TCL Partners' Tokens.

👨‍👩‍👧 Referral: $25 worth of TCL Pa…",1494385651319459848,2022-03-20 21:01:40+00:00,
40,1505650806023983108,@DaCryptoGems BANXA FRA: AC00🚨 ALARM! 🚨 This stock will change your life forever! @Banxaofficial coming to US #crypto #bitcoin #btc #eth #ethereum #doge https://t.co/42uyWQjaB4,1457082158959534081,2022-03-20 21:01:40+00:00,
41,1505650801561071621,The strongest bullish signal flashed for #XRP #bitcoin #btc #ethereum #eth https://t.co/3mzL60RJTT,1250084915850481666,2022-03-20 21:01:39+00:00,
42,1505650800579723265,"RT @cz_binance: If you don't understand #bitcoin, you don't understand money.",3063758351,2022-03-20 21:01:39+00:00,
43,1505650800453996549,"RT @TheCryptoLark: #bitcoin rejected off of resistance at $42,500 again, surprise, surprise.",1475217314903732227,2022-03-20 21:01:39+00:00,
44,1505650793223180290,"Life is so short, you have to laugh extra sweetly, don't dwell on the past, don't hesitate in the future! #DeFi #Bitcoin #Ethereum #Tether #BNB #USD Coin #XRP #Cardano #Shiba #CRO #TerraUSD #LTC #FTT #BTCB #ETC #KCS #TRX #TRUE https://t.co/98onWu6Glr",1476280577871343617,2022-03-20 21:01:37+00:00,
45,1505650790022721537,RT @HadiHos65287736: @MartiniGuyYT How amazing can it be?   #Bluesparrow Native Token for Decentralized Exchange with focus on both the sto…,2594543473,2022-03-20 21:01:36+00:00,
46,1505650789875953667,"RT @Meta_Gaming99: Meta Gaming  🎁
 Airdrop for everyone

Steps:
1️⃣Follow us Twitter @Meta_Gaming99 RT&amp;Tag 3 friends
2️⃣Join us TG group: h…",1505203206766407685,2022-03-20 21:01:36+00:00,
47,1505650787271479300,"BITCOIN PREDICTION RESULT

BUY 0.1 BTC for 41,199.99
It was SOLD for 41,609.49 apiece 43 min ago on Binance
Amount 4,161
Latest 10 results[Win/Lose]: LWLWLLWWLW

Trade Profit: 41.0
Daily   : 26(0.6%)
Monthly: 1,089(26.2%)

#Bitcoin #BTC #Binance

https://t.co/7MAxhLerlq https://t.co/tAw38NulxL",1264448654212919296,2022-03-20 21:01:35+00:00,
48,1505650786767884297,RT @Eljaboom: If you don’t understand #bitcoin then unfollow me,1479519063487307778,2022-03-20 21:01:35+00:00,
