,id,text,author_id,created_at,geo
0,1505342555906789379,"RT @Meta_Gaming99: Meta Gaming  🎁
 Airdrop for everyone

Steps:
1️⃣Follow us Twitter @Meta_Gaming99 RT&amp;Tag 3 friends
2️⃣Join us TG group: h…",1468664696714805259,2022-03-20 00:36:47+00:00,
1,1505342553071173637,RT @saye77045052: @BluesparrowC @bitfinex @BlueSparrowETH #BlueSparrow is a bridge between the stock market and crypto .. You will have bot…,1485347917988876294,2022-03-20 00:36:47+00:00,
2,1505342552299683841,"RT @Revolotto: 🏏World's Dangerous Cricketer
Greatest Batsman of All-time in Cricket

🌎Universe Boss - Chris Gayle extending his support and…",233898685,2022-03-20 00:36:47+00:00,
3,1505342549111812101,"@BluesparrowC @bitfinex @BlueSparrowETH I will never ask you, to buy or sell, i’m just asking you, just never lose🔥🤩

""Suzume""

@BlueSparrowETH
@BluesparrowC
#BluesparrowCEX
#ETH
#BlueSparrow
#BlueSparrowtoken
#BlueSparrowCommunity
#bitcoin
#BestDrawToken
#Bluesparrowcharity
#Web3
#NFT
113 https://t.co/PjwLpDH4Q5",1392169680769622022,2022-03-20 00:36:46+00:00,
4,1505342547027185668,"In Japan, #XRP is religion. I love it! All works! #eth #ethereum #binance #bitcoin btc #ripple #crypto #cryptocurrency https://t.co/WKzMznuvon",1454846460227473412,2022-03-20 00:36:45+00:00,
5,1505342546750279680,"RT @Revolotto: 🏏World's Dangerous Cricketer
Greatest Batsman of All-time in Cricket

🌎Universe Boss - Chris Gayle extending his support and…",1494911562418569219,2022-03-20 00:36:45+00:00,
6,1505342546436067328,"RT @chitaglorya__: giveaway 200$ | 2,800,000 IDR

-- rt follow @flagnetwork_NFT 

-- rt &amp; quoted their pinned with   #FlagNetwork  #cryptoc…",1449442909,2022-03-20 00:36:45+00:00,
7,1505342544674238469,The strongest bullish signal flashed for #XRP #bitcoin #btc #ethereum #eth https://t.co/3zVNEJPrxa,1302282530952040448,2022-03-20 00:36:45+00:00,
8,1505342544330194944,"RT @T_olaaa: Join the quiz session and earn 10,000 AIR for every question you answer correctly #Airdrops #Bitcoin #BSC #Binance #KuCoin #pa…",1477936221498216450,2022-03-20 00:36:45+00:00,
9,1505342544070451202,"RT @Revolotto: 🏏World's Dangerous Cricketer
Greatest Batsman of All-time in Cricket

🌎Universe Boss - Chris Gayle extending his support and…",1438887908249800705,2022-03-20 00:36:45+00:00,
10,1505342543109640193,"n Japan, #XRP is religion. I love it! All works! #eth #ethereum #binance #bitcoin btc #ripple #crypto #cryptocurrency

https://t.co/Nc2AxVoZzk",1292484379,2022-03-20 00:36:44+00:00,
11,1505342542258180099,"RT @AirdropStario: 💧 SafeWallet Airdrop 💧

🏆 Task:        ➕ 175 SLT (~$3.5) for 1000 random participants

👨‍👩‍👧 Referral: ➕ 30,000 SLT (~$6…",1292394750721421313,2022-03-20 00:36:44+00:00,
12,1505342541226405891,XRP is getting ready to take off to the moon! #altcoin #bitcoin #binance #xrp #ripple https://t.co/hxKIH3wJo4,1375009289396441088,2022-03-20 00:36:44+00:00,
13,1505342540668538882,"RT @DocumentingBTC: Hal Finney was a pioneer, cypherpunk, and the first to receive a #bitcoin  transaction from Satoshi Nakamoto. Hal gave…",1240669387637633027,2022-03-20 00:36:44+00:00,
14,1505342539355799554,Get IN now don't be LATE #xrp #binance #cryptocurrency #bitcoin https://t.co/dPabHd5tpO,1232401686523760647,2022-03-20 00:36:43+00:00,
15,1505342538642870275,RT @saye77045052: @BluesparrowC @bitfinex @BlueSparrowETH #BlueSparrow is a bridge between the stock market and crypto .. You will have bot…,1485347917988876294,2022-03-20 00:36:43+00:00,
16,1505342537774800898,"@CutieBabeGem15 🌟 Sekuya is the first multiverse project in crypto space, 4 worlds in 1 metaverse. We are the bridge to connect real world and digital world, through Multiverse, RWANFT, Meta-fi, and Wearable Devices!

JOIN US : @sekuyaofficial

#Sekuya #SKUY #Metaverse #NFT #binance #Bitcoin https://t.co/BihEEeKgGt",1305073565050388480,2022-03-20 00:36:43+00:00,
17,1505342537652789251,"RT @GiveawayInspect: New Giveaway: Retoken (USDT)
Total Reward: 2,000 USDT
Rate: ⭐️⭐️⭐️⭐️
Winners: 700 Random &amp; Top 50
Distribution: within…",1479274147817549824,2022-03-20 00:36:43+00:00,
18,1505342537417908226,"RT @AirdropStario: 💧 RPGC Airdrop 💧

🏆 Task:         ➕  $8 worth of RPGC for 2000 random participants each.

👨‍👩‍👧 Referral:  ➕  $40 worth…",4753747123,2022-03-20 00:36:43+00:00,
19,1505342536625311745,RT @trexia69: See... #UKRAINE #RUSSIA conflict boosted #BITCOIN as Valuable Asset with #GOLD. ...Got some UTILITY Crypto #LOOPRING $LRC #SH…,1360214353685938181,2022-03-20 00:36:43+00:00,
20,1505342535400632327,"XRP is getting ready to take off to the moon! #altcoin #bitcoin #binance #xrp #ripple

https://t.co/fYi1EiSFft",881198017,2022-03-20 00:36:43+00:00,
21,1505342533144297475,"RT @airdropinspect: New airdrop: Prizefighter (RING)
Total Reward: $5,000 worth of RING
Rate: ⭐️⭐️⭐️⭐️
Winners: 1,000 Random &amp; Top 100
Dist…",1479451583557505026,2022-03-20 00:36:42+00:00,
22,1505342530090516482,"RT @AirdropDet: 🔍 New #Airdrop: YupVerse

💲 Reward: Up to 10M YuP (~$5) + 2M YuP (~$1,000) referral pool

🔴 Start the airdrop bot https://t…",1422099070584193026,2022-03-20 00:36:41+00:00,
23,1505342529855647749,The strongest bullish signal flashed for #XRP #bitcoin #btc #ethereum #eth https://t.co/nwGkzY2O2t,1214099967138131969,2022-03-20 00:36:41+00:00,
24,1505342529545261058,"We just know #XRP will moon #crypto #binance #cryptocurrency #bitcoin #btc

https://t.co/AmbfIRDn7d",1455830591182618628,2022-03-20 00:36:41+00:00,
25,1505342528983375873,The strongest bullish signal flashed for #XRP #bitcoin #btc #ethereum #eth https://t.co/cdXqrokJyu,738670166465085440,2022-03-20 00:36:41+00:00,
26,1505342528979091458,There’s one way to fix monetary #inflation. #Bitcoin https://t.co/ocpa8ZRMMG,1239343184423124993,2022-03-20 00:36:41+00:00,
27,1505342527548928003,RT @LakeBitcoin: You can surf @Bitcoinbeach but you can fly at #bitcoinlake #Bitcoin #Guatemala https://t.co/XLw0vMZs9B,1433911534519046150,2022-03-20 00:36:41+00:00,
28,1505342527536132099,"RT @airdropinspect: New airdrop: Prizefighter (RING)
Total Reward: $5,000 worth of RING
Rate: ⭐️⭐️⭐️⭐️
Winners: 1,000 Random &amp; Top 100
Dist…",1482611295375740932,2022-03-20 00:36:41+00:00,
29,1505342527310036997,"RT @Revolotto: 🏏World's Dangerous Cricketer
Greatest Batsman of All-time in Cricket

🌎Universe Boss - Chris Gayle extending his support and…",1449646150068310017,2022-03-20 00:36:41+00:00,
30,1505342526491807744,"RT @AirdropDet: 🔍 New #Airdrop: YupVerse

💲 Reward: Up to 10M YuP (~$5) + 2M YuP (~$1,000) referral pool

🔴 Start the airdrop bot https://t…",1467268818393190403,2022-03-20 00:36:40+00:00,
31,1505342525178986499,"In Japan, #XRP is religion. I love it! All works! #eth #ethereum #binance #bitcoin btc #ripple #crypto #cryptocurrency https://t.co/b7nnOft6PS",1424030864510488582,2022-03-20 00:36:40+00:00,
32,1505342522754678788,"XRP is getting ready to take off to the moon! #altcoin #bitcoin #binance #xrp #ripple

https://t.co/14ZuuR9wgg",1047715945001574400,2022-03-20 00:36:39+00:00,
33,1505342521513185284,"RT @airdropinspect: New airdrop: Prizefighter (RING)
Total Reward: $5,000 worth of RING
Rate: ⭐️⭐️⭐️⭐️
Winners: 1,000 Random &amp; Top 100
Dist…",1476952785312649216,2022-03-20 00:36:39+00:00,
34,1505342521102282762,RT @woonomic: #Bitcoin is being accumulated. https://t.co/Wdnhek2u6F,904734920832151556,2022-03-20 00:36:39+00:00,
35,1505342521030938628,"@BluesparrowC @bitfinex @BlueSparrowETH I will never ask you, to buy or sell, i’m just asking you, just never lose🔥🤩

""Suzume""

@BlueSparrowETH
@BluesparrowC
#BluesparrowCEX
#ETH
#BlueSparrow
#BlueSparrowtoken
#BlueSparrowCommunity
#bitcoin
#BestDrawToken
#Bluesparrowcharity
#Web3
#NFT
115 https://t.co/3Y54U5bAGc",1392169680769622022,2022-03-20 00:36:39+00:00,
36,1505342517906063360,Get IN now don't be LATE #xrp #binance #cryptocurrency #bitcoin https://t.co/hhJWspjMjY,2214750914,2022-03-20 00:36:38+00:00,
37,1505342517423706112,RT @BTCTN: Paypal co-founder Peter Thiel said that his “biggest mistake” during the last ten years “was getting too late and too little int…,1240669387637633027,2022-03-20 00:36:38+00:00,
38,1505342517297963018,RT @saye77045052: @BluesparrowC @bitfinex @BlueSparrowETH #BlueSparrow is a bridge between the stock market and crypto .. You will have bot…,1485347917988876294,2022-03-20 00:36:38+00:00,
39,1505342516949782528,"RT @airdropinspect: New airdrop: Prizefighter (RING)
Total Reward: $5,000 worth of RING
Rate: ⭐️⭐️⭐️⭐️
Winners: 1,000 Random &amp; Top 100
Dist…",1249546664781570050,2022-03-20 00:36:38+00:00,
40,1505342514726940679,"RT @MartiniGuyYT: #Bitcoin stores value

#Altcoins change lives",1502218696563077122,2022-03-20 00:36:38+00:00,
41,1505342514001166337,"RT @AirdropDet: 🔍 New #Airdrop: YupVerse

💲 Reward: Up to 10M YuP (~$5) + 2M YuP (~$1,000) referral pool

🔴 Start the airdrop bot https://t…",1492839669028962306,2022-03-20 00:36:37+00:00,
42,1505342511216218115,XRP is getting ready to take off to the moon! #altcoin #bitcoin #binance #xrp #ripple https://t.co/Qq0HeBaMFf,2817806497,2022-03-20 00:36:37+00:00,
43,1505342511199531011,RT @MetaNFTs1: @aegean2356 #nfts #nft #nftart #nftcommunity #nftcollector #nftartist #cryptoart #digitalart #art #crypto #nftcollectors #bi…,1242080916677197830,2022-03-20 00:36:37+00:00,
44,1505342507567448065,"RT @CarolainCrypt0: #Bitcoin is worth 42K right now!!

And what are you going to invest in?  show me your great project x 100!👇🏻👇🏻 https://…",1501582877007695872,2022-03-20 00:36:36+00:00,
45,1505342507546075141,"RT @AirdropStario: 💧 SafeWallet Airdrop 💧

🏆 Task:        ➕ 175 SLT (~$3.5) for 1000 random participants

👨‍👩‍👧 Referral: ➕ 30,000 SLT (~$6…",1471284464370130945,2022-03-20 00:36:36+00:00,
46,1505342507391070214,XRP is getting ready to take off to the moon! #altcoin #bitcoin #binance #xrp #ripple https://t.co/nb5TJZHeCX,1346321006697189376,2022-03-20 00:36:36+00:00,
47,1505342504136282115,RT @parkeralewis: One of the wealthiest men in the world’s media propaganda arm is straight up telling you that printing money disproportio…,1104840898670747648,2022-03-20 00:36:35+00:00,
