,id,text,author_id,created_at,geo
0,1505583442397904898,"RT @Emimma2: #RBXS team of samurai will generate awareness of your token launch whether it's newly launched or existing already.#RBXS 
http…",1485310404259729408,2022-03-20 16:33:59+00:00,
1,1505583441781436421,"RT @AirdropDet: 🔍 New #Airdrop: TidalGlobal

💲 Reward: Up to 5K TDL (~$5) + 10M TDL (~$10K) referral pool

🔴 Start the airdrop bot https://…",1480304813736923145,2022-03-20 16:33:59+00:00,
2,1505583441252868111,"RT @TheCryptoLark: What would you do if you woke up tomorrow and found out that you can't use your bank cards, bank apps, or buy or send fo…",465220444,2022-03-20 16:33:59+00:00,
3,1505583440934350848,"RT @airdropinspect: New airdrop: Prizefighter (RING)
Total Reward: $5,000 worth of RING
Rate: ⭐️⭐️⭐️⭐️
Winners: 1,000 Random &amp; Top 100
Dist…",3890180532,2022-03-20 16:33:59+00:00,
4,1505583436266115073,"RT @PotatoCoinSPL: 25B Potato giveaway

Potato will surprise you all with what we are about to announce.

Like, Retweet and Tag 3 friends t…",1382798891918053378,2022-03-20 16:33:58+00:00,
5,1505583434890055682,"RT @airdropinspect: New airdrop: Flamingo Casino
Total Reward: 200 NFTs &amp; $2500 pricing pool
Rate:⭐️⭐️⭐️⭐️
Winners: 220 Random
Distribution…",1476893535316054018,2022-03-20 16:33:57+00:00,
6,1505583434378448901,"@BabyDogeGem #BlueSparrow is a bridge between the stock market and crypto .. You will have both in the Blue Sparrow CEX
@BlueSparrowETH
#BluesparrowCEX
#BlueSparrow
#BlueSparrowtoken
#BlueSparrowCommunity
#bitcoin
#BestDrawToken
#Bluesparrowcharity
#Web3
#NFT 
https://t.co/iX9ThGAout
☘32",1500745978495881216,2022-03-20 16:33:57+00:00,
7,1505583433912766472,RT @ShibnobiNews: NEWS: 🇺🇸 U.S. Congressman Pete Sessions says Texas will be the #Bitcoin capital. #CRYPTO,1415559077346746372,2022-03-20 16:33:57+00:00,
8,1505583431161417736,"@AirdropDet This project is really good, Very enthusiastic team, Great community, I hope the project thrives, I love your project🎉🎉

@mahsun6165
@Zohre72815088
@Hamed40695384

#Airdrops #YupVerse #Bitcoin #AirdropDetective #YuP",1390354522518605832,2022-03-20 16:33:57+00:00,
9,1505583430205026305,@Crypto__Diva #Bitcoin Major Demand and Supply Area ⚡ https://t.co/dAHpgx8g2B,1471768750902767619,2022-03-20 16:33:56+00:00,
10,1505583428741525505,"RT @DigiFinex: Trading Token: $QA @QuantumAssetsQA
Trading Time: Mar 22nd 22:00 (GMT+8) 
#Bitcoin #SHIB #NFT #QA 
Details: https://t.co/a2d…",2855645476,2022-03-20 16:33:56+00:00,
11,1505583427625492483,"RT @airdropinspect: New airdrop: Flamingo Casino
Total Reward: 200 NFTs &amp; $2500 pricing pool
Rate:⭐️⭐️⭐️⭐️
Winners: 220 Random
Distribution…",1490663746553135109,2022-03-20 16:33:56+00:00,
12,1505583424760860678,"RT @AltcoinDailyio: If you have the ability to hodl #bitcoin, you have the responsibility to hold bitcoin. ✊",1294210480240824320,2022-03-20 16:33:55+00:00,
13,1505583421824847878,"@BabyDogeGem #BlueSparrow is a bridge between the stock market and crypto .. You will have both in the Blue Sparrow CEX
@BlueSparrowETH
#BluesparrowCEX
#BlueSparrow
#BlueSparrowtoken
#BlueSparrowCommunity
#bitcoin
#BestDrawToken
#Bluesparrowcharity
#Web3
#NFT 
https://t.co/iX9ThGAout
☘31",1500745978495881216,2022-03-20 16:33:54+00:00,
14,1505583420151271426,"BREAKING - Biden bans all imports of #Russia $oil and gas into the #US 

#Stocks down, precious metals up, #Bitcoin indecisive.

Follow @Tradeosiann they are great in #Crypto #BTC #ETH #XRP #LONG 👌🤟",1494552343370551296,2022-03-20 16:33:54+00:00,
15,1505583418876305408,"As expected…

#Bitcoin eyes highest weekly close since early February as BTC price hovers under $42K https://t.co/U9eLw2b0Ra via @cointelegraph",361652954,2022-03-20 16:33:54+00:00,
16,1505583416976330755,"RT @Blockstream: 🚨 #GIVEAWAY ALERT 🚨

Retweet and comment with your favorite Coldcard feature to enter.

Win a Coldcard MK2, one of the mos…",426236111,2022-03-20 16:33:53+00:00,
17,1505583416846467077,"BREAKING - Biden bans all imports of #Russia $oil and gas into the #US 

#Stocks down, precious metals up, #Bitcoin indecisive.

Follow @Tradeosiann they are great in #Crypto #BTC #ETH #XRP #LONG 😙😌😌",1491413014821900288,2022-03-20 16:33:53+00:00,
18,1505583414669369345,RT @Emimma2: All of our tokens pass a rigorous evaluation process to make sure your token gets to deliver the best while getting the attent…,1485310404259729408,2022-03-20 16:33:53+00:00,
19,1505583412601520128,RT @SkipSchwink: #CheemsInu is about to run hard! #Bitcoin and #ETH are days away from an epic run. #Cheems is releasing two major utilitie…,1475115230527049731,2022-03-20 16:33:52+00:00,
20,1505583412026826754,"#DeFi #TeleFy #DEX #cryptocurrency #Ethereum #BSC #Bitcoin #Airdrop #polkadot  #Polygon $TELE #Cardano #ETH 

It is a multi-chain automated lending system that allows users to lend or borrow",1402130383374671877,2022-03-20 16:33:52+00:00,
21,1505583410932240386,RT @dYdX: I think we can all agree that #Bitcoin ________,1297982837229002754,2022-03-20 16:33:52+00:00,
22,1505583409757921286,RT @LovecoinProject: Announcement: This November the Lovecoin Community is donating another $500 to support Gentle Hands Orphanages in Mani…,1465802765855338496,2022-03-20 16:33:51+00:00,
23,1505583408528961540,#Bitcoin bouncing off the bottom of channel… still needs to confirm above trendline. https://t.co/TaajCzQ0Lv https://t.co/nhgvnFR0FR,37980861,2022-03-20 16:33:51+00:00,
24,1505583407543300107,"RT @ecoinometrics: Nothing new for #Bitcoin's accumulation trend. The smaller the addresses the stronger the accumulation. 

Probably a goo…",949795300411105280,2022-03-20 16:33:51+00:00,
25,1505583407463645187,"@BabyDogeGem #BlueSparrow is a bridge between the stock market and crypto .. You will have both in the Blue Sparrow CEX
@BlueSparrowETH
#BluesparrowCEX
#BlueSparrow
#BlueSparrowtoken
#BlueSparrowCommunity
#bitcoin
#BestDrawToken
#Bluesparrowcharity
#Web3
#NFT 
https://t.co/iX9ThGAout
☘30",1500745978495881216,2022-03-20 16:33:51+00:00,
26,1505583405332938755,"RT @GiveawayInspect: New Giveaway: Retoken (USDT)
Total Reward: 2,000 USDT
Rate: ⭐️⭐️⭐️⭐️
Winners: 700 Random &amp; Top 50
Distribution: within…",1504614215683878913,2022-03-20 16:33:50+00:00,
27,1505583404477149185,"RT @AirdropStario: 💧 CryptoZerofi Airdrop 💧

🏆 Task:          ➕ 22,000 USDT » Total reward pool.

🔛 Airdrop Link &amp; Information: https://t.c…",1465746063583694850,2022-03-20 16:33:50+00:00,
28,1505583403001069568,"RT @Revolotto: 🏏World's Dangerous Cricketer
Greatest Batsman of All-time in Cricket

🌎Universe Boss - Chris Gayle extending his support and…",1500054276298936322,2022-03-20 16:33:50+00:00,
29,1505583400337698816,"RT @Revolotto: 🏏World's Dangerous Cricketer
Greatest Batsman of All-time in Cricket

🌎Universe Boss - Chris Gayle extending his support and…",257817411,2022-03-20 16:33:49+00:00,
30,1505583398714290177,On e you open your eyes you are responsible for what you see… #Bitcoin https://t.co/KT7kRQRFHR,1456424064470429698,2022-03-20 16:33:49+00:00,
31,1505583398605459457,"@jossephhjunior_ wtfreak this token is pumping y'all!! reserve your seats now and let's go to the moon! 🚀

Buy Metavorz
https://t.co/3C3uhyFGAT

0xcdc671b28AFd4E9cF19CC4BD82eD5237aC1F8B95

#polygon #matic #token #pump #bnb #btc #eth #bitcoin #bsc #binance #eth #ethereum https://t.co/LY3yBhOdiF",1478319303271542785,2022-03-20 16:33:49+00:00,
32,1505583391546118148,"RT @p2ePrizeFighter: Who will be the next challenger?
(Screenshot from Actual Gameplay)

#nft #nftart #art #digitalart #nfts #nftartist #cr…",1471013375391911936,2022-03-20 16:33:47+00:00,
33,1505583391495708674,"RT @airdropinspect: New airdrop: Flamingo Casino
Total Reward: 200 NFTs &amp; $2500 pricing pool
Rate:⭐️⭐️⭐️⭐️
Winners: 220 Random
Distribution…",1473952373370351616,2022-03-20 16:33:47+00:00,
34,1505583391487709188,"RT @AirdropStario: 💧 SafeWallet Airdrop 💧

🏆 Task:        ➕ 175 SLT (~$3.5) for 1000 random participants

👨‍👩‍👧 Referral: ➕ 30,000 SLT (~$6…",1483051327647535109,2022-03-20 16:33:47+00:00,
35,1505583390925496321,"RT @AirdropDet: 🔍 New #Airdrop: YupVerse

💲 Reward: Up to 10M YuP (~$5) + 2M YuP (~$1,000) referral pool

🔴 Start the airdrop bot https://t…",1492522695405285387,2022-03-20 16:33:47+00:00,
36,1505583390698790913,"RT @DeepBlueCrypto: Exit Fiat, Enter #Bitcoin 
https://t.co/sPXQ7t0wUI",1356004189936230402,2022-03-20 16:33:47+00:00,
37,1505583389935505408,RT @BitcoinMagazine: The revolution can not be stopped. #Bitcoin https://t.co/J51qviTWId,1491300757882433541,2022-03-20 16:33:47+00:00,
38,1505583389302173696,"BREAKING - Biden bans all imports of #Russia $oil and gas into the #US 

#Stocks down, precious metals up, #Bitcoin indecisive.

Follow @Tradeosiann they are great in #Crypto #BTC #ETH #XRP #LONG 🎊✅",1494552343370551296,2022-03-20 16:33:47+00:00,
39,1505583386261278723,"RT @AirdropStario: 💧 CryptoZerofi Airdrop 💧

🏆 Task:          ➕ 22,000 USDT » Total reward pool.

🔛 Airdrop Link &amp; Information: https://t.c…",1436377544270303232,2022-03-20 16:33:46+00:00,
40,1505583382880829441,"24-hr z-scores for cryptocurrency prices and volume
more @ https://t.co/Hv8R8Llc3r
 
#buythedip #thedipindex #BTC #bitcoin #ETH #cryptocurrency https://t.co/76KATSpyK4",852616762436849664,2022-03-20 16:33:45+00:00,
41,1505583382247673860,"RT @bitcoinmask: Join Ember Fund and we'll both earn #Bitcoin daily &amp; to ANY $btc address!

Withdraw min is $5 USD or 12k Sats. Takes no ti…",168359935,2022-03-20 16:33:45+00:00,
42,1505583380393570307,SEC flags unlicensed blockchain platform MetaProfit - BusinessWorld Online   https://t.co/k3zzoXUEQ7   #Blockchain  #Bitcoin,1415553844260401154,2022-03-20 16:33:44+00:00,
43,1505583379588304909,RT @StarfuryFlames: #Bitcoin [B of B's] Test #1 https://t.co/hWtylV2DIW,553151424,2022-03-20 16:33:44+00:00,
44,1505583379051253767,@BudhilVyas #Bitcoin Major Demand and Supply Area ⚡ https://t.co/BGqXISMgO4,1471768750902767619,2022-03-20 16:33:44+00:00,
45,1505583375058317317,"Zaffron found #bitcoin in a User vault at this location! Join me playing #coinhuntworld, It's awesome! https://t.co/O1A610kce3 #cryptocurrency #72612 https://t.co/vz8GNIYA06",170798350,2022-03-20 16:33:43+00:00,
46,1505583373237981185,"@TelefyConnect #DeFi #TeleFy #DEX #cryptocurrency #Ethereum #BinanceSmartChain #Bitcoin #polkadot #MATIC #Polygon $TELE #Cardano #ETH https://t.co/dTrn8PfkHw
 The project is excellent, I see that it has been prepared for a long time and it’s thought out as much as possible. therefore it has",1410796692606119938,2022-03-20 16:33:43+00:00,
47,1505583370947858434,"RT @airdropinspect: New airdrop: Angelic (ANGL)
Total Reward: 50,000 ANGL
Rate: ⭐️⭐️⭐️⭐️
Winners: 1,500 Random &amp; Top 50
Distribution: withi…",1463465189332840449,2022-03-20 16:33:42+00:00,
48,1505583369962151940,"RT @Revolotto: 🏏World's Dangerous Cricketer
Greatest Batsman of All-time in Cricket

🌎Universe Boss - Chris Gayle extending his support and…",1418525533772554240,2022-03-20 16:33:42+00:00,
