,id,text,author_id,created_at,geo
0,1505681589191073792,Get IN now don't be LATE #xrp #binance #cryptocurrency #bitcoin https://t.co/pyTf1q3xgW,1121394806570344448,2022-03-20 23:03:59+00:00,
1,1505681580827852805,"We just know #XRP will moon #crypto #binance #cryptocurrency #bitcoin #btc

https://t.co/foVteHn8fz",784727697633095680,2022-03-20 23:03:57+00:00,
2,1505681580735533059,"RT @RhythmicAnalyst: Yes, #Bitcoin has a limited supply but there is solution suggested by Satoshi.

https://t.co/Tt7eGuon59

#bitcoin http…",1382652837667209218,2022-03-20 23:03:57+00:00,
3,1505681578869067786,"RT @lillyvivvi: if you don’t understand #BabyDogeCoin, you don’t understand #bitcoin",1497889873906192389,2022-03-20 23:03:57+00:00,
4,1505681576138625033,RT @DocumentingBTC: The reason #bitcoin is magical in under 2 minutes by @saylor https://t.co/MrRpgrRGIp,1281913285177217024,2022-03-20 23:03:56+00:00,
5,1505681573533958145,"RT @p2ePrizeFighter: Who will be the next challenger?
(Screenshot from Actual Gameplay)

#nft #nftart #art #digitalart #nfts #nftartist #cr…",1395469182985199616,2022-03-20 23:03:55+00:00,
6,1505681572124676096,"RT @Usof37755227: @CryptoGemsCom The greatest division of wealth of the century, will soon take place with the BlueSparrow💯💥

@BlueSparrowE…",1497265518461566983,2022-03-20 23:03:55+00:00,
7,1505681569477967880,"RT @TheCryptoLark: #bitcoin will hit a million dollars per coin, the only question is when!",1058662286649409537,2022-03-20 23:03:55+00:00,
8,1505681569117356033,"RT @airdropinspect: New airdrop: Flamingo Casino
Total Reward: 200 NFTs &amp; $2500 pricing pool
Rate:⭐️⭐️⭐️⭐️
Winners: 220 Random
Distribution…",1475520076229001216,2022-03-20 23:03:54+00:00,
9,1505681566931963906,"RT @cz_binance: If you don't understand #bitcoin, you don't understand money.",1081012532196782080,2022-03-20 23:03:54+00:00,
10,1505681564390371340,RT @JadeMontano10: #IseeYOU #BullMarket I didn’t come across this piece randomly at #MarketplaceNapa Art Gallery on accident🙌🏼🔥 #ListSaitam…,1480744854309294083,2022-03-20 23:03:53+00:00,
11,1505681562683142147,RT @SimonDixonTwitt: One word. What does #Bitcoin mean to you? First thing that comes into your mind. Mine is “Freedom”,818270170401472513,2022-03-20 23:03:53+00:00,
12,1505681559474610186,"RT @Corey2140: Time isn’t reversible.

#bitcoin transactions aren’t reversible.

We needed our money to be as reliable as the flow of time.",1455993991921537030,2022-03-20 23:03:52+00:00,
13,1505681558040203268,"RT @Usof37755227: @CryptoGemsCom The greatest division of wealth of the century, will soon take place with the BlueSparrow💯💥

@BlueSparrowE…",1497265518461566983,2022-03-20 23:03:52+00:00,
14,1505681557608026112,"RT @ShiborgToken: LAUNCHING ON #Ethereum !!😍🦾🚀

#PRESALE AND #LAUNCH: April 1st

Big marketing booked like #Dextools Golden Button Ads!

#S…",1377986823213838346,2022-03-20 23:03:52+00:00,
15,1505681556005953543,"RT @TheGuySwann: @GVictoriaB @PeterMcCormack @RobSchneider I would still love to sit down and chat with Rob about liberty and #Bitcoin 

Th…",3383788840,2022-03-20 23:03:51+00:00,
16,1505681555473240065,"RT @airdropinspect: New airdrop: PlayZap X CoinBlock 
Total Reward: $3,500 worth of PLAYZAP
Rate: ⭐️⭐️⭐️⭐️
Winners: 1000 Random &amp; Top 50
Di…",1415339023929856001,2022-03-20 23:03:51+00:00,
17,1505681548930355200,"RT @rovercrc: I wouldn't be surprised to see #Bitcoin trading at $48,000 next week...",903809751640817665,2022-03-20 23:03:50+00:00,
18,1505681547977965572,"RT @Usof37755227: @CryptoGemsCom I will never ask you, to buy or sell, i’m just asking you, just never lose🔥🤩

""Suzume""

@BlueSparrowETH
@B…",1497265518461566983,2022-03-20 23:03:49+00:00,
19,1505681547843809291,"We just know #XRP will moon #crypto #binance #cryptocurrency #bitcoin #btc

https://t.co/AJmweaUR75",1465552535767244804,2022-03-20 23:03:49+00:00,
20,1505681545985769478,"RT @lillyvivvi: if you don’t understand #BabyDogeCoin, you don’t understand #bitcoin",1485529677968072716,2022-03-20 23:03:49+00:00,
21,1505681545352392705,"The current price of bitcoin is $41,380.00. It has decreased by -1.342% in the last 24 hours #bitcoin #btc #cryptocurrency",1374776463166148609,2022-03-20 23:03:49+00:00,
22,1505681541959233542,RT @MetinYmaz13: @crypto_birb We are ready for bull season!!! 😎😎 Probably nothing 😏 👉 @VoltInuOfficial 👀⚡⚡⚡⚡⚡⚡ #VOLTINU #CRYPTO #Dextools #…,1500014883483619341,2022-03-20 23:03:48+00:00,
23,1505681541443330050,"RT @CryptoMichNL: Great to see the bullish moves of #Bitcoin, while being in South Africa.",1070193757,2022-03-20 23:03:48+00:00,
24,1505681541099307013,"RT @cz_binance: If you don't understand #bitcoin, you don't understand money.",950316935480258560,2022-03-20 23:03:48+00:00,
25,1505681536657539073,"RT @StephenPunwasi: India just bought 3 million barrels of oil from Russia at a 20% discount and paid in rupees, not USD.

The fight to de-…",1130504239552372741,2022-03-20 23:03:47+00:00,
26,1505681536510746630,RT @Blockworks_: PayPal Co-Founder: The biggest mistake I made in the last decade was getting too late and too little into #Bitcoin,404589875,2022-03-20 23:03:47+00:00,
27,1505681535789318155,Check out the Malta NFT flag with the traditional straw cap on OpenSea https://t.co/ZlmcpvcUf0 via @opensea #Ethereum #Bitcoin  #NFTCommunity #NFTartist #opensea  #nft #worldflag #Malta,1357385384095850496,2022-03-20 23:03:46+00:00,
28,1505681526385688581,"RT @DocumentingBTC: Hal Finney was a pioneer, cypherpunk, and the first to receive a #bitcoin  transaction from Satoshi Nakamoto. Hal gave…",808483502417215488,2022-03-20 23:03:44+00:00,
29,1505681526205431808,"n Japan, #XRP is religion. I love it! All works! #eth #ethereum #binance #bitcoin btc #ripple #crypto #cryptocurrency

https://t.co/ir0nxvvDdb",1453127166124777472,2022-03-20 23:03:44+00:00,
30,1505681526134128643,"RT @CryptoSharq: @EpicCashTech The original idea of #bitcoin was to challenge and change this system. But it fell short technologically.
#e…",923545583658373121,2022-03-20 23:03:44+00:00,
31,1505681525664276480,"@missbitcoin_mai If #bitcoin  crashes the whole crypto market will crash too, Everything is Correlated to Btc right now

#bitcoin  will not crash We are just in a bear market

Y’all follow @Stellajeffreyfx She’s a super underrated Bitcoiner who have been following her tweets and tip closely",1501705147164020737,2022-03-20 23:03:44+00:00,
32,1505681525429387269,"If you don't understand the essence of eternity, you don't understand yourself. #NFT #bitcoin #HTideaart @BillyM2k @cz_binance
@saylor  https://t.co/iZacUjM4Ay https://t.co/1Crc2g1Ogv",1489747697389248522,2022-03-20 23:03:44+00:00,
33,1505681524758302720,@dailynftpromo BANXA OTC: BNXAF🚨 BOOM! 🚨 This share will change your life now! IR coming to US #crypto #bitcoin #btc #eth #ethereum #doge https://t.co/RS4Te8DKv4,1470148662122721285,2022-03-20 23:03:44+00:00,
34,1505681524527538178,"RT @FabulousXBT: @cz_binance If you understand #bitcoin, you understand money.",2661428276,2022-03-20 23:03:44+00:00,
35,1505681518919831554,"RT @TheGuySwann: @matthew_d_green For many of us it is less a concern about the ban, &amp; more about the future of the EU.

#Bitcoin will adap…",3383788840,2022-03-20 23:03:42+00:00,
36,1505681515501477897,"I've heard critics call Bitcoiners ""religious."" This was meant as a pejorative. But can you blame us? #Bitcoin is the opportunity of a lifetime. It's actually more than that. It's an opportunity that few in human history ever had. It's a once in humanity opportunity.",498937776,2022-03-20 23:03:42+00:00,
37,1505681515434360832,"RT @AltcoinSherpa: $BTC: Seems pretty clear to me- if we see a HTF close above 44.4k, it's likely that we probably go to mid 50ks. 200D EMA…",1056790159,2022-03-20 23:03:42+00:00,
38,1505681515207876609,"RT @BitcoinMagazine: Only 2 weeks until the 19,000,000 #bitcoin is mined ⛏",989235723374080001,2022-03-20 23:03:42+00:00,
39,1505681512112418816,"Looking for a tax lawyer who likes #Bitcoin. If you want to help US bitcoin adoption, reach out or tag your favorite tax lawyer.",1291243382128304133,2022-03-20 23:03:41+00:00,
40,1505681507914063873,"RT @Wendy_CryptoGal: #EverEarn has already released #EverSwap, Wallet tracker and #NFT minting! What’s next? STAKING!!! Coming next week!…",268562737,2022-03-20 23:03:40+00:00,
41,1505681504784949250,"RT @iLoveJaneAdams: I am a #Bitcoin HODLer.

Say hi if you like #Bitcoin!",2241792042,2022-03-20 23:03:39+00:00,
42,1505681503413587970,"XRP is getting ready to take off to the moon! #altcoin #bitcoin #binance #xrp #ripple

https://t.co/ZY8JoFITEi",1303054506129842176,2022-03-20 23:03:39+00:00,
43,1505681498145361921,"Today it's 289.78 Baht or $8.70.
It's -1.56% from yesterday. 
From the start, it's -0.25%. 
It's bought 21,042 sats on Jan 2022. 
#Bitcoin            
#BTC            
#LightningNetwork 
#CryptoCurrency 
#TheBitcoinStandard
#TheBitcoinBook",1483923747577171968,2022-03-20 23:03:38+00:00,
44,1505681493049368578,RT @BTCfuel: 🚨🚨 Tomorrow I'll be posting a VERY IMPORTANT chart that will have MAJOR IMPLICATIONS for the #crypto markets!! (in a good way)…,360981181,2022-03-20 23:03:36+00:00,
45,1505681482538536960,@BDFischer UNBELIEVABLE!! 🚨🚨 The chance of a lifetime with this stock. This time you are in very early and a huge profit awaits.A BEAST AWAKES!! #crypto #ethereum #bitcoin #btc #eth #crypto https://t.co/7qm0A7J40w,1457082158959534081,2022-03-20 23:03:34+00:00,
46,1505681481242492934,"We just know #XRP will moon #crypto #binance #cryptocurrency #bitcoin #btc

https://t.co/ljfhdVb14j",1425127707768147969,2022-03-20 23:03:33+00:00,
47,1505681474472742912,"RT @k_roberson2: @coinbureau #PONGOINU TO THE MOON!!!
A deflationary token thats gonna MELT FACES🔥🔥💰💰
@pongoinutoken #PONGOARMY #Indonesian…",2304276356,2022-03-20 23:03:32+00:00,
