,id,text,author_id,created_at,geo
0,1505561547283656709,"@aviralbhat #Bitcoin is creating a opt-in gateway to consume power, money and fame.",1290873990550917121,2022-03-20 15:06:59+00:00,
1,1505561545467920387,"RT @AirdropStario: 💧 Bee-Trade Finance Airdrop 💧

📍 Audited by: CertiK

🏆 Task:          ➕  Up to 36 BTF (~$51,48)

👨‍👩‍👧 Referral:   ➕  5…",1258126890826526721,2022-03-20 15:06:59+00:00,
2,1505561544658423816,This is one of the most promising and high standard project.This project has great futures.This project will be successful. Great team. #DeFi #TeleFy #DEX #cryptocurrency #Ethereum #BinanceSmartChain #Bitcoin #Airdrop #polkadot #MATIC #Polygon $TELE #Cardano #ETH,1453035898979819522,2022-03-20 15:06:58+00:00,
3,1505561541826932736,"the strongest bullish signal flashed for #Bitcoin. Not trend reverse but price bounce is anticipated!

@tradeosiann  is a super #BTC Trader 
I’ve been following his tweets and tips seriously &amp; I’ve been doing great $MC $ARPA $CTK $AYAY #Cryptocurrency  $BNB b",1453597703288414212,2022-03-20 15:06:58+00:00,
4,1505561541583818755,"XRP is getting ready to take off to the moon! #altcoin #bitcoin #binance #xrp #ripple

https://t.co/JrrQRc3Ke9",1445054817651539974,2022-03-20 15:06:58+00:00,
5,1505561540900007940,"XRP is getting ready to take off to the moon! #altcoin #bitcoin #binance #xrp #ripple

https://t.co/QLSHwfQf6Z",632959509,2022-03-20 15:06:57+00:00,
6,1505561539557965824,"RT @AirdropDet: 🔍 New #Airdrop: YupVerse

💲 Reward: Up to 10M YuP (~$5) + 2M YuP (~$1,000) referral pool

🔴 Start the airdrop bot https://t…",1499455863672786964,2022-03-20 15:06:57+00:00,
7,1505561539293573121,"RT @BitcoinBR_info: Buy BitcoinBR (BTCBR) Using @Uniswap on Ethereum Network (ETH) | Pools | Info

BTCBR/USDT https://t.co/E6S4t3iGpD

BTCB…",1504085201852329984,2022-03-20 15:06:57+00:00,
8,1505561539121537024,"the strongest bullish signal flashed for #Bitcoin. Not trend reverse but price bounce is anticipated!

@tradeosiann  is a super #BTC Trader 
I’ve been following his tweets and tips seriously &amp; I’ve been doing great $MC $ARPA $CTK $AYAY #Cryptocurrency  $BNB i",1472813004831924229,2022-03-20 15:06:57+00:00,
9,1505561538643464193,"In Japan, #XRP is religion. I love it! All works! #eth #ethereum #binance #bitcoin btc #ripple #crypto #cryptocurrency https://t.co/IB9a6xAQqq",1293290637115228160,2022-03-20 15:06:57+00:00,
10,1505561537959776257,"RT @Marii6771: Did you get scammed?The good guys are here and we’ve got your back!
20% #scamsurvivor Charity! 20% charity in #SPY
Join us i…",1213315364211191808,2022-03-20 15:06:57+00:00,
11,1505561535975882761,RT @crypstax: PayPal co-founder says the “biggest mistake I made in the last decade was getting too late and too little into #Bitcoin.” In…,1427877070714011649,2022-03-20 15:06:56+00:00,
12,1505561535963299845,"@TelefyConnect 
#DeFi #TeleFy #DEX #cryptocurrency #Ethereum #BinanceSmartChain #Bitcoin #Airdrop #polkadot #MATIC #Polygon $TELE #Cardano #ETH
This project is very good project. I really like this project. Because this project manager is very honest. I hope this project was",1430080149467262978,2022-03-20 15:06:56+00:00,
13,1505561533627174919,"RT @binance: 💰 $10,000 giveaway 💰
 
Post your #BitcoinButton result to enter!
 
Rules:
🔸 Retweet this post
🔸 Follow @Binance
🔸 Play #Bitcoi…",748599975861436416,2022-03-20 15:06:56+00:00,
14,1505561533597814792,We just know #XRP will moon #crypto #binance #cryptocurrency #bitcoin #btc https://t.co/SHG86mxGaa,1365772567278018560,2022-03-20 15:06:56+00:00,
15,1505561533543243776,"RT @saylor: If you don't understand money, you won't understand #bitcoin.",1305912878466314241,2022-03-20 15:06:56+00:00,
16,1505561532679307265,"RT @WatcherGuru: JUST IN: 🇸🇬 Singapore’s largest bank, DBS Bank CEO, Piyush Gupta, says central banks should regulate #Bitcoin &amp; #crypto.",414869871,2022-03-20 15:06:56+00:00,
17,1505561532360396802,#bitcoin dipping but still over $40000! 😂🔥 https://t.co/KdGbAbO1MR,1268903430564859904,2022-03-20 15:06:55+00:00,
18,1505561532326809609,"We just know #XRP will moon #crypto #binance #cryptocurrency #bitcoin #btc

https://t.co/CAnNtElf0F",1248326534844370946,2022-03-20 15:06:55+00:00,
19,1505561531253026821,"XRP is getting ready to take off to the moon! #altcoin #bitcoin #binance #xrp #ripple

https://t.co/CAnNtElf0F",1248326534844370946,2022-03-20 15:06:55+00:00,
20,1505561529713786880,RT @TaikunGlobal: TAIKUN TESLA airdrop now Launched.  Participate and claim free 5TKT Tokens. Click on the link to join https://t.co/YAe3VJ…,1472957692251545601,2022-03-20 15:06:55+00:00,
21,1505561528971538438,"RT @saylor: If you don't understand money, you won't understand #bitcoin.",1434189436405927942,2022-03-20 15:06:55+00:00,
22,1505561528787152901,"RT @AirdropStario: 💧 CryptoZerofi Airdrop 💧

🏆 Task:          ➕ 22,000 USDT » Total reward pool.

🔛 Airdrop Link &amp; Information: https://t.c…",1503397360835391488,2022-03-20 15:06:55+00:00,
23,1505561528619380738,"RT @StephenPunwasi: India just bought 3 million barrels of oil from Russia at a 20% discount and paid in rupees, not USD.

The fight to de-…",1393993546382839811,2022-03-20 15:06:55+00:00,
24,1505561527792783364,"We just know #XRP will moon #crypto #binance #cryptocurrency #bitcoin #btc

https://t.co/Xupy4QciBA",992898050136961030,2022-03-20 15:06:54+00:00,
25,1505561527662743560,"RT @AirdropStario: 💧 CryptoZerofi Airdrop 💧

🏆 Task:          ➕ 22,000 USDT » Total reward pool.

🔛 Airdrop Link &amp; Information: https://t.c…",1419127142504226818,2022-03-20 15:06:54+00:00,
26,1505561527130198022,"RT @rovercrc: I wouldn't be surprised to see #Bitcoin trading at $48,000 next week...",1170804570500603906,2022-03-20 15:06:54+00:00,
27,1505561526048272384,"RT @MartiniGuyYT: Finally #Bitcoin dipped a MASSIVE $700

Going to buy more 😂",1476035914702852097,2022-03-20 15:06:54+00:00,
28,1505561523954982913,"RT @airdropinspect: New airdrop: MOMOCO (USDT)
Total Reward: 3,000 USDT
Rate: ⭐️⭐️⭐️⭐️
Winners: 1000 Random &amp; Top 100
Distribution: within…",1457732850006913028,2022-03-20 15:06:53+00:00,
29,1505561522965258245,"RT @BKEXGlobal: 🔹 Staking | @bridge_oracle

BKEX Will Open #Staking - #BRG Pool

- Time: 20:00 on Mar 21 (UTC+8)
- APY: 121%🔥

🔸 🔸 Details:…",1401266795022012421,2022-03-20 15:06:53+00:00,
30,1505561522625564673,RT @Wealth_Theory: When people find #Bitcoin they stop searching and start building.,1258397596567166981,2022-03-20 15:06:53+00:00,
31,1505561520905859079,"@Nft_Rater2022 @AlphaSkullz 

Public Mint is Live!
https://t.co/E443KUT96f
0.08 $ETH

Check them out:
https://t.co/jAEIkdpcbW

Join the AlphaSkullz Alliance:
https://t.co/p5OeSMZp0A

#NFT #NFTCommunity #P2E #gaming #crypto #cryptocurrency #ETH #Ethereum #BTC #Bitcoin #BNB $oulz #Metaverse #HODL",570246783,2022-03-20 15:06:53+00:00,
32,1505561520574455811,"RT @Dennis_Porter_: #Bitcoin on Lightning is over 1,000x better than Visa and Mastercard. It is the fastest and most efficient payment syst…",792120920,2022-03-20 15:06:53+00:00,
33,1505561519269982208,"RT @tradeiseveryone: TradeEveryOne $SHIB Buy Signal Currently Have 226,2% Profit with 20x Leverage 💵
Entry Price : $0.0223
Current Price :…",1455049887821664261,2022-03-20 15:06:52+00:00,
34,1505561516048670723,"RT @AirdropStario: 💧 SleepFuture Airdrop 💧

🏆 Task:          ➕  Up to $3 worth of SLEEPEE

👨‍👩‍👧 Referral:   ➕  $2 worth of SLEEPEE

🔛 Aird…",1500842754657587203,2022-03-20 15:06:52+00:00,
35,1505561515520593922,"RT @TheCryptoLark: #bitcoin will hit a million dollars per coin, the only question is when!",1410113216244375553,2022-03-20 15:06:51+00:00,
36,1505561514043916293,"In Japan, #XRP is religion. I love it! All works! #eth #ethereum #binance #bitcoin btc #ripple #crypto #cryptocurrency https://t.co/CFiOWhmaTc",1475241986898731008,2022-03-20 15:06:51+00:00,
37,1505561513310003206,"RT @WatcherGuru: JUST IN: 🇸🇬 Singapore’s largest bank, DBS Bank CEO, Piyush Gupta, says central banks should regulate #Bitcoin &amp; #crypto.",1404643648604499968,2022-03-20 15:06:51+00:00,
38,1505561512660062214,"@TelefyConnect #DeFi #TeleFy #DEX #cryptocurrency #Ethereum #BinanceSmartChain #Bitcoin #Airdrop #polkadot #MATIC #Polygon $TELE #Cardano #ETH
An excellent team, a grandiose project that does not stand still, I am glad for your success!",1345333552137732096,2022-03-20 15:06:51+00:00,
39,1505561511648907271,"the strongest bullish signal flashed for #Bitcoin. Not trend reverse but price bounce is anticipated!

@tradeosiann  is a super #BTC Trader 
I’ve been following his tweets and tips seriously &amp; I’ve been doing great $MC $ARPA $CTK $AYAY #Cryptocurrency  $BNB u",1472813004831924229,2022-03-20 15:06:51+00:00,
40,1505561510055071745,"the strongest bullish signal flashed for #Bitcoin. Not trend reverse but price bounce is anticipated!

@tradeosiann  is a super #BTC Trader 
I’ve been following his tweets and tips seriously &amp; I’ve been doing great $MC $ARPA $CTK $AYAY #Cryptocurrency  $BNB v",1453597703288414212,2022-03-20 15:06:50+00:00,
41,1505561509971247107,"RT @AirdropDet: 🔍 New #Airdrop: YupVerse

💲 Reward: Up to 10M YuP (~$5) + 2M YuP (~$1,000) referral pool

🔴 Start the airdrop bot https://t…",1465816223162249217,2022-03-20 15:06:50+00:00,
42,1505561509820354568,@ChartingBot FIBONACCI BANDS SHOW #DOGECOIN AND #BITCOIN ARE GOING TO BE GOING MUCH MUCH HIGHER 💯💯💯🚀🚀🚀🚀 https://t.co/wQ6p5oTmUi,1417877800867049476,2022-03-20 15:06:50+00:00,
43,1505561509073620993,"RT @Marii6771: Do you want TRUE SAFU investing?
Go to https://t.co/1Mo7qdcgFO for crypto research!
We list scams, potential scams, trusted…",1213315364211191808,2022-03-20 15:06:50+00:00,
44,1505561509048377348,"n Japan, #XRP is religion. I love it! All works! #eth #ethereum #binance #bitcoin btc #ripple #crypto #cryptocurrency

https://t.co/ISyU9KXmxr",1474466370045857798,2022-03-20 15:06:50+00:00,
45,1505561508461572100,"RT @AirdropDet: 🔍 New #Airdrop: TidalGlobal

💲 Reward: Up to 5K TDL (~$5) + 10M TDL (~$10K) referral pool

🔴 Start the airdrop bot https://…",1429142997279469572,2022-03-20 15:06:50+00:00,
46,1505561503059296258,"RT @AirdropStario: 💧 CryptoZerofi Airdrop 💧

🏆 Task:          ➕ 22,000 USDT » Total reward pool.

🔛 Airdrop Link &amp; Information: https://t.c…",1483873916561104906,2022-03-20 15:06:48+00:00,
47,1505561503029727239,"$100 two 🏆

Like, retweet, follow, @ 3 freinds, join pinned giveaway ✨️

#NFTCommunity  #Bitcoin #BTC #crypto  #NFT #NFTs #ad #Airdrop   #StPatricksDay  #eth #StrayKids #APECOIN #APE $APE #StrayKidsComeback #Ethereum #GasCash $eth $money #letsdance #happyspring #SundayMorning",1504825518348197892,2022-03-20 15:06:48+00:00,
48,1505561501662265344,"We just know #XRP will moon #crypto #binance #cryptocurrency #bitcoin #btc

https://t.co/QLSHwfQf6Z",632959509,2022-03-20 15:06:48+00:00,
49,1505561501268344835,"RT @AirdropStario: 💧 CryptoZerofi Airdrop 💧

🏆 Task:          ➕ 22,000 USDT » Total reward pool.

🔛 Airdrop Link &amp; Information: https://t.c…",1461307148751704069,2022-03-20 15:06:48+00:00,
