,id,text,author_id,created_at,geo
0,1505405720636030979,"RT @Revolotto: 🏏World's Dangerous Cricketer
Greatest Batsman of All-time in Cricket

🌎Universe Boss - Chris Gayle extending his support and…",1485812627821723648,2022-03-20 04:47:47+00:00,
1,1505405720225017869,"RT @AirdropStario: 💧 MedusaZone Airdrop 💧

🏆 Task:          ➕  Up to 30 AMEDU (~$36)

👨‍👩‍👧 Referral:   ➕  10 AMEDU (~$12)

🔛 Airdrop Link…",1476735160888741888,2022-03-20 04:47:47+00:00,
2,1505405718014447617,RT @saylor: You do not sell your #bitcoin.  https://t.co/LJNgJeWxvR,1401034397315473409,2022-03-20 04:47:46+00:00,
3,1505405716613726208,RT @Dennis_Porter_: I’m working on the federal side and in multiple states pushing #Bitcoin and digital asset laws forward so the USA is he…,48266796,2022-03-20 04:47:46+00:00,
4,1505405715422527490,"RT @AirdropDet: 🔍 New #Airdrop: Elite Cash

🏆 Total Airdrop Pool: 140,000 ELC [~$49,000]

🔴 Start the airdrop bot https://t.co/geX2YRhj5n…",1450509195518771202,2022-03-20 04:47:46+00:00,
5,1505405715338469378,RT @MEXC_Global: Will #Bitcoin hit its new ATH this year? 👀,1172697671695421440,2022-03-20 04:47:46+00:00,
6,1505405715149582340,"RT @Revolotto: 🏏World's Dangerous Cricketer
Greatest Batsman of All-time in Cricket

🌎Universe Boss - Chris Gayle extending his support and…",1435456641059622918,2022-03-20 04:47:46+00:00,
7,1505405713761579009,"RT @Revolotto: 🏏World's Dangerous Cricketer
Greatest Batsman of All-time in Cricket

🌎Universe Boss - Chris Gayle extending his support and…",1505036417994420226,2022-03-20 04:47:45+00:00,
8,1505405713169846275,Get IN now don't be LATE #xrp #binance #cryptocurrency #bitcoin https://t.co/cJe5lVqW3l,235807476,2022-03-20 04:47:45+00:00,
9,1505405709680197632,"RT @CedYoungelman: Buying #Bitcoin is not spending your money it’s actually saving it. 

Protect your wealth.",995345856361521152,2022-03-20 04:47:44+00:00,
10,1505405709114314754,"RT @leaf_protocol: 📣 Leaf Protocol Airdrop is live!

🏆 Reward for Tasks:  Up to $5 worth of LEAF

👨‍👩‍👧 Referral Reward:    $2.5 worth of L…",1361948021919870978,2022-03-20 04:47:44+00:00,
11,1505405708283650049,"RT @AirdropStario: 💧 Bluca NFT Airdrop 💧

🏆 Task:         ➕  400 BULC (~$2) for 8000 random participants

👨‍👩‍👧 Referral:  ➕  4000 BULC (~$…",1499073850138628097,2022-03-20 04:47:44+00:00,
12,1505405707721457664,"RT @Revolotto: 🏏World's Dangerous Cricketer
Greatest Batsman of All-time in Cricket

🌎Universe Boss - Chris Gayle extending his support and…",1496684690517815297,2022-03-20 04:47:44+00:00,
13,1505405706857771011,"RT @AirdropDet: 🔍 New #Airdrop: YupVerse

💲 Reward: Up to 10M YuP (~$5) + 2M YuP (~$1,000) referral pool

🔴 Start the airdrop bot https://t…",1501792369330749441,2022-03-20 04:47:44+00:00,
14,1505405704592855042,"RT @Revolotto: 🏏World's Dangerous Cricketer
Greatest Batsman of All-time in Cricket

🌎Universe Boss - Chris Gayle extending his support and…",1505358571575611397,2022-03-20 04:47:43+00:00,
15,1505405702558343168,"In Japan, #XRP is religion. I love it! All works! #eth #ethereum #binance #bitcoin btc #ripple #crypto #cryptocurrency https://t.co/iKv0IQyPjJ",364786857,2022-03-20 04:47:43+00:00,
16,1505405697986424833,"RT @AirdropDet: 🔍 New #Airdrop: YupVerse

💲 Reward: Up to 10M YuP (~$5) + 2M YuP (~$1,000) referral pool

🔴 Start the airdrop bot https://t…",1415156921317744645,2022-03-20 04:47:42+00:00,
17,1505405697856528385,"@Jonatha86858120 @ConnectorCoin ➡️ @CONNECTORCOIN ⬅️
Good Project 👌👌👌
#crypto #bitcoin 
#CONNECTORCOIN 
#ctco $bnb $bsc 
$ctco #bnb 
@Rocket__crypto
🎗 @Akon 🎗
📎F.B
https://t.co/3B1xj2lsFg https://t.co/2D4qQgiX9Z",1494679147817447431,2022-03-20 04:47:42+00:00,
18,1505405695826755586,"RT @Revolotto: 🏏World's Dangerous Cricketer
Greatest Batsman of All-time in Cricket

🌎Universe Boss - Chris Gayle extending his support and…",1134705589987102722,2022-03-20 04:47:41+00:00,
19,1505405694035562499,"In Japan, #XRP is religion. I love it! All works! #eth #ethereum #binance #bitcoin btc #ripple #crypto #cryptocurrency https://t.co/ltovGYmKQA",1127365494594424833,2022-03-20 04:47:41+00:00,
20,1505405692320301063,"RT @Revolotto: 🏏World's Dangerous Cricketer
Greatest Batsman of All-time in Cricket

🌎Universe Boss - Chris Gayle extending his support and…",1417520791663484931,2022-03-20 04:47:40+00:00,
21,1505405691607097345,"RT @AirdropAchiever: New Airdrop: ABI Galaverse
Value: 100,000 ABI
Referral: Top 3 highest rewards
Winners: Top 2,500 
End Date: 26th March…",1456983080183414785,2022-03-20 04:47:40+00:00,
22,1505405689908240385,In our messed up world right now #Bitcoin is the only certain way to control one’s savings!,1195695912133124097,2022-03-20 04:47:40+00:00,
23,1505405686255173634,The strongest bullish signal flashed for #XRP #bitcoin #btc #ethereum #eth https://t.co/57t4W8aWtx,1197999861544697857,2022-03-20 04:47:39+00:00,
24,1505405684976070657,"RT @AirdropStario: 💧 Meta Auction Airdrop 💧

🏆 Task:          ➕  Up to 40 METAU (~$16)

👨‍👩‍👧 Referral:   ➕  40 METAU (~$16)

🔛 Airdrop Lin…",1459243000056352768,2022-03-20 04:47:39+00:00,
25,1505405682253643778,"We just know #XRP will moon #crypto #binance #cryptocurrency #bitcoin #btc

https://t.co/gNKxlfD7ac",3174485062,2022-03-20 04:47:38+00:00,
26,1505405682153308160,"RT @Revolotto: 🏏World's Dangerous Cricketer
Greatest Batsman of All-time in Cricket

🌎Universe Boss - Chris Gayle extending his support and…",1502181922923216896,2022-03-20 04:47:38+00:00,
27,1505405681779847172,"RT @AirdropStario: 💧 SafeWallet Airdrop 💧

🏆 Task:        ➕ 175 SLT (~$3.5) for 1000 random participants

👨‍👩‍👧 Referral: ➕ 30,000 SLT (~$6…",1491386374091595786,2022-03-20 04:47:38+00:00,
28,1505405680856932353,"RT @AirdropStario: 💧 SafeWallet Airdrop 💧

🏆 Task:        ➕ 175 SLT (~$3.5) for 1000 random participants

👨‍👩‍👧 Referral: ➕ 30,000 SLT (~$6…",1453222832507342850,2022-03-20 04:47:38+00:00,
29,1505405679087013892,XRP is getting ready to take off to the moon! #altcoin #bitcoin #binance #xrp #ripple https://t.co/zD4RItqqGs,823416948,2022-03-20 04:47:37+00:00,
30,1505405675811356673,"RT @AirdropStario: 💧 RPGC Airdrop 💧

🏆 Task:         ➕  $8 worth of RPGC for 2000 random participants each.

👨‍👩‍👧 Referral:  ➕  $40 worth…",1499073850138628097,2022-03-20 04:47:36+00:00,
31,1505405671331844105,"RT @AirdropStario: 💧 SafeWallet Airdrop 💧

🏆 Task:        ➕ 175 SLT (~$3.5) for 1000 random participants

👨‍👩‍👧 Referral: ➕ 30,000 SLT (~$6…",1436611094865498113,2022-03-20 04:47:35+00:00,
32,1505405671084224513,"Amazing opportunity
#HIGH #bitcoin #BEAM
 @rajeshpadmar 
@hchawlah https://t.co/bOzKzaqxV1",1370871092445736961,2022-03-20 04:47:35+00:00,
33,1505405668412563456,"RT @AirdropStario: 💧 SafeWallet Airdrop 💧

🏆 Task:        ➕ 175 SLT (~$3.5) for 1000 random participants

👨‍👩‍👧 Referral: ➕ 30,000 SLT (~$6…",1499073850138628097,2022-03-20 04:47:35+00:00,
34,1505405666651176964,"RT @airdropinspect: New airdrop: Prizefighter (RING)
Total Reward: $5,000 worth of RING
Rate: ⭐️⭐️⭐️⭐️
Winners: 1,000 Random &amp; Top 100
Dist…",1503691486009126912,2022-03-20 04:47:34+00:00,
35,1505405664591761414,"RT @Revolotto: 🏏World's Dangerous Cricketer
Greatest Batsman of All-time in Cricket

🌎Universe Boss - Chris Gayle extending his support and…",1361235632727625729,2022-03-20 04:47:34+00:00,
36,1505405663341527041,RT @BTCTN: Paypal co-founder Peter Thiel said that his “biggest mistake” during the last ten years “was getting too late and too little int…,1404643648604499968,2022-03-20 04:47:33+00:00,
37,1505405661768736770,"RT @AirdropStario: 💧 Raiinmaker Airdrop 💧

🏆 Task:          ➕ 1,5 COIIN for 500 random participants each.

👨‍👩‍👧 Referral:   ➕ 5 COIIN for…",1499073850138628097,2022-03-20 04:47:33+00:00,
38,1505405661164810241,"RT @AirdropDet: 🔍 New #Airdrop: YupVerse

💲 Reward: Up to 10M YuP (~$5) + 2M YuP (~$1,000) referral pool

🔴 Start the airdrop bot https://t…",1247123793249779712,2022-03-20 04:47:33+00:00,
39,1505405660409876480,Get IN now don't be LATE #xrp #binance #cryptocurrency #bitcoin https://t.co/0CLdsnz4f4,1230862543217971201,2022-03-20 04:47:33+00:00,
40,1505405658874605568,"RT @AirdropStario: 💧 SafeWallet Airdrop 💧

🏆 Task:        ➕ 175 SLT (~$3.5) for 1000 random participants

👨‍👩‍👧 Referral: ➕ 30,000 SLT (~$6…",944537278277283840,2022-03-20 04:47:32+00:00,
41,1505405655385096197,"@EleosDC @jimofl @JoshLehr4 @BusinessInsider #Bitcoin is the Internet, not the .com bubble, how about owning a piece of it in 1995?",1259558314041651200,2022-03-20 04:47:31+00:00,
42,1505405649764556806,"In Japan, #XRP is religion. I love it! All works! #eth #ethereum #binance #bitcoin btc #ripple #crypto #cryptocurrency https://t.co/fUO3ET93y3",1348431873245126672,2022-03-20 04:47:30+00:00,
43,1505405649546788864,"RT @AirdropStario: 💧 MedusaZone Airdrop 💧

🏆 Task:          ➕  Up to 30 AMEDU (~$36)

👨‍👩‍👧 Referral:   ➕  10 AMEDU (~$12)

🔛 Airdrop Link…",1466767416390651908,2022-03-20 04:47:30+00:00,
44,1505405649081020416,"Hey I joined a network called SurveyJ and earned $48,277 today! You get paid for surveys and posting on social media. Sign up with my link for an instant $40 signup bonus! https://t.co/QzPpk8gjLs #SurveyJ #cashapp #bitcoin",483074115,2022-03-20 04:47:30+00:00,
45,1505405648154021893,We just know #XRP will moon #crypto #binance #cryptocurrency #bitcoin #btc https://t.co/jxIB0XZQAG,1382334818063585282,2022-03-20 04:47:30+00:00,
46,1505405647877201926,"RT @unusual_whales: Last month, someone set up a #bitcoin wallet for the first time.

Then, without testing it even and as the first transa…",1060563956761280513,2022-03-20 04:47:30+00:00,
47,1505405646904397829,"RT @airdropinspect: New airdrop: Skygard Game
Total Reward: 1100 NFTs
Rate: ⭐️⭐️⭐️⭐️
Winners: 1,000 Random &amp; 100 Top
Distribution: within 1…",1370011521472884740,2022-03-20 04:47:29+00:00,
48,1505405638687731716,"RT @chitaglorya__: giveaway 200$ | 2,800,000 IDR

-- rt follow @flagnetwork_NFT 

-- rt &amp; quoted their pinned with   #FlagNetwork  #cryptoc…",2497567812,2022-03-20 04:47:28+00:00,
