,id,text,author_id,created_at,geo
0,1505522790937497604,"RT @Alldexone: 🥇 Big waves take time to develop. 🏗📈📈
#HarmonyOne
$ONE/#Bitcoin 💙☝️ https://t.co/B8oNXdjPrI",68758094,2022-03-20 12:32:59+00:00,
1,1505522789217804291,"@TelefyConnect 
 TeleFy A great project, which is worth paying attention to! Improvement of this project is guaranteed.
   #DeFi #TeleFy #DEX #cryptocurrency #Ethereum #BinanceSmartChain #Bitcoin #Airdrop #polkadot #MATIC #Polygon $TELE #Cardano #ETH
   https://t.co/5AV34MmjLN",1428323007735365635,2022-03-20 12:32:58+00:00,
2,1505522788094083077,"RT @AirdropStario: 💧 Bee-Trade Finance Airdrop 💧

📍 Audited by: CertiK

🏆 Task:          ➕  Up to 36 BTF (~$51,48)

👨‍👩‍👧 Referral:   ➕  5…",1471494522680987649,2022-03-20 12:32:58+00:00,
3,1505522786139181056,"We just know #XRP will moon #crypto #binance #cryptocurrency #bitcoin #btc

https://t.co/Z2V9pi61vm",1453391359461629956,2022-03-20 12:32:58+00:00,
4,1505522785929601029,"$BTC

Nothing to worry yet
Telegram Channel = Cyclops Crypto
#Stellar  #XLM #Bitcoin  #BTC #ShibaInu  #SHIB #Terra  #LUNA #JasmyCoin  #JASMY",575197117,2022-03-20 12:32:58+00:00,
5,1505522785841414147,"We just know #XRP will moon #crypto #binance #cryptocurrency #bitcoin #btc

https://t.co/3gOSJRo9L9",1364221540502446086,2022-03-20 12:32:58+00:00,
6,1505522785564741633,"RT @AirdropStario: 💧 PeaSwap Finance Airdrop 💧

🏆 Task:          ➕ 10 PEA for 300 random participants each.

🔛 Airdrop Link &amp; Information:…",1497159286446866433,2022-03-20 12:32:57+00:00,
7,1505522780279824386,"RT @pete_rizzo_: ✨ ‘I was extraordinarily lucky to be there at the beginning.’

#Bitcoin legend Hal Finney tells his story exactly 9 years…",3812873847,2022-03-20 12:32:56+00:00,
8,1505522778245677060,"RT @airdropinspect: New airdrop: Flamingo Casino
Total Reward: 200 NFTs &amp; $2500 pricing pool
Rate:⭐️⭐️⭐️⭐️
Winners: 220 Random
Distribution…",1315770321207791618,2022-03-20 12:32:56+00:00,
9,1505522774168969224,"RT @AirdropStario: 💧 CRAT Airdrop 💧

🏆 Task:         ➕  $50 worth of CRAT for 1000 random participants each

👨‍👩‍👧 Referral:  ➕  $100 worth…",1152959953373581312,2022-03-20 12:32:55+00:00,
10,1505522772927148035,"We just know #XRP will moon #crypto #binance #cryptocurrency #bitcoin #btc

https://t.co/fjAfif5dfQ",1193289639559385093,2022-03-20 12:32:54+00:00,
11,1505522772432334848,"🐻 BEARWHALE! just SHORTED $4,316,710 worth of #Bitcoin #BTC at $41,588 on #Binance Futures",1284573941063974912,2022-03-20 12:32:54+00:00,
12,1505522771178229763,"RT @AirdropStario: 💧 Bee-Trade Finance Airdrop 💧

📍 Audited by: CertiK

🏆 Task:          ➕  Up to 36 BTF (~$51,48)

👨‍👩‍👧 Referral:   ➕  5…",1361074094389747720,2022-03-20 12:32:54+00:00,
13,1505522766728282114,"RT @BTCTN: The regulator believes that ""Meta is responsible for these ads that it publishes on its platform."" #crypto #cryptocurrency #bitc…",1387345457467170823,2022-03-20 12:32:53+00:00,
14,1505522766153408515,XRP is getting ready to take off to the moon! #altcoin #bitcoin #binance #xrp #ripple https://t.co/YclxGvJYJQ,2389283659,2022-03-20 12:32:53+00:00,
15,1505522764559527936,"RT @airdropinspect: New airdrop: Prizefighter (RING)
Total Reward: $5,000 worth of RING
Rate: ⭐️⭐️⭐️⭐️
Winners: 1,000 Random &amp; Top 100
Dist…",1372524352692875269,2022-03-20 12:32:52+00:00,
16,1505522764148477952,"We just know #XRP will moon #crypto #binance #cryptocurrency #bitcoin #btc

https://t.co/noQeuVGD4f",24741305,2022-03-20 12:32:52+00:00,
17,1505522763607515142,"RT @BTCTN: Ron Paul says he's influenced a whole lot by history and the gold history, which has led him to believe that the government coul…",97979745,2022-03-20 12:32:52+00:00,
18,1505522762101956611,"RT @BTCGandalf: This is how @bopinion sees the world. 

#Bitcoin fixes this. https://t.co/Qq2A7HxMMP",1107217990100140037,2022-03-20 12:32:52+00:00,
19,1505522760642007043,"RT @airdropinspect: New airdrop: Flamingo Casino
Total Reward: 200 NFTs &amp; $2500 pricing pool
Rate:⭐️⭐️⭐️⭐️
Winners: 220 Random
Distribution…",1482851938136109058,2022-03-20 12:32:52+00:00,
20,1505522759039868929,RT @MMCrypto: #BITCOIN: ALL IN!!!!!!!!!!!!! https://t.co/HLOjmkRs2Z,1427952221979766790,2022-03-20 12:32:51+00:00,
21,1505522759039799300,"We just know #XRP will moon #crypto #binance #cryptocurrency #bitcoin #btc

https://t.co/NMCHE2N4lW",1173760477425557505,2022-03-20 12:32:51+00:00,
22,1505522757521444872,RT @crypstax: PayPal co-founder says the “biggest mistake I made in the last decade was getting too late and too little into #Bitcoin.” In…,1440894681332604928,2022-03-20 12:32:51+00:00,
23,1505522756988809221,"RT @DailyCryptoTrad: 🔥#MultiVAC #MTV Huge Potential Blockchain - REALISTIC WYCKOFF THEORY PART 3 LIVE in 15 mins.
#cryptocurrecy #cryptotra…",1369855485726257155,2022-03-20 12:32:51+00:00,
24,1505522755508531205,RT @Bitboy_Crypto: $BTC just passed $42k. Some people say #Bitcoin is now more important than the meaning of life.,1387345457467170823,2022-03-20 12:32:50+00:00,
25,1505522754552213507,"RT @bitgetglobal: Data by @whale_map shows one of the biggest movements of #Bitcoin. Most likely indicating an OTC deal.

Do you see this a…",1387345457467170823,2022-03-20 12:32:50+00:00,
26,1505522754048733184,We just know #XRP will moon #crypto #binance #cryptocurrency #bitcoin #btc https://t.co/W2JVaeIJIP,1440613917789544451,2022-03-20 12:32:50+00:00,
27,1505522753952124931,"RT @AirdropAchiever: New Whitelist: STMAN × FamCentral
Allocation: ≤ 30 BUSD (TBA)
Winners: All Participants
End Date: 22nd March, 2022

🔗…",1504579457318678532,2022-03-20 12:32:50+00:00,
28,1505522752723484673,"RT @DocumentingBTC: Hal Finney was a pioneer, cypherpunk, and the first to receive a #bitcoin  transaction from Satoshi Nakamoto. Hal gave…",964293634689396736,2022-03-20 12:32:50+00:00,
29,1505522752387629061,"XRP is getting ready to take off to the moon! #altcoin #bitcoin #binance #xrp #ripple

https://t.co/ygMOOaWSXZ",1442299259433353221,2022-03-20 12:32:50+00:00,
30,1505522750420492288,"RT @AirdropStario: 💧 PeaSwap Finance Airdrop 💧

🏆 Task:          ➕ 10 PEA for 300 random participants each.

🔛 Airdrop Link &amp; Information:…",1453301107246125057,2022-03-20 12:32:49+00:00,
31,1505522750013669376,"RT @airdropinspect: New airdrop: Flamingo Casino
Total Reward: 200 NFTs &amp; $2500 pricing pool
Rate:⭐️⭐️⭐️⭐️
Winners: 220 Random
Distribution…",1474303649417293828,2022-03-20 12:32:49+00:00,
32,1505522746603757570,"RT @airdropinspect: New airdrop: Flamingo Casino
Total Reward: 200 NFTs &amp; $2500 pricing pool
Rate:⭐️⭐️⭐️⭐️
Winners: 220 Random
Distribution…",1436744921818427395,2022-03-20 12:32:48+00:00,
33,1505522745425252354,"RT @DocumentingBTC: Hal Finney was a pioneer, cypherpunk, and the first to receive a #bitcoin  transaction from Satoshi Nakamoto. Hal gave…",15638124,2022-03-20 12:32:48+00:00,
34,1505522745261846531,"RT @XVGhulk: #chainlink $link #bitcoin
#PoweredByChainlink

Yesterday:

Chainlink Holders: 654,492

Today:

Chainlink Holders: 654,684

🔹🔹🔹…",1387345457467170823,2022-03-20 12:32:48+00:00,
35,1505522744481439744,"RT @Meta_Gaming99: Meta Gaming  🎁
 Airdrop for everyone

Steps:
1️⃣Follow us Twitter @Meta_Gaming99 RT&amp;Tag 3 friends
2️⃣Join us TG group: h…",1476834674454548518,2022-03-20 12:32:48+00:00,
36,1505522744078835716,RT @CanuckLink: 9 years ago Hal Finney shared his story with #Bitcoin. RIP king. 👑 https://t.co/U1VugkXYSb,185617758,2022-03-20 12:32:48+00:00,
37,1505522741339996171,"why not ?🐯🚀

#BNB #Solana #bitcoin #catcoin #Bengalcatcoin #NFT https://t.co/dDuvONqj1T",1498325112709394438,2022-03-20 12:32:47+00:00,
38,1505522741293682689,"RT @Revolotto: 🏏World's Dangerous Cricketer
Greatest Batsman of All-time in Cricket

🌎Universe Boss - Chris Gayle extending his support and…",1500258223944716289,2022-03-20 12:32:47+00:00,
39,1505522740136194048,"RT @Mehmetpeksen60: #SHINJA 🥷🔥 
BUY NOW AND JUST WATC GOİNG TO THE MOON⚔️🥷🔥🚀🚀
🥷 #Shinja #Shibnobi $Shinja
🥷 #SHIBNOBI_DOJOSWAP
🥷 #SHIBNOBI_…",1454678238295437314,2022-03-20 12:32:47+00:00,
40,1505522736617373698,"RT @AirdropStario: 💧 CRAT Airdrop 💧

🏆 Task:         ➕  $50 worth of CRAT for 1000 random participants each

👨‍👩‍👧 Referral:  ➕  $100 worth…",1422417248690393092,2022-03-20 12:32:46+00:00,
41,1505522736310804483,"RT @ClassicPolka: Good morning #PolkaClassicArmy 💙

we are 6x already from our Dip🔥

#Dotc #PolkaClassic #bitcoin #BNB",1468528973110218756,2022-03-20 12:32:46+00:00,
42,1505522736222769154,"RT @seungwo77827617: Please help Ukrainian kids
#Ukraine #Donation  #war 

#Bitcoin:
1BfYLQNwwWfAcfLTS79FVW1uv7G3KsG1hT
#Eth :
0x1cf07c9a06…",1502614845329657860,2022-03-20 12:32:46+00:00,
43,1505522735186956299,"RT @CoinCornerDanny: #Bitcoin has now spent 6.15% of its life over $40,000",4156305555,2022-03-20 12:32:45+00:00,
44,1505522730925379588,"RT @AirdropStario: 💧 RPGC Airdrop 💧

🏆 Task:         ➕  $8 worth of RPGC for 2000 random participants each.

👨‍👩‍👧 Referral:  ➕  $40 worth…",843571730,2022-03-20 12:32:44+00:00,
45,1505522730120237056,"RT @AirdropStario: 💧 PeaSwap Finance Airdrop 💧

🏆 Task:          ➕ 10 PEA for 300 random participants each.

🔛 Airdrop Link &amp; Information:…",1475487884698390534,2022-03-20 12:32:44+00:00,
46,1505522729381892096,@WATCHMEBURNDOW1 @MaddyLoveSpare Move wealth into #bitcoin,1133601634649399296,2022-03-20 12:32:44+00:00,
47,1505522725397610496,"RT @scottmelker: #Bitcoin 

That’s it. That’s the tweet.",1387345457467170823,2022-03-20 12:32:43+00:00,
48,1505522723283476486,"RT @HicoDns: ""The USA will be one of the best places for bitcoiners and it starts with #Bitcoin  legal tender.” - US Senate candidate Bryan… https://t.co/GZT2RuKgXp follow @sanyamjain20897 #BUYNOW #NFTArt #BTC #ETH #Bitcoin #Etherum",1093411692195700737,2022-03-20 12:32:43+00:00,
49,1505522721786150917,"RT @binance: 💰 $10,000 giveaway 💰
 
Post your #BitcoinButton result to enter!
 
Rules:
🔸 Retweet this post
🔸 Follow @Binance
🔸 Play #Bitcoi…",1459507791329120262,2022-03-20 12:32:42+00:00,
