,id,text,author_id,created_at,geo
0,1505441759186149377,"RT @AirdropDet: 🔍 New #Airdrop: YupVerse

💲 Reward: Up to 10M YuP (~$5) + 2M YuP (~$1,000) referral pool

🔴 Start the airdrop bot https://t…",1477201208825692161,2022-03-20 07:10:59+00:00,
1,1505441758972362754,"RT @adam3us: the petrodollar arose from military asymmetric offense in the physical domain.
#bitcoin grows from the math of individual asym…",1449449051418734597,2022-03-20 07:10:59+00:00,
2,1505441758863564802,"RT @AirdropDet: 🔍 New #Airdrop: YupVerse

💲 Reward: Up to 10M YuP (~$5) + 2M YuP (~$1,000) referral pool

🔴 Start the airdrop bot https://t…",1434902812165476354,2022-03-20 07:10:59+00:00,
3,1505441758574157825,"RT @AirdropStario: 💧 SafeWallet Airdrop 💧

🏆 Task:        ➕ 175 SLT (~$3.5) for 1000 random participants

👨‍👩‍👧 Referral: ➕ 30,000 SLT (~$6…",1473915917633417220,2022-03-20 07:10:59+00:00,
4,1505441755705278466,"Weekly Wrap – Commodity Watch (20-Mar-2022)
To access the full report click here https://t.co/uONJ0w04c3

#Commodity #Gold #Silver #Bitcoin #IPEBrent #marmoreresearch #markazResearch https://t.co/x3fDIK3YKq",485555372,2022-03-20 07:10:58+00:00,
5,1505441755117850627,Probably Not Going to Happen on the #Bitcoin Network. – Latest Tweet by Bitcoin | LatestLY https://t.co/iWEnAsrAmj,1427674291747893258,2022-03-20 07:10:58+00:00,
6,1505441753213673472,"This amazing faucet from @_bitcoiner is making me tweet this to claim my free Lightning sats. ⚡

@boltcoiner unlock me 20ba7930-5a18-4bc4-8dfb-6b53820aa32e

#Bitcoin #BTC #LN #LightningNetwork #boltcoiner
https://t.co/duHr2Xho6A",20374692,2022-03-20 07:10:58+00:00,
7,1505441751775203332,RT @rovercrc: #BITCOIN IS STARTING TO PUMP AGAIN!!! 🚀,1635021590,2022-03-20 07:10:58+00:00,
8,1505441750881611778,"RT @ProjectsIco: #Bitcoin average monthly returns 

#Bitcoin #Crypto #cryptotrading",1247215702702002181,2022-03-20 07:10:57+00:00,
9,1505441748771823621,"RT @Revolotto: 🏏World's Dangerous Cricketer
Greatest Batsman of All-time in Cricket

🌎Universe Boss - Chris Gayle extending his support and…",1104085756736266240,2022-03-20 07:10:57+00:00,
10,1505441742543196163,Thanks for giving us such a great opportunity @KaushikGain12 @chiaotoken @BohTobias #cryptocurrency #Airdrop #BSC #Bitcoin #USDT #MetaMoba #MOBA #Airdropstario https://t.co/AQg99qcAU2,1434588820834451456,2022-03-20 07:10:55+00:00,
11,1505441728483905536,"RT @GiveawayInspect: New Giveaway: Retoken (USDT)
Total Reward: 2,000 USDT
Rate: ⭐️⭐️⭐️⭐️
Winners: 700 Random &amp; Top 50
Distribution: within…",1504090500441145349,2022-03-20 07:10:52+00:00,
12,1505441728236765188,"RT @AirdropStario: 💧 SafeWallet Airdrop 💧

🏆 Task:        ➕ 175 SLT (~$3.5) for 1000 random participants

👨‍👩‍👧 Referral: ➕ 30,000 SLT (~$6…",1488181082503942147,2022-03-20 07:10:52+00:00,
13,1505441726911377414,"RT @AirdropDet: 🔍 New #Airdrop: YupVerse

💲 Reward: Up to 10M YuP (~$5) + 2M YuP (~$1,000) referral pool

🔴 Start the airdrop bot https://t…",1501488590257549316,2022-03-20 07:10:52+00:00,
14,1505441722649788416,"RT @AirdropDet: 🔍 New #Airdrop: Elite Cash

🏆 Total Airdrop Pool: 140,000 ELC [~$49,000]

🔴 Start the airdrop bot https://t.co/geX2YRhj5n…",1479723264658358272,2022-03-20 07:10:51+00:00,
15,1505441718719635463,"RT @binance: 💰 $10,000 giveaway 💰
 
Post your #BitcoinButton result to enter!
 
Rules:
🔸 Retweet this post
🔸 Follow @Binance
🔸 Play #Bitcoi…",1457419904831873032,2022-03-20 07:10:50+00:00,
16,1505441718061121538,"RT @TheRealPlanC: In % terms, Supply Last Active 1+ Years Ago, only dropped 50% as much in Q1 2021, compared to the 2013 &amp; 2017 cycles. #Bi…",625903861,2022-03-20 07:10:49+00:00,
17,1505441715590557698,"#bitcoin Block #728166 : 1493613 bytes, 2829 transactions, 6.33524139BTC($265,818) reward
            
For more information, visit https://t.co/NpF1LSCJ7o",1456568726,2022-03-20 07:10:49+00:00,
18,1505441712147247104,"RT @AirdropDet: 🔍 New #Airdrop: YupVerse

💲 Reward: Up to 10M YuP (~$5) + 2M YuP (~$1,000) referral pool

🔴 Start the airdrop bot https://t…",1483660869011750914,2022-03-20 07:10:48+00:00,
19,1505441710163193857,"Peter Thiel Says His ‘Biggest Mistake of the Decade Was Getting Too Late and Too Little Into Bitcoin’ | Peter Thiel said that his “biggest mistake” during the last ten years “was g #bitcoin

https://t.co/S7Mnaqm4Pl",945293504963629058,2022-03-20 07:10:48+00:00,
20,1505441707055366146,"RT @AirdropStario: 💧 MedusaZone Airdrop 💧

🏆 Task:          ➕  Up to 30 AMEDU (~$36)

👨‍👩‍👧 Referral:   ➕  10 AMEDU (~$12)

🔛 Airdrop Link…",1503670673587113985,2022-03-20 07:10:47+00:00,
21,1505441703053828097,"RT @AirdropStario: 💧 SafeWallet Airdrop 💧

🏆 Task:        ➕ 175 SLT (~$3.5) for 1000 random participants

👨‍👩‍👧 Referral: ➕ 30,000 SLT (~$6…",1359531382549012481,2022-03-20 07:10:46+00:00,
22,1505441701422321666,"RT @newtokenmarket: At what level does #Bitcoin close the month?

#BTC #Bitcoin #Crypto #binance #Kucoin #Gateio #ETH #bnb #Coinbase",1370789248601833474,2022-03-20 07:10:46+00:00,
23,1505441697391693828,"RT @airdropinspect: New airdrop: UMAY Network (UMAY)
Total Reward: $30,000 worth of UMAY
Rate:⭐️⭐️⭐️⭐️
Winners: 1,500 Random
Distribution:…",954972510503817217,2022-03-20 07:10:45+00:00,
24,1505441697060179970,"RT @airdropinspect: New airdrop: Prizefighter (RING)
Total Reward: $5,000 worth of RING
Rate: ⭐️⭐️⭐️⭐️
Winners: 1,000 Random &amp; Top 100
Dist…",1307283246917406720,2022-03-20 07:10:44+00:00,
25,1505441686763499525,"RT @AirdropStario: 💧 SafeWallet Airdrop 💧

🏆 Task:        ➕ 175 SLT (~$3.5) for 1000 random participants

👨‍👩‍👧 Referral: ➕ 30,000 SLT (~$6…",1407576815997095940,2022-03-20 07:10:42+00:00,
26,1505441685681373185,"RT @AirdropDet: 🔍 New #Airdrop: YupVerse

💲 Reward: Up to 10M YuP (~$5) + 2M YuP (~$1,000) referral pool

🔴 Start the airdrop bot https://t…",1455274146548502528,2022-03-20 07:10:42+00:00,
27,1505441680505589760,"RT @Revolotto: 🏏World's Dangerous Cricketer
Greatest Batsman of All-time in Cricket

🌎Universe Boss - Chris Gayle extending his support and…",1310540977451331584,2022-03-20 07:10:41+00:00,
28,1505441677950914560,RT @Meta_UFO: #bitcoin and #MetaUFO have no inflation.,1505440954559336451,2022-03-20 07:10:40+00:00,
29,1505441676524883971,"RT @Meta_Gaming99: Meta Gaming  🎁
 Airdrop for everyone

Steps:
1️⃣Follow us Twitter @Meta_Gaming99 RT&amp;Tag 3 friends
2️⃣Join us TG group: h…",1380496653023473666,2022-03-20 07:10:40+00:00,
30,1505441674939408387,"RT @Meta_Gaming99: Meta Gaming  🎁
 Airdrop for everyone

Steps:
1️⃣Follow us Twitter @Meta_Gaming99 RT&amp;Tag 3 friends
2️⃣Join us TG group: h…",1481494030588723204,2022-03-20 07:10:39+00:00,
31,1505441672649670657,"#FlagNetwork #IDO #cryptocurrency #Bitcoin #NFTs
Awesome project https://t.co/q5zYNxfeek",2221404697,2022-03-20 07:10:39+00:00,
32,1505441672271912962,RT @Bitcoin: Probably not going to happen on the #Bitcoin network. https://t.co/57Dj7KthFV,2884709574,2022-03-20 07:10:39+00:00,
33,1505441670699003906,"RT @AirdropStario: 💧 Bluca NFT Airdrop 💧

🏆 Task:         ➕  400 BULC (~$2) for 8000 random participants

👨‍👩‍👧 Referral:  ➕  4000 BULC (~$…",1431560094878101504,2022-03-20 07:10:38+00:00,
34,1505441668463738880,"RT @AirdropDet: 🔍 New #Airdrop: Elite Cash

🏆 Total Airdrop Pool: 140,000 ELC [~$49,000]

🔴 Start the airdrop bot https://t.co/geX2YRhj5n…",1362667073835438081,2022-03-20 07:10:38+00:00,
35,1505441667473674245,"@sietseesteis ➡️ @CONNECTORCOIN ⬅️
Good Project 👌👌👌
#crypto #bitcoin 🎗🎗
#CONNECTORCOIN😎😎 
#ctco $bnb $bsc🧁🧁 
$ctco #bnb🎀🎀 
@Rocket__crypto🎊🎊
🎗 @Akon 🎗 https://t.co/8Sz9mfOyjT",1493635365160243207,2022-03-20 07:10:37+00:00,
36,1505441667234545669,"The latest #bitcoin block 728166 with 2829 transactions was just mined by Poolin
Total Fees:0.08524139
Block Subsidy:6.25
#Bitcoin #BTC #blockchain #analysis",1383145917356728320,2022-03-20 07:10:37+00:00,
37,1505441666471108610,"This is a really amazing project with an amazing team. I really like the community in this project. it took me so long and finally i can fund the gold.
#DeFi #TeleFy #DEX #cryptocurrency #Ethereum #BinanceSmartChain #Bitcoin #Airdrop #polkadot #MATIC #Polygon   #Cardano #ETH",1468854659636813824,2022-03-20 07:10:37+00:00,
38,1505441664210374657,XRP is getting ready to take off to the moon! #altcoin #bitcoin #binance #xrp #ripple https://t.co/1x5P6shsAU,1939421850,2022-03-20 07:10:37+00:00,
39,1505441663862587392,"#cryptocurrency #Airdrop #BSC #Bitcoin #USDT #BeeTradeFinance #BTF #Airdropstario 

Great project.

@SagorSe19308642 
@Mdsuel4 https://t.co/9GbEEynaqe",1286648605583925248,2022-03-20 07:10:37+00:00,
40,1505441663074058240,"RT @binance: Click a button, win a #Bitcoin.
 
Sound good? #BitcoinButton 
 
Go ➡️ https://t.co/OwsRxlzV3D https://t.co/mnATF6ZMJ8",230344680,2022-03-20 07:10:36+00:00,
41,1505441649962323971,"RT @AirdropStario: 💧 SafeWallet Airdrop 💧

🏆 Task:        ➕ 175 SLT (~$3.5) for 1000 random participants

👨‍👩‍👧 Referral: ➕ 30,000 SLT (~$6…",1381529170744774656,2022-03-20 07:10:33+00:00,
42,1505441649018621954,"RT @Revolotto: 🏏World's Dangerous Cricketer
Greatest Batsman of All-time in Cricket

🌎Universe Boss - Chris Gayle extending his support and…",799900596513873920,2022-03-20 07:10:33+00:00,
43,1505441648251387904,"RT @WatcherGuru: Top 10 Coins Mentioned on Twitter in the last 24h

1. #Bitcoin 344,177
2. #ApeCoin 200,055
3. #Ethereum 128,776
4. #Cake 8…",1430887196089720855,2022-03-20 07:10:33+00:00,
44,1505441645726420992,"RT @AirdropStario: 💧 SafeWallet Airdrop 💧

🏆 Task:        ➕ 175 SLT (~$3.5) for 1000 random participants

👨‍👩‍👧 Referral: ➕ 30,000 SLT (~$6…",1490178545716707328,2022-03-20 07:10:32+00:00,
45,1505441643922538497,"RT @airdropinspect: New airdrop: Prizefighter (RING)
Total Reward: $5,000 worth of RING
Rate: ⭐️⭐️⭐️⭐️
Winners: 1,000 Random &amp; Top 100
Dist…",1280238612475346944,2022-03-20 07:10:32+00:00,
46,1505441643088203781,"RT @airdropinspect: New airdrop: Angelic (ANGL)
Total Reward: 50,000 ANGL
Rate: ⭐️⭐️⭐️⭐️
Winners: 1,500 Random &amp; Top 50
Distribution: withi…",956818686446256128,2022-03-20 07:10:32+00:00,
