,id,text,author_id,created_at,geo
0,1505616158837379078,"RT @Bybit_Official: Dear #Bitcoin, _____________.",1468340862480691200,2022-03-20 18:43:59+00:00,
1,1505616156060950528,"RT @AirdropDet: 🔍 New #Airdrop: YupVerse

💲 Reward: Up to 10M YuP (~$5) + 2M YuP (~$1,000) referral pool

🔴 Start the airdrop bot https://t…",1474754543866945538,2022-03-20 18:43:59+00:00,
2,1505616155360309253,"RT @AirdropDet: 🔍 New #Airdrop: YupVerse

💲 Reward: Up to 10M YuP (~$5) + 2M YuP (~$1,000) referral pool

🔴 Start the airdrop bot https://t…",1467507699818676230,2022-03-20 18:43:59+00:00,
3,1505616154395619334,"Not easy out there, everyone looking for a means to find money😪

#bitcoin #Ukraine️ #TwentyFiveTwentyOne #TopBoyNetflix #NotMeSeriesFinalLIVE #cryptocurrency",1310966392015982594,2022-03-20 18:43:58+00:00,
4,1505616154383073282,"RT @AirdropStario: 💧 RPGC Airdrop 💧

🏆 Task:         ➕  $8 worth of RPGC for 2000 random participants each.

👨‍👩‍👧 Referral:  ➕  $40 worth…",1502000249312735242,2022-03-20 18:43:58+00:00,
5,1505616153372155908,#bitcoin and #ethereum designed to pump forever! https://t.co/GAd9Swb368,1366729068905975812,2022-03-20 18:43:58+00:00,
6,1505616152470249472,"RT @DomainFQ: .
Domain For Sale

https://t.co/1HPI7reH9Z

#Zumo #ZumoApp #bitcoin #btc #crypto #Apple #cryptocurrency #blockchain #100DaysO…",1364608288420024323,2022-03-20 18:43:58+00:00,
7,1505616152290107398,#Bitcoin #mbl #DeFi let's goo @AdebisiDavid20 @Airdrop_hunnter https://t.co/nwxbWQATtX,1475094685488234501,2022-03-20 18:43:58+00:00,
8,1505616149505056774,RT @rovercrc: #Bitcoin Bullish Retest! 🐻🔫 https://t.co/y5ZXV5ffz2,1277885963616702465,2022-03-20 18:43:57+00:00,
9,1505616149349810179,"RT @CatArmCoin: Friendly reminder.

#catarm #memecoin #dogecoin #BSC #bitcoin #binance https://t.co/HfwpSe5BSk",1339561576274259968,2022-03-20 18:43:57+00:00,
10,1505616146724429825,"RT @WatcherGuru: JUST IN: 🇸🇬 Singapore’s largest bank, DBS Bank CEO, Piyush Gupta, says central banks should regulate #Bitcoin &amp; #crypto.",1441325602217234434,2022-03-20 18:43:57+00:00,
11,1505616144668913673,"We just know #XRP will moon #crypto #binance #cryptocurrency #bitcoin #btc

https://t.co/6tVGarqAEH",1290041154252279808,2022-03-20 18:43:56+00:00,
12,1505616144455147525,"RT @mmkuyumcuoglu: #vitteeytoken
#BahrainGP 
#bitcoin 
#CoinGecko 
#coin 
vitteey token (vity) coinmarket listing soon 2022 token don't be…",1500764243951501312,2022-03-20 18:43:56+00:00,
13,1505616144098639876,"RT @AirdropStario: 💧 Bee-Trade Finance Airdrop 💧

📍 Audited by: CertiK

🏆 Task:          ➕  Up to 36 BTF (~$51,48)

👨‍👩‍👧 Referral:   ➕  5…",1497887312491040768,2022-03-20 18:43:56+00:00,
14,1505616144014757891,PayPal Co-Founder: The biggest mistake I made in the last decade was getting too late and too little into #Bitcoin https://t.co/kXJNpIi7d8,1430943827464949765,2022-03-20 18:43:56+00:00,
15,1505616142773395456,"RT @AirdropStario: 💧 Odds96 Airdrop 💧

🏆 Task:          ➕ $10 worth of Odds96 Tokens.

🔛 Airdrop Link &amp; Information: https://t.co/rBb5KjyM1…",1491016546189455360,2022-03-20 18:43:56+00:00,
16,1505616139845443584,"RT @MartiniGuyYT: BITCOIN CRASHING 🚨 HUGE TRADING OPPORTUNITY!! $1.5M LONG?!?!!

- #Bitcoin Analysis
- #Ethereum Analysis

💰 WATCH THIS VID…",1277885963616702465,2022-03-20 18:43:55+00:00,
17,1505616139073863693,That sunday night correction before futures open #bitcoin,1501597327534047235,2022-03-20 18:43:55+00:00,
18,1505616138872446976,https://t.co/yc9NFe71L1 #DeFi #TeleFy #DEX #cryptocurrency #Ethereum #BinanceSmartChain #Bitcoin #Airdrop #polkadot #MATIC #Polygon $TELE #Cardano #ETH https://t.co/7A070d3UPc,1218534606607208448,2022-03-20 18:43:55+00:00,
19,1505616131628810243,"RT @ExcelTrading1: I personally take all my #bitcoin trades that I post or that my @exceltradingbot posts on PrimeXBT.

If you are interest…",1373002968417529857,2022-03-20 18:43:53+00:00,
20,1505616131209367553,"We just know #XRP will moon #crypto #binance #cryptocurrency #bitcoin #btc

https://t.co/9Wgl2GEQzk",1482990001885532160,2022-03-20 18:43:53+00:00,
21,1505616125417365504,"@AirdropStario Great project which implemented professionally and has a clear development plan. Made by a very professional and experienced team. 

@ParamGoswami8
@ImranAhmed6677
@irew92772892 
@Amirhamza098
#cryptocurrency #Airdrop #BSC #Bitcoin #USDT #Odds96 #Airdropstario",1502588606640435200,2022-03-20 18:43:51+00:00,
22,1505616124532207622,"RT @BTCTN: ""As #gold marches its way above $10,000, #bitcoin will march its way to $1,000,000,"" the Bitmex co-founder said in his blog post…",1220902323746234368,2022-03-20 18:43:51+00:00,
23,1505616121759633413,"n Japan, #XRP is religion. I love it! All works! #eth #ethereum #binance #bitcoin btc #ripple #crypto #cryptocurrency

https://t.co/noetAkNQIi",1425752276992360450,2022-03-20 18:43:51+00:00,
24,1505616121394708485,"n Japan, #XRP is religion. I love it! All works! #eth #ethereum #binance #bitcoin btc #ripple #crypto #cryptocurrency

https://t.co/gmTLlcVH3r",1488802919935889413,2022-03-20 18:43:50+00:00,
25,1505616120723738636,"RT @intocryptoverse: Ah yes, the good ol’ dump going into the weekly #Bitcoin close",912631438490599424,2022-03-20 18:43:50+00:00,
26,1505616119779966983,"RT @AirdropStario: 💧 CryptoZerofi Airdrop 💧

🏆 Task:          ➕ 22,000 USDT » Total reward pool.

🔛 Airdrop Link &amp; Information: https://t.c…",1482667598303088642,2022-03-20 18:43:50+00:00,
27,1505616114310647816,"RT @CryptoBossBMA: 💵[14/03/2022]💵

LONG $LUNA +70,8% - 1400 usd PROFIT. 📈
Entry Price: 87,315 usd.
TP Price: 93,497 usd. 

DYOR $BTC $ETH $…",1363196537174700033,2022-03-20 18:43:49+00:00,
28,1505616107385802755,"We just know #XRP will moon #crypto #binance #cryptocurrency #bitcoin #btc

https://t.co/SPj0oRYrEP",1479537364150239234,2022-03-20 18:43:47+00:00,
29,1505616107373170688,RT @suryanshdsaxena: Still think #ETC is a dead chain ? #bitcoin #Crypto #Etherum @VitalikButerin,1505049213297577985,2022-03-20 18:43:47+00:00,
30,1505616104768516096,@TuurDemeester #Bitcoin will make so many millionaires in 2022.,60530776,2022-03-20 18:43:47+00:00,
31,1505616103531241480,RT @Excesscoins: INVEST WITH US TODAY AND ENSURE YOUR FUTURE !!!! #Excesscoins #Bitcoin #ElSalvador https://t.co/6g8YrJ3GTI,901543536386080769,2022-03-20 18:43:46+00:00,
32,1505616102524477445,"XRP is getting ready to take off to the moon! #altcoin #bitcoin #binance #xrp #ripple

https://t.co/XhXMgT3wgy",1470050811422064644,2022-03-20 18:43:46+00:00,
33,1505616098259054599,"RT @talkmada: @krakenfx $Marvin have got the best community! 
To pull up a #1000x 🔥💪

Check out on our roadmap :
➡️ https://t.co/BeOhxqYWUA…",1501215343460691968,2022-03-20 18:43:45+00:00,
34,1505616097545887744,"We just know #XRP will moon #crypto #binance #cryptocurrency #bitcoin #btc

https://t.co/HjMj5OiABJ",1224976693032411136,2022-03-20 18:43:45+00:00,
35,1505616095478120449,"RT @cryptotigers12: The pre-sale date is March 21🗓

You can still sign up to join the @escacrypto waitlist👇

🌐https://t.co/NKF7wS4aB7

#esc…",1503057771658240000,2022-03-20 18:43:44+00:00,
36,1505616095327428611,RT @Bhogle_4423: You can do Cloud Mining using this site https://t.co/gIQ48V9SpU                            #mining #trxmining #money #earn…,1492899285859729409,2022-03-20 18:43:44+00:00,
37,1505616095012696070,"RT @XYOPepe: Pepe will be giving away a total of 10,000 $xyo to 5 lucky winners (2,000 each) when it hits $0.03. 

Just retweet this to par…",1439025564,2022-03-20 18:43:44+00:00,
38,1505616093112508417,"RT @AirdropStario: 💧 Hero Arena Airdrop 💧

📍 Listed on: CoinMarketCap, PancakeSwap

🏆 Task: ➕  100 HERA (~$4) for 3000 random participants…",1446381435544244225,2022-03-20 18:43:44+00:00,
39,1505616089358733316,"@Ralvero @MetaPilote 🤔@Bobatama
The Gem of the year, Token of the future.🚀🚀
Check it out🚀
#BOBAMASK #BOBATAMA
#BOBATAMA1000x

@AuzsomeAustin @elonmusk @MattWallace888 @JakeGagain
@Yourpop8 @Z_humphries
#ETH #Bitcoin  #nftart #NFTartist
#Crypto $Boba
#1000xGem #LBANK

👉 https://t.co/rW4kKwV3S8🤔",1327235463682383872,2022-03-20 18:43:43+00:00,
40,1505616087987232776,"RT @Xstar_D: Can you see, Mars isn't faraway with $Marvin.

Join #Marvininu rocket and let's see Mars together

Website: https://t.co/JweNH…",1501215343460691968,2022-03-20 18:43:43+00:00,
41,1505616085416095747,"RT @RTRcrypto: $FEG is unlike any other!

@FEGtoken
@lifeisdefi
$ROX
#trading #Crypto #BTC    #ETH #Saitama #SHIB #BabyDogeCoin #BabyDoge #…",964993524738478080,2022-03-20 18:43:42+00:00,
42,1505616084312854531,Still think #ETC is a dead chain ? #bitcoin #Crypto #Etherum @VitalikButerin,1505049213297577985,2022-03-20 18:43:42+00:00,
43,1505616083448860672,"RT @ankurs629: Putting 100% of your money into a savings is not an investment;

it's the greatest definition of your insanity.

👉Golden Rul…",99709086,2022-03-20 18:43:41+00:00,
44,1505616082643521537,"XRP is getting ready to take off to the moon! #altcoin #bitcoin #binance #xrp #ripple

https://t.co/qpH9njLWIR",1437061822872539148,2022-03-20 18:43:41+00:00,
45,1505616080747835400,"RT @SC_Jabulani: Sunday #bitcoin price on the @yellowcard_app : 💹41k$🤑

The touchline: 😂 https://t.co/sT634QpohU",1472288651652521992,2022-03-20 18:43:41+00:00,
46,1505616080512901122,"RT @NightlordNFT: 🎁GIVEAWAY🎁

PRIZES:
🏆1X NFT 🏆
💵 40 $  💵

RULES:
-Follow @NightlordNFT and @nftbaronss .
-Retweet and like this post.

⏱️G…",1500826273152749574,2022-03-20 18:43:41+00:00,
47,1505616079569453060,You can do Cloud Mining using this site https://t.co/gIQ48V9SpU                            #mining #trxmining #money #earnmoney #register #bitcoin #ethereum #btc #eth #tronvex 5039,1492899285859729409,2022-03-20 18:43:41+00:00,
48,1505616077119758343,https://t.co/yc9NFe71L1 #DeFi #TeleFy #DEX #cryptocurrency #Ethereum #BinanceSmartChain #Bitcoin #Airdrop #polkadot #MATIC #Polygon $TELE #Cardano #ETH https://t.co/38qS0d6pwz,1218534606607208448,2022-03-20 18:43:40+00:00,
49,1505616074934571013,"RT @Fastcoin5: Your best choice, the future! 😉
Comes from CoinsFee!  

#CoinsFee #FastCoin #Bitcoin #FastCoinExpress #Faster #Fast #Easy #s…",887056675,2022-03-20 18:43:39+00:00,
