,id,text,author_id,created_at,geo
0,1505448804983754754,"RT @ramin_bahari: @ABiMH01 I will never ask you, to buy or sell, i’m just asking you, just never lose🔥🤩

""Suzume""

@BlueSparrowETH
@Bluespa…",1496392124270534656,2022-03-20 07:38:59+00:00,
1,1505448802634899458,"RT @AirdropStario: 💧 SafeWallet Airdrop 💧

🏆 Task:        ➕ 175 SLT (~$3.5) for 1000 random participants

👨‍👩‍👧 Referral: ➕ 30,000 SLT (~$6…",1494009792020594690,2022-03-20 07:38:59+00:00,
2,1505448794166603780,"RT @ramin_bahari: @ABiMH01 I will never ask you, to buy or sell, i’m just asking you, just never lose🔥🤩

""Suzume""

@BlueSparrowETH
@Bluespa…",1496392124270534656,2022-03-20 07:38:57+00:00,
3,1505448786285707264,"@stickytoffita Check out https://t.co/wKu2z78NJd 💜💜

#NFTs #NFTCommunity #NFTcollection #NFTartist #NFTartwork #Crypto #ETH #Bitcoin #NFTJapan #NFT #OpenSeaNFT
@LycaFoxPack https://t.co/CayA7cFVrB",813337736870445057,2022-03-20 07:38:55+00:00,
4,1505448783328464899,"RT @airdropinspect: New airdrop: Flamingo Casino
Total Reward: 200 NFTs &amp; $2500 pricing pool
Rate:⭐️⭐️⭐️⭐️
Winners: 220 Random
Distribution…",1495087494253133831,2022-03-20 07:38:54+00:00,
5,1505448783227899904,"RT @BTCfuel: #Bitcoin dominance is reversing 👊👊

This is VERY BULLISH for #Altcoins 🔥🔥 https://t.co/2AfoQOavcu",1393654047928995845,2022-03-20 07:38:54+00:00,
6,1505448781734727681,"crypto marketcap just hit 2 trillion again. hope it lasts this time. https://t.co/greTSz1iAl
#cryptonews #cryptocurrency #bitcoin #blockchain #btc #crypto #ethereum #ico #ltc #trading #currency #xrp #eth #cryptocurrencymarket",1486319322339364865,2022-03-20 07:38:54+00:00,
7,1505448779981463554,"9 years ago today, Hal Finney made one of his last ever posts: “Bitcoin and me (Hal Finney)”. It's a must read. https://t.co/Yml7fyBH8x
#cryptonews #cryptocurrency #bitcoin #blockchain #btc #crypto #ethereum #ico #ltc #trading #currency #xrp #eth #cryptocurrencymarket",1486319322339364865,2022-03-20 07:38:53+00:00,
8,1505448777917906945,"Following his Time Magazine front page, Vitalik Buterin got harassed by comments from cavemen. https://t.co/6NuFilE0ri
#cryptonews #cryptocurrency #bitcoin #blockchain #btc #crypto #ethereum #ico #ltc #trading #currency #xrp #eth #cryptocurrencymarket",1486319322339364865,2022-03-20 07:38:53+00:00,
9,1505448776785350660,Get IN now don't be LATE #xrp #binance #cryptocurrency #bitcoin https://t.co/521PKgb4aq,3401664911,2022-03-20 07:38:52+00:00,
10,1505448775304851459,"To the people saying ApeCoin does not only exist to make the founders rich... https://t.co/6PfQuNzWGm
#cryptonews #cryptocurrency #bitcoin #blockchain #btc #crypto #ethereum #ico #ltc #trading #currency #xrp #eth #cryptocurrencymarket",1486319322339364865,2022-03-20 07:38:52+00:00,
11,1505448774587494402,"RT @AirdropStario: 💧 SafeWallet Airdrop 💧

🏆 Task:        ➕ 175 SLT (~$3.5) for 1000 random participants

👨‍👩‍👧 Referral: ➕ 30,000 SLT (~$6…",1494577126376308736,2022-03-20 07:38:52+00:00,
12,1505448774155771904,"RT @airdropinspect: New airdrop: Prizefighter (RING)
Total Reward: $5,000 worth of RING
Rate: ⭐️⭐️⭐️⭐️
Winners: 1,000 Random &amp; Top 100
Dist…",1349356066966970371,2022-03-20 07:38:52+00:00,
13,1505448773991890944,"RT @AirdropDet: 🔍 New #Airdrop: Elite Cash

🏆 Total Airdrop Pool: 140,000 ELC [~$49,000]

🔴 Start the airdrop bot https://t.co/geX2YRhj5n…",1420632965374091264,2022-03-20 07:38:52+00:00,
14,1505448773211856896,"Elizabeth Warren’s crypto bill seems unlikely to pass: It’s broad language has drawn outcry from the industry https://t.co/qL105F7uYq
#cryptonews #cryptocurrency #bitcoin #blockchain #btc #crypto #ethereum #ico #ltc #trading #currency #xrp #eth #cryptocurrencymarket",1486319322339364865,2022-03-20 07:38:52+00:00,
15,1505448771920044034,XRP is getting ready to take off to the moon! #altcoin #bitcoin #binance #xrp #ripple https://t.co/wk89rkqe37,1479645494272049152,2022-03-20 07:38:51+00:00,
16,1505448771236380675,"Bitcoin Can Be The Foundation Of Human Rights: As it separates money from authorities. Cannot be steered, created, destroyed or controlled in anyone's favor. It is independent, antifragile, democratic and secure. https://t.co/GAyJsCRtbk
#cryptonews #cryptocurrency #bitcoin #blo…",1486319322339364865,2022-03-20 07:38:51+00:00,
17,1505448769994858497,@TheCryptoGifter FRA: AC00 WOW! 🚨🚨 This share will change your life now! IR coming to USA #crypto #bitcoin #btc #eth #ethereum #doge https://t.co/0soCJT8K6P,1457084698274971650,2022-03-20 07:38:51+00:00,
18,1505448768660983809,RT @cryptocoinclub: I’m going to give away $3000 to 1 random person who retweets this tweet AND follows Twitter Philanthropist @RealFlokiIn…,1411556114932580354,2022-03-20 07:38:50+00:00,
19,1505448768342265856,"An Appalachian town was told a bitcoin mine would bring an economic boom. It got noise pollution and an eyesore. https://t.co/dc4HHLU0h3
#cryptonews #cryptocurrency #bitcoin #blockchain #btc #crypto #ethereum #ico #ltc #trading #currency #xrp #eth #cryptocurrencymarket",1486319322339364865,2022-03-20 07:38:50+00:00,
20,1505448766215798784,"Do you ever watch Michael Saylor and get the sense he is sick of explaining himself despite being routinely proven right time and time again? https://t.co/18aXq2BFNz
#cryptonews #cryptocurrency #bitcoin #blockchain #btc #crypto #ethereum #ico #ltc #trading #currency #xrp #eth #…",1486319322339364865,2022-03-20 07:38:50+00:00,
21,1505448763942440963,"RT @BTCGandalf: This is how @bopinion sees the world. 

#Bitcoin fixes this. https://t.co/Qq2A7HxMMP",1439092279680045056,2022-03-20 07:38:49+00:00,
22,1505448763527155712,"Does anyone else have periods of time when they forget about crypto and periods of time when they're super excited about it? https://t.co/oA1bwuSARy
#cryptonews #cryptocurrency #bitcoin #blockchain #btc #crypto #ethereum #ico #ltc #trading #currency #xrp #eth #cryptocurrencymar…",1486319322339364865,2022-03-20 07:38:49+00:00,
23,1505448761346121734,"RT @binance: Click a button, win a #Bitcoin.
 
Sound good? #BitcoinButton 
 
Go ➡️ https://t.co/OwsRxlzV3D https://t.co/mnATF6ZMJ8",1339289894850605059,2022-03-20 07:38:49+00:00,
24,1505448761233133570,"RT @chitaglorya__: giveaway 200$ | 2,800,000 IDR

-- rt follow @flagnetwork_NFT 

-- rt &amp; quoted their pinned with   #FlagNetwork  #cryptoc…",1496043289459695616,2022-03-20 07:38:49+00:00,
25,1505448760477949952,"Peter Thiel Says His ‘Biggest Mistake of the Decade Was Getting Too Late and Too Little Into Bitcoin’ https://t.co/2jl3hCjstD
#cryptonews #cryptocurrency #bitcoin #blockchain #btc #crypto #ethereum #ico #ltc #trading #currency #xrp #eth #cryptocurrencymarket",1486319322339364865,2022-03-20 07:38:49+00:00,
26,1505448758766616577,RT @saylor: You do not sell your #bitcoin.  https://t.co/LJNgJeWxvR,949795300411105280,2022-03-20 07:38:48+00:00,
27,1505448757210624000,"Ethereum creator Vitalik Buterin slams Bored Ape NFT empire: ‘You have these $3 million monkeys and it becomes a different kind of gambling’ https://t.co/hPoStyDvOf
#cryptonews #cryptocurrency #bitcoin #blockchain #btc #crypto #ethereum #ico #ltc #trading #currency #xrp #eth #c…",1486319322339364865,2022-03-20 07:38:48+00:00,
28,1505448753754513416,"How Crypto Could Take U.S. Marijuana Business to Next Level https://t.co/aYD1P6ZfKF
#cryptonews #cryptocurrency #bitcoin #blockchain #btc #crypto #ethereum #ico #ltc #trading #currency #xrp #eth #cryptocurrencymarket",1486319322339364865,2022-03-20 07:38:47+00:00,
29,1505448751934103552,"RT @DocumentingBTC: Think you're ""too late"" to buy #bitcoin now? So did they. https://t.co/7Zf1AU0ngn",939229699892563968,2022-03-20 07:38:47+00:00,
30,1505448749946277888,"@DoctorPlaneta Check out https://t.co/wKu2z78NJd 💜💜

#NFTs #NFTCommunity #NFTcollection #NFTartist #NFTartwork #Crypto #ETH #Bitcoin #NFTJapan #NFT #OpenSeaNFT
@LycaFoxPack https://t.co/OxjjE9KXWK",813337736870445057,2022-03-20 07:38:46+00:00,
31,1505448749761536001,"Mass Adoption Will Drive Bitcoin Up 10x in Price by 2025, Says Pantera Capital CEO Dan Morehead | The Daily Hodl https://t.co/OAXMfDrYpx
#cryptonews #cryptocurrency #bitcoin #blockchain #btc #crypto #ethereum #ico #ltc #trading #currency #xrp #eth #cryptocurrencymarket",1486319322339364865,2022-03-20 07:38:46+00:00,
32,1505448748595490817,RT @MatthewHyland_: #Bitcoin Monthly RSI Falling Wedge 😯 https://t.co/Ee220HUQ96,949795300411105280,2022-03-20 07:38:46+00:00,
33,1505448747509112833,Get IN now don't be LATE #xrp #binance #cryptocurrency #bitcoin https://t.co/4SZeQqvFUS,1430317246677757956,2022-03-20 07:38:45+00:00,
34,1505448747089608705,"@PotatoCoinSPL with the opportunity to take part in this airdrop, I am very enthusiastic because this is an excellent project, let's take it to the moon
@Sewodan @RhinocerCoin @Hondamorin 
#Potato #Coinbase #binance  #Crypto #Bitcoin  #coins #Trending
#Giveway",1342511547394846721,2022-03-20 07:38:45+00:00,
35,1505448746657751040,"Law Suit Filed Against Coinbase For Allegedly Selling 79 Unregistered Securities https://t.co/TbwW3Bqmio
#cryptonews #cryptocurrency #bitcoin #blockchain #btc #crypto #ethereum #ico #ltc #trading #currency #xrp #eth #cryptocurrencymarket",1486319322339364865,2022-03-20 07:38:45+00:00,
36,1505448744807976961,The strongest bullish signal flashed for #XRP #bitcoin #btc #ethereum #eth https://t.co/HzxvqDyMqf,1374673277092696065,2022-03-20 07:38:45+00:00,
37,1505448742652375044,"I made something lol. To commemorate the possible future Rug of APEcoins. I present APErugs. Yes this is a meme NFT, no I dont expect these to sell haha https://t.co/DVH5sfKxQy
#cryptonews #cryptocurrency #bitcoin #blockchain #btc #crypto #ethereum #ico #ltc #trading #currency …",1486319322339364865,2022-03-20 07:38:44+00:00,
38,1505448742497005568,RT @frhad16130305: @ABiMH01 How amazing can it be?  #Bluesparrow Native Token for Centralized Exchange with focus on both the stock &amp; crypt…,1496392124270534656,2022-03-20 07:38:44+00:00,
39,1505448740194160645,"RT @AmaCity_News: #Bitcoin will hit $100k this year!

I am convinced 🚀💰",1385384904901365763,2022-03-20 07:38:44+00:00,
40,1505448736620969987,"RT @airdropinspect: New airdrop: Angelic (ANGL)
Total Reward: 50,000 ANGL
Rate: ⭐️⭐️⭐️⭐️
Winners: 1,500 Random &amp; Top 50
Distribution: withi…",1122013170,2022-03-20 07:38:43+00:00,
41,1505448734964224004,"RT @Revolotto: 🏏World's Dangerous Cricketer
Greatest Batsman of All-time in Cricket

🌎Universe Boss - Chris Gayle extending his support and…",1158956303219187712,2022-03-20 07:38:42+00:00,
42,1505448734015983617,"RT @PotatoCoinSPL: 25B Potato giveaway

Potato will surprise you all with what we are about to announce.

Like, Retweet and Tag 3 friends t…",1480267871808671747,2022-03-20 07:38:42+00:00,
43,1505448730170105864,"RT @PotatoCoinSPL: 25B Potato giveaway

Potato will surprise you all with what we are about to announce.

Like, Retweet and Tag 3 friends t…",1439229248737218564,2022-03-20 07:38:41+00:00,
44,1505448723534417920,"RT @AirdropDet: 🔍 New #Airdrop: Elite Cash

🏆 Total Airdrop Pool: 140,000 ELC [~$49,000]

🔴 Start the airdrop bot https://t.co/geX2YRhj5n…",1499389989393944582,2022-03-20 07:38:40+00:00,
45,1505448722913705988,"RT @NeilJacobs: Tell me you don’t understand bitcoin (and laser eyes) without telling me you don’t understand #bitcoin…
🤦‍♂️ https://t.co/l…",1489752553378263043,2022-03-20 07:38:40+00:00,
46,1505448722167377924,"RT @airdropinspect: New airdrop: Fracproperty X PriMetaProp(FRAC)
Total Reward: $10,000 worth of FRAC 
Rate: ⭐️⭐️⭐️⭐️
Winners: 2000 Random…",1448980011868774401,2022-03-20 07:38:39+00:00,
47,1505448720992653315,"XRP is getting ready to take off to the moon! #altcoin #bitcoin #binance #xrp #ripple

https://t.co/nRxqtiI26s",1198140605282406401,2022-03-20 07:38:39+00:00,
48,1505448718933237765,"RT @AirdropDet: 🔍 New #Airdrop: YupVerse

💲 Reward: Up to 10M YuP (~$5) + 2M YuP (~$1,000) referral pool

🔴 Start the airdrop bot https://t…",1492146904280416256,2022-03-20 07:38:39+00:00,
49,1505448718891614209,"RT @Revolotto: 🏏World's Dangerous Cricketer
Greatest Batsman of All-time in Cricket

🌎Universe Boss - Chris Gayle extending his support and…",1491367806905974784,2022-03-20 07:38:39+00:00,
