,id,text,author_id,created_at,geo
0,1505619682337779713,"RT @AirdropStario: 💧 REF Token Airdrop 💧

🏆 Task:          ➕  600 Million REF for 5000 random participants

👨‍👩‍👧 Referral:   ➕  1 Billion…",1453218537993129988,2022-03-20 18:57:59+00:00,
1,1505619681008226305,"RT @Marii6771: Make money!Prosecute scammers!All at the same time
Make passive income in BNB rewards for holding $SPY
Your rewards accumula…",1438149098226454529,2022-03-20 18:57:59+00:00,
2,1505619680849199104,"FunFact :
India has the highest number of crypto owners in the world at 10.07 crore.
 #cryptocurrencies #CryptoNews #reducecryptotax #india #fintech #bitcoin #Ethereum #NFT",1040845536281198593,2022-03-20 18:57:59+00:00,
3,1505619680664465409,"XRP is getting ready to take off to the moon! #altcoin #bitcoin #binance #xrp #ripple

https://t.co/LVCWAzE0Gl",1481645822282702856,2022-03-20 18:57:59+00:00,
4,1505619680253333511,"In #bitcoin I trust 🕊

To h£ll with retarded financial institutions policy, #cryptocurrency is the truf.",775514060146155520,2022-03-20 18:57:59+00:00,
5,1505619679557332994,"RT @AirdropDet: 🔍 New #Airdrop: YupVerse

💲 Reward: Up to 10M YuP (~$5) + 2M YuP (~$1,000) referral pool

🔴 Start the airdrop bot https://t…",1459185424006410244,2022-03-20 18:57:59+00:00,
6,1505619677828984835,"RT @Marii6771: Make money!Prosecute scammers!All at the same time
Make passive income in BNB rewards for holding $SPY
Your rewards accumula…",1438149098226454529,2022-03-20 18:57:58+00:00,
7,1505619677489545216,"RT @p2ePrizeFighter: Who will be the next challenger?
(Screenshot from Actual Gameplay)

#nft #nftart #art #digitalart #nfts #nftartist #cr…",1502189840536051712,2022-03-20 18:57:58+00:00,
8,1505619676721782784,"Giving away my NFTs 
1 winner 🏆  -  60 minutes ⌛

To win:                      
1. Follow Me✅
2. Like and Retweet  ✅
3. Drop your wallet address

 #NFTcollection #Giveaways #NFTGiveaways #opensea #NFTCommunity #Airdrop #ad #Bitcoin #Binance https://t.co/GrbdlDwR7b https://t.co/RwODEdCw9O",1239939772090593280,2022-03-20 18:57:58+00:00,
9,1505619675887063040,"@Your_NLP_Coach @Bobatama
The Gem of the year, Token of the future.🚀🚀
Check it out🚀
#BOBAMASK #BOBATAMA
#BOBATAMA1000x

@AuzsomeAustin @elonmusk @MattWallace888 @JakeGagain
@Yourpop8 @Z_humphries
#ETH #Bitcoin  #nftart #NFTartist
#Crypto $Boba
#1000xGem #LBANK

👉 https://t.co/rW4kKwV3S8😮😮",1327235463682383872,2022-03-20 18:57:58+00:00,
10,1505619674901643265,"@TelefyConnect This project deserves attention. Idea, team competence, achieved results, partnership. All this indicates that this project has a great future #Defi #TeleFy #DEX  #Bitcoin #Airdrop #polkadot  #Polygon #STELE   https://t.co/5sLMCGusC1",1486282792866816009,2022-03-20 18:57:58+00:00,
11,1505619672955523072,"RT @GiveawayInspect: New Giveaway: OverDose
Total Reward: $600 USDT
Winners: 200 Random &amp; Top 20
Distribution: within a week after the Give…",1502380958288277505,2022-03-20 18:57:57+00:00,
12,1505619670476685312,"See more ,please follow the link
https://t.co/MrqghmnnsJ
#promotion. #Cryptocurrency #Bitcoin #cryptonews #BSC #BNB #ElClásico #ToCuppyThisTune #ElClásico #Wizkid #WizkidFCHL #Madeinlagos #Davido #30BG #BeneathTheStarsWithAdaGoldXLushHair #BTSWAGXLush #BeneathTheStars #BTSWAG https://t.co/TSpClk1QLF",1494900488898478087,2022-03-20 18:57:57+00:00,
13,1505619665770455043,"RT @Fastcoin5: Did you know!? 😃✋🏾

IF YOU SHARE COINSFEE ICO WITH FRIENDS; 

🔥YOU WILL GET PAID 20% IN FEE TOKEN OR
🔥10% IN BNB PAID WITHIN…",1499836925246640135,2022-03-20 18:57:56+00:00,
14,1505619664973533184,"RT @AirdropStario: 💧 Odds96 Airdrop 💧

🏆 Task:          ➕ $10 worth of Odds96 Tokens.

🔛 Airdrop Link &amp; Information: https://t.co/rBb5KjyM1…",1501817346293481473,2022-03-20 18:57:55+00:00,
15,1505619664315076609,"RT @AirdropStario: 💧 Odds96 Airdrop 💧

🏆 Task:          ➕ $10 worth of Odds96 Tokens.

🔛 Airdrop Link &amp; Information: https://t.co/rBb5KjyM1…",1359411117974503424,2022-03-20 18:57:55+00:00,
16,1505619662440046592,"RT @Marii6771: Make money! Prosecute scammers! All at the same time 
Make passive income in BNB rewards for holding $SPY!
Your rewards accu…",1438149098226454529,2022-03-20 18:57:55+00:00,
17,1505619659512418305,"XRP is getting ready to take off to the moon! #altcoin #bitcoin #binance #xrp #ripple

https://t.co/Lb8oRTe2E3",1494286988995923968,2022-03-20 18:57:54+00:00,
18,1505619658342223872,"@AirdropDet Excellent project,best project in the airdrop history.Outstanding project,  i thik it is one of the best project in the world,

@Snahashish317
@Sudito20 
@Sourov2222
@laxmidebi6662 
@Darkzihad99

#Airdrops #EliteCash #Bitcoin #AirdropDetective #cryptocurrecy",1467036726065393672,2022-03-20 18:57:54+00:00,
19,1505619657319120898,"@flagnetwork_NFT #FlagNetwork #IDO #cryptocurrency #Bitcoin #NFTs 

Strong community, Strong project, Flag Network To the moon 🚀🚀
@Simakhan1983

@RiyakatK786

 @SKSOJEEB55",1420388415678205952,2022-03-20 18:57:54+00:00,
20,1505619657314680839,"@ODELL So, reformulating, for me, it will be:
Girls, land and #Bitcoin. Possibly also a dog, and wine, of course. 🚀",1183528763558117377,2022-03-20 18:57:54+00:00,
21,1505619657205895171,"RT @PakistanKucoin: Retweet if you believe #Bitcoin  will hit $100k in 2022 ♻️🚀

#KuCoin #kucoincom #kucoinpakistan #Crypto",920965885677809664,2022-03-20 18:57:53+00:00,
22,1505619657138470913,"RT @Marii6771: Make money! Prosecute scammers! All at the same time 
Make passive income in BNB rewards for holding $SPY!
Your rewards accu…",1438149098226454529,2022-03-20 18:57:53+00:00,
23,1505619653028065280,"We just know #XRP will moon #crypto #binance #cryptocurrency #bitcoin #btc

https://t.co/3nr6QZm5c4",1446885021307097090,2022-03-20 18:57:52+00:00,
24,1505619650050400257,"RT @GiveawayInspect: New Giveaway: Retoken (USDT)
Total Reward: 2,000 USDT
Rate: ⭐️⭐️⭐️⭐️
Winners: 700 Random &amp; Top 50
Distribution: within…",1502380958288277505,2022-03-20 18:57:52+00:00,
25,1505619649941028867,"RT @airdropinspect: New airdrop: Prizefighter (RING)
Total Reward: $5,000 worth of RING
Rate: ⭐️⭐️⭐️⭐️
Winners: 1,000 Random &amp; Top 100
Dist…",1450827228283953163,2022-03-20 18:57:52+00:00,
26,1505619648905039872,RT @Meta_UFO: #bitcoin and #MetaUFO have no inflation.,1494694062305075200,2022-03-20 18:57:52+00:00,
27,1505619642634711046,"We just know #XRP will moon #crypto #binance #cryptocurrency #bitcoin #btc

https://t.co/Qpg1JvZcPp",1012947348060659712,2022-03-20 18:57:50+00:00,
28,1505619640017633280,"RT @GiveawayInspect: New Giveaway: Retoken (USDT)
Total Reward: 2,000 USDT
Rate: ⭐️⭐️⭐️⭐️
Winners: 700 Random &amp; Top 50
Distribution: within…",1485479543125479425,2022-03-20 18:57:49+00:00,
29,1505619639044173826,"RT @Marii6771: Make money! Prosecute scammers! All at the same time 
Make passive income in BNB rewards for holding $SPY!
Your rewards accu…",1438149098226454529,2022-03-20 18:57:49+00:00,
30,1505619636833955842,"RT @BTCGandalf: This is how @bopinion sees the world. 

#Bitcoin fixes this. https://t.co/Qq2A7HxMMP",1424039872206196742,2022-03-20 18:57:49+00:00,
31,1505619636066594816,RT @Muataz_Hadia: When we say $FEG will be the King of DEFI and google suite for crypto we mean it. What’s coming it is mind blowing. Sit b…,1400105800803225609,2022-03-20 18:57:48+00:00,
32,1505619635709767682,"RT @Marii6771: Make money! Prosecute scammers! All at the same time 
Make passive income in BNB rewards for holding $SPY!
Your rewards accu…",1438149098226454529,2022-03-20 18:57:48+00:00,
33,1505619634770354176,RT @Meta_UFO: #bitcoin and #MetaUFO have no inflation.,867501010251522049,2022-03-20 18:57:48+00:00,
34,1505619634074046478,"RT @BitcoinMagazine: 💥 In 17 days, the biggest #Bitcoin  conference in history kicks off in Miami 👀",1436348478595162117,2022-03-20 18:57:48+00:00,
35,1505619633054916611,"RT @ilseccoz: Probably porn.

@giacomozucco is on fire. 🔥

#bitcoin 

https://t.co/NfytxW1S9o",1359483955695681538,2022-03-20 18:57:48+00:00,
36,1505619632069226496,"XRP is getting ready to take off to the moon! #altcoin #bitcoin #binance #xrp #ripple

https://t.co/etXm25INFH",1340127861609541634,2022-03-20 18:57:48+00:00,
37,1505619631695962115,"RT @XYOPepe: Pepe will be giving away a total of 10,000 $xyo to 5 lucky winners (2,000 each) when it hits $0.03. 

Just retweet this to par…",267035548,2022-03-20 18:57:47+00:00,
38,1505619631133839368,"RT @MMCrypto: Short Term #Bitcoin Hodl’ers (new money) holds the most among bull market tops.

Long Term #Bitcoin Hodl’ers (smart money) ho…",1492806808263696386,2022-03-20 18:57:47+00:00,
39,1505619630509146114,"RT @airdropinspect: New airdrop: Ubiquity DAO (USDT)
Total Reward: 2,500 USDT
Rate: ⭐️⭐️⭐️⭐️
Winners: 1,000 Random &amp; Top 100
Distribution:…",1446373819292086277,2022-03-20 18:57:47+00:00,
40,1505619630181732355,RT @TaikunGlobal: TAIKUN TESLA airdrop now Launched.  Participate and claim free 5TKT Tokens. Click on the link to join https://t.co/YAe3VJ…,1458397961428295682,2022-03-20 18:57:47+00:00,
41,1505619629242150915,"RT @Marii6771: Make money!Prosecute scammers!All at the same time
Make passive income in BNB rewards for holding $SPY
Your rewards accumula…",1438149098226454529,2022-03-20 18:57:47+00:00,
42,1505619628260790278,"RT @SC_Jabulani: Sunday #bitcoin price on the @yellowcard_app : 💹41k$🤑

The touchline: 😂 https://t.co/sT634QpohU",179910630,2022-03-20 18:57:47+00:00,
43,1505619626826248194,"RT @airdropinspect: New airdrop: Crypto Klash (KLH)
Total Reward: 500,000 KLH
Rate: ⭐️⭐️⭐️⭐️
Winners: 1,000 Random &amp; Top 100
Distribution:…",1365445608593494019,2022-03-20 18:57:46+00:00,
44,1505619624423010306,FlagNetwork #IDO #cryptocurrency #Bitcoin #NFTs https://t.co/3npKENW9cW,1500149396318699532,2022-03-20 18:57:46+00:00,
45,1505619620409053185,"RT @airdropinspect: New airdrop: Flamingo Casino
Total Reward: 200 NFTs &amp; $2500 pricing pool
Rate:⭐️⭐️⭐️⭐️
Winners: 220 Random
Distribution…",1503375100468412418,2022-03-20 18:57:45+00:00,
46,1505619620400705537,You can do Cloud Mining using this site https://t.co/Zso36yKa0i                            #mining #trxmining #money #earnmoney #register #bitcoin #ethereum #btc #eth #tronvex 9133,391688417,2022-03-20 18:57:45+00:00,
47,1505619619104624643,"RT @nanogamesio: https://t.co/BFlBOcNqjw is giving away $100 in #Litecoin to one random winner!

✅Like &amp; Follow
✅Post your Wallet Address
✅…",1264585543549157379,2022-03-20 18:57:44+00:00,
48,1505619616713916423,"n Japan, #XRP is religion. I love it! All works! #eth #ethereum #binance #bitcoin btc #ripple #crypto #cryptocurrency

https://t.co/Xlb23nxA50",1320507735667081216,2022-03-20 18:57:44+00:00,
49,1505619609273397249,"RT @Revolotto: 🌟Congratulation! 
Another Milestone Achieved!

💎31K TWITTER FOLLOWERS💎

Revolotto Team saying thanks to our most valuable an…",1358843184936345602,2022-03-20 18:57:42+00:00,
