,id,text,author_id,created_at,geo
0,1505429675950018561,XRP is getting ready to take off to the moon! #altcoin #bitcoin #binance #xrp #ripple https://t.co/B8GrMcEbea,1402681916180951041,2022-03-20 06:22:58+00:00,
1,1505429675149037570,Get IN now don't be LATE #xrp #binance #cryptocurrency #bitcoin https://t.co/9syJTXGv89,1189132525274312705,2022-03-20 06:22:58+00:00,
2,1505429674062934017,"Start your crypto journey on ASEAN's fastest-growing trading platform.
https://t.co/04I5oCW3d2
#bitazza #crypto #bitcoin #DigitalMoney #makemoney #bonus #blockchain #intelligent_lifestyle",1149562715767095296,2022-03-20 06:22:58+00:00,
3,1505429673303412738,"RT @p2ePrizeFighter: Update on Staking System!!

All systems are ready!!

More details of the staking mechanics will be revealed on Medium…",1455531561177264279,2022-03-20 06:22:58+00:00,
4,1505429672678592513,"This amazing faucet from @_bitcoiner is making me tweet this to claim my free Lightning sats. ⚡

@boltcoiner unlock me 6d5af233-c7af-4f01-9bfc-271d2b50e8f4

#Bitcoin #BTC #LN #LightningNetwork #boltcoiner
https://t.co/ucfpF3uHFI",1171251243785818118,2022-03-20 06:22:58+00:00,
5,1505429672502325250,Get IN now don't be LATE #xrp #binance #cryptocurrency #bitcoin https://t.co/rMImESsEuI,1391364125557731330,2022-03-20 06:22:58+00:00,
6,1505429671327854592,RT @CoinbaseInsto: #bitcoin futures basis finding support at 10% annualised https://t.co/zlVda1p8v8,223650343,2022-03-20 06:22:57+00:00,
7,1505429669381693440,"Cool
@zeroxx2048
@Natalya54782716
@Shauna84084372 
#IDO #Airdrop #Whitelist #NFT #P2P #FlagNetwork #IDO #cryptocurrency #Bitcoin #NFTs https://t.co/KaG8gdQeNg",915301111090647040,2022-03-20 06:22:57+00:00,
8,1505429664453455880,"XRP is getting ready to take off to the moon! #altcoin #bitcoin #binance #xrp #ripple

https://t.co/QLSHwfQf6Z",632959509,2022-03-20 06:22:56+00:00,
9,1505429661203025923,"@SharksCoins After a while, you learn to ignore other coins 
and just trust @BlueSparrowETH
@BlueSparrowETH
@BluesparrowC
#BluesparrowCEX
#ETH
#BlueSparrow
#BlueSparrowtoken
#BlueSparrowCommunity
#bitcoin
#BestDrawToken
#Bluesparrowcharity
#Web3
#NFT
Nmue https://t.co/eTANnMBDQQ",1446383258355314729,2022-03-20 06:22:55+00:00,
10,1505429660548669442,"RT @airdropinspect: New airdrop: UMAY Network (UMAY)
Total Reward: $30,000 worth of UMAY
Rate:⭐️⭐️⭐️⭐️
Winners: 1,500 Random
Distribution:…",1453255480634220550,2022-03-20 06:22:55+00:00,
11,1505429659559038978,"RT @nanogamesio: https://t.co/BFlBOcNqjw is giving away $100 in #Litecoin to one random winner!

✅Like &amp; Follow
✅Post your Wallet Address
✅…",1487507984016355330,2022-03-20 06:22:55+00:00,
12,1505429659533688834,RT @w_s_bitcoin: #Bitcoin's absolute scarcity is such a profound discovery. https://t.co/xGdlyQZGkD,1466389177503821828,2022-03-20 06:22:55+00:00,
13,1505429659336458241,"RT @Jamez_Sarah: If I can only support one special project, I will only support @BabyDogeCoin 
Is a legit project with great community. Tha…",839534666,2022-03-20 06:22:54+00:00,
14,1505429658132783105,"UP  
 - MANA/USDT
 Price:2.47900 
 Bollinger Bands ALERTS FifteenMinutes 
 Bollinger Bands Calculation: 101.10158
 #BTC #BCHSVBTC #Bitcoin #RSİ #Bollinger -It is not investment advice. You can visit our profile for your own alarms. YTD. 9:22:41 AM",1500139829371232259,2022-03-20 06:22:54+00:00,
15,1505429652071985153,The strongest bullish signal flashed for #XRP #bitcoin #btc #ethereum #eth https://t.co/5b8hmwmHyU,1288507114671857665,2022-03-20 06:22:53+00:00,
16,1505429649173762050,"RT @airdropinspect: New airdrop: Retoken (USDT)
Total Reward: 2,000 USDT
Rate: ⭐️⭐️⭐️⭐️
Winners: 700 Random &amp; Top 50
Distribution: within a…",1453255480634220550,2022-03-20 06:22:52+00:00,
17,1505429645528903685,"RT @5millionM: With the weekly RSI crossing above the SMA, we should expect weeks of upside. 👀 on tomorrow's close.

Odds are stacked again…",1341719274,2022-03-20 06:22:51+00:00,
18,1505429644882763782,@TheCryptoLark Investing while helping is our main goal. @medi_token #MediToken #Earn2Give #Crypto #NFT #nfts #AMA #HODL #Play2Earn #Earn2Give #ERC20 #Play2Earn #ETH #x100Gems #x1000GEM #bitcoin #cryptonews $Medi #MediFam #MediArmy  #LLC #Lowcapgem #NFTCOMMUNITY https://t.co/Mq0ZCqQHl9,1505092965030457344,2022-03-20 06:22:51+00:00,
19,1505429644773785600,"RT @cryptoscoines: do kwon: announces plans to acquire $3 billion dollars worth of #bitcoin in the immediate term

bitcoin magazine: 🦗🦗🦗",1494984675080634369,2022-03-20 06:22:51+00:00,
20,1505429644752871424,"RT @LunarCrush: Top 10 coins by social volume today

$btc #bitcoin
$ape #apecoin
$eth #ethereum
$xrp #xrp
$cake #pancakeswap
$xtz #tezos
$d…",1299040460372049924,2022-03-20 06:22:51+00:00,
21,1505429642513367046,"RT @AirdropStario: 💧 Bee-Trade Finance Airdrop 💧

📍 Audited by: CertiK

🏆 Task:          ➕  Up to 36 BTF (~$51,48)

👨‍👩‍👧 Referral:   ➕  5…",1283952227799822338,2022-03-20 06:22:50+00:00,
22,1505429639749324803,"This is excellent project for the future with strong team a transparent planned and project roadmap it will be successful.
#DeFi #TeleFy #DEX cryptocurrency #Ethereum #BinanceSmartChain #Bitcoin #Airdrop #polkadot #MATIC #Polygon $TELE #Cardano

Telegram: https://t.co/H1l6dFjmyx",1218753881833795584,2022-03-20 06:22:50+00:00,
23,1505429639295954947,"RT @unusual_whales: Last month, someone set up a #bitcoin wallet for the first time.

Then, without testing it even and as the first transa…",1242863664899620864,2022-03-20 06:22:50+00:00,
24,1505429638238986240,"The Internet, Crypto, Bitcoin, and Now NFT's...The Next BIG Thing!

 why not learn from the experts that already made money from flipping NFTs and that are already in the NFT space.

Download Now : https://t.co/HVCGa1XXju

#USA #NFT #Crypto #BITCOIN #nftcollector https://t.co/qVNsxOi3Az",1501431007526154241,2022-03-20 06:22:49+00:00,
25,1505429636813053957,RT @romoolo: Which Country will hold the most #Bitcoin by 2023? 🤔,911253389492785152,2022-03-20 06:22:49+00:00,
26,1505429635873476609,The strongest bullish signal flashed for #XRP #bitcoin #btc #ethereum #eth https://t.co/6h85PeIhWT,1415458707627024384,2022-03-20 06:22:49+00:00,
27,1505429635760226305,"RT @p2ePrizeFighter: Update on Staking System!!

All systems are ready!!

More details of the staking mechanics will be revealed on Medium…",1503186640251981824,2022-03-20 06:22:49+00:00,
28,1505429633646272515,"#bitcoin Block #728162 : 1488294 bytes, 1078 transactions, 6.2749765BTC($263,452) reward
            
For more information, visit https://t.co/vP06l8EKA3",1456568726,2022-03-20 06:22:48+00:00,
29,1505429632509689858,@nanogamesio WOWW!! 🚨🚨 The chance of a lifetime with this share. This time you are in very early and a huge prize awaits.A BEAST AWAKES!! #crypto #ethereum #bitcoin #btc #eth #crypto https://t.co/z6Z9WUfJrL,1457079152155181063,2022-03-20 06:22:48+00:00,
30,1505429630659964931,"RT @ICOAnnouncement: 🎙 New Project

🔷 IotexPad (TEX)

🔶 IotexPad aims to be the first decentralized IDO platform based on the Iotex chain.…",1494601524172886017,2022-03-20 06:22:48+00:00,
31,1505429630253117441,"RT @AirdropDet: 🔍 New #Airdrop: Elite Cash

🏆 Total Airdrop Pool: 140,000 ELC [~$49,000]

🔴 Start the airdrop bot https://t.co/geX2YRhj5n…",1495350732463218696,2022-03-20 06:22:48+00:00,
32,1505429627967209473,"RT @AirdropDet: 🔍 New #Airdrop: YupVerse

💲 Reward: Up to 10M YuP (~$5) + 2M YuP (~$1,000) referral pool

🔴 Start the airdrop bot https://t…",404150154,2022-03-20 06:22:47+00:00,
33,1505429627862503426,RT @BitcoinCafe2021: Inflation is a stealth theft! Coffee prices are up 74% ☕️#bitcoin fixes this ⚡️ https://t.co/ZcYBKDSDHl,1396467929248636931,2022-03-20 06:22:47+00:00,
34,1505429625077628928,"RT @CarfuelFinance: 50.000.000CFU Airdrop is now started

Everyone who participates and completes the tasks fully and correctly and also su…",1457263922520625157,2022-03-20 06:22:46+00:00,
35,1505429621956923394,"RT @airdropinspect: New airdrop: Prizefighter (RING)
Total Reward: $5,000 worth of RING
Rate: ⭐️⭐️⭐️⭐️
Winners: 1,000 Random &amp; Top 100
Dist…",1453255480634220550,2022-03-20 06:22:46+00:00,
36,1505429620270804993,"@SharksCoins After a while, you learn to ignore other coins 
and just trust @BlueSparrowETH
@BlueSparrowETH
@BluesparrowC
#BluesparrowCEX
#ETH
#BlueSparrow
#BlueSparrowtoken
#BlueSparrowCommunity
#bitcoin
#BestDrawToken
#Bluesparrowcharity
#Web3
#NFT
Biu3",1446383258355314729,2022-03-20 06:22:45+00:00,
37,1505429620144979971,"@NenaIrena1 @BAYCbsc Just launched Billionaire APE Yacht Club! https://t.co/XEuTvPO3xN @BAYCbsc  to the moon!!! 

Diamond 💎  community built by the community!!! #ALTSEASON #Crypto #cryptocurrecy #bnb #1000xgem #1000x #ElonaMusk #Bitcoin #blockchain #NFTs #NFTCommunity #DiamondHands #community #Hodl https://t.co/7dLRjvmzs3",1472427003559170049,2022-03-20 06:22:45+00:00,
38,1505429619909935108,RT @saylor: You do not sell your #bitcoin.  https://t.co/LJNgJeWxvR,1463753400718225412,2022-03-20 06:22:45+00:00,
39,1505429615992799234,"@AirdropDet I wish this project success sir, and they become one of the best cryptos, I am enthusiastic to participate in this and also support it.
🚀🚀  🚀🚀 
@joydhar
@zahangireee
@MdAlami98429451#Airdrops #TidalGlobal #Bitcoin #AirdropDetective",1501400278066950146,2022-03-20 06:22:44+00:00,
40,1505429615409614850,"@SharksCoins After a while, you learn to ignore other coins 
and just trust @BlueSparrowETH
@BlueSparrowETH
@BluesparrowC
#BluesparrowCEX
#ETH
#BlueSparrow
#BlueSparrowtoken
#BlueSparrowCommunity
#bitcoin
#BestDrawToken
#Bluesparrowcharity
#Web3
#NFt
733mjh https://t.co/gMujdawJIC",1446383258355314729,2022-03-20 06:22:44+00:00,
41,1505429610611154950,"In Japan, #XRP is religion. I love it! All works! #eth #ethereum #binance #bitcoin btc #ripple #crypto #cryptocurrency https://t.co/5HLI4nxZkO",1159023257623941121,2022-03-20 06:22:43+00:00,
42,1505429609872908291,"RT @GiveawayInspect: New Giveaway: Retoken (USDT)
Total Reward: 2,000 USDT
Rate: ⭐️⭐️⭐️⭐️
Winners: 700 Random &amp; Top 50
Distribution: within…",1496479870846595072,2022-03-20 06:22:43+00:00,
43,1505429608430125057,"RT @AirdropDet: 🔍 New #Airdrop: YupVerse

💲 Reward: Up to 10M YuP (~$5) + 2M YuP (~$1,000) referral pool

🔴 Start the airdrop bot https://t…",1495350732463218696,2022-03-20 06:22:42+00:00,
44,1505429607486472194,Get IN now don't be LATE #xrp #binance #cryptocurrency #bitcoin https://t.co/DhhFQfYm6x,346043985,2022-03-20 06:22:42+00:00,
45,1505429607327023105,"RT @p2ePrizeFighter: Update on Staking System!!

All systems are ready!!

More details of the staking mechanics will be revealed on Medium…",1359097059408637956,2022-03-20 06:22:42+00:00,
46,1505429602633662464,RT @Diyojen777520: You can look at this coin to see fashion with real feelings in the virtual world and to feel the face and heart of fashi…,1369650097173258242,2022-03-20 06:22:41+00:00,
47,1505429599785783299,"RT @GiveawayInspect: New Giveaway: Retoken (USDT)
Total Reward: 2,000 USDT
Rate: ⭐️⭐️⭐️⭐️
Winners: 700 Random &amp; Top 50
Distribution: within…",1402013209725390861,2022-03-20 06:22:40+00:00,
48,1505429599269777409,"RT @airdropinspect: New airdrop: Prizefighter (RING)
Total Reward: $5,000 worth of RING
Rate: ⭐️⭐️⭐️⭐️
Winners: 1,000 Random &amp; Top 100
Dist…",1452580617355366402,2022-03-20 06:22:40+00:00,
