,id,text,author_id,created_at,geo
0,1505437226238627840,"RT @airdropinspect: New airdrop: Prizefighter (RING)
Total Reward: $5,000 worth of RING
Rate: ⭐️⭐️⭐️⭐️
Winners: 1,000 Random &amp; Top 100
Dist…",1503337102708441089,2022-03-20 06:52:59+00:00,
1,1505437226087612426,"#1 Crypto News. Follow to #BuiDL. See you in 2 hours again :P 
#bitcoin #cryptocurrency #cryptonews #bitcoinnews https://t.co/xthBrYABEw",1485456915220279296,2022-03-20 06:52:59+00:00,
2,1505437223952474114,RT @AstroBabiesNFT: We will have our NEW DEV LOG AVAILABLE very soon! We will also have screenshots of our ASTRO GALLERY MARKETPLACE availa…,80260591,2022-03-20 06:52:58+00:00,
3,1505437218093084672,"RT @DocumentingBTC: Hal Finney was a pioneer, cypherpunk, and the first to receive a #bitcoin  transaction from Satoshi Nakamoto. Hal gave…",1394346284421627912,2022-03-20 06:52:57+00:00,
4,1505437216004222976,"RT @AirdropStario: 💧 SafeWallet Airdrop 💧

🏆 Task:        ➕ 175 SLT (~$3.5) for 1000 random participants

👨‍👩‍👧 Referral: ➕ 30,000 SLT (~$6…",1499722848990294020,2022-03-20 06:52:56+00:00,
5,1505437215370874880,The strongest bullish signal flashed for #XRP #bitcoin #btc #ethereum #eth https://t.co/zBXwtIrkvj,1318421188893380608,2022-03-20 06:52:56+00:00,
6,1505437215308103680,Thanks @NewsCronos Hope u guys make the strong choice to #HODL our #CRO token for life #crofamily  #Cryptomonnaies #cronoschain #Cronos #CronosNFT #FFTB #bitcoin #DeFi @cryptocom @cryptocomnft #DeFi #binanceChain #ETH @Blockchainwork5 #Crofam #KuCoin #Coinbase #CoinMarketCap https://t.co/9fKxV6HoAr,1381536415566196737,2022-03-20 06:52:56+00:00,
7,1505437211495440388,"RT @AirdropDet: 🔍 New #Airdrop: Elite Cash

🏆 Total Airdrop Pool: 140,000 ELC [~$49,000]

🔴 Start the airdrop bot https://t.co/geX2YRhj5n…",1469953831337406470,2022-03-20 06:52:55+00:00,
8,1505437209809539074,"RT @AirdropDet: 🔍 New #Airdrop: CVIP

💲 Reward: Up to 20 CVIP (~$2.5) + 40K CVIP (~$5K) referral pool

🔴 Start the airdrop bot https://t.co…",1489805905579614211,2022-03-20 06:52:55+00:00,
9,1505437209243099138,Any politician seeking election should be talking along these lines. However I’m more optimistic that a vote with your money is better than a vote at the ballot box. The system is broken beyond repair. Opt out with #bitcoin https://t.co/jmp3Iqa11J,1379473144126312453,2022-03-20 06:52:55+00:00,
10,1505437207427190787,"RT @AirdropStario: 💧 SafeWallet Airdrop 💧

🏆 Task:        ➕ 175 SLT (~$3.5) for 1000 random participants

👨‍👩‍👧 Referral: ➕ 30,000 SLT (~$6…",1382172430605512704,2022-03-20 06:52:54+00:00,
11,1505437206852288514,"RT @AirdropStario: 💧 SafeWallet Airdrop 💧

🏆 Task:        ➕ 175 SLT (~$3.5) for 1000 random participants

👨‍👩‍👧 Referral: ➕ 30,000 SLT (~$6…",1480803517782794240,2022-03-20 06:52:54+00:00,
12,1505437206567321600,"RT @DeathNote_Token: DEATH NOTE TOKEN REFERRAL CONTEST 🔥 

Join our contest and win #Prizes for inviting the most people to our @telegram 🍎…",1500651419564916738,2022-03-20 06:52:54+00:00,
13,1505437205694750725,XRP is getting ready to take off to the moon! #altcoin #bitcoin #binance #xrp #ripple https://t.co/Uthe2H4Vok,1341432069126193152,2022-03-20 06:52:54+00:00,
14,1505437204746850305,"RT @Xenio_exchange: We want to hear from you.

We know all these qualities are important, but as a trader looking to deal with an exchanger…",1250529624628637697,2022-03-20 06:52:53+00:00,
15,1505437203094253568,"RT @Brisecommunity: What #Google Has To Say About Us💪
.
➡ #Bitgert To The MOON!🚀

#Brise #Bitgertcommunity #Bitgertarmy #Crypto #BRC20 #Bit…",450013183,2022-03-20 06:52:53+00:00,
16,1505437200938586112,"RT @airdropinspect: New airdrop: Prizefighter (RING)
Total Reward: $5,000 worth of RING
Rate: ⭐️⭐️⭐️⭐️
Winners: 1,000 Random &amp; Top 100
Dist…",1482691180391694341,2022-03-20 06:52:53+00:00,
17,1505437200460124160,"RT @airdropinspect: New airdrop: FoodChain Global (FOOD)
Total Reward: $5,000 worth of FOOD
Rate: ⭐️⭐️⭐️⭐️
Winners: 1000 Random &amp; Top 100
D…",1452864578665082885,2022-03-20 06:52:52+00:00,
18,1505437199210188803,RT @rovercrc: #Bitcoin moving back up! 👀🚀,1459183405929680899,2022-03-20 06:52:52+00:00,
19,1505437198442799106,My $2000 CERB cheques we got during Covid here in Canada are now worth about $20k per cheque so they are doing very well in #bitcoin https://t.co/jz8kSd6ABm,922315556149084160,2022-03-20 06:52:52+00:00,
20,1505437197259849729,"RT @airdropinspect: New airdrop: Prizefighter (RING)
Total Reward: $5,000 worth of RING
Rate: ⭐️⭐️⭐️⭐️
Winners: 1,000 Random &amp; Top 100
Dist…",1360116221207670787,2022-03-20 06:52:52+00:00,
21,1505437196857143298,RT @MEXC_Global: Will #Bitcoin hit its new ATH this year? 👀,1351346363494133760,2022-03-20 06:52:52+00:00,
22,1505437196081192962,"@kucoincom $SKUY
SEKUYA THE 1ST MULTIVERSE META-FI PROJECT IN CRYPTO SPACE   

Multiverse
Meta-fi
WEB 3.0
RWANFT  
P2E Ecosystem

✅ Company-backed
✅ 5% #SKUY Rewards 
🔥🔥🔥
@sekuyaofficial

#Sekuya #Bitcoin #Binance #BSCGem #BSC #Metaverse #NFT https://t.co/PjUl208JHK",1362720044275224579,2022-03-20 06:52:51+00:00,
23,1505437195913424904,"nice project
 #FlagNetwork  #cryptocurrency #Bitcoin  #StandWithUkraine https://t.co/I1fYpPsUFr",1478334159659495425,2022-03-20 06:52:51+00:00,
24,1505437193258823681,"RT @AirdropStario: 💧 Koraplay Airdrop 💧

🏆 Task:          ➕  Up to 5000 KPLAY

👨‍👩‍👧 Referral:   ➕  500 KPLAY

🔛 Airdrop Link &amp; Information…",1496910761993523214,2022-03-20 06:52:51+00:00,
25,1505437192587460609,"RT @CircuitSociety: #NFTCOLLECTION COMING SOON 🏆

We are continuing to develop our #NFTs! Our NFTS will offer something that has not yet be…",1420856894386839554,2022-03-20 06:52:51+00:00,
26,1505437191065194496,"RT @airdropinspect: New airdrop: Prizefighter (RING)
Total Reward: $5,000 worth of RING
Rate: ⭐️⭐️⭐️⭐️
Winners: 1,000 Random &amp; Top 100
Dist…",1474195617983336477,2022-03-20 06:52:50+00:00,
27,1505437190385455104,"RT @AirdropDet: 🔍 New #Airdrop: YupVerse

💲 Reward: Up to 10M YuP (~$5) + 2M YuP (~$1,000) referral pool

🔴 Start the airdrop bot https://t…",1469953831337406470,2022-03-20 06:52:50+00:00,
28,1505437189991133188,"RT @AirdropDet: 🔍 New #Airdrop: YupVerse

💲 Reward: Up to 10M YuP (~$5) + 2M YuP (~$1,000) referral pool

🔴 Start the airdrop bot https://t…",1424815720282550272,2022-03-20 06:52:50+00:00,
29,1505437189513302018,"@AirdropStario @safewalletoffic I am very happy to be able to participate in this project..because in the future this project will be very good 

@Naum_Mahmud 
@SkSumon68386460 
@MrNahid86656236 

#cryptocurrency #Airdrop #BSC #Bitcoin #USDT #SafeWallet #SLT #Airdropstario",1382172430605512704,2022-03-20 06:52:50+00:00,
30,1505437187562684419,"RT @GiveawayInspect: New Giveaway: Retoken (USDT)
Total Reward: 2,000 USDT
Rate: ⭐️⭐️⭐️⭐️
Winners: 700 Random &amp; Top 50
Distribution: within…",1489956233176039426,2022-03-20 06:52:49+00:00,
31,1505437187264835587,"RT @AirdropStario: 💧 SafeWallet Airdrop 💧

🏆 Task:        ➕ 175 SLT (~$3.5) for 1000 random participants

👨‍👩‍👧 Referral: ➕ 30,000 SLT (~$6…",1427090126572867590,2022-03-20 06:52:49+00:00,
32,1505437186866384898,"RT @airdropinspect: New airdrop: Prizefighter (RING)
Total Reward: $5,000 worth of RING
Rate: ⭐️⭐️⭐️⭐️
Winners: 1,000 Random &amp; Top 100
Dist…",1456970205477830656,2022-03-20 06:52:49+00:00,
33,1505437185457197056,"RT @airdropinspect: New airdrop: MOMOCO (USDT)
Total Reward: 3,000 USDT
Rate: ⭐️⭐️⭐️⭐️
Winners: 1000 Random &amp; Top 100
Distribution: within…",1503411098652925964,2022-03-20 06:52:49+00:00,
34,1505437185096359938,"RT @YupVerse: ✔️ YupVerse Airdrop (New Round) is live!

🔵 Airdrop Reward: Up to 10 Million YuP (~$5)

🔵 Referral Reward: 2 Million YuP (~$1…",1464937647369961481,2022-03-20 06:52:49+00:00,
35,1505437182395359233,"RT @AirdropDet: 🔍 New #Airdrop: HappyLandPlus

💲 Reward: Up to 25 USDT + 2,5K USDT referral pool

🔴 Start the airdrop bot https://t.co/j64j…",1435846501004189696,2022-03-20 06:52:48+00:00,
36,1505437174589628416,The strongest bullish signal flashed for #XRP #bitcoin #btc #ethereum #eth https://t.co/LnZDkPhuuj,330697629,2022-03-20 06:52:46+00:00,
37,1505437173759488002,"RT @Meta_Gaming99: Meta Gaming  🎁
 Airdrop for everyone

Steps:
1️⃣Follow us Twitter @Meta_Gaming99 RT&amp;Tag 3 friends
2️⃣Join us TG group: h…",1466718599393910784,2022-03-20 06:52:46+00:00,
38,1505437171561476098,"We feel sorry for Palestine,Yemen,Syria,Iraq while enjoying the victory of Pak,in cricket and kashmiri pandits killings .#bitcoin Stalin #KashmirFiles",1496727188225212419,2022-03-20 06:52:46+00:00,
39,1505437170336940036,"@flagnetwork_NFT great project best team 
@Cryptotrading_k @CRYPTO53575866 @Crypto88st 

 #FlagNetwork #IDO #cryptocurrency #Bitcoin #NFTs",1436914730757545984,2022-03-20 06:52:45+00:00,
40,1505437168537587712,"RT @AirdropStario: 💧 SafeWallet Airdrop 💧

🏆 Task:        ➕ 175 SLT (~$3.5) for 1000 random participants

👨‍👩‍👧 Referral: ➕ 30,000 SLT (~$6…",835843665209798659,2022-03-20 06:52:45+00:00,
41,1505437166859702274,"@TheMoonCarl to participate in the private sale of the Energy Gold token follow + rt 
@EnrgyGold ⏳🚀

  #Bitcoin #EnergyGold #ico #cryptocurrency #binance #BinanceSmartChain #cryptocurrency #CryptoNews #Cryptomonnaies #Cryptos #Crypto",1494347643597774853,2022-03-20 06:52:44+00:00,
42,1505437166843068418,"XXX #Btc trade ⏳ 

Wishing you all a good night/day
Everythings is placed

Be cautious in your next trade 
#Crypto #Bitcoin #Eth  #Alts  ♟ https://t.co/aDBiCozNZN https://t.co/Feeo1mtGsf",1426102877693517824,2022-03-20 06:52:44+00:00,
43,1505437166343983106,"RT @CarfuelFinance: Whitepaper published. 

https://t.co/TVXdTxWcNC

#Carfuelfinance #Airdrop #Airdrops #BINANCE #Bitcoin #Etherum  #Giveaw…",1382747425639526400,2022-03-20 06:52:44+00:00,
44,1505437163738976256,"RT @Bybit_Official: Dear #Bitcoin, _____________.",1464937647369961481,2022-03-20 06:52:44+00:00,
45,1505437162023833601,"RT @AirdropDet: 🔍 New #Airdrop: YupVerse

💲 Reward: Up to 10M YuP (~$5) + 2M YuP (~$1,000) referral pool

🔴 Start the airdrop bot https://t…",1450398558847340547,2022-03-20 06:52:43+00:00,
46,1505437161142820867,RT @AltcoinDailyio: #Bitcoin is daddy. #Ethereum is mommy. 👪,939925912660746240,2022-03-20 06:52:43+00:00,
47,1505437159532212226,"RT @GiveawayInspect: New Giveaway: Retoken (USDT)
Total Reward: 2,000 USDT
Rate: ⭐️⭐️⭐️⭐️
Winners: 700 Random &amp; Top 50
Distribution: within…",954972510503817217,2022-03-20 06:52:43+00:00,
