,id,text,author_id,created_at,geo
0,1505375522884558848,"RT @CarfuelFinance: Whitepaper published. 

https://t.co/TVXdTxWcNC

#Carfuelfinance #Airdrop #Airdrops #BINANCE #Bitcoin #Etherum  #Giveaw…",713408208883175424,2022-03-20 02:47:47+00:00,
1,1505375521638875137,"RT @AirdropStario: 💧 MedusaZone Airdrop 💧

🏆 Task:          ➕  Up to 30 AMEDU (~$36)

👨‍👩‍👧 Referral:   ➕  10 AMEDU (~$12)

🔛 Airdrop Link…",1476480035100184577,2022-03-20 02:47:47+00:00,
2,1505375519793160195,"In Japan, #XRP is religion. I love it! All works! #eth #ethereum #binance #bitcoin btc #ripple #crypto #cryptocurrency https://t.co/0xzzSCQPMe",1371672061375053824,2022-03-20 02:47:47+00:00,
3,1505375519755354117,RT @WatcherGuru: JUST IN: PayPal co-founder says the “biggest mistake I made in the last decade was getting too late and too little into #B…,1355505291132080130,2022-03-20 02:47:47+00:00,
4,1505375519356772358,"RT @AirdropDet: 🔍 New #Airdrop: TidalGlobal

💲 Reward: Up to 5K TDL (~$5) + 10M TDL (~$10K) referral pool

🔴 Start the airdrop bot https://…",1476994219566768128,2022-03-20 02:47:46+00:00,
5,1505375515988926467,@rovercrc UNBELIEVABLE!! 🚨🚨 The chance of a lifetime with this stock. This time you are in very early and a huge profit awaits.A Giant AWAKES!! #crypto #ethereum #bitcoin #btc #eth #crypto https://t.co/0d3ABcCKMZ,1485755209162936328,2022-03-20 02:47:46+00:00,
6,1505375515737092097,#DeFi #TeleFy #DEX #cryptocurrency #Ethereum #BinanceSmartChain #Bitcoin #Airdrop #polkadot #MATIC #Polygon $TELE #Cardano #ETH https://t.co/O0HnPFSoiI,1495704738305765390,2022-03-20 02:47:46+00:00,
7,1505375515699412992,"RT @chitaglorya__: giveaway 200$ | 2,800,000 IDR

-- rt follow @flagnetwork_NFT 

-- rt &amp; quoted their pinned with   #FlagNetwork  #cryptoc…",1424930637689982983,2022-03-20 02:47:46+00:00,
8,1505375513660907520,Get IN now don't be LATE #xrp #binance #cryptocurrency #bitcoin https://t.co/qpEEh7kxF6,4898469613,2022-03-20 02:47:45+00:00,
9,1505375513598205955,Get IN now don't be LATE #xrp #binance #cryptocurrency #bitcoin https://t.co/rhI5REgYdP,1312860892481024000,2022-03-20 02:47:45+00:00,
10,1505375513484873732,"RT @AirdropDet: 🔍 New #Airdrop: YupVerse

💲 Reward: Up to 10M YuP (~$5) + 2M YuP (~$1,000) referral pool

🔴 Start the airdrop bot https://t…",1480584680177123331,2022-03-20 02:47:45+00:00,
11,1505375512528662532,"RT @airdropinspect: New airdrop: Angelic (ANGL)
Total Reward: 50,000 ANGL
Rate: ⭐️⭐️⭐️⭐️
Winners: 1,500 Random &amp; Top 50
Distribution: withi…",1472098219018502147,2022-03-20 02:47:45+00:00,
12,1505375511907774465,The strongest bullish signal flashed for #XRP #bitcoin #btc #ethereum #eth https://t.co/YcGtVR1fxk,1337958188977537028,2022-03-20 02:47:45+00:00,
13,1505375511576727555,RT @CateVsDoge: #catecoin waiting to see what #Bitcoin will do next 🚀,1449921879720951812,2022-03-20 02:47:45+00:00,
14,1505375500075560962,We just know #XRP will moon #crypto #binance #cryptocurrency #bitcoin #btc https://t.co/hfGIGSidvP,1156964815836856325,2022-03-20 02:47:42+00:00,
15,1505375499538817026,"RT @AirdropDet: 🔍 New #Airdrop: YupVerse

💲 Reward: Up to 10M YuP (~$5) + 2M YuP (~$1,000) referral pool

🔴 Start the airdrop bot https://t…",1365345936407470088,2022-03-20 02:47:42+00:00,
16,1505375499375235073,"@RealLitVirus @PeterSchiff Many people are too smart for there own good and still won’t touch meme coins, that narrative is like not buying #Bitcoin because gold. , so adapt or go sit with @PeterSchiff at the losers table.

Most people come to crypto because they want riches an easy and fun life without",1493254154646609921,2022-03-20 02:47:42+00:00,
17,1505375494975356931,"We just know #XRP will moon #crypto #binance #cryptocurrency #bitcoin #btc

https://t.co/3pq7NhZxz3",1426429489689595906,2022-03-20 02:47:41+00:00,
18,1505375493822234626,"@airdropinspect I really believe that this project will really go a long way to put smile in our face. I hope this project will develop well and will be on the moon

#Airdrop #Airdrops #Airdropinspector #FTM #Prizefighter #RING #Crypto #Bitcoin",1427742277363851267,2022-03-20 02:47:40+00:00,
19,1505375493331505152,XRP is getting ready to take off to the moon! #altcoin #bitcoin #binance #xrp #ripple https://t.co/2MRb59EXge,1334219649961979904,2022-03-20 02:47:40+00:00,
20,1505375493054681089,"RT @Revolotto: 🏏World's Dangerous Cricketer
Greatest Batsman of All-time in Cricket

🌎Universe Boss - Chris Gayle extending his support and…",1109006670120706050,2022-03-20 02:47:40+00:00,
21,1505375492513615873,"RT @AirdropStario: 💧 RPGC Airdrop 💧

🏆 Task:         ➕  $8 worth of RPGC for 2000 random participants each.

👨‍👩‍👧 Referral:  ➕  $40 worth…",1313156506720714762,2022-03-20 02:47:40+00:00,
22,1505375489501773826,"RT @Revolotto: 🏏World's Dangerous Cricketer
Greatest Batsman of All-time in Cricket

🌎Universe Boss - Chris Gayle extending his support and…",1501072037686562816,2022-03-20 02:47:39+00:00,
23,1505375485823537155,"We just know #XRP will moon #crypto #binance #cryptocurrency #bitcoin #btc

https://t.co/703k62ZpOV",1445190134698164225,2022-03-20 02:47:39+00:00,
24,1505375485391683585,"RT @GiveawayInspect: New Giveaway: Retoken (USDT)
Total Reward: 2,000 USDT
Rate: ⭐️⭐️⭐️⭐️
Winners: 700 Random &amp; Top 50
Distribution: within…",1501006774895546368,2022-03-20 02:47:38+00:00,
25,1505375483160150019,"@JakeGagain Jake you know what I will give 1000x bobatama going to be huge utility we all was waiting for years it’s just around the corner 👀
#BOBAMASK #BOBATAMA
#BOBATAMA1000x

@elonmusk
#ETH #Bitcoin  #nftart #NFTartist #trending 
#Crypto $Boba
#1000xGem #LBANK

👉 https://t.co/W6sRUyrQN2 https://t.co/7vrQwnkPnE",1457559530833948673,2022-03-20 02:47:38+00:00,
26,1505375480429522948,RT @jessicasmw: BREAKING NEWS: You can’t ban #bitcoin,829543328370692096,2022-03-20 02:47:37+00:00,
27,1505375480165195780,"RT @Revolotto: 🏏World's Dangerous Cricketer
Greatest Batsman of All-time in Cricket

🌎Universe Boss - Chris Gayle extending his support and…",1362233780270813185,2022-03-20 02:47:37+00:00,
28,1505375480031191040,Next 10-20 years are going to be multi generational defining. I am ready are you? #bitcoin,1489212365921042432,2022-03-20 02:47:37+00:00,
29,1505375479636713472,Get IN now don't be LATE #xrp #binance #cryptocurrency #bitcoin https://t.co/hSLvXCEYLS,1204118868328960000,2022-03-20 02:47:37+00:00,
30,1505375479054110725,"RT @chitaglorya__: giveaway 200$ | 2,800,000 IDR

-- rt follow @flagnetwork_NFT 

-- rt &amp; quoted their pinned with   #FlagNetwork  #cryptoc…",1438374870753021953,2022-03-20 02:47:37+00:00,
31,1505375477376368640,"RT @airdropinspect: New airdrop: Prizefighter (RING)
Total Reward: $5,000 worth of RING
Rate: ⭐️⭐️⭐️⭐️
Winners: 1,000 Random &amp; Top 100
Dist…",1394299870849101828,2022-03-20 02:47:36+00:00,
32,1505375476528910339,"👋 A new block was found on the #Bitcoin network. We're at block height 728146, current #bitcoin price is $41881.32 and there are 201155622690011 #sats left to mine.",1448763322812276737,2022-03-20 02:47:36+00:00,
33,1505375474419130370,"RT @ashwsbreal: The year is 2028 and #Bitcoin 
Just hit $700k. 

That makes you happy right ? 

This is gonna happen so hold tight 
and be…",499448343,2022-03-20 02:47:36+00:00,
34,1505375471311151105,"In Japan, #XRP is religion. I love it! All works! #eth #ethereum #binance #bitcoin btc #ripple #crypto #cryptocurrency https://t.co/SHGG25gtRK",1329248420268187648,2022-03-20 02:47:35+00:00,
35,1505375469339828229,"RT @CarfuelFinance: Whitepaper published. 

https://t.co/TVXdTxWcNC

#Carfuelfinance #Airdrop #Airdrops #BINANCE #Bitcoin #Etherum  #Giveaw…",1315824826775343104,2022-03-20 02:47:35+00:00,
36,1505375468991631362,"@AirdropDet This is a great and amazing project so quickly join and do not let you regret it. Great work of developers will give the results.This is exactly what the team is working on.

@bulet2200 
@Azizul2949 
@kamrul78666 

#Airdrops #YupVerse #Bitcoin #AirdropDetective #YuP",1432576817559326729,2022-03-20 02:47:34+00:00,
37,1505375468794843137,"RT @airdropinspect: New airdrop: Retoken (USDT)
Total Reward: 2,000 USDT
Rate: ⭐️⭐️⭐️⭐️
Winners: 700 Random &amp; Top 50
Distribution: within a…",1485906444453289986,2022-03-20 02:47:34+00:00,
38,1505375467540725760,"RT @Revolotto: 🏏World's Dangerous Cricketer
Greatest Batsman of All-time in Cricket

🌎Universe Boss - Chris Gayle extending his support and…",1496527770943311872,2022-03-20 02:47:34+00:00,
39,1505375466995466240,"RT @DimpalS04947727: 🔎 New Airdrops: Phaver
🎁 Reward:  GET Phaver Points
👨‍👧‍👦 Participants: For All Early Users
🔥 Each 250$ to 1500$

🦾 Re…",3023139937,2022-03-20 02:47:34+00:00,
40,1505375463509700609,XRP is getting ready to take off to the moon! #altcoin #bitcoin #binance #xrp #ripple https://t.co/GjilUtnXcr,2265699728,2022-03-20 02:47:33+00:00,
41,1505375463006420992,RT @MMCrypto: THIS CAN GET VERY PAINFUL FOR #BITCOIN BEARS! https://t.co/watNtpMl69,1497077174171488256,2022-03-20 02:47:33+00:00,
42,1505375462637375490,The strongest bullish signal flashed for #XRP #bitcoin #btc #ethereum #eth https://t.co/Zccb2hRXj9,237146766,2022-03-20 02:47:33+00:00,
43,1505375461500665864,You can do Cloud Mining using this site https://t.co/MzYovBFMhl                            #mining #trxmining #money #earnmoney #register #bitcoin #ethereum #btc #eth #tronvex 5939,1120068105491951616,2022-03-20 02:47:33+00:00,
44,1505375461089906691,"RT @OnChainCollege: The last time the #Bitcoin Balance on Exchanges was this low was 1,229 days (or 3 1/3 years) ago. https://t.co/zCvbkO64…",952234077385445376,2022-03-20 02:47:33+00:00,
45,1505375455020556290,"RT @rektcapital: Welcome back to $42,000 #BTC 

$BTC #Crypto #Bitcoin",1349263041045671937,2022-03-20 02:47:31+00:00,
46,1505375453179121665,"RT @AirdropDet: 🔍 New #Airdrop: YupVerse

💲 Reward: Up to 10M YuP (~$5) + 2M YuP (~$1,000) referral pool

🔴 Start the airdrop bot https://t…",1495675180282093571,2022-03-20 02:47:31+00:00,
47,1505375448926146560,RT @rovercrc: #BITCOIN IS BULLISH 🚀,1349263041045671937,2022-03-20 02:47:30+00:00,
48,1505375448272093187,RT @woonomic: #Bitcoin is being accumulated. https://t.co/Wdnhek2u6F,952234077385445376,2022-03-20 02:47:30+00:00,
49,1505375447542079488,"RT @Nefertitinfts: Nefertiti ❤️🎉

@opensea
 ❤️

#NFT #openseanft

@OpenSea
 link in our bio . Get yours! 🔗⤴️
.
.
.
.
.
.
#punks #nft #nfts…",1335479047376101377,2022-03-20 02:47:29+00:00,
