,id,text,author_id,created_at,geo
0,1505586211422834689,"RT @chitaglorya__: giveaway 200$ | 2,800,000 IDR

-- rt follow @flagnetwork_NFT 

-- rt &amp; quoted their pinned with   #FlagNetwork  #cryptoc…",1453249951278960647,2022-03-20 16:44:59+00:00,
1,1505586211414499342,"RT @GiveawayInspect: New Giveaway: Retoken (USDT)
Total Reward: 2,000 USDT
Rate: ⭐️⭐️⭐️⭐️
Winners: 700 Random &amp; Top 50
Distribution: within…",1390790966064254976,2022-03-20 16:44:59+00:00,
2,1505586209686315008,"RT @AirdropDet: 🔍 New #Airdrop: YupVerse

💲 Reward: Up to 10M YuP (~$5) + 2M YuP (~$1,000) referral pool

🔴 Start the airdrop bot https://t…",1481282944182677506,2022-03-20 16:44:59+00:00,
3,1505586208684093449,"RT @Jayecane: 3 WINNERS 60 mins 

RT +🔔 + done

post your cashapp, PayPal or #Bitcoin my Bitcoin is back !",1385361990252744704,2022-03-20 16:44:59+00:00,
4,1505586202954579973,"RT @BitcoinMagazine: 💥 In 17 days, the biggest #Bitcoin  conference in history kicks off in Miami 👀",2454181192,2022-03-20 16:44:57+00:00,
5,1505586201520009216,"Good project I like ur project good luck 

@Ashish41375832 @Ashi41375831 @Ashu41375831 

#Airdrops #BattleWorld #Bitcoin #AirdropDet #BWO https://t.co/qSfwGqLXGu",1476096272603889665,2022-03-20 16:44:57+00:00,
6,1505586199003824134,"RT @CarfuelFinance: Our #Carfuelfinance community has passed 11000+ followers in 2 day. Thank you everyone, we are just at the beginning of…",1473686291338469392,2022-03-20 16:44:56+00:00,
7,1505586198412152835,"RT @Marii6771: Make money!Prosecute scammers!All at the same time
Make passive income in BNB rewards for holding $SPY
Your rewards accumula…",1478271393687080963,2022-03-20 16:44:56+00:00,
8,1505586196226977796,"RT @SyedZaib15: @happypup1166 @_NftCollectors @cybotz_nft World 1st bitcoin transection NFT  

https://t.co/emFH7mWmGG    

@opensea 

#Bit…",1490351919658901508,2022-03-20 16:44:56+00:00,
9,1505586191743258634,"RT @Marii6771: Did you get scammed?The good guys are here and we’ve got your back!
20% #scamsurvivor Charity! 20% charity in #SPY
Join us i…",1478271393687080963,2022-03-20 16:44:55+00:00,
10,1505586184843501568,"@deanthony_green @battleinugame Everyone Don't Panic First

$BINU will be updated with a Binu swap that will automatically upgrade / migrate to a new token, namely $BINUV2

The number of old tokens will be the same as entering the new token $BINUV2

#battleinu #binu #binance  #bitcoin 

https://t.co/1ucggL346v",1455580742327541760,2022-03-20 16:44:53+00:00,
11,1505586183706918916,"RT @Marii6771: Do you want TRUE SAFU investing?
Go to https://t.co/1Mo7qdcgFO for crypto research!
We list scams, potential scams, trusted…",1478271393687080963,2022-03-20 16:44:53+00:00,
12,1505586182406746117,"RT @OnChainCollege: The last time the #Bitcoin Balance on Exchanges was this low was 1,229 days (or 3 1/3 years) ago. https://t.co/zCvbkO64…",1410521311265366017,2022-03-20 16:44:52+00:00,
13,1505586182352416769,"RT @GiveawayInspect: New Giveaway: Retoken (USDT)
Total Reward: 2,000 USDT
Rate: ⭐️⭐️⭐️⭐️
Winners: 700 Random &amp; Top 50
Distribution: within…",1126784887388758017,2022-03-20 16:44:52+00:00,
14,1505586180724645888,"RT @p2ePrizeFighter: Who will be the next challenger?
(Screenshot from Actual Gameplay)

#nft #nftart #art #digitalart #nfts #nftartist #cr…",1456269142152003598,2022-03-20 16:44:52+00:00,
15,1505586178841628673,"@tar0jir @_NftCollectors @cybotz_nft World 1st bitcoin transection NFT  

https://t.co/emFH7mWmGG    

@opensea 

#Bitcoin  #nft #BinanceNFT #PolygonNFT #legend #100xgem #NFT #memoriesNFTseller #NFTs #opensea #OpenSeaNFT",1320236448575033344,2022-03-20 16:44:52+00:00,
16,1505586175339339782,"RT @rovercrc: I wouldn't be surprised to see #Bitcoin trading at $48,000 next week...",190584183,2022-03-20 16:44:51+00:00,
17,1505586175314206724,"6 Questions for John deVadoss of Neo and the Global
Blockchain Business Council   https://t.co/BdpdupT3q3   #Bitcoin",1415553844260401154,2022-03-20 16:44:51+00:00,
18,1505586175100297220,"RT @BitcoinMagazine: 💥 In 17 days, the biggest #Bitcoin  conference in history kicks off in Miami 👀",399594332,2022-03-20 16:44:51+00:00,
19,1505586175058325506,"Bitcoin eyes highest weekly close since early February as
BTC price hovers under $42K   https://t.co/DIrAIh0qbR   #Bitcoin",1415553844260401154,2022-03-20 16:44:51+00:00,
20,1505586174999547907,"VC Roundup: NFTs, crypto mortgages, 5G network and Web3 devs
raise millions   https://t.co/dn0UGTDhdw   #Bitcoin",1415553844260401154,2022-03-20 16:44:51+00:00,
21,1505586173808455689,"RT @saylor: If you don't understand money, you won't understand #bitcoin.",1266256590316789761,2022-03-20 16:44:50+00:00,
22,1505586173703766016,"RT @AirdropStario: 💧 Odds96 Airdrop 💧

🏆 Task:          ➕ $10 worth of Odds96 Tokens.

🔛 Airdrop Link &amp; Information: https://t.co/rBb5KjyM1…",1432773266033233931,2022-03-20 16:44:50+00:00,
23,1505586173401616384,"Five Critical Factors Why Prices Will Stay High For
Years   https://t.co/kB8GOrwb91   #Bitcoin",1415553844260401154,2022-03-20 16:44:50+00:00,
24,1505586172705353728,"BITCOIN FELL!

USD $41,320.88 (-0,03%)
Yesterday: -1,10%
Last 30 days: +1,93%

#bitcoin",1136421278624243712,2022-03-20 16:44:50+00:00,
25,1505586172202205190,"New BitShares Price Prediction 2022, 2025, 2030 | NBS Price Forecast
https://t.co/fDQ0cKzn3u
#cryptocurrency #bitcoin #ethereum #crypto #mining #trading #prediction",1083617746275856384,2022-03-20 16:44:50+00:00,
26,1505586171149107203,"RT @AirdropStario: 💧 Odds96 Airdrop 💧

🏆 Task:          ➕ $10 worth of Odds96 Tokens.

🔛 Airdrop Link &amp; Information: https://t.co/rBb5KjyM1…",1428242464394055683,2022-03-20 16:44:50+00:00,
27,1505586168959746060,"It is very amazing and impressive project. This project will achieve great success in future because an amazing team working on it.
#DeFi #TeleFy #DEX #cryptocurrency #Ethereum #BinanceSmartChain #Bitcoin #polkadot #MATIC #Polygon $TELE #Cardano #ETH",1425816641133178890,2022-03-20 16:44:49+00:00,
28,1505586167022034948,"🤔Best staking blockchain right now?
👉@defichain!

🤌4 clear reasons why
1) Largest ecosystem with #defi for #Bitcoin
2)Decentralized assets like d- $TSLA
3) Non-turing-complete = super secure
4)30-500+%APY

👉$30 $Dfi bonus on @cakedefi w/ code 788689 👇
https://t.co/RVVNOZ41qE https://t.co/MuxVjibc73",3377662565,2022-03-20 16:44:49+00:00,
29,1505586165063299083,"RT @SNyfto: 🔥Sneak Peek #NFT Giveaway 🔥

-3 #NFTs 🔥
-10 Squid Warrior spots 🪖
-10 OG spots 🎯

Rules:
✅  Join: https://t.co/dt8q7duByk 
✅  F…",1488891985666715655,2022-03-20 16:44:48+00:00,
30,1505586164702535684,RT @EasychartsTrade: More validation that inflation is here for a long time ie until end of this decade and more validation the commodity s…,1427028654479994882,2022-03-20 16:44:48+00:00,
31,1505586163213496321,"RT @AirdropStario: 💧 Odds96 Airdrop 💧

🏆 Task:          ➕ $10 worth of Odds96 Tokens.

🔛 Airdrop Link &amp; Information: https://t.co/rBb5KjyM1…",1481202826416390146,2022-03-20 16:44:48+00:00,
32,1505586160252248066,RT @foxycuddels: When next big move for #bitcoin is going to happen?,1463168560658894859,2022-03-20 16:44:47+00:00,
33,1505586159291936773,"RT @AirdropStario: 💧 Odds96 Airdrop 💧

🏆 Task:          ➕ $10 worth of Odds96 Tokens.

🔛 Airdrop Link &amp; Information: https://t.co/rBb5KjyM1…",2240937857,2022-03-20 16:44:47+00:00,
34,1505586156909568013,"RT @saylor: If you don't understand money, you won't understand #bitcoin.",1662315547,2022-03-20 16:44:46+00:00,
35,1505586152945901577,"RT @Marii6771: We are @SpyWolfNetwork and we are here to clean up the crypto space and to make you
 
https://t.co/1Mo7qdcgFO is our anti-sc…",1478271393687080963,2022-03-20 16:44:45+00:00,
36,1505586151347818496,"RT @binance: 💰 $10,000 giveaway 💰
 
Post your #BitcoinButton result to enter!
 
Rules:
🔸 Retweet this post
🔸 Follow @Binance
🔸 Play #Bitcoi…",1451736909227577345,2022-03-20 16:44:45+00:00,
37,1505586148453883907,"RT @Marii6771: Make money! Prosecute scammers! All at the same time 
Make passive income in BNB rewards for holding $SPY!
Your rewards accu…",1478271393687080963,2022-03-20 16:44:44+00:00,
38,1505586147627610112,"RT @additionalrules: NFT news.

Top Cryptocurrency News Today: The biggest moves in NFTs, bitcoin, crypto rules and more - Moneycontrol…",1384951969668866051,2022-03-20 16:44:44+00:00,
39,1505586142480982019,"RT @AirdropStario: 💧 Odds96 Airdrop 💧

🏆 Task:          ➕ $10 worth of Odds96 Tokens.

🔛 Airdrop Link &amp; Information: https://t.co/rBb5KjyM1…",1458015922287828993,2022-03-20 16:44:43+00:00,
40,1505586140585230336,"RT @saylor: If you don't understand money, you won't understand #bitcoin.",1501789743276646404,2022-03-20 16:44:43+00:00,
41,1505586138701983750,"RT @WatcherGuru: JUST IN: 🇸🇬 Singapore’s largest bank, DBS Bank CEO, Piyush Gupta, says central banks should regulate #Bitcoin &amp; #crypto.",944335793354547200,2022-03-20 16:44:42+00:00,
42,1505586134453305344,"RT @compass_mining: Racks on racks 💥

#Bitcoin https://t.co/Mk6QD8WhOm",1294808146238742528,2022-03-20 16:44:41+00:00,
43,1505586132892876801,"RT @chitaglorya__: giveaway 200$ | 2,800,000 IDR

-- rt follow @flagnetwork_NFT 

-- rt &amp; quoted their pinned with   #FlagNetwork  #cryptoc…",1295583919199277057,2022-03-20 16:44:41+00:00,
44,1505586129223188481,"RT @BitcoinMagazine: 💥 In 17 days, the biggest #Bitcoin  conference in history kicks off in Miami 👀",1050322113062555648,2022-03-20 16:44:40+00:00,
45,1505586128501579778,"RT @airdropinspect: New airdrop: Flamingo Casino
Total Reward: 200 NFTs &amp; $2500 pricing pool
Rate:⭐️⭐️⭐️⭐️
Winners: 220 Random
Distribution…",1500559204951760899,2022-03-20 16:44:40+00:00,
46,1505586125901074437,"This project stands out from others for its realism and excellent qualities of the team, which is focused on achieving real results.
#DeFi #TeleFy #DEX #cryptocurrency #Ethereum #BinanceSmartChain #Bitcoin #polkadot #MATIC #Polygon $TELE #Cardano #ETH",1425816641133178890,2022-03-20 16:44:39+00:00,
47,1505586124231688196,RT @saylor: You do not sell your #bitcoin.  https://t.co/LJNgJeWxvR,1372858207165632515,2022-03-20 16:44:39+00:00,
48,1505586123321790464,"RT @CarfuelFinance: Our #Carfuel community has passed 3000+ followers in 1 day. Thank you everyone, we are just at the beginning of the roa…",1473686291338469392,2022-03-20 16:44:38+00:00,
49,1505586121123655680,"RT @airdropinspect: New airdrop: Ubiquity DAO (USDT)
Total Reward: 2,500 USDT
Rate: ⭐️⭐️⭐️⭐️
Winners: 1,000 Random &amp; Top 100
Distribution:…",1386266012018900992,2022-03-20 16:44:38+00:00,
