,id,text,author_id,created_at,geo
0,1505467931882369024,"FlagNetwork
https://t.co/zmyfvVBhBi
#FlagNetwork #IDO #cryptocurrency #Bitcoin #NFTs https://t.co/GasR4N67LW",1184059330326384640,2022-03-20 08:54:59+00:00,
1,1505467927604207616,"RT @KevinSvenson_: Denial? or Disbelief? 
#Bitcoin Market Cycle

https://t.co/OR4nB1L5Mw",185617758,2022-03-20 08:54:58+00:00,
2,1505467927574855681,"RT @StephenPunwasi: India just bought 3 million barrels of oil from Russia at a 20% discount and paid in rupees, not USD.

The fight to de-…",1249999086184521728,2022-03-20 08:54:58+00:00,
3,1505467926647914498,RT @w_s_bitcoin: #Bitcoin's absolute scarcity is such a profound discovery. https://t.co/xGdlyQZGkD,124793968,2022-03-20 08:54:58+00:00,
4,1505467925641441282,"RT @airdropinspect: New airdrop: Prizefighter (RING)
Total Reward: $5,000 worth of RING
Rate: ⭐️⭐️⭐️⭐️
Winners: 1,000 Random &amp; Top 100
Dist…",1432295888953634820,2022-03-20 08:54:58+00:00,
5,1505467925121015808,"RT @AirdropDet: 🔍 New #Airdrop: YupVerse

💲 Reward: Up to 10M YuP (~$5) + 2M YuP (~$1,000) referral pool

🔴 Start the airdrop bot https://t…",1476460417539256320,2022-03-20 08:54:58+00:00,
6,1505467924231958529,"RT @AirdropStario: 💧 RPGC Airdrop 💧

🏆 Task:         ➕  $8 worth of RPGC for 2000 random participants each.

👨‍👩‍👧 Referral:  ➕  $40 worth…",1452514369741496323,2022-03-20 08:54:58+00:00,
7,1505467924017987589,"RT @paoloardoino: If someone famous would ever simp with me about #bitcoin stuff please let it be @larsulrich 
In the end he was the first…",1357993885776109571,2022-03-20 08:54:57+00:00,
8,1505467922193469442,"RT @AirdropStario: 💧 CRAT Airdrop 💧

🏆 Task:         ➕  $50 worth of CRAT for 1000 random participants each

👨‍👩‍👧 Referral:  ➕  $100 worth…",1492229073128591360,2022-03-20 08:54:57+00:00,
9,1505467921451352064,"@AirdropStario Fantastic project and this projector has a lot of attractions, so hopefully the project will be better in the future and the cryptocurrency will be the best.

@rigan_sarder2 
@Tawfik6656 
@Rayhan74725871 

#cryptocurrency #Airdrop #BSC 
#Bitcoin #USDT #CRAT 
#Airdropstario",1427997834146504706,2022-03-20 08:54:57+00:00,
10,1505467920997969920,"RT @AirdropStario: 💧 CRAT Airdrop 💧

🏆 Task:         ➕  $50 worth of CRAT for 1000 random participants each

👨‍👩‍👧 Referral:  ➕  $100 worth…",1370235790282788865,2022-03-20 08:54:57+00:00,
11,1505467918469181442,"This amazing faucet from @_bitcoiner is making me tweet this to claim my free Lightning sats. ⚡

@boltcoiner unlock me e725f46e-5a06-4d35-9a79-62e951f075b1

#Bitcoin #BTC #LN #LightningNetwork #boltcoiner
https://t.co/U1wUq1G0F8",1404178729182498818,2022-03-20 08:54:56+00:00,
12,1505467912781455360,"Pairs:BTCUSDT 
 SELL:41862.64000
 Time :3/20/2022 11:54:28 AM
 Average Decision:43.39008 FifteenMinutes 
 Estimated Direction: DOWN
 #BTC #BICOUSDT #Bitcoin #RSİ #Bollinger -It is not investment advice. You can visit our profile for your own alarms. YTD. 11:54:43 AM",1500139829371232259,2022-03-20 08:54:55+00:00,
13,1505467912059908097,"RT @airdropinspect: New airdrop: Flamingo Casino
Total Reward: 200 NFTs &amp; $2500 pricing pool
Rate:⭐️⭐️⭐️⭐️
Winners: 220 Random
Distribution…",1477223232918876165,2022-03-20 08:54:55+00:00,
14,1505467911225286657,Nice project @Dungngu38506276 @thesao1102 @KplusThuy #Airdrop #Airdrops #Airdropinspector #FlamingoCasino #NFTs #Crypto #Bitcoin https://t.co/lWFfRj88W1,1374000997169733637,2022-03-20 08:54:54+00:00,
15,1505467909585489930,RT @Meta_UFO: #bitcoin and #MetaUFO have no inflation.,1484186550518779912,2022-03-20 08:54:54+00:00,
16,1505467906510962689,"Web 3.0 is all about a more transparent and fairer network where everyone can participate without fearing a loss of privacy and security, Touch the web3 with #bluesparrow
#better_future
#BlueSparrow
#BlueSparrowtoken
#bitcoin
#BestbitcoinToken
@BluesparrowC
@BlueSparrowETH zrchx",1444965169365504000,2022-03-20 08:54:53+00:00,
17,1505467904891842564,"RT @AirdropStario: 💧 CRAT Airdrop 💧

🏆 Task:         ➕  $50 worth of CRAT for 1000 random participants each

👨‍👩‍👧 Referral:  ➕  $100 worth…",1498901884148805633,2022-03-20 08:54:53+00:00,
18,1505467903411306497,"RT @AirdropStario: 💧 SHIBVERSE COIN Airdrop 💧

🏆 Task:          ➕  200,000  SHIBERSE

👨‍👩‍👧 Referral:    ➕  50,000  SHIBERSE

🔛 Airdrop Lin…",1465314424860778499,2022-03-20 08:54:53+00:00,
19,1505467900651474947,Joining Stackswap to bring permissionless Bitcoin DeFi powered by AI! https://t.co/SDU51u5LcZ #Stackswap #NFTs #DeFi #Permissionless #Bitcoin #Launchpad #AI,1417512753900625920,2022-03-20 08:54:52+00:00,
20,1505467899733065730,"RT @airdropinspect: New airdrop: Flamingo Casino
Total Reward: 200 NFTs &amp; $2500 pricing pool
Rate:⭐️⭐️⭐️⭐️
Winners: 220 Random
Distribution…",1458915979958886408,2022-03-20 08:54:52+00:00,
21,1505467897187123205,"RT @rocket__crypto: @Hotbit_news @DeCryptoSteam IF YOU WANNA KNOW HOW BIG THIS NEWS IS I GOT COMING 

LIKE I SAID LETS SEE WHAT THE

WHALES…",1483910424638767116,2022-03-20 08:54:51+00:00,
22,1505467896318803969,RT @Laura_Donna1: Paypal co-founder Peter Thiel said that his “biggest mistake” during the last ten years “was getting too late and too lit…,1450543288176500748,2022-03-20 08:54:51+00:00,
23,1505467896125964289,The strongest bullish signal flashed for #XRP #bitcoin #btc #ethereum #eth https://t.co/1LVWsCAHCr,1470905711546691592,2022-03-20 08:54:51+00:00,
24,1505467894746193922,"RT @AirdropStario: 💧 MedusaZone Airdrop 💧

🏆 Task:          ➕  Up to 30 AMEDU (~$36)

👨‍👩‍👧 Referral:   ➕  10 AMEDU (~$12)

🔛 Airdrop Link…",1491427714561380355,2022-03-20 08:54:51+00:00,
25,1505467893517287432,"RT @AirdropDet: 🔍 New #Airdrop: Elite Cash

🏆 Total Airdrop Pool: 140,000 ELC [~$49,000]

🔴 Start the airdrop bot https://t.co/geX2YRhj5n…",1447508185623908356,2022-03-20 08:54:50+00:00,
26,1505467892837457922,"RT @AirdropStario: 💧 CRAT Airdrop 💧

🏆 Task:         ➕  $50 worth of CRAT for 1000 random participants each

👨‍👩‍👧 Referral:  ➕  $100 worth…",1429581641723219971,2022-03-20 08:54:50+00:00,
27,1505467892330274817,Joining Stackswap to bring permissionless Bitcoin DeFi powered by AI! https://t.co/AaRDQozH5P #Stackswap #NFTs #DeFi #Permissionless #Bitcoin #Launchpad #AI,1225676103932493829,2022-03-20 08:54:50+00:00,
28,1505467891231375363,"@aarbeloa17 
@calcsam 
@Crystal3Ortiz 
Very strong project.
#LTC #bitcoin #UTK https://t.co/zcULBd56K8",1076523715280556032,2022-03-20 08:54:50+00:00,
29,1505467889700147201,"RT @AirdropStario: 💧 CRAT Airdrop 💧

🏆 Task:         ➕  $50 worth of CRAT for 1000 random participants each

👨‍👩‍👧 Referral:  ➕  $100 worth…",1488763404953157633,2022-03-20 08:54:49+00:00,
30,1505467887204536324,"RT @TheCryptoGifter: If you don't have @coinbase already, then use my code. 
After you buy or sell $100 or more in #Crypto, you get $10 in…",1489931789754048513,2022-03-20 08:54:49+00:00,
31,1505467884717236224,"RT @Revolotto: 🏏World's Dangerous Cricketer
Greatest Batsman of All-time in Cricket

🌎Universe Boss - Chris Gayle extending his support and…",1428578521681514507,2022-03-20 08:54:48+00:00,
32,1505467883643711488,RT @Alip72826287: @spy_wolf2020 @SpyWolfNetwork The smell of scammers can be smelled from miles away. You have the opportunity. Leave this…,1444966414343983104,2022-03-20 08:54:48+00:00,
33,1505467882318499846,"RT @AirdropStario: 💧 CRAT Airdrop 💧

🏆 Task:         ➕  $50 worth of CRAT for 1000 random participants each

👨‍👩‍👧 Referral:  ➕  $100 worth…",1461210587484995584,2022-03-20 08:54:48+00:00,
34,1505467881655795713,"RT @AirdropDet: 🔍 New #Airdrop: Elite Cash

🏆 Total Airdrop Pool: 140,000 ELC [~$49,000]

🔴 Start the airdrop bot https://t.co/geX2YRhj5n…",1475075616546254848,2022-03-20 08:54:47+00:00,
35,1505467879835189253,"RT @BTCfuel: This #Bitcoin indicator setup has always led to a big BULLISH move in the past. Now it's happening again 🔥🔥🔥

Nice spot from @…",185617758,2022-03-20 08:54:47+00:00,
36,1505467879382302727,"RT @PotatoCoinSPL: 25B Potato giveaway

Potato will surprise you all with what we are about to announce.

Like, Retweet and Tag 3 friends t…",1027382359958675456,2022-03-20 08:54:47+00:00,
37,1505467878883016705,"RT @Evil_Promoter: HIVE is the third major blockchain ecosystems
It is the largest mining pool for Tron
Join them &amp; develop together

Link…",1437209495411720195,2022-03-20 08:54:47+00:00,
38,1505467876978749443,"RT @AirdropStario: 💧 CRAT Airdrop 💧

🏆 Task:         ➕  $50 worth of CRAT for 1000 random participants each

👨‍👩‍👧 Referral:  ➕  $100 worth…",1502524336350978050,2022-03-20 08:54:46+00:00,
39,1505467873279500290,RT @w_s_bitcoin: #Bitcoin's absolute scarcity is such a profound discovery. https://t.co/xGdlyQZGkD,1246828159019954176,2022-03-20 08:54:45+00:00,
40,1505467871895461890,"If you want the lucky bird to sit on your shoulders, hold the #bluesparrow token and participate in the  draw and reward of this bird.
 The blue sparrow will make you happy 
#bluesparrow🐦
#bluesparrowtoken🔥🚀
#TOKEN
#crypto
#draw
#ETH
#UNISWAP
@BlueSparrowETH
#bitcoin e7h8",1444965169365504000,2022-03-20 08:54:45+00:00,
41,1505467870855188480,"RT @PEDRO_M2020: @spy_wolf2020 @SpyWolfNetwork Scammers.....
You can hear the sound of our wolves breathing behind you. There is little tim…",1444966414343983104,2022-03-20 08:54:45+00:00,
42,1505467867508133891,RT @ashwsbreal: #Bitcoin yearly returns! https://t.co/R3rx1Zv2fz,1213040232322322432,2022-03-20 08:54:44+00:00,
43,1505467867071885313,"RT @airdropinspect: New airdrop: Angelic (ANGL)
Total Reward: 50,000 ANGL
Rate: ⭐️⭐️⭐️⭐️
Winners: 1,500 Random &amp; Top 50
Distribution: withi…",1180462271220240386,2022-03-20 08:54:44+00:00,
44,1505467866547691520,"RT @tradeiseveryone: 🎉10 #AVAX  Giveaway to Celebrate $BTC 42K
🎁1 #AVAX  to 10 People, Winners Will Be Announced in 96 Hours

1) Follow @tr…",1503418679568080903,2022-03-20 08:54:44+00:00,
45,1505467865818079236,"RT @Stackswap_BTC: Stackswap GIVEAWAY

Prizes: 
🎁NFTs : 10 Gold Passes and 1,000 Silver Passes
💰Token : 10,000 STSW Tokens (1,000 winners)…",1468217584751296512,2022-03-20 08:54:44+00:00,
46,1505467865633157123,"RT @AirdropDet: 🔍 New #Airdrop: Elite Cash

🏆 Total Airdrop Pool: 140,000 ELC [~$49,000]

🔴 Start the airdrop bot https://t.co/geX2YRhj5n…",1499440413177880606,2022-03-20 08:54:44+00:00,
47,1505467862693351426,@Frankly06356456 @TheCryptoLark The original that never breaks down. They don’t make them like they used to. #bitcoin,952679860844900352,2022-03-20 08:54:43+00:00,
48,1505467861682331655,RT @Alip72826287: @PEDRO_M2020 @spy_wolf2020 @SpyWolfNetwork The smell of scammers can be smelled from miles away. You have the opportunity…,1444966414343983104,2022-03-20 08:54:43+00:00,
49,1505467860864634880,"Applause for the team's outstanding work 👏

I'm amazed by how they create this kind of in-game work. They really are experts in the field of game development 💯

Take a look at this @rovercrc @kokid951 

🌐https://t.co/Hm1B2kD3nb
💎https://t.co/EEbJar7X5U
#bitcoin #NFTs https://t.co/8vkljWMrUi",1500706668740775936,2022-03-20 08:54:42+00:00,
