,id,text,author_id,created_at,geo
0,1505544687809331207,"RT @MeongToken: get total 200 USDT if we win for lucky people
just a screenshot of the results of your vote and your USDT wallet in the rep…",1321953728199487488,2022-03-20 13:59:59+00:00,
1,1505544685657362432,"RT @product6803: +Nothing Will Stop What's Coming+
Created for #PassiveIncome &amp; #trading
1% trade tax
100% Taxes go back to holders
Communi…",1352208349299945472,2022-03-20 13:59:59+00:00,
2,1505544684537462789,"RT @airdropinspect: New airdrop: Angelic (ANGL)
Total Reward: 50,000 ANGL
Rate: ⭐️⭐️⭐️⭐️
Winners: 1,500 Random &amp; Top 50
Distribution: withi…",1394706306376691715,2022-03-20 13:59:59+00:00,
3,1505544684319485952,"RT @ffurknaydnn: @kriptoholder Don’t missed #SHINJA 🥷🏿🔥
Buy Now and Happy later 🥷🏿🔥

#Shibnobi #Crypto #DeFi #BTC #SHIB #Ceek #AVAX #BNB
#E…",1502671018623750145,2022-03-20 13:59:59+00:00,
4,1505544683912458241,"RT @elitecash_io: #Bitcoin and other #cryptocurrencies have certainly changed the way how we bank.

To understand #crypto, you must underst…",1254638003076521984,2022-03-20 13:59:58+00:00,
5,1505544680897118208,"RT @chitaglorya__: giveaway 200$ | 2,800,000 IDR

-- rt follow @flagnetwork_NFT 

-- rt &amp; quoted their pinned with   #FlagNetwork  #cryptoc…",1471973252742344706,2022-03-20 13:59:58+00:00,
6,1505544679802085377,"RT @AirdropDet: 🔍 New #Airdrop: TeddyDoge

💲 Reward: Up to 2,800 TEDDY + 800K TEDDY referral pool

🔴 Start the airdrop bot https://t.co/bJW…",1319850390,2022-03-20 13:59:57+00:00,
7,1505544679705751557,"Check out our website https://t.co/NLt1PUWyNr for the latest #Bitcoin all-time high statistics, #cryptocurrency prices, real-time updates and more.",1505254909674938369,2022-03-20 13:59:57+00:00,
8,1505544679512629255,"RT @AirdropDet: 🔍 New #Airdrop: HappyLandPlus

💲 Reward: Up to 25 USDT + 2,5K USDT referral pool

🔴 Start the airdrop bot https://t.co/j64j…",1490656704215674880,2022-03-20 13:59:57+00:00,
9,1505544678904844291,"RT @airdropinspect: New airdrop: Prizefighter (RING)
Total Reward: $5,000 worth of RING
Rate: ⭐️⭐️⭐️⭐️
Winners: 1,000 Random &amp; Top 100
Dist…",3329101477,2022-03-20 13:59:57+00:00,
10,1505544678392827907,"RT @Revolotto: 🏏World's Dangerous Cricketer
Greatest Batsman of All-time in Cricket

🌎Universe Boss - Chris Gayle extending his support and…",1480146499871064065,2022-03-20 13:59:57+00:00,
11,1505544677893808132,"RT @CryptoBull3000: #MEISHU IS 57% UP OVER THE LAST 24 HOURS!🔥

@Sence92824100 we haven't even started yet😎

Don't wait too long, huge cata…",1443515985571598339,2022-03-20 13:59:57+00:00,
12,1505544674836205569,"- 
BTC price: $41,490 / £31,477 

24.1 Naks per USD
31.77 Naks per GBP
 
&lt;dropping&gt; 

A #Nak is one millionth of a #Bitcoin so it is 100 #Sats. 
If a Sats are cents, Naks are dollars! 
#SatoshiNakamoto 

20/03/2022  13:59:54 GMT https://t.co/TifT9WUTMK",1317380967393353733,2022-03-20 13:59:56+00:00,
13,1505544673271689220,XRP is getting ready to take off to the moon! #altcoin #bitcoin #binance #xrp #ripple https://t.co/CMaA6EXz4M,1451946977432936455,2022-03-20 13:59:56+00:00,
14,1505544673133096966,"Specially thanks sir for sharing a great project I hope this project future is bright more success &amp; go to the moon.

@TiarArdhi 
@Mr_andoek 
@Kinan_28 
@JemiKazol
@HilmanPanditha1

#Airdrops #TeddyDoge #Bitcoin #AirdropDetective #TEDDY #BSC https://t.co/RbM19Geij9",1319850390,2022-03-20 13:59:56+00:00,
15,1505544671912636420,"We just know #XRP will moon #crypto #binance #cryptocurrency #bitcoin #btc

https://t.co/pTL8sO8iej",1477484027363872772,2022-03-20 13:59:56+00:00,
16,1505544671660961794,"RT @AirdropStario: 💧 PeaSwap Finance Airdrop 💧

🏆 Task:          ➕ 10 PEA for 300 random participants each.

🔛 Airdrop Link &amp; Information:…",1505505801040924679,2022-03-20 13:59:56+00:00,
17,1505544670373609474,"RT @airdropinspect: New airdrop: Prizefighter (RING)
Total Reward: $5,000 worth of RING
Rate: ⭐️⭐️⭐️⭐️
Winners: 1,000 Random &amp; Top 100
Dist…",1395397740146823168,2022-03-20 13:59:55+00:00,
18,1505544668221624320,"RT @product6803: +Nothing Will Stop What's Coming+
Created for #PassiveIncome &amp; #trading
1% trade tax
100% Taxes go back to holders
Communi…",1352208349299945472,2022-03-20 13:59:55+00:00,
19,1505544667945144320,"RT @AirdropDet: 🔍 New #Airdrop: YupVerse

💲 Reward: Up to 10M YuP (~$5) + 2M YuP (~$1,000) referral pool

🔴 Start the airdrop bot https://t…",1489072711133319168,2022-03-20 13:59:55+00:00,
20,1505544665738620929,"RT @airdropinspect: New airdrop: Prizefighter (RING)
Total Reward: $5,000 worth of RING
Rate: ⭐️⭐️⭐️⭐️
Winners: 1,000 Random &amp; Top 100
Dist…",1484292870714662918,2022-03-20 13:59:54+00:00,
21,1505544665281400833,"Good project
@masumaahuja 
@cristianafarias 
@samiamhollander 
#BNBBULL #LAZIO #bitcoin https://t.co/fnzSnkG0ZO",1505542345894158340,2022-03-20 13:59:54+00:00,
22,1505544663490768911,"RT @p2ePrizeFighter: “If you work hard in training, the fight is easy.” 

-Manny Pacquiao

Can be perfectly applied to PrizeFighter as well…",1455042679436300291,2022-03-20 13:59:54+00:00,
23,1505544663134085128,"RT @Revolotto: 🏏World's Dangerous Cricketer
Greatest Batsman of All-time in Cricket

🌎Universe Boss - Chris Gayle extending his support and…",1488167722982973441,2022-03-20 13:59:54+00:00,
24,1505544663025205255,"RT @p2ePrizeFighter: “If you work hard in training, the fight is easy.” 

-Manny Pacquiao

Can be perfectly applied to PrizeFighter as well…",3329101477,2022-03-20 13:59:53+00:00,
25,1505544662035345411,"RT @Revolotto: 🏏World's Dangerous Cricketer
Greatest Batsman of All-time in Cricket

🌎Universe Boss - Chris Gayle extending his support and…",1308650105734529025,2022-03-20 13:59:53+00:00,
26,1505544661561409539,"RT @airdropinspect: New airdrop: Jungle Jim (JIM)
Total Reward: $5,000 worth of JIM
Rate: ⭐️⭐️⭐️⭐️
Winners: 1000 Random &amp; Top 100
Distribut…",1482758416179560448,2022-03-20 13:59:53+00:00,
27,1505544660059574274,"RT @ffurknaydnn: @AlbayScofield Don’t missed #SHINJA 🥷🏿🔥
Buy Now and Happy later 🥷🏿🔥

#Shibnobi #Crypto #DeFi #BTC #SHIB #Ceek #AVAX #BNB
#…",1502671018623750145,2022-03-20 13:59:53+00:00,
28,1505544659241742344,"RT @VeilleCyber3: There’s more to #AI #Bias than biased #data, #NIST report highlights
https://t.co/CIxzuXPXYA

#AIEthics #MachineLearning…",1448950105059598336,2022-03-20 13:59:53+00:00,
29,1505544658671136768,"RT @AirdropStario: 💧 PeaSwap Finance Airdrop 💧

🏆 Task:          ➕ 10 PEA for 300 random participants each.

🔛 Airdrop Link &amp; Information:…",1496148282615418890,2022-03-20 13:59:52+00:00,
30,1505544657719406596,"RT @AirdropStario: 💧 SafeWallet Airdrop 💧

🏆 Task:        ➕ 175 SLT (~$3.5) for 1000 random participants

👨‍👩‍👧 Referral: ➕ 30,000 SLT (~$6…",1450765378947141636,2022-03-20 13:59:52+00:00,
31,1505544650051964930,"RT @shegzynanah: #MarvinInu on the edge of blasting to mars! 

Whole community is bullish and ready for a massive invasion! 

Anticipate 
#…",1437775547917029392,2022-03-20 13:59:50+00:00,
32,1505544649380827138,"RT @product6803: +Nothing Will Stop What's Coming+
Created for #PassiveIncome &amp; #trading
1% trade tax
100% Taxes go back to holders
Communi…",1352208349299945472,2022-03-20 13:59:50+00:00,
33,1505544649225617409,"RT @airdropinspect: New airdrop: MOMOCO (USDT)
Total Reward: 3,000 USDT
Rate: ⭐️⭐️⭐️⭐️
Winners: 1000 Random &amp; Top 100
Distribution: within…",1459452238573670404,2022-03-20 13:59:50+00:00,
34,1505544649003638784,"RT @Tizarrr: after you have the 9 sub assets, then you can have the main assets for free, including bonus cards:
10. TZRCNYXASSET.THESUB211…",724956031634251776,2022-03-20 13:59:50+00:00,
35,1505544647619272718,"RT @AirdropStario: 💧 PeaSwap Finance Airdrop 💧

🏆 Task:          ➕ 10 PEA for 300 random participants each.

🔛 Airdrop Link &amp; Information:…",1495780526011023366,2022-03-20 13:59:50+00:00,
36,1505544647015206914,"RT @AirdropStario: 💧 PeaSwap Finance Airdrop 💧

🏆 Task:          ➕ 10 PEA for 300 random participants each.

🔛 Airdrop Link &amp; Information:…",1498967448510676994,2022-03-20 13:59:50+00:00,
37,1505544646818160645,"This is why powerful people are afraid of the #Bitcoin economic model. It can effectively change the way that corporations make decisions. After all, the world runs on data and statistics now.",775278091,2022-03-20 13:59:50+00:00,
38,1505544645241368579,"RT @AirdropDet: 🔍 New #Airdrop: Elite Cash

🏆 Total Airdrop Pool: 140,000 ELC [~$49,000]

🔴 Start the airdrop bot https://t.co/geX2YRhj5n…",1473295432855871489,2022-03-20 13:59:49+00:00,
39,1505544643718443017,"RT @AirdropDet: 🔍 New #Airdrop: YupVerse

💲 Reward: Up to 10M YuP (~$5) + 2M YuP (~$1,000) referral pool

🔴 Start the airdrop bot https://t…",776465000529395712,2022-03-20 13:59:49+00:00,
40,1505544639696232448,Tunisia: Mass anti-Saied protests take place in capital Tunis #bitcoin #crypto https://t.co/yv3YymudjT,1942991023,2022-03-20 13:59:48+00:00,
41,1505544639469821960,"RT @nanogamesio: https://t.co/BFlBOcNqjw is giving away $100 in #Litecoin to one random winner!

✅Like &amp; Follow
✅Post your Wallet Address
✅…",1086874589618233344,2022-03-20 13:59:48+00:00,
42,1505544635069960196,"#bitcoin will hit a million dollars per coin, the only question is when!

Everything #Bitcoin #BNB ₿",1466083792758661128,2022-03-20 13:59:47+00:00,
43,1505544634952740867,"We just know #XRP will moon #crypto #binance #cryptocurrency #bitcoin #btc

https://t.co/u4sBLhG9TX",1421131868423049219,2022-03-20 13:59:47+00:00,
44,1505544634252111872,@lisa_cara19 #bitcoin fixes this,1455662160764448776,2022-03-20 13:59:47+00:00,
45,1505544634235174913,"RT @product6803: +Nothing Will Stop What's Coming+
Created for #PassiveIncome &amp; #trading
1% trade tax
100% Taxes go back to holders
Communi…",1352208349299945472,2022-03-20 13:59:47+00:00,
46,1505544633975283714,"RT @airdropinspect: New airdrop: MOMOCO (USDT)
Total Reward: 3,000 USDT
Rate: ⭐️⭐️⭐️⭐️
Winners: 1000 Random &amp; Top 100
Distribution: within…",1454783570992582659,2022-03-20 13:59:47+00:00,
47,1505544633836789767,"RT @AirdropDet: 🔍 New #Airdrop: YupVerse

💲 Reward: Up to 10M YuP (~$5) + 2M YuP (~$1,000) referral pool

🔴 Start the airdrop bot https://t…",1484265177541455872,2022-03-20 13:59:47+00:00,
48,1505544633149009922,"RT @coinbitsapp: Lessons in #BTC: 

A “Satoshi” is a common Bitcoin unit of measurement. 

Derived from the pseudonym of it’s founder(s), S…",273152938,2022-03-20 13:59:46+00:00,
49,1505544631399890945,"RT @compass_mining: Racks on racks 💥

#Bitcoin https://t.co/Mk6QD8WhOm",814595322462818304,2022-03-20 13:59:46+00:00,
