,id,text,author_id,created_at,geo
0,1505591747065577473,"With the opportunity to take part in this airdrop, I am very enthusiastic because this is an excellent project, let's take it to the moon. #FlagNetwork #IDO #cryptocurrency #Bitcoin #NFTs https://t.co/v8118wjVth",1495367342427340800,2022-03-20 17:06:59+00:00,
1,1505591746604191746,"RT @AirdropAchiever: New Whitelist: STMAN × FamCentral
Allocation: ≤ 30 BUSD (TBA)
Winners: All Participants
End Date: 22nd March, 2022

🔗…",2454743663,2022-03-20 17:06:59+00:00,
2,1505591745865990145,"the strongest bullish signal flashed for #Bitcoin. Not trend reverse but price bounce is anticipated!

@tradeosiann  is a super #BTC Trader 
I’ve been following his tweets and tips seriously &amp; I’ve been doing great $DASH $LUNA $LINA $RSR #Cryptocurrency  $BAL ff",1467726421229391875,2022-03-20 17:06:59+00:00,
3,1505591745568030720,RT @TomerStrolight: When Ethereum fails people are going to ask if that means #Bitcoin will too. But Bitcoin has been built to last from th…,1293495342357516288,2022-03-20 17:06:59+00:00,
4,1505591743827390471,"RT @TheMoonCarl: Would you rather go all in on #Bitcoin or #Ethereum?

Both       $ETH          $BTC
👇            👇                👇",1422263758978752519,2022-03-20 17:06:58+00:00,
5,1505591742632194051,"It is a limit, it can neither add nor subtract #bitcoin https://t.co/bNnPNDq3MM",1446829238770810880,2022-03-20 17:06:58+00:00,
6,1505591740387893248,"RT @AirdropStario: 💧 Odds96 Airdrop 💧

🏆 Task:          ➕ $10 worth of Odds96 Tokens.

🔛 Airdrop Link &amp; Information: https://t.co/rBb5KjyM1…",1502699524602871811,2022-03-20 17:06:58+00:00,
7,1505591740165922818,"RT @BitcoinMagazine: 💥 In 17 days, the biggest #Bitcoin  conference in history kicks off in Miami 👀",1380557907985539074,2022-03-20 17:06:58+00:00,
8,1505591735245627394,"RT @p2ePrizeFighter: Who will be the next challenger?
(Screenshot from Actual Gameplay)

#nft #nftart #art #digitalart #nfts #nftartist #cr…",1492926044009304064,2022-03-20 17:06:56+00:00,
9,1505591733819564033,"RT @tedcruz: #Bitcoin is the new digital gold. 

The more Democrats devalue our currency, the more vulnerable it gets, and the more people…",1432750778939150340,2022-03-20 17:06:56+00:00,
10,1505591733312131081,"RT @AirdropAchiever: New Whitelist: STMAN × FamCentral
Allocation: ≤ 30 BUSD (TBA)
Winners: All Participants
End Date: 22nd March, 2022

🔗…",1475813785960996865,2022-03-20 17:06:56+00:00,
11,1505591728899862528,"RT @TheMoonCarl: Holding fiat will turn billionaires into millionaires.

HODLing #Bitcoin will turn millionaires into ₿illionaires.",1312723687863451649,2022-03-20 17:06:55+00:00,
12,1505591727071146000,RT @saylor: You do not sell your #bitcoin.  https://t.co/LJNgJeWxvR,775805728070078465,2022-03-20 17:06:54+00:00,
13,1505591724550377476,"RT @CarlBMenger: @saifedean warned us about this. The one who are closest to the money printer can afford cars and eat meat, everyone else…",254773928,2022-03-20 17:06:54+00:00,
14,1505591724424445957,Clear cup and Holder Pattern on 30 Min Chart Pattern for BINANCE:RUNEUSDT by themdrizwanahmad #bitcoin #crypto https://t.co/oc1d3PiBsz https://t.co/kfO7zvo1Yi,2281314234,2022-03-20 17:06:54+00:00,
15,1505591723774337032,"RT @ehnamvar: After 2 years finally it's time for a breakout? Let's see. #Swipe 

@SolarNetwork @Swipeio @JoselitoL_ 
#Bitcoin #SXP #BTC…",1349289694698348544,2022-03-20 17:06:54+00:00,
16,1505591721333506051,"RT @TheMoonCarl: Would you rather go all in on #Bitcoin or #Ethereum?

Both       $ETH          $BTC
👇            👇                👇",1491194984262864899,2022-03-20 17:06:53+00:00,
17,1505591720373026820,"@ItsVarun99 @Vitruviews @dheetAF_ @EosBeeshindi @CrypMemes @EOS_Bees @eos_Bull @Eos_Indian @EOS_SHARK @go_eos @anubhav46639833 EOS is ready to take off bro, Once #Bitcoin starts flying.  Hold $EOS",2559864640,2022-03-20 17:06:53+00:00,
18,1505591719873560577,"RT @BezosCrypto: Why I’m Very Bullish on #Bitcoin🚀🚀

1. #Bitcoin Supply is ONLY 21 Million

2. The World Population Who Can Buy #Bitcoin is…",1105864595590148097,2022-03-20 17:06:53+00:00,
19,1505591719869677570,"the strongest bullish signal flashed for #Bitcoin. Not trend reverse but price bounce is anticipated!

@tradeosiann  is a super #BTC Trader 
I’ve been following his tweets and tips seriously &amp; I’ve been doing great $DASH $LUNA $LINA $RSR #Cryptocurrency  $BAL dd",1467726421229391875,2022-03-20 17:06:53+00:00,
20,1505591716816080900,200M $UWLT to the next purchase of .1 #bnb of Uncle Walter is still on! 0x53ce5dcF62E420D513e268A732dF0825F7D8D5c7 Quick and easy free 💵 #Giveaways #crypto #bsc #BSCGems #bitcoin,1486188059779485701,2022-03-20 17:06:52+00:00,
21,1505591712181366794,"RT @XYOPepe: Pepe will be giving away a total of 10,000 $xyo to 5 lucky winners (2,000 each) when it hits $0.03. 

Just retweet this to par…",1438151677018886150,2022-03-20 17:06:51+00:00,
22,1505591711526883338,"RT @p2ePrizeFighter: Who will be the next challenger?
(Screenshot from Actual Gameplay)

#nft #nftart #art #digitalart #nfts #nftartist #cr…",1505219046769250304,2022-03-20 17:06:51+00:00,
23,1505591709375217664,"@Meta_UFO NICE PROJECT
#sol #bitcoin #adx
@aznthuboi @mamasmoney @yalide4",1464948302969913347,2022-03-20 17:06:50+00:00,
24,1505591705491410949,#Crypto #bitcoin - Save the life of this family,1505558429775114240,2022-03-20 17:06:49+00:00,
25,1505591705420009478,"RT @BezosCrypto: Dont wait till ATH before buying. Now is the right time....

while it's still cheap.

#Bitcoin  dips are transitory.
Infla…",1105864595590148097,2022-03-20 17:06:49+00:00,
26,1505591702307889161,Amazing work¡ #bitcoinart #bitcoin https://t.co/9lwGygerWh,1149682897114152961,2022-03-20 17:06:49+00:00,
27,1505591700303106052,"RT @TrendRidersTR: WHEN #bitcoin RALLY?

WHEN #ALTSEASON? 

We need $BTC above the Weekly Rider Band, wait patiently.

RB is very thin righ…",1129377940389519360,2022-03-20 17:06:48+00:00,
28,1505591696297689088,"RT @BitcoinBR_info: Buy BitcoinBR (BTCBR) Using @Uniswap on Ethereum Network (ETH) | Pools | Info

BTCBR/USDT https://t.co/E6S4t3iGpD

BTCB…",1485496396539396096,2022-03-20 17:06:47+00:00,
29,1505591696137986055,"RT @AirdropStario: 💧 Odds96 Airdrop 💧

🏆 Task:          ➕ $10 worth of Odds96 Tokens.

🔛 Airdrop Link &amp; Information: https://t.co/rBb5KjyM1…",1501234238514814982,2022-03-20 17:06:47+00:00,
30,1505591691801415680,"RT @compass_mining: Racks on racks 💥

#Bitcoin https://t.co/Mk6QD8WhOm",1477737466622734340,2022-03-20 17:06:46+00:00,
31,1505591691151085571,"RT @airdropinspect: New airdrop: Prizefighter (RING)
Total Reward: $5,000 worth of RING
Rate: ⭐️⭐️⭐️⭐️
Winners: 1,000 Random &amp; Top 100
Dist…",1505465772549758978,2022-03-20 17:06:46+00:00,
32,1505591690610245634,RT @Blockworks_: PayPal Co-Founder: The biggest mistake I made in the last decade was getting too late and too little into #Bitcoin,1380557907985539074,2022-03-20 17:06:46+00:00,
33,1505591685991993350,"RT @AirdropStario: 💧 SafeWallet Airdrop 💧

🏆 Task:        ➕ 175 SLT (~$3.5) for 1000 random participants

👨‍👩‍👧 Referral: ➕ 30,000 SLT (~$6…",1499803982545694720,2022-03-20 17:06:45+00:00,
34,1505591684188438529,"RT @BezosCrypto: #Bitcoin  Always Bounce Back and Break All Time High 🚀🙌💎😻🧿

 #SHIBARMYSTRONG 

 #SHIBA #shibainu #SHIBACOIN #ShibainuCoin…",1105864595590148097,2022-03-20 17:06:44+00:00,
35,1505591682070310913,"RT @WatcherGuru: JUST IN: 🇸🇬 Singapore’s largest bank, DBS Bank CEO, Piyush Gupta, says central banks should regulate #Bitcoin &amp; #crypto.",1268849220645249030,2022-03-20 17:06:44+00:00,
36,1505591681919459333,"RT @slightdebacle: Now that #Bitcoin’s pumping, don’t forget to also go outside. https://t.co/JKmBN06Pr2",1269971214346395649,2022-03-20 17:06:44+00:00,
37,1505591676265730048,"RT @airdropinspect: New airdrop: NOS Watch
Total Reward: 1,100 Artwork NFT
Rate: ⭐️⭐️⭐️⭐️
Winners: 1,000 Random &amp; Top 100
Distribution: wit…",1497130756195319809,2022-03-20 17:06:42+00:00,
38,1505591674331963399,"RT @AirdropStario: 💧 Odds96 Airdrop 💧

🏆 Task:          ➕ $10 worth of Odds96 Tokens.

🔛 Airdrop Link &amp; Information: https://t.co/rBb5KjyM1…",1504747225846632450,2022-03-20 17:06:42+00:00,
39,1505591674013208581,"RT @AirdropStario: 💧 PeaSwap Finance Airdrop 💧

🏆 Task:          ➕ 10 PEA for 300 random participants each.

🔛 Airdrop Link &amp; Information:…",1436400979851743238,2022-03-20 17:06:42+00:00,
40,1505591672289341440,"RT @TheMoonCarl: Will #Bitcoin hit $1M in 5 years?

No          Maybe         Yes
👇            👇                👇",1491414456672395266,2022-03-20 17:06:41+00:00,
41,1505591671987359746,"RT @chadeverett: [One Single Ingredient]

Pic 1- June 2018  1MW Test 
Pic 2- March 2019 - 5MW Test 
Pic 3- March 2020- 64,000 S9 installed…",95104671,2022-03-20 17:06:41+00:00,
42,1505591670234316801,"RT @AirdropDet: 🔍 New #Airdrop: HappyLandPlus

💲 Reward: Up to 25 USDT + 2,5K USDT referral pool

🔴 Start the airdrop bot https://t.co/j64j…",1467802735709884416,2022-03-20 17:06:41+00:00,
43,1505591666509459458,"RT @YupVerse: ✔️ YupVerse Airdrop (New Round) is live!

🔵 Airdrop Reward: Up to 10 Million YuP (~$5)

🔵 Referral Reward: 2 Million YuP (~$1…",1476225420655661059,2022-03-20 17:06:40+00:00,
44,1505591665825787904,"RT @AirdropDet: 🔍 New #Airdrop: HappyLandPlus

💲 Reward: Up to 25 USDT + 2,5K USDT referral pool

🔴 Start the airdrop bot https://t.co/j64j…",785532347487653888,2022-03-20 17:06:40+00:00,
45,1505591664890441732,"RT @Revolotto: 🏏World's Dangerous Cricketer
Greatest Batsman of All-time in Cricket

🌎Universe Boss - Chris Gayle extending his support and…",1383020302720913408,2022-03-20 17:06:40+00:00,
46,1505591659769257999,"@notnode_com 🔥BlocPay🔥

BlocPay is one of multiple modules that BlocVault plans to release. 
One of the biggest things that BlocPay brings to the table is FIAT direct to Tokens along with the BlocVault Debit Card.💳

#BITCOIN #BSC #ETH
#Staking #BSC #ETH #BTC 
#WeAreBlocVault https://t.co/9uQFy1FoMv",1481876386176458755,2022-03-20 17:06:38+00:00,
47,1505591658255040512,"RT @AirdropStario: 💧 Odds96 Airdrop 💧

🏆 Task:          ➕ $10 worth of Odds96 Tokens.

🔛 Airdrop Link &amp; Information: https://t.co/rBb5KjyM1…",1474469369283444737,2022-03-20 17:06:38+00:00,
48,1505591658095775744,RT @Muataz_Hadia: When we say $FEG will be the King of DEFI and google suite for crypto we mean it. What’s coming it is mind blowing. Sit b…,1041016555415449613,2022-03-20 17:06:38+00:00,
49,1505591657999261696,"RT @AirdropStario: 💧 Pug doge Airdrop 💧

🏆 Task:          ➕ Up to 333 Million PUG (~$10)

👨‍👩‍👧 Referral:   ➕ 100 Million PUG (~$3)

🔛 Aird…",1306600353056477185,2022-03-20 17:06:38+00:00,
