,id,text,author_id,created_at,geo
0,1505652396869009409,"XRP is getting ready to take off to the moon! #altcoin #bitcoin #binance #xrp #ripple

https://t.co/8X79ebcZSC",1395072112264572928,2022-03-20 21:07:59+00:00,
1,1505652394994151424,"RT @AirCoinreal: Sources: Honduras to announce #Bitcoin  as legal tender, 1 year after El Salvador did the same.

https://t.co/sS6X1AxNBF h…",1453278119494922246,2022-03-20 21:07:59+00:00,
2,1505652393014226944,"XRP is getting ready to take off to the moon! #altcoin #bitcoin #binance #xrp #ripple

https://t.co/TXtLeXCmh7",1230580440471306242,2022-03-20 21:07:58+00:00,
3,1505652391349157888,"RT @cz_binance: If you don't understand #bitcoin, you don't understand money.",1453229638977732612,2022-03-20 21:07:58+00:00,
4,1505652390615203846,"We just know #XRP will moon #crypto #binance #cryptocurrency #bitcoin #btc

https://t.co/DTxbhuAnId",1436493807315341312,2022-03-20 21:07:58+00:00,
5,1505652388308340741,"RT @StephenPunwasi: India just bought 3 million barrels of oil from Russia at a 20% discount and paid in rupees, not USD.

The fight to de-…",915404092507291648,2022-03-20 21:07:57+00:00,
6,1505652387779944450,"👋 A new block was found on the #Bitcoin network. We're at block height 728260, current #bitcoin price is $41203.91 and there are 201084372690011 #sats left to mine.",1448763322812276737,2022-03-20 21:07:57+00:00,
7,1505652386580541441,"RT @MCStaker: 🔥GIVEAWAY🔥
10 WINNERS, 50 MATIC FOR EACH WINNER💜

👉Like and Retweet this tweet
👉Follow us
👉 Tag a friend
👉Join our telegram:…",1384158198345568266,2022-03-20 21:07:57+00:00,
8,1505652386018340874,"RT @CarlBMenger: If you are ever sad, just remember planet earth is 4,543 x 10^9 years old and you somehow managed to exist at the same tim…",447900842,2022-03-20 21:07:57+00:00,
9,1505652384927727625,"We just know #XRP will moon #crypto #binance #cryptocurrency #bitcoin #btc

https://t.co/wQ4liBQjkV",1448413104073756672,2022-03-20 21:07:56+00:00,
10,1505652383975620614,"RT @TokenSaint: #Saintpatrick $SPT🍀

Market Cap : 55.000 USD
Holder : 1,038

Applied for #coinmarketcap and #coingecko 

Get in our Green T…",1479551890870480897,2022-03-20 21:07:56+00:00,
11,1505652383371595776,Current #Bitcoin Price is $41225 #BTC #Crypto,1443994358651359234,2022-03-20 21:07:56+00:00,
12,1505652379210817536,"XRP is getting ready to take off to the moon! #altcoin #bitcoin #binance #xrp #ripple

https://t.co/OJmXA8HPlm",1428188265740439555,2022-03-20 21:07:55+00:00,
13,1505652377633935363,RT @missbitcoin_mai: Perfectly smooth #LightningNetwork  transaction at Starbucks! Better than usual caramel macchiato😏❤️#Bitcoin #ElSalvad…,876932472,2022-03-20 21:07:55+00:00,
14,1505652372386816001,"RT @HadiHos65287736: #BlueSparrow is a bridge between the stock market and crypto .. You will have both in the Blue Sparrow CEX
#BlueBit  😍…",1464138431882276866,2022-03-20 21:07:53+00:00,
15,1505652371594096647,"RT @BTCnHODL: Don’t get shaken out. Everyone wants your #bitcoin, whether they know it now or not.",497776937,2022-03-20 21:07:53+00:00,
16,1505652366284107787,"RT @TheMoonCarl: Would you rather go all in on #Bitcoin or #Ethereum?

Both       $ETH          $BTC
👇            👇                👇",1407061223162712065,2022-03-20 21:07:52+00:00,
17,1505652361427132429,Get IN now don't be LATE #xrp #binance #cryptocurrency #bitcoin https://t.co/ozjkEBHe27,1307545813736976394,2022-03-20 21:07:51+00:00,
18,1505652360084815872,"n Japan, #XRP is religion. I love it! All works! #eth #ethereum #binance #bitcoin btc #ripple #crypto #cryptocurrency

https://t.co/eZqDJ2qbKx",1399776217616859145,2022-03-20 21:07:50+00:00,
19,1505652357639593993,"#Bitcoin is on an Uptrend but a Break Above $46,000 Remains a Challenge https://t.co/cSJARzPb5O",2876614465,2022-03-20 21:07:50+00:00,
20,1505652357580963849,"Mass Adoption Will Drive #Bitcoin Up 10x in #BitcoinPrice by 2025, Says Pantera Capital CEO Dan Morehead https://t.co/hq7z5RTYyD",2876614465,2022-03-20 21:07:50+00:00,
21,1505652357480255493,A detailed guide on how to lose all your #Bitcoin investments https://t.co/OjcyKtbw0O,2876614465,2022-03-20 21:07:50+00:00,
22,1505652357345992715,"#Bitcoin #BitcoinPrice analysis: #BTC fails to break $42,500 previous high, retracement needed? https://t.co/HbyM0BnQbs",2876614465,2022-03-20 21:07:50+00:00,
23,1505652357132083201,"#Bitcoin Breaks Past The $40,000 Barrier Again – Can It Sustain The Momentum? https://t.co/BxIcOWdYxj",2876614465,2022-03-20 21:07:50+00:00,
24,1505652353319505930,"RT @cz_binance: If you don't understand #bitcoin, you don't understand money.",1348571987824832515,2022-03-20 21:07:49+00:00,
25,1505652351692320768,"RT @ProjectsIco: What is next leg up for #Bitcoin 

#Crypto #BTC #BTCUSDT #cryptocurrency",1481777817637601287,2022-03-20 21:07:48+00:00,
26,1505652351650123780,"RT @TheMoonCarl: Will #Bitcoin hit $100,000 in 2022?

No           Maybe         Yes
👇            👇                👇",1505650812030181383,2022-03-20 21:07:48+00:00,
27,1505652350786097162,"RT @cz_binance: If you don't understand #bitcoin, you don't understand money.",2898174735,2022-03-20 21:07:48+00:00,
28,1505652349288673285,Get IN now don't be LATE #xrp #binance #cryptocurrency #bitcoin https://t.co/PLHcfPKGxE,1282169518685593600,2022-03-20 21:07:48+00:00,
29,1505652348282056704,Get IN now don't be LATE #xrp #binance #cryptocurrency #bitcoin https://t.co/XhRosOor1K,1330194948424151042,2022-03-20 21:07:48+00:00,
30,1505652342577848322,"@BSCGemsx100 #VEKTOR token 💚

Today… @coingecko ✔️
And soon… @CoinMarketCap 🙏🚀

#Bitcoin  #BTC  #Crypto #BNB   #BSC #NFT #USDT #BUSD    @Vektor_crypto @bolld_David @VEKTORgives @Vektor_vektor  @VektorNews @VinDAXOfficial @ArkenFinance @BinanceChain @binance 

https://t.co/sLsjYLw6Jg",1471582647013019651,2022-03-20 21:07:46+00:00,
31,1505652340992344064,"XRP is getting ready to take off to the moon! #altcoin #bitcoin #binance #xrp #ripple

https://t.co/7FZQj3p8J4",1386940383184179200,2022-03-20 21:07:46+00:00,
32,1505652340036186113,"RT @BTC_Archive: #Bitcoin is King 👑 

https://t.co/HOEoSG7ZPO",1475582549367967744,2022-03-20 21:07:46+00:00,
33,1505652339893485576,"Below please find my Sunday Post w/ Game Plan/Levels &amp; Chart for the week ahead. Also commentary on general markets, the sectors, incl. #bitcoin

$SPX $ES_F $SPY $DJI $NDX $IWM $VIX $XLK

#trading #StockMarket 

Sunday Post - Recap &amp; Week Ahead 3/20/2022 https://t.co/WnWKQCpZMJ",27245687,2022-03-20 21:07:46+00:00,
34,1505652339126022146,"n Japan, #XRP is religion. I love it! All works! #eth #ethereum #binance #bitcoin btc #ripple #crypto #cryptocurrency

https://t.co/bFs9xv7BLi",1493701376299663360,2022-03-20 21:07:45+00:00,
35,1505652336265502725,"RT @AirdropDet: 🔍 New #Airdrop: Elite Cash

🏆 Total Airdrop Pool: 140,000 ELC [~$49,000]

🔴 Start the airdrop bot https://t.co/geX2YRhj5n…",1459291946787213316,2022-03-20 21:07:45+00:00,
36,1505652335485194241,"RT @yachtclub_NFT: 💎#NFTGiveaway💎

To celebrate our partnership with @DeadApeClub
we're giving away 1 #NFT🍀 +5 WL spots

🏆1x @DeadApeClub 🐒…",1426038214612054016,2022-03-20 21:07:45+00:00,
37,1505652335141343239,"RT @cz_binance: If you don't understand #bitcoin, you don't understand money.",840597959767162880,2022-03-20 21:07:45+00:00,
38,1505652334025617408,"RT @m_umair2002: Giving away my NFTs 
1 winner 🏆  -  60 minutes ⌛

To win:                      
1. Follow Me✅
2. Like and Retweet  ✅
3. Dr…",1502865656022450176,2022-03-20 21:07:44+00:00,
39,1505652332754788360,"RT @LOAN_DeFi: 🔥The #LOAN token is the key to unlocking the full potential of World Loan Finance. 
A few people thought that #bitcoin (BTC)…",1504170717578936323,2022-03-20 21:07:44+00:00,
40,1505652326840745985,"We just know #XRP will moon #crypto #binance #cryptocurrency #bitcoin #btc

https://t.co/p2ZMyA93pv",1415588959757897730,2022-03-20 21:07:43+00:00,
41,1505652325674803202,"RT @m_umair2002: Giving away my NFTs 
1 winner 🏆  -  60 minutes ⌛

To win:                      
1. Follow Me✅
2. Like and Retweet  ✅
3. Dr…",1454175835213156354,2022-03-20 21:07:42+00:00,
42,1505652324445786115,"RT @AirdropStario: 💧 Hero Arena Airdrop 💧

📍 Listed on: CoinMarketCap, PancakeSwap

🏆 Task: ➕  100 HERA (~$4) for 3000 random participants…",1429684667834200064,2022-03-20 21:07:42+00:00,
43,1505652320910065678,RT @BitcoinMagazine: The revolution can not be stopped. #Bitcoin https://t.co/J51qviTWId,1505650812030181383,2022-03-20 21:07:41+00:00,
44,1505652316044947458,"RT @AirdropStario: 💧 Hero Arena Airdrop 💧

📍 Listed on: CoinMarketCap, PancakeSwap

🏆 Task: ➕  100 HERA (~$4) for 3000 random participants…",1446388908367880192,2022-03-20 21:07:40+00:00,
45,1505652312701816834,"RT @saylor: If you don't understand money, you won't understand #bitcoin.",520775857,2022-03-20 21:07:39+00:00,
46,1505652311544107009,RT @WatcherGuru: JUST IN: PayPal co-founder says the “biggest mistake I made in the last decade was getting too late and too little into #B…,731453518528323584,2022-03-20 21:07:39+00:00,
47,1505652309275156482,"RT @yachtclub_NFT: 💎#NFTGiveaway💎

To celebrate our partnership with @DeadApeClub
we're giving away 1 #NFT🍀 +5 WL spots

🏆1x @DeadApeClub 🐒…",1886598690,2022-03-20 21:07:38+00:00,
48,1505652306272034823,"RT @BitcoinMagazine: Only 2 weeks until the 19,000,000 #bitcoin is mined ⛏",1505650812030181383,2022-03-20 21:07:38+00:00,
49,1505652306125238283,"RT @binance: Click a button, win a #Bitcoin.
 
Sound good? #BitcoinButton 
 
Go ➡️ https://t.co/OwsRxlzV3D https://t.co/mnATF6ZMJ8",1490098070595555328,2022-03-20 21:07:38+00:00,
