,id,text,author_id,created_at,geo
0,1505439745060442114,"RT @airdropinspect: New airdrop: FoodChain Global (FOOD)
Total Reward: $5,000 worth of FOOD
Rate: ⭐️⭐️⭐️⭐️
Winners: 1000 Random &amp; Top 100
D…",1453622316072521728,2022-03-20 07:02:59+00:00,
1,1505439742238031875,"RT @AirdropStario: 💧 SafeWallet Airdrop 💧

🏆 Task:        ➕ 175 SLT (~$3.5) for 1000 random participants

👨‍👩‍👧 Referral: ➕ 30,000 SLT (~$6…",1412934578319159298,2022-03-20 07:02:58+00:00,
2,1505439740526530562,"RT @VCCrypto22: #btc #Bitcoin 
Most of the time Before opening any Session  MM Pump the Market to Hunt SL and After Opening they Dump.",1502004203157438471,2022-03-20 07:02:58+00:00,
3,1505439738555109377,"RT @AirdropStario: 💧 SafeWallet Airdrop 💧

🏆 Task:        ➕ 175 SLT (~$3.5) for 1000 random participants

👨‍👩‍👧 Referral: ➕ 30,000 SLT (~$6…",1502809657743937536,2022-03-20 07:02:58+00:00,
4,1505439738018217987,You can do Cloud Mining using this site https://t.co/1rKu6M3dGL                            #mining #trxmining #money #earnmoney #register #bitcoin #ethereum #btc #eth #tronvex 3411,1477419227371868162,2022-03-20 07:02:57+00:00,
5,1505439737850462209,"RT @AirdropStario: 💧 SafeWallet Airdrop 💧

🏆 Task:        ➕ 175 SLT (~$3.5) for 1000 random participants

👨‍👩‍👧 Referral: ➕ 30,000 SLT (~$6…",1478276123846852608,2022-03-20 07:02:57+00:00,
6,1505439731160862725,"RT @airdropinspect: New airdrop: Angelic (ANGL)
Total Reward: 50,000 ANGL
Rate: ⭐️⭐️⭐️⭐️
Winners: 1,500 Random &amp; Top 50
Distribution: withi…",1427197256776634369,2022-03-20 07:02:56+00:00,
7,1505439731110191104,"RT @airdropinspect: New airdrop: Prizefighter (RING)
Total Reward: $5,000 worth of RING
Rate: ⭐️⭐️⭐️⭐️
Winners: 1,000 Random &amp; Top 100
Dist…",1455819004593926146,2022-03-20 07:02:56+00:00,
8,1505439730686738435,"RT @DeathNote_Token: DEATH NOTE TOKEN REFERRAL CONTEST 🔥 

Join our contest and win #Prizes for inviting the most people to our @telegram 🍎…",1389622734259474438,2022-03-20 07:02:56+00:00,
9,1505439729495379970,"RT @AirdropStario: 💧 SafeWallet Airdrop 💧

🏆 Task:        ➕ 175 SLT (~$3.5) for 1000 random participants

👨‍👩‍👧 Referral: ➕ 30,000 SLT (~$6…",1463031656239960071,2022-03-20 07:02:55+00:00,
10,1505439728690212865,"RT @AirdropStario: 💧 MedusaZone Airdrop 💧

🏆 Task:          ➕  Up to 30 AMEDU (~$36)

👨‍👩‍👧 Referral:   ➕  10 AMEDU (~$12)

🔛 Airdrop Link…",1503295056899366916,2022-03-20 07:02:55+00:00,
11,1505439724559007745,"RT @AirdropStario: 💧 SafeWallet Airdrop 💧

🏆 Task:        ➕ 175 SLT (~$3.5) for 1000 random participants

👨‍👩‍👧 Referral: ➕ 30,000 SLT (~$6…",1398105420489654276,2022-03-20 07:02:54+00:00,
12,1505439720389885953,"RT @chitaglorya__: giveaway 200$ | 2,800,000 IDR

-- rt follow @flagnetwork_NFT 

-- rt &amp; quoted their pinned with   #FlagNetwork  #cryptoc…",1499743801543655425,2022-03-20 07:02:53+00:00,
13,1505439716765700099,"RT @AirdropStario: 💧 SafeWallet Airdrop 💧

🏆 Task:        ➕ 175 SLT (~$3.5) for 1000 random participants

👨‍👩‍👧 Referral: ➕ 30,000 SLT (~$6…",1503772292475920384,2022-03-20 07:02:52+00:00,
14,1505439713670631427,RT @saylor: You do not sell your #bitcoin.  https://t.co/LJNgJeWxvR,1355104220731613184,2022-03-20 07:02:52+00:00,
15,1505439711204052994,"RT @Barchart: Which #cryptocurrency will generate the largest return over the next 5 years?

#Bitcoin $BTC
#Shiba $SHIB
#Ethereum $ETH
#Sol…",66635931,2022-03-20 07:02:51+00:00,
16,1505439709845147651,RT @TheCryptoLark: Apparently $luna wants to have 10 billion in #bitcoin total to make a “Bitcoin standard” for $ust. Is this is the start…,1359783117624643588,2022-03-20 07:02:51+00:00,
17,1505439708263854081,"@AirdropDet good project, hopefully in the future it can be even more successful for the team

@Ahssan0011
@Fatama0077
@Rajvai22  

#Airdrops #TeddyDoge #Bitcoin #AirdropDetective #TEDDY #BSC",1386290061856022528,2022-03-20 07:02:50+00:00,
18,1505439705990586372,"RT @StackerNewsFeed: The iphone could become the biggest Bitcoin Wallet overnight

Comments: https://t.co/7deL9sUMnN
Link: https://t.co/7de…",744941941675044865,2022-03-20 07:02:50+00:00,
19,1505439705931911168,this tweet made me #bitcoin on https://t.co/P0OPkDRikD @jobboycom,1502889007973376002,2022-03-20 07:02:50+00:00,
20,1505439705252663299,"RT @YupVerse: ✔️ YupVerse Airdrop (New Round) is live!

🔵 Airdrop Reward: Up to 10 Million YuP (~$5)

🔵 Referral Reward: 2 Million YuP (~$1…",1379379336516493315,2022-03-20 07:02:50+00:00,
21,1505439703167913984,"RT @maers_crypto: That feeling when you bought #AidiFinance just before the ruble fell.
#Crypto #Ruble #investments #AidiVerse #Bitcoin #NF…",753000445363224576,2022-03-20 07:02:49+00:00,
22,1505439702043684865,"We just know #XRP will moon #crypto #binance #cryptocurrency #bitcoin #btc

https://t.co/PMANlTwLA3",1250185992805527554,2022-03-20 07:02:49+00:00,
23,1505439700840067075,RT @rovercrc: #Bitcoin Bull run 3.0 loading... https://t.co/d1tUySOLOv,1414452077816958976,2022-03-20 07:02:49+00:00,
24,1505439699770515459,"RT @airdropinspect: New airdrop: Prizefighter (RING)
Total Reward: $5,000 worth of RING
Rate: ⭐️⭐️⭐️⭐️
Winners: 1,000 Random &amp; Top 100
Dist…",1321424279834136577,2022-03-20 07:02:48+00:00,
25,1505439697329614848,"RT @chitaglorya__: giveaway 200$ | 2,800,000 IDR

-- rt follow @flagnetwork_NFT 

-- rt &amp; quoted their pinned with   #FlagNetwork  #cryptoc…",1199233596923400193,2022-03-20 07:02:48+00:00,
26,1505439697228775424,"RT @binance: Click a button, win a #Bitcoin.
 
Sound good? #BitcoinButton 
 
Go ➡️ https://t.co/OwsRxlzV3D https://t.co/mnATF6ZMJ8",1058705742612570112,2022-03-20 07:02:48+00:00,
27,1505439696200998912,"RT @AirdropDet: 🔍 New #Airdrop: YupVerse

💲 Reward: Up to 10M YuP (~$5) + 2M YuP (~$1,000) referral pool

🔴 Start the airdrop bot https://t…",1503418435719507968,2022-03-20 07:02:47+00:00,
28,1505439695722926081,"RT @AirdropStario: 💧 SafeWallet Airdrop 💧

🏆 Task:        ➕ 175 SLT (~$3.5) for 1000 random participants

👨‍👩‍👧 Referral: ➕ 30,000 SLT (~$6…",890564171439407104,2022-03-20 07:02:47+00:00,
29,1505439695525883904,"RT @ProjectsIco: #Bitcoin average monthly returns 

#Bitcoin #Crypto #cryptotrading",1474148863015632905,2022-03-20 07:02:47+00:00,
30,1505439695353827329,"@DOGEZILLACOIN By the end of the year:

#Bitcoin to 100,000$ 
#XRP to 2$
#dogecoin to 1$
#SAFEMOON to 0.5$ 
#FEG to 0.0001$
#BabyDogeCoin to 0.0001$
#Pornrocket to 0.00001$
#SAND to 10$
#ETH to 5,000$
#ADA to 100$
#BNB to 1,000$
#Dogezillacoin to 0.000001$",1353747267790901248,2022-03-20 07:02:47+00:00,
31,1505439692548108288,"RT @CircuitSociety: #NFTCOLLECTION COMING SOON 🏆

We are continuing to develop our #NFTs! Our NFTS will offer something that has not yet be…",1468104491555717121,2022-03-20 07:02:47+00:00,
32,1505439691327389697,"RT @Revolotto: 🏏World's Dangerous Cricketer
Greatest Batsman of All-time in Cricket

🌎Universe Boss - Chris Gayle extending his support and…",1473999552995016710,2022-03-20 07:02:46+00:00,
33,1505439690668838913,"RT @ZeldaInu: 🚀🐕❤️ THINGS JUST KEEP GETTING BETTER🚀
WSB PARTNERSHIP🤯🤯 @BitMartExchange @Bitboy_Crypto @LoganPaul @TheMoonCarl @SnoopDogg @e…",1460861315497484292,2022-03-20 07:02:46+00:00,
34,1505439690375245826,"RT @adam3us: the petrodollar arose from military asymmetric offense in the physical domain.
#bitcoin grows from the math of individual asym…",1490050545758969857,2022-03-20 07:02:46+00:00,
35,1505439689729519618,"RT @AirdropStario: 💧 SafeWallet Airdrop 💧

🏆 Task:        ➕ 175 SLT (~$3.5) for 1000 random participants

👨‍👩‍👧 Referral: ➕ 30,000 SLT (~$6…",1455466834782666754,2022-03-20 07:02:46+00:00,
36,1505439687582044165,"RT @chitaglorya__: giveaway 200$ | 2,800,000 IDR

-- rt follow @flagnetwork_NFT 

-- rt &amp; quoted their pinned with   #FlagNetwork  #cryptoc…",1491237755921514498,2022-03-20 07:02:45+00:00,
37,1505439687225315334,"RT @AirdropDet: 🔍 New #Airdrop: YupVerse

💲 Reward: Up to 10M YuP (~$5) + 2M YuP (~$1,000) referral pool

🔴 Start the airdrop bot https://t…",1460117024143814665,2022-03-20 07:02:45+00:00,
38,1505439686789017601,"RT @AirdropDet: 🔍 New #Airdrop: YupVerse

💲 Reward: Up to 10M YuP (~$5) + 2M YuP (~$1,000) referral pool

🔴 Start the airdrop bot https://t…",1214201857637093377,2022-03-20 07:02:45+00:00,
39,1505439684520030210,"RT @Gemboyofficial: Listing @MultiVAC_Global on @binance  is a win win situation for both parties! 

@binance will have 60K new clients 

@…",283374144,2022-03-20 07:02:45+00:00,
40,1505439677196955649,"RT @airdropinspect: New airdrop: Prizefighter (RING)
Total Reward: $5,000 worth of RING
Rate: ⭐️⭐️⭐️⭐️
Winners: 1,000 Random &amp; Top 100
Dist…",1415648980990496768,2022-03-20 07:02:43+00:00,
41,1505439676609478656,"Ron Paul Cautions Government Could Still Ban Bitcoin — Says He’s Influenced ‘a Whole Lot’ by History 
 Former U.S. Congressman Ron Paul says he... 
 https://t.co/75QtBj23r9 
 #Bitcoin.com #Coinyar.com #Cryptonews https://t.co/vUVIPHXhVW",1416664600724996099,2022-03-20 07:02:43+00:00,
42,1505439676433408001,RT @corndalorian: I'm buying more #bitcoin https://t.co/jI7lSvyI0s,843208193719328770,2022-03-20 07:02:43+00:00,
43,1505439676349685760,"RT @DigiFinex: Trading Token: $4JNET @4Jnet
Trading Time: Mar 3rd 19:00 (GMT+8)  
#DigiFinex #crypto #Bitcoin #SHIB #dogecoin #cryptocurrec…",1171014425823895555,2022-03-20 07:02:43+00:00,
44,1505439671404449795,"Gm fam.

Step on the red carpet and be enlightened #Bitcoin 

No red pills needed. https://t.co/QUNuZ2XNQs",771255865273823232,2022-03-20 07:02:42+00:00,
45,1505439669906984961,"RT @LVitto919: Y’all heard @KodakBlack1k ‼️‼️
 ⠀⠀⠀⠀⠀⠀⠀⠀⠀⠀⠀⠀
#Cryptocurrency #BULLISH #AidiFinance #Aidigang #AAYC #AlienApeYachtClub #SHINJ…",753000445363224576,2022-03-20 07:02:41+00:00,
46,1505439668921245702,"RT @airdropinspect: New airdrop: Prizefighter (RING)
Total Reward: $5,000 worth of RING
Rate: ⭐️⭐️⭐️⭐️
Winners: 1,000 Random &amp; Top 100
Dist…",1500506054244790274,2022-03-20 07:02:41+00:00,
47,1505439665507033088,We just know #XRP will moon #crypto #binance #cryptocurrency #bitcoin #btc https://t.co/zkmHKOG0yE,1228421509665972227,2022-03-20 07:02:40+00:00,
48,1505439656326070272,RT @Meta_UFO: #bitcoin and #MetaUFO have no inflation.,1482645987256844288,2022-03-20 07:02:38+00:00,
49,1505439656145391617,"RT @AirdropStario: 💧 TokenStand Airdrop 💧

🏆 Task:          ➕  Up to $3 worth of STAND

👨‍👩‍👧 Referral:   ➕  $2 worth of STAND

🔛 Airdrop L…",1047522541,2022-03-20 07:02:38+00:00,
