,id,text,author_id,created_at,geo
0,1505690396277440514,The strongest bullish signal flashed for #XRP #bitcoin #btc #ethereum #eth https://t.co/MgLF1fAUsP,1225629370108141568,2022-03-20 23:38:59+00:00,
1,1505690394146660354,that’s what she said. From soft to full 2 inches $BTC $ETH #Altcoins #bitcoin https://t.co/Wx09BocdQ3,282617919,2022-03-20 23:38:58+00:00,
2,1505690392779444229,"n Japan, #XRP is religion. I love it! All works! #eth #ethereum #binance #bitcoin btc #ripple #crypto #cryptocurrency

https://t.co/4laou0dmeD",1458171835833454592,2022-03-20 23:38:58+00:00,
3,1505690386597130243,"RT @binance: Click a button, win a #Bitcoin.
 
Sound good? #BitcoinButton 
 
Go ➡️ https://t.co/OwsRxlzV3D https://t.co/mnATF6ZMJ8",2817853848,2022-03-20 23:38:57+00:00,
4,1505690384701493251,"RT @TheMoonCarl: Will #Bitcoin hit $100,000 in 2022?

No           Maybe         Yes
👇            👇                👇",1216212352527265794,2022-03-20 23:38:56+00:00,
5,1505690382557872129,RT @Justdoitalex: The window of buying #bitcoin below 100K$ might be closing fast.,1480381589443940353,2022-03-20 23:38:56+00:00,
6,1505690382125862919,"n Japan, #XRP is religion. I love it! All works! #eth #ethereum #binance #bitcoin btc #ripple #crypto #cryptocurrency

https://t.co/P9NmCn8we1",1291495357520777220,2022-03-20 23:38:56+00:00,
7,1505690380792119296,"earn $6 per page typing (FREE COURSE) Click Here 👉 https://t.co/geBP9M8oDQ

#Affiliates #AffiliateMarketing #affiliateprogram #makemoney #makemoneyonline #makeMoneyFromHome #makemoneyfast #Job #jobsearch #Jobs #Crypto #Bitcoin",1505649753173987328,2022-03-20 23:38:55+00:00,
8,1505690379869335555,@CryptoSignal_ri @TheCryptoLark Hold it for long term profits with #Bitcoin,720170981206073344,2022-03-20 23:38:55+00:00,
9,1505690379508756484,The strongest bullish signal flashed for #XRP #bitcoin #btc #ethereum #eth https://t.co/MDyT859sS0,1353672718936236032,2022-03-20 23:38:55+00:00,
10,1505690377378058242,"RT @ProjectsIco: What is next leg up for #Bitcoin 

#Crypto #BTC #BTCUSDT #cryptocurrency",1494673110368497671,2022-03-20 23:38:54+00:00,
11,1505690370251935746,"RT @binance: 💰 $10,000 giveaway 💰
 
Post your #BitcoinButton result to enter!
 
Rules:
🔸 Retweet this post
🔸 Follow @Binance
🔸 Play #Bitcoi…",2817853848,2022-03-20 23:38:53+00:00,
12,1505690368607629313,"We just know #XRP will moon #crypto #binance #cryptocurrency #bitcoin #btc

https://t.co/NpNQbl6Nwt",1469963218399506432,2022-03-20 23:38:52+00:00,
13,1505690368347877378,"RT @HTFCRYPTOTRADER: Are you feeling Bullish ??????

#BTC #Bitcoin #BNB #BSCGem #cryptocurrency https://t.co/PUHBpxFGQ6",1363510036148850690,2022-03-20 23:38:52+00:00,
14,1505690367068360707,RT @MartiniGuyYT: LIKE ❤️ IF YOU HOLD #BITCOIN &amp; WILL NOT SELL BEFORE $100K,1481619324678856708,2022-03-20 23:38:52+00:00,
15,1505690365877276675,"RT @VinuSquad: Who's ready for the world to talk about $VINU soon? 

#bitcoin #Ethereum #BTC #Ripple  #USDT #altcoin #Airdrop #altcoins #sh…",1490549954263273472,2022-03-20 23:38:52+00:00,
16,1505690361733300224,"We just know #XRP will moon #crypto #binance #cryptocurrency #bitcoin #btc

https://t.co/h0c9Es6xT9",1486122228181880832,2022-03-20 23:38:51+00:00,
17,1505690360701341696,You can do Cloud Mining using this site https://t.co/VdFYUbWrBv                            #mining #trxmining #money #earnmoney #register #bitcoin #ethereum #btc #eth #tronvex 4764,1500135035680149505,2022-03-20 23:38:51+00:00,
18,1505690360617394179,RT @BTCfuel: 🚨🚨 Tomorrow I'll be posting a VERY IMPORTANT chart that will have MAJOR IMPLICATIONS for the #crypto markets!! (in a good way)…,1462885101390295041,2022-03-20 23:38:51+00:00,
19,1505690359736811523,RT @BTCfuel: 🚨🚨 Tomorrow I'll be posting a VERY IMPORTANT chart that will have MAJOR IMPLICATIONS for the #crypto markets!! (in a good way)…,1401704323214610439,2022-03-20 23:38:50+00:00,
20,1505690354971983879,"RT @cz_binance: If you don't understand #bitcoin, you don't understand money.",1397296629095485440,2022-03-20 23:38:49+00:00,
21,1505690354531504128,RT @BezosCrypto: Buy the #Bitcoin #SHIB #FLOKI #HOGE #SAITAMA #BNB #ETH #ELON #BabyFloki Dips https://t.co/Cn6fZOWgAS,1105864595590148097,2022-03-20 23:38:49+00:00,
22,1505690354363772929,"XRP is getting ready to take off to the moon! #altcoin #bitcoin #binance #xrp #ripple

https://t.co/ZCfSS9cspY",1468877505188741121,2022-03-20 23:38:49+00:00,
23,1505690353671806986,"RT @mikealfred: If you have been in #Bitcoin for 5 or more years and still hold bitcoin today, you are an OG and there really isn't anythin…",952919420745207808,2022-03-20 23:38:49+00:00,
24,1505690351973060609,https://t.co/FQuP3m0EvL #DeFi #TeleFy #DEX #cryptocurrency #Ethereum #BinanceSmartChain #Bitcoin #Airdrop #polkadot #MATIC #Polygon $TELE #Cardano #ETH https://t.co/aMm7KKvS49,1217458289014910976,2022-03-20 23:38:48+00:00,
25,1505690350312112129,RT @CharlieShrem: Why #Bitcoin is unstoppable https://t.co/F5gdWIyRqX,1227966424150413313,2022-03-20 23:38:48+00:00,
26,1505690349557227525,@c_dentor Hint🔥: Could also change your life. I already bought Banxa Holdings CVE: BNXA stock. Big wins awaits. Thank me later for that hint🔥 @BanxaOfficial #btc #bitcoin #defi #nft,1457079152155181063,2022-03-20 23:38:48+00:00,
27,1505690345090260996,RT @Meta_UFO: #bitcoin and #MetaUFO have no inflation.,1469037126125858826,2022-03-20 23:38:47+00:00,
28,1505690344125521922,"XRP is getting ready to take off to the moon! #altcoin #bitcoin #binance #xrp #ripple

https://t.co/cSHM0y0zFo",1446086626971586567,2022-03-20 23:38:47+00:00,
29,1505690340606418945,"We just know #XRP will moon #crypto #binance #cryptocurrency #bitcoin #btc

https://t.co/jEWxQiwl30",1469963218399506432,2022-03-20 23:38:46+00:00,
30,1505690333509738508,RT @Blockworks_: PayPal Co-Founder: The biggest mistake I made in the last decade was getting too late and too little into #Bitcoin,1473352980980240387,2022-03-20 23:38:44+00:00,
31,1505690330489765891,"RT @bitgertnews: $BRISE
#Bitgert
#brıse
#BNB.  
#Etherum
#Solana
#bitcoin

0.00001 🤔
0.0001 🚀 Goal https://t.co/uwkDVMl8Se",1403748941443878913,2022-03-20 23:38:43+00:00,
32,1505690329546166276,RT @Blockworks_: PayPal Co-Founder: The biggest mistake I made in the last decade was getting too late and too little into #Bitcoin,1361349924609290241,2022-03-20 23:38:43+00:00,
33,1505690327587434499,"RT @binance: 💰 $10,000 giveaway 💰
 
Post your #BitcoinButton result to enter!
 
Rules:
🔸 Retweet this post
🔸 Follow @Binance
🔸 Play #Bitcoi…",894036525062770688,2022-03-20 23:38:43+00:00,
34,1505690327163629572,"RT @BitcoinMagazine: 💥 #Bitcoin's Lightning Network can currently perform over 1,000 times as much transactions as Visa  https://t.co/4FcvY…",36711980,2022-03-20 23:38:43+00:00,
35,1505690326979121155,"🎉Baby Apollo Coin giveaway! 

🔥Be there on the AMA and get a chance to win!

$BAPX $APX #APX #BAPX #babyapollo #cryptocurrencies #Crypto #cryptoworld #btc #cryptoinvestor #invest #forexlifestyle #cryptotrading #cryptos #bitcoin #cryptocurrency #DeFi #Presale #PinkSale #NFT https://t.co/U9ACzRVeFw",1500218329784406017,2022-03-20 23:38:42+00:00,
36,1505690318628261890,The strongest bullish signal flashed for #XRP #bitcoin #btc #ethereum #eth https://t.co/X3dCp5CtMe,1225629370108141568,2022-03-20 23:38:40+00:00,
37,1505690317193990152,"RT @p2ePrizeFighter: Who will be the next challenger?
(Screenshot from Actual Gameplay)

#nft #nftart #art #digitalart #nfts #nftartist #cr…",1468081629105389572,2022-03-20 23:38:40+00:00,
38,1505690314920820736,"RT @cz_binance: If you don't understand #bitcoin, you don't understand money.",1724852810,2022-03-20 23:38:40+00:00,
39,1505690309598105603,"RT @CleanDefi: 🎁NEW GIVEAWAY CLEANDEFI🐬

🏆Prizes $ 500 

To Enter
1️⃣Follow @CleanDefi 
2️⃣Tag 2 friends
3️⃣Like and RT 

🔥Bonus win join u…",1501128308481736705,2022-03-20 23:38:38+00:00,
40,1505690306523672581,"@TonyHussein4 If #bitcoin  crashes the whole crypto market will crash too, Everything is Correlated to Btc right now

#bitcoin  will not crash We are just in a bear market

Y’all follow @Stellajeffreyfx She’s a super underrated Bitcoiner who have been following her tweets and tip closely",1501705147164020737,2022-03-20 23:38:38+00:00,
41,1505690306242613251,"We just know #XRP will moon #crypto #binance #cryptocurrency #bitcoin #btc

https://t.co/n3wd4CzuIS",1224976693032411136,2022-03-20 23:38:38+00:00,
42,1505690305344901122,"RT @VinuSquad: Who's ready for the world to talk about $VINU soon? 

#bitcoin #Ethereum #BTC #Ripple  #USDT #altcoin #Airdrop #altcoins #sh…",1430048924182609920,2022-03-20 23:38:37+00:00,
43,1505690302480330756,RT @decodejar: Feels good to wake up Monday morning and see that #Bitcoin didn't sell back down into the 30s like usual. Still above 40k. S…,1428470952938123266,2022-03-20 23:38:37+00:00,
44,1505690301637275651,"$BTC Latest Block Info: Block 728273 holds 1,235 transactions for a total of 3,135.93683 #Bitcoin including Block Reward. Block Size 859,990 Bytes",1197637831407161346,2022-03-20 23:38:36+00:00,
45,1505690301125599238,RT @MatthewHyland_: The weekly candle continues to look pretty damn good for #Bitcoin https://t.co/XeOw0VxKZs,1445407112771866642,2022-03-20 23:38:36+00:00,
46,1505690291126571008,"RT @VinuSquad: Who's ready for the world to talk about $VINU soon? 

#bitcoin #Ethereum #BTC #Ripple  #USDT #altcoin #Airdrop #altcoins #sh…",387979601,2022-03-20 23:38:34+00:00,
47,1505690290186821632,"RT @TheMoonCarl: Will #Bitcoin hit $100,000 in 2022?

No           Maybe         Yes
👇            👇                👇",1393013686265131008,2022-03-20 23:38:34+00:00,
48,1505690287493943302,"RT @BezosCrypto: Keep Calm, after d Dips, #SHIB will Go Back Up 🚀

Instead of Panic Sell, Buy d Dips wil Give Opportunities 4 Gains when #S…",1105864595590148097,2022-03-20 23:38:33+00:00,
49,1505690285396971520,"👋 A new block was found on the #Bitcoin network. We're at block height 728273, current #bitcoin price is $41225.98 and there are 201076247690011 #sats left to mine.",1448763322812276737,2022-03-20 23:38:33+00:00,
