,id,text,author_id,created_at,geo
0,1505564314450731008,RT @saylor: You do not sell your #bitcoin.  https://t.co/LJNgJeWxvR,1355865829838086145,2022-03-20 15:17:59+00:00,
1,1505564312579940357,"the strongest bullish signal flashed for #Bitcoin. Not trend reverse but price bounce is anticipated!

@tradeosiann  is a super #BTC Trader 
I’ve been following his tweets and tips seriously &amp; I’ve been doing great $AVAX $PYR $REN $KEY #Cryptocurrency  $TRB n",1472813004831924229,2022-03-20 15:17:58+00:00,
2,1505564310566756354,"@BluesparrowC @bitfinex @BlueSparrowETH #BlueSparrow is a bridge between the stock market and crypto .. You will have both in the Blue Sparrow CEX
@BlueSparrowETH
#BluesparrowCEX
#BlueSparrow
#BlueSparrowtoken
#BlueSparrowCommunity
#bitcoin
#BestDrawToken
#Bluesparrowcharity
#Web3
#NFT 
https://t.co/A7Q5zwYcVq
🫒115",1500746915574657024,2022-03-20 15:17:58+00:00,
3,1505564309279342593,"RT @AirdropAchiever: New Whitelist: STMAN × FamCentral
Allocation: ≤ 30 BUSD (TBA)
Winners: All Participants
End Date: 22nd March, 2022

🔗…",1483497525336494080,2022-03-20 15:17:58+00:00,
4,1505564308658397192,"RT @rovercrc: I wouldn't be surprised to see #Bitcoin trading at $48,000 next week...",946192595721519104,2022-03-20 15:17:57+00:00,
5,1505564306204606466,"the strongest bullish signal flashed for #Bitcoin. Not trend reverse but price bounce is anticipated!

@tradeosiann  is a super #BTC Trader 
I’ve been following his tweets and tips seriously &amp; I’ve been doing great $AVAX $PYR $REN $KEY #Cryptocurrency  $TRB uu",1453597703288414212,2022-03-20 15:17:57+00:00,
6,1505564306112335874,"We just know #XRP will moon #crypto #binance #cryptocurrency #bitcoin #btc

https://t.co/Hh9g6BrNnL",1017018970338222085,2022-03-20 15:17:57+00:00,
7,1505564305495760899,"XRP is getting ready to take off to the moon! #altcoin #bitcoin #binance #xrp #ripple

https://t.co/hMlPnwwuhh",1476497548114333698,2022-03-20 15:17:57+00:00,
8,1505564305122795524,"RT @AirdropDet: 🔍 New #Airdrop: Elite Cash

🏆 Total Airdrop Pool: 140,000 ELC [~$49,000]

🔴 Start the airdrop bot https://t.co/geX2YRhj5n…",1342510717325385730,2022-03-20 15:17:57+00:00,
9,1505564302861688834,"RT @AirdropStario: 💧 CryptoZerofi Airdrop 💧

🏆 Task:          ➕ 22,000 USDT » Total reward pool.

🔛 Airdrop Link &amp; Information: https://t.c…",1374718840785956866,2022-03-20 15:17:56+00:00,
10,1505564300663996417,RT @YellowCardHelp: Need help? Open a ticket with our Support Team by emailing Support@YellowCard.io - we're standing by 24 hours a day to…,1351474167259000832,2022-03-20 15:17:55+00:00,
11,1505564299598925827,"RT @HawkBlaze_: #bitcoin Marked 10-Day High, #shibainu Soars 8% (Market Watch)
$BTC  $ETH
https://t.co/Y79eV66xuc
#bitcoin #ETHEREUM #crypt…",1486361106256134148,2022-03-20 15:17:55+00:00,
12,1505564295588941832,"@BluesparrowC @bitfinex @BlueSparrowETH #BlueSparrow is a bridge between the stock market and crypto .. You will have both in the Blue Sparrow CEX
@BlueSparrowETH
#BluesparrowCEX
#BlueSparrow
#BlueSparrowtoken
#BlueSparrowCommunity
#bitcoin
#BestDrawToken
#Bluesparrowcharity
#Web3
#NFT 
https://t.co/A7Q5zwYcVq
🫒114",1500746915574657024,2022-03-20 15:17:54+00:00,
13,1505564294293123078,"RT @GiveawayInspect: New Giveaway: OverDose
Total Reward: $600 USDT
Winners: 200 Random &amp; Top 20
Distribution: within a week after the Give…",1028906492366225410,2022-03-20 15:17:54+00:00,
14,1505564293802172418,"RT @cocainecatchup: Can’t wait to tell the mainstream media that Vitalik Buterin is Russian 😂

#bitcoin",1298304636139515904,2022-03-20 15:17:54+00:00,
15,1505564292208332802,"[1973] #mkb #Bitcoin (#BTC) is really exploding at this time (53480.22 Euro/BTC). Join in at this FREE mining network and take your profit. 
#bitcoin #binance #Etherum #Falconswaps https://t.co/cz6K3S7Dik",1478430349168414729,2022-03-20 15:17:53+00:00,
16,1505564292132708355,"n Japan, #XRP is religion. I love it! All works! #eth #ethereum #binance #bitcoin btc #ripple #crypto #cryptocurrency

https://t.co/wNbBhcR1Sg",2534787170,2022-03-20 15:17:53+00:00,
17,1505564291683930122,"RT @AirdropStario: 💧 CryptoZerofi Airdrop 💧

🏆 Task:          ➕ 22,000 USDT » Total reward pool.

🔛 Airdrop Link &amp; Information: https://t.c…",1484450763166212104,2022-03-20 15:17:53+00:00,
18,1505564282850738177,"RT @airdropinspect: New airdrop: Prizefighter (RING)
Total Reward: $5,000 worth of RING
Rate: ⭐️⭐️⭐️⭐️
Winners: 1,000 Random &amp; Top 100
Dist…",1367446951436771330,2022-03-20 15:17:51+00:00,
19,1505564282485829633,"the strongest bullish signal flashed for #Bitcoin. Not trend reverse but price bounce is anticipated!

@tradeosiann  is a super #BTC Trader 
I’ve been following his tweets and tips seriously &amp; I’ve been doing great $AVAX $PYR $REN $KEY #Cryptocurrency  $TRB b",1472813004831924229,2022-03-20 15:17:51+00:00,
20,1505564280485302272,"@BluesparrowC @bitfinex @BlueSparrowETH #BlueSparrow is a bridge between the stock market and crypto .. You will have both in the Blue Sparrow CEX
@BlueSparrowETH
#BluesparrowCEX
#BlueSparrow
#BlueSparrowtoken
#BlueSparrowCommunity
#bitcoin
#BestDrawToken
#Bluesparrowcharity
#Web3
#NFT 
https://t.co/A7Q5zwYcVq
🫒113",1500746915574657024,2022-03-20 15:17:51+00:00,
21,1505564278497034246,"In Japan, #XRP is religion. I love it! All works! #eth #ethereum #binance #bitcoin btc #ripple #crypto #cryptocurrency https://t.co/O12LjiV1mz",1479645494272049152,2022-03-20 15:17:50+00:00,
22,1505564278073475073,"RT @saylor: If you don't understand money, you won't understand #bitcoin.",946192595721519104,2022-03-20 15:17:50+00:00,
23,1505564276802875394,"RT @GiveawayInspect: New Giveaway: Retoken (USDT)
Total Reward: 2,000 USDT
Rate: ⭐️⭐️⭐️⭐️
Winners: 700 Random &amp; Top 50
Distribution: within…",1028906492366225410,2022-03-20 15:17:50+00:00,
24,1505564276366491649,RT @Bitcoin: Probably not going to happen on the #Bitcoin network. https://t.co/57Dj7KthFV,889292549072048128,2022-03-20 15:17:50+00:00,
25,1505564276052082693,"RT @p2ePrizeFighter: Our Awesome Female Boxers are ready!

More information will be released soon.
#nft #nftart #art #digitalart #nfts #nft…",1446348068606001154,2022-03-20 15:17:50+00:00,
26,1505564275972050944,"the strongest bullish signal flashed for #Bitcoin. Not trend reverse but price bounce is anticipated!

@tradeosiann  is a super #BTC Trader 
I’ve been following his tweets and tips seriously &amp; I’ve been doing great $AVAX $PYR $REN $KEY #Cryptocurrency  $TRB tt",1453597703288414212,2022-03-20 15:17:50+00:00,
27,1505564274491486218,"RT @p2ePrizeFighter: Our Awesome Female Boxers are ready!

More information will be released soon.
#nft #nftart #art #digitalart #nfts #nft…",1494910142021726211,2022-03-20 15:17:49+00:00,
28,1505564274282070019,"RT @GiveawayInspect: New Giveaway: Retoken (USDT)
Total Reward: 2,000 USDT
Rate: ⭐️⭐️⭐️⭐️
Winners: 700 Random &amp; Top 50
Distribution: within…",1055763231275278337,2022-03-20 15:17:49+00:00,
29,1505564273363152898,RT @Revolotto: 🇲🇽The President of the world's most powerful country and our beloved friend Honourable Mexican President (2000-2006) Vicente…,1493429844289667073,2022-03-20 15:17:49+00:00,
30,1505564270456877056,"RT @Hype_Toads: 🚨🚨 GIVEAWAY🚨🚨
 🐸🐸HYPE TOADS🐸🐸

Winners will get: 
🥇5 Sol
🥈2,5 Sol
🥉0,5 Sol

How to Participate?
1️⃣Follow us!
2️⃣Rt and ❤️…",850858376586289153,2022-03-20 15:17:48+00:00,
31,1505564268485222400,"XRP is getting ready to take off to the moon! #altcoin #bitcoin #binance #xrp #ripple

https://t.co/5xqaFwwgjE",1299007920395423746,2022-03-20 15:17:48+00:00,
32,1505564267201929218,RT @Meta_UFO: #bitcoin and #MetaUFO have no inflation.,1503169701895196687,2022-03-20 15:17:47+00:00,
33,1505564266686042115,"RT @biancabeauchamp: 20% to 50% OFF on my VIP-X Rated! Offer exp soon https://t.co/OrKEdTwwmS
#fetish #latex #BG #blowjob #handjob #rolepla…",1425593691624849409,2022-03-20 15:17:47+00:00,
34,1505564266295922689,"@DocumentingBTC #Bitcoin is designed to go up in price forever.

$HEX is (better) designed to go up in price forever.",1437114240524070912,2022-03-20 15:17:47+00:00,
35,1505564266040295425,"RT @AirdropStario: 💧 MedusaZone Airdrop 💧

🏆 Task:          ➕  Up to 30 AMEDU (~$36)

👨‍👩‍👧 Referral:   ➕  10 AMEDU (~$12)

🔛 Airdrop Link…",1501090122976362497,2022-03-20 15:17:47+00:00,
36,1505564264890777602,"RT @AdamLiu22599247: #BabyDoge  is watching the family who love it, it makes us wait for the victory to come.#BabyDogeCoin #BabyDogeArmy #B…",1440926797001105410,2022-03-20 15:17:47+00:00,
37,1505564264672731146,"@BluesparrowC @bitfinex @BlueSparrowETH #BlueSparrow is a bridge between the stock market and crypto .. You will have both in the Blue Sparrow CEX
@BlueSparrowETH
#BluesparrowCEX
#BlueSparrow
#BlueSparrowtoken
#BlueSparrowCommunity
#bitcoin
#BestDrawToken
#Bluesparrowcharity
#Web3
#NFT 
https://t.co/A7Q5zwYcVq
🫒112",1500746915574657024,2022-03-20 15:17:47+00:00,
38,1505564263464636422,"RT @chitaglorya__: giveaway 200$ | 2,800,000 IDR

-- rt follow @flagnetwork_NFT 

-- rt &amp; quoted their pinned with   #FlagNetwork  #cryptoc…",1495674916145754113,2022-03-20 15:17:47+00:00,
39,1505564261677891586,RT @JimenezPetroche: Some perspective in @the_ape_society price over the last 17 days and also a heads up that #bitcoin who is lagged behin…,1450549053260025863,2022-03-20 15:17:46+00:00,
40,1505564260382167040,"@Elf_Matrix You're a great example to others projects. You are making a difference. .Everything would be better if more people were like you.
@Niya1391 @Roz13662 @SarkerMAbdullah @Rakibul25493828 @FariarShojib
#Airdrop #Airdrops #Airdropinspector #BSC #Crypto #Bitcoin #NFTGiveaway",724622587498647552,2022-03-20 15:17:46+00:00,
41,1505564260314796032,"RT @binance: 💰 $10,000 giveaway 💰
 
Post your #BitcoinButton result to enter!
 
Rules:
🔸 Retweet this post
🔸 Follow @Binance
🔸 Play #Bitcoi…",1063509237622628353,2022-03-20 15:17:46+00:00,
42,1505564260214079492,"RT @Revolotto: 💎25K TWITTER FOLLOWERS💎
Revolotto Team saying thanks to our most valuable and beautiful Community.

🌏Join the Revolution🌏
👑H…",1493429844289667073,2022-03-20 15:17:46+00:00,
43,1505564260079915009,"@EmiMelker @Bobatama
The Gem of the year, Token of the future.🚀🚀
Check it out🚀
#BOBAMASK #BOBATAMA
#BOBATAMA1000x

@AuzsomeAustin @elonmusk @MattWallace888 @JakeGagain
@Yourpop8 @Z_humphries
#ETH #Bitcoin  #nftart #NFTartist
#Crypto $Boba
#1000xGem #LBANK

👉 https://t.co/rW4kKwV3S8",1327235463682383872,2022-03-20 15:17:46+00:00,
44,1505564258423037958,"RT @chitaglorya__: giveaway 200$ | 2,800,000 IDR

-- rt follow @flagnetwork_NFT 

-- rt &amp; quoted their pinned with   #FlagNetwork  #cryptoc…",1354282292361850880,2022-03-20 15:17:45+00:00,
45,1505564257802506246,"RT @AirdropDet: 🔍 New #Airdrop: YupVerse

💲 Reward: Up to 10M YuP (~$5) + 2M YuP (~$1,000) referral pool

🔴 Start the airdrop bot https://t…",1480363880144674820,2022-03-20 15:17:45+00:00,
46,1505564257483640837,RT @rovercrc: #BITCOIN IS STARTING TO PUMP AGAIN!!! 🚀,1276475119276343296,2022-03-20 15:17:45+00:00,
47,1505564256770666499,"RT @airdropinspect: New airdrop: Prizefighter (RING)
Total Reward: $5,000 worth of RING
Rate: ⭐️⭐️⭐️⭐️
Winners: 1,000 Random &amp; Top 100
Dist…",1476207732717989892,2022-03-20 15:17:45+00:00,
48,1505564256472686597,"RT @maxyamp: How AI-powered trading software protects my portfolio during #Bitcoin corrections 🔥

Try it free 👉 https://t.co/cdlct0CEkl ✅ h…",1463038491768414211,2022-03-20 15:17:45+00:00,
49,1505564256464687111,This is one of the most promising and high standard project.This project has great futures.This project will be successful. Great team. #DeFi #TeleFy #DEX #cryptocurrency #Ethereum #BinanceSmartChain #Bitcoin #Airdrop #polkadot #MATIC #Polygon $TELE #Cardano #ETH,1453035898979819522,2022-03-20 15:17:45+00:00,
