,id,text,author_id,created_at,geo
0,1505408235427180544,"RT @YupVerse: ✔️ YupVerse Airdrop (New Round) is live!

🔵 Airdrop Reward: Up to 10 Million YuP (~$5)

🔵 Referral Reward: 2 Million YuP (~$1…",1497372336349392897,2022-03-20 04:57:47+00:00,
1,1505408234672525314,"RT @Barchart: Which #cryptocurrency will generate the largest return over the next 5 years?

#Bitcoin $BTC
#Shiba $SHIB
#Ethereum $ETH
#Sol…",1223870143190593537,2022-03-20 04:57:46+00:00,
2,1505408233745264640,"RT @chitaglorya__: giveaway 200$ | 2,800,000 IDR

-- rt follow @flagnetwork_NFT 

-- rt &amp; quoted their pinned with   #FlagNetwork  #cryptoc…",1085807383023050752,2022-03-20 04:57:46+00:00,
3,1505408231685836804,@Eunicedwong #Bulls should be come for #bitcoin bullish,1457016757298753538,2022-03-20 04:57:46+00:00,
4,1505408231232851969,"@Alaska_Hoch @PathFund I'm pretty sure it's just the beginning. Don't be so happy, save it later and keep holding your bags like i hold 👌#Binance  #cryptocurrency #Crypto #Bitcoin #btc 
@cryptokingcapt @pathfund #pathfund #BSC #BSCfund",1505347945272541184,2022-03-20 04:57:46+00:00,
5,1505408228695457794,"RT @BitcoinMagazine: 💥 #Bitcoin's Lightning Network can currently perform over 1,000 times as much transactions as Visa  https://t.co/4FcvY…",1478763078779121669,2022-03-20 04:57:45+00:00,
6,1505408227487354882,"RT @TheCryptoLaunch: 💥The Crypto Launchpad Giveaway💥

🏆 Task: Up to $50 worth of TCL Partners' Tokens.

👨‍👩‍👧 Referral: $25 worth of TCL Pa…",1431518337738104833,2022-03-20 04:57:45+00:00,
7,1505408225310654471,"RT @testphilip1: @sietseesteis ➡️ @CONNECTORCOIN ⬅️
Good Project 👌👌👌
#crypto #bitcoin 
#CONNECTORCOIN 
#ctco $bnb $bsc 
$ctco #bnb 
@Rocket…",1492731680532189189,2022-03-20 04:57:44+00:00,
8,1505408224824020995,The strongest bullish signal flashed for #XRP #bitcoin #btc #ethereum #eth https://t.co/BjdcHMYu3c,1482749734293061636,2022-03-20 04:57:44+00:00,
9,1505408223586758659,"RT @AirdropDet: 🔍 New #Airdrop: Battle World

💲 Reward: Up to 500 BWO (~$20) + 500K BWO (~$20K) referral pool

🔴 Start the airdrop bot http…",1500075585623584774,2022-03-20 04:57:44+00:00,
10,1505408222626463750,"RT @chitaglorya__: giveaway 200$ | 2,800,000 IDR

-- rt follow @flagnetwork_NFT 

-- rt &amp; quoted their pinned with   #FlagNetwork  #cryptoc…",1277080690647949315,2022-03-20 04:57:44+00:00,
11,1505408219581235205,"Netflix’s Tekken: Bloodlines anime is coming later in 2022 

#stocks #money #investing #entrepreneur #bitcoin #forex #business #investment #investor #cryptocurrency #trading #invest #market #wealth #finance
#success #wallstreet
#motivation #trader
#en...
https://t.co/TN7LZTy0Ue",1367700165226864640,2022-03-20 04:57:43+00:00,
12,1505408218251468801,XRP is getting ready to take off to the moon! #altcoin #bitcoin #binance #xrp #ripple https://t.co/3oEYz83j0H,1454839481077542913,2022-03-20 04:57:43+00:00,
13,1505408217505017859,"RT @binance: 💰 $10,000 giveaway 💰
 
Post your #BitcoinButton result to enter!
 
Rules:
🔸 Retweet this post
🔸 Follow @Binance
🔸 Play #Bitcoi…",1338986871947452418,2022-03-20 04:57:42+00:00,
14,1505408216943013889,RT @WatcherGuru: JUST IN: PayPal co-founder says the “biggest mistake I made in the last decade was getting too late and too little into #B…,956923617568346112,2022-03-20 04:57:42+00:00,
15,1505408216133697537,"RT @AirdropStario: 💧 RPGC Airdrop 💧

🏆 Task:         ➕  $8 worth of RPGC for 2000 random participants each.

👨‍👩‍👧 Referral:  ➕  $40 worth…",1479469660919631875,2022-03-20 04:57:42+00:00,
16,1505408216057860099,"RT @Revolotto: 🏏World's Dangerous Cricketer
Greatest Batsman of All-time in Cricket

🌎Universe Boss - Chris Gayle extending his support and…",1260541551534473216,2022-03-20 04:57:42+00:00,
17,1505408213734203393,The strongest bullish signal flashed for #XRP #bitcoin #btc #ethereum #eth https://t.co/amD3GoOty9,780158571774369792,2022-03-20 04:57:41+00:00,
18,1505408208680091648,"RT @AirdropDet: 🔍 New #Airdrop: YupVerse

💲 Reward: Up to 10M YuP (~$5) + 2M YuP (~$1,000) referral pool

🔴 Start the airdrop bot https://t…",1388041661293285377,2022-03-20 04:57:40+00:00,
19,1505408208059387904,The strongest bullish signal flashed for #XRP #bitcoin #btc #ethereum #eth https://t.co/ypt3ySlu1w,1412150977763872769,2022-03-20 04:57:40+00:00,
20,1505408207086579714,"This will be very useful in the future because it is supported by a professional team with great goals and big plans for the future
@inhvntr07128713

@TRIEUANNHIEN1

@doquyen73695648
#Airdrops #BattleWorld #Bitcoin #AirdropDet #BWO https://t.co/RzwHbHZgDK",1446709500166033409,2022-03-20 04:57:40+00:00,
21,1505408203114360833,I AM LOOKING FORWARD TO THIS WEEK WITH #BITCOIN.,1423013140506284033,2022-03-20 04:57:39+00:00,
22,1505408202359586818,"RT @skuyprince: @LordKibou $SKUY
SEKUYA THE 1ST MULTIVERSE META-FI PROJECT IN CRYPTO SPACE   

Multiverse
Meta-fi
WEB 3.0
RWANFT  
P2E Ecos…",1413550059442954240,2022-03-20 04:57:39+00:00,
23,1505408201457430528,XRP is getting ready to take off to the moon! #altcoin #bitcoin #binance #xrp #ripple https://t.co/DUC5u3wj0D,1385935936295378945,2022-03-20 04:57:39+00:00,
24,1505408197091213312,"RT @Revolotto: 🏏World's Dangerous Cricketer
Greatest Batsman of All-time in Cricket

🌎Universe Boss - Chris Gayle extending his support and…",767525452348923904,2022-03-20 04:57:37+00:00,
25,1505408196655124485,We just know #XRP will moon #crypto #binance #cryptocurrency #bitcoin #btc https://t.co/1HQfI91ZH9,1373025325274267655,2022-03-20 04:57:37+00:00,
26,1505408189260394498,"RT @AirdropStario: 💧 SafeWallet Airdrop 💧

🏆 Task:        ➕ 175 SLT (~$3.5) for 1000 random participants

👨‍👩‍👧 Referral: ➕ 30,000 SLT (~$6…",1489241428995698692,2022-03-20 04:57:36+00:00,
27,1505408188773920770,"RT @airdropinspect: New airdrop: Prizefighter (RING)
Total Reward: $5,000 worth of RING
Rate: ⭐️⭐️⭐️⭐️
Winners: 1,000 Random &amp; Top 100
Dist…",1382555771238379521,2022-03-20 04:57:35+00:00,
28,1505408188593541124,"No think
#nfts 
#nftshill
#nft 
#withfnd
#nftartist
#nftcommunity
 #nftcollectors
#nftgiveaway
#nftdrop
 #bitcoin
#nftcollection
 #digitalart
 #blockchain
#ethereum
#nftart
#cryptoart
#raredigitalart
#cryptocurrency
#superrare
#digitartist
#surealism
#artcollector
#NFTinvestors https://t.co/TrQdimKwHN",1482266088385966087,2022-03-20 04:57:35+00:00,
29,1505408187985727488,"RT @Meta_Gaming99: Meta Gaming  🎁
 Airdrop for everyone

Steps:
1️⃣Follow us Twitter @Meta_Gaming99 RT&amp;Tag 3 friends
2️⃣Join us TG group: h…",1499405774145359874,2022-03-20 04:57:35+00:00,
30,1505408187524009985,The strongest bullish signal flashed for #XRP #bitcoin #btc #ethereum #eth https://t.co/P69ZszH4hU,1341432069126193152,2022-03-20 04:57:35+00:00,
31,1505408185607200770,"XRP is getting ready to take off to the moon! #altcoin #bitcoin #binance #xrp #ripple

https://t.co/OeE3GSZFZL",3261166788,2022-03-20 04:57:35+00:00,
32,1505408184600588291,RT @EvosBlockchain: #Bitcoin IS freedom. #Bitcoin is a statement of individual rights. Those who own BTC and own their own keys understand…,180040923,2022-03-20 04:57:34+00:00,
33,1505408184466526217,RT @EtcSage: It’s going to be an interesting weekend with #ethereumclassic $etc.   #bitcoin,56515415,2022-03-20 04:57:34+00:00,
34,1505408183376187392,"RT @Revolotto: 🏏World's Dangerous Cricketer
Greatest Batsman of All-time in Cricket

🌎Universe Boss - Chris Gayle extending his support and…",1479615070779101184,2022-03-20 04:57:34+00:00,
35,1505408183279493125,"RT @katiqueenk_: #BitcoinZ is always looking for talented developers to join the #army! #BitcoinZArmy i mean! 😝
---------------------------…",2481749844,2022-03-20 04:57:34+00:00,
36,1505408181899755526,"@LordKibou $SKUY
SEKUYA THE 1ST MULTIVERSE META-FI PROJECT IN CRYPTO SPACE   

Multiverse
Meta-fi
WEB 3.0
RWANFT  
P2E Ecosystem

✅ Company-backed
✅ 5% $SKUY Rewards 

@sekuyaofficial

#Sekuya #Bitcoin #Binance #BSCGem #BSC #Metaverse #NFT https://t.co/I3AIT4pnUb https://t.co/ttUB1LzzZq https://t.co/P16PQnbhce",1413550059442954240,2022-03-20 04:57:34+00:00,
37,1505408181899513858,I just voted in #okornotok from @Okcoin — submit your votes &amp; tweet about it for a chance to win 12k in #bitcoin.   It's all right here: 👇 https://t.co/WlLixWjKHg,22578720,2022-03-20 04:57:34+00:00,
38,1505408181526179841,"XRP is getting ready to take off to the moon! #altcoin #bitcoin #binance #xrp #ripple

https://t.co/NynOMe9TCF",70289234,2022-03-20 04:57:34+00:00,
39,1505408181383573506,"RT @Revolotto: 🏏World's Dangerous Cricketer
Greatest Batsman of All-time in Cricket

🌎Universe Boss - Chris Gayle extending his support and…",1226432402664251395,2022-03-20 04:57:34+00:00,
40,1505408180985245699,The strongest bullish signal flashed for #XRP #bitcoin #btc #ethereum #eth https://t.co/dgiB8QTBu1,1287793583504990210,2022-03-20 04:57:34+00:00,
41,1505408180477587456,"In Japan, #XRP is religion. I love it! All works! #eth #ethereum #binance #bitcoin btc #ripple #crypto #cryptocurrency https://t.co/dHzMxmtKIX",1431986300681216006,2022-03-20 04:57:34+00:00,
42,1505408161619927040,"@PotatoCoinSPL a very good competition in a very flexible and very interesting time to enter an extraordinary competition to win very attractive prizes. 

@Jr260595
@bsc_daily 
@enjin 

#Potato #Coinbase #binance  #Crypto #Bitcoin  #coins #Trending
#Giveway",1502531655663177728,2022-03-20 04:57:29+00:00,
43,1505408161208963073,"RT @AirdropDet: 🔍 New #Airdrop: YupVerse

💲 Reward: Up to 10M YuP (~$5) + 2M YuP (~$1,000) referral pool

🔴 Start the airdrop bot https://t…",1269871528591585280,2022-03-20 04:57:29+00:00,
44,1505408154670026752,"RT @airdropinspect: New airdrop: Prizefighter (RING)
Total Reward: $5,000 worth of RING
Rate: ⭐️⭐️⭐️⭐️
Winners: 1,000 Random &amp; Top 100
Dist…",1467279197693382656,2022-03-20 04:57:27+00:00,
45,1505408149045587977,Get IN now don't be LATE #xrp #binance #cryptocurrency #bitcoin https://t.co/sJhUkEbPWz,1454839481077542913,2022-03-20 04:57:26+00:00,
46,1505408146231074817,"RT @GiveawayInspect: New Giveaway: Retoken (USDT)
Total Reward: 2,000 USDT
Rate: ⭐️⭐️⭐️⭐️
Winners: 700 Random &amp; Top 50
Distribution: within…",1321302450809221123,2022-03-20 04:57:25+00:00,
