,id,text,author_id,created_at,geo
0,1505412516188405762,Origin Protocol stages a near 100% rally in 24 hours thanks to this https://t.co/99VOkDCdNh #Bitcoin #Origin #protocol,1302684144082747393,2022-03-20 05:14:47+00:00,
1,1505412514846490624,"@airdropinspect This is a good project. I am encouraged to work here.
@Shahid24868291
@mahimmanik
@Raju80423089

#Airdrop #Airdrops #Airdropinspector #FTM #Prizefighter #RING #Crypto #Bitcoin",1472453083300913155,2022-03-20 05:14:47+00:00,
2,1505412514468741122,RT @parkeralewis: One of the wealthiest men in the world’s media propaganda arm is straight up telling you that printing money disproportio…,15226303,2022-03-20 05:14:47+00:00,
3,1505412512778694662,"@TheCryptoDoc1 @megladogegaming is changing the game👀👀👀👀
#NFTs
#NFT #STAKING 
🌉 to #ETH 
&amp;
FREE #P2EGAMING
https://t.co/fNOKXWRVp6
#MEGLADOGEGAMING #Crypto #cryptocurrency #Bitcoin #BTC #BSC #Ethereum #Binance
@sssniperwolf @ChopstixHerse",1408058942127706120,2022-03-20 05:14:46+00:00,
4,1505412512333717505,"RT @AirdropStario: 💧 Hero Arena Airdrop 💧

📍 Listed on: CoinMarketCap, PancakeSwap

🏆 Task: ➕  100 HERA (~$4) for 3000 random participants…",1430967575521816578,2022-03-20 05:14:46+00:00,
5,1505412509372612608,"RT @AirdropStario: 💧 SafeWallet Airdrop 💧

🏆 Task:        ➕ 175 SLT (~$3.5) for 1000 random participants

👨‍👩‍👧 Referral: ➕ 30,000 SLT (~$6…",1496747070887129088,2022-03-20 05:14:46+00:00,
6,1505412508559224832,"RT @AirdropStario: 💧 SafeWallet Airdrop 💧

🏆 Task:        ➕ 175 SLT (~$3.5) for 1000 random participants

👨‍👩‍👧 Referral: ➕ 30,000 SLT (~$6…",1492675313335431169,2022-03-20 05:14:45+00:00,
7,1505412508504543232,"RT @AirdropDet: 🔍 New #Airdrop: YupVerse

💲 Reward: Up to 10M YuP (~$5) + 2M YuP (~$1,000) referral pool

🔴 Start the airdrop bot https://t…",1430177810191093774,2022-03-20 05:14:45+00:00,
8,1505412507254784001,"RT @airdropinspect: New airdrop: Prizefighter (RING)
Total Reward: $5,000 worth of RING
Rate: ⭐️⭐️⭐️⭐️
Winners: 1,000 Random &amp; Top 100
Dist…",1485201183115726852,2022-03-20 05:14:45+00:00,
9,1505412505874563074,"RT @maxyamp: How AI-powered trading software protects my portfolio during #Bitcoin corrections 🔥

Try it free 👉 https://t.co/cdlct0CEkl ✅ h…",1501950501302063111,2022-03-20 05:14:45+00:00,
10,1505412504079454209,Buy #ROSE In #Futures at 7x Cross and book profit @ 25% #Signal #CryptoSignals #Bitcoin #cryptocurrency,1492534132710195203,2022-03-20 05:14:44+00:00,
11,1505412501923512320,RT @Bitcoin: Probably not going to happen on the #Bitcoin network. https://t.co/57Dj7KthFV,1174816111835009024,2022-03-20 05:14:44+00:00,
12,1505412500279513089,RT @TaikunGlobal: TAIKUN TESLA airdrop now Launched.  Participate and claim free 5TKT Tokens. Click on the link to join https://t.co/YAe3VJ…,1472573341475160153,2022-03-20 05:14:43+00:00,
13,1505412496504815616,create twitter tasks and pay with #bitcoin #ethereum or #litecoin with @jobboycom,1483418993533022209,2022-03-20 05:14:43+00:00,
14,1505412495346872320,"RT @Revolotto: 🏏World's Dangerous Cricketer
Greatest Batsman of All-time in Cricket

🌎Universe Boss - Chris Gayle extending his support and…",1502406896375853060,2022-03-20 05:14:42+00:00,
15,1505412495292444681,"In Japan, #XRP is religion. I love it! All works! #eth #ethereum #binance #bitcoin btc #ripple #crypto #cryptocurrency https://t.co/wCqq3nzVcJ",1429551744565096456,2022-03-20 05:14:42+00:00,
16,1505412494101200903,"RT @TheCryptoLaunch: 💥The Crypto Launchpad Giveaway💥

🏆 Task: Up to $50 worth of TCL Partners' Tokens.

👨‍👩‍👧 Referral: $25 worth of TCL Pa…",1410726932673482752,2022-03-20 05:14:42+00:00,
17,1505412493660852232,"RT @SILVERBACKLGNDS: SILVERBACK LEGENDS
The godfathers of all apes.

🏆WEEKEND GIVEAWAY🏆
We are giving away 10 WHITELIST SPOTS on this post!…",1489948613786718208,2022-03-20 05:14:42+00:00,
18,1505412491534381059,"RT @binance: 💰 $10,000 giveaway 💰
 
Post your #BitcoinButton result to enter!
 
Rules:
🔸 Retweet this post
🔸 Follow @Binance
🔸 Play #Bitcoi…",192155346,2022-03-20 05:14:41+00:00,
19,1505412491022671872,"RT @SILVERBACKLGNDS: SILVERBACK LEGENDS
The godfathers of all apes.

🏆WEEKEND GIVEAWAY🏆
We are giving away 10 WHITELIST SPOTS on this post!…",1489807851619033088,2022-03-20 05:14:41+00:00,
20,1505412488275365890,"RT @airdropinspect: New airdrop: Skygard Game
Total Reward: 1100 NFTs
Rate: ⭐️⭐️⭐️⭐️
Winners: 1,000 Random &amp; 100 Top
Distribution: within 1…",1400004374823411712,2022-03-20 05:14:41+00:00,
21,1505412487587692548,"RT @AirdropDet: 🔍 New #Airdrop: YupVerse

💲 Reward: Up to 10M YuP (~$5) + 2M YuP (~$1,000) referral pool

🔴 Start the airdrop bot https://t…",1456212966454403085,2022-03-20 05:14:40+00:00,
22,1505412486299799552,"I’m so excited about what #bitcoin can do for the world. 😍  I know it will take a while for mass adoption, but the possibility that it could fundamentally lift people out of permanent poverty is real. Bitcoin = financial freedom for the masses.",4068810689,2022-03-20 05:14:40+00:00,
23,1505412483862839301,"RT @Brisecommunity: What #Google Has To Say About Us💪
.
➡ #Bitgert To The MOON!🚀

#Brise #Bitgertcommunity #Bitgertarmy #Crypto #BRC20 #Bit…",1359196916144168965,2022-03-20 05:14:40+00:00,
24,1505412480624906242,"RT @SILVERBACKLGNDS: SILVERBACK LEGENDS
The godfathers of all apes.

🏆WEEKEND GIVEAWAY🏆
We are giving away 10 WHITELIST SPOTS on this post!…",1489950737832427522,2022-03-20 05:14:39+00:00,
25,1505412479962296321,"RT @SILVERBACKLGNDS: SILVERBACK LEGENDS
The godfathers of all apes.

🏆WEEKEND GIVEAWAY🏆
We are giving away 10 WHITELIST SPOTS on this post!…",1489825528857210885,2022-03-20 05:14:39+00:00,
26,1505412477865144320,"RT @SILVERBACKLGNDS: SILVERBACK LEGENDS
The godfathers of all apes.

🏆WEEKEND GIVEAWAY🏆
We are giving away 10 WHITELIST SPOTS on this post!…",1489836066974867458,2022-03-20 05:14:38+00:00,
27,1505412476854317057,"RT @SILVERBACKLGNDS: SILVERBACK LEGENDS
The godfathers of all apes.

🏆WEEKEND GIVEAWAY🏆
We are giving away 10 WHITELIST SPOTS on this post!…",1489820614214914048,2022-03-20 05:14:38+00:00,
28,1505412475717820417,Telefy project is a great endeavor with fresh ideas and a fantastic team. The project has a lot of promises and is based on an excellent concept. https://t.co/qJx811IsQm #DeFi #TeleFy #DEX #cryptocurrency #Ethereum  #Bitcoin #Airdrop #polkadot #MATIC #Polygon $TELE #Cardano #ETH https://t.co/OqY8gBZw6b,1260538471049056256,2022-03-20 05:14:38+00:00,
29,1505412470491398145,"RT @EtherNasyonaL: #Bitcoin dominance is falling ⬇️

#Altcoin dominance is rising ⬆️

#Altseason2022 WILL BE EPIC🔥🚀

Drive away the dry noi…",1402248002824118274,2022-03-20 05:14:36+00:00,
30,1505412467341492224,"RT @AirdropStario: 💧 SafeWallet Airdrop 💧

🏆 Task:        ➕ 175 SLT (~$3.5) for 1000 random participants

👨‍👩‍👧 Referral: ➕ 30,000 SLT (~$6…",1439458363952099328,2022-03-20 05:14:36+00:00,
31,1505412466968526853,"RT @TheCryptoGifter: If you don't have @coinbase already, then use my code. 
After you buy or sell $100 or more in #Crypto, you get $10 in…",1502863312438325250,2022-03-20 05:14:35+00:00,
32,1505412466552889350,"RT @airdropinspect: New airdrop: Prizefighter (RING)
Total Reward: $5,000 worth of RING
Rate: ⭐️⭐️⭐️⭐️
Winners: 1,000 Random &amp; Top 100
Dist…",1496519428141621255,2022-03-20 05:14:35+00:00,
33,1505412462530551812,"RT @Revolotto: 🏏World's Dangerous Cricketer
Greatest Batsman of All-time in Cricket

🌎Universe Boss - Chris Gayle extending his support and…",742414334953803776,2022-03-20 05:14:34+00:00,
34,1505412459511042050,"RT @RaiderToken: Here @RaiderToken , we are convinced of a few things.

1. Our token will have the best reflections in crypto 

2. Our toke…",1387017062099210240,2022-03-20 05:14:34+00:00,
35,1505412456889389066,RT @Ibrahim80516970: @TelefyConnect The project uses very compentent marketing and price policy. i am confident the project will show itsel…,1400729700855599107,2022-03-20 05:14:33+00:00,
36,1505412456755372038,"RT @Revolotto: 🏏World's Dangerous Cricketer
Greatest Batsman of All-time in Cricket

🌎Universe Boss - Chris Gayle extending his support and…",1504693013473554433,2022-03-20 05:14:33+00:00,
37,1505412455748448256,XRP is getting ready to take off to the moon! #altcoin #bitcoin #binance #xrp #ripple https://t.co/qnuymbI5E9,1241894235059748864,2022-03-20 05:14:33+00:00,
38,1505412455123488769,"RT @airdropinspect: New airdrop: MOMOCO (USDT)
Total Reward: 3,000 USDT
Rate: ⭐️⭐️⭐️⭐️
Winners: 1000 Random &amp; Top 100
Distribution: within…",1496947245773557767,2022-03-20 05:14:33+00:00,
39,1505412455052234752,"In Japan, #XRP is religion. I love it! All works! #eth #ethereum #binance #bitcoin btc #ripple #crypto #cryptocurrency https://t.co/ouMKvN8yH2",804760224531968000,2022-03-20 05:14:33+00:00,
40,1505412454708355076,"Check out Bored Sea #0003 NFT! Limited offer!
https://t.co/2GYgqV5cza
#nfts #nft #cryptoart #ethereum #crypto #bitcoin #artoftheday #cryptoartist #blockchain #nftcollector 
#metaverse #modernart #artcollector #arte #design #digitalillustration #nftsstories #crypto",2397341070,2022-03-20 05:14:33+00:00,
41,1505412453223436290,"RT @airdropinspect: New airdrop: Prizefighter (RING)
Total Reward: $5,000 worth of RING
Rate: ⭐️⭐️⭐️⭐️
Winners: 1,000 Random &amp; Top 100
Dist…",1365646040980889610,2022-03-20 05:14:32+00:00,
42,1505412452225531904,"RT @airdropinspect: New airdrop: Prizefighter (RING)
Total Reward: $5,000 worth of RING
Rate: ⭐️⭐️⭐️⭐️
Winners: 1,000 Random &amp; Top 100
Dist…",1468005227836035073,2022-03-20 05:14:32+00:00,
43,1505412450392236034,"RT @BitGert_India: @bitgertbrise is celebrating 120,000 holders on BSC 🔥🔥

With 3 x Tier 1 listings in negotiations #Brise is getting ready…",1359196916144168965,2022-03-20 05:14:32+00:00,
44,1505412446734848008,"RT @AirdropStario: 💧 SafeWallet Airdrop 💧

🏆 Task:        ➕ 175 SLT (~$3.5) for 1000 random participants

👨‍👩‍👧 Referral: ➕ 30,000 SLT (~$6…",1502484410813190149,2022-03-20 05:14:31+00:00,
45,1505412444012916736,"RT @DJCryptoYT: Stable coiners love $LUNA
#Bitcoin maxis will love $LUNA
#Defi peeps love $LUNA
@avalancheavax loves $LUNA 

See the patter…",1344921868759830530,2022-03-20 05:14:30+00:00,
46,1505412437687762944,"RT @AirdropDet: 🔍 New #Airdrop: Elite Cash

🏆 Total Airdrop Pool: 140,000 ELC [~$49,000]

🔴 Start the airdrop bot https://t.co/geX2YRhj5n…",1277939748179492865,2022-03-20 05:14:29+00:00,
47,1505412437687734274,"n Japan, #XRP is religion. I love it! All works! #eth #ethereum #binance #bitcoin btc #ripple #crypto #cryptocurrency

https://t.co/BFsAuLyYZj",284727301,2022-03-20 05:14:29+00:00,
