,id,text,author_id,created_at,geo
0,1505470193245507585,"RT @airdropinspect: New airdrop: Flamingo Casino
Total Reward: 200 NFTs &amp; $2500 pricing pool
Rate:⭐️⭐️⭐️⭐️
Winners: 220 Random
Distribution…",1501773180603535361,2022-03-20 09:03:59+00:00,
1,1505470192012382212,"@AltcoinDailyio Don’t missed #SHINJA 🥷🏿🔥
Buy Now and Happy later 🥷🏿🔥

#Shibnobi #Crypto #DeFi #BTC #SHIB #Ceek #AVAX #BNB
#Ethereum #Bitcoin #APECOIN #altcoin #FLOKI https://t.co/K20elYtrcM",946877922714976256,2022-03-20 09:03:58+00:00,
2,1505470190766952457,"RT @scottmelker: Buy #Bitcoin and opt out...

The 50 richest Americans are worth as much as the poorest 165 million.

The population of the…",283361808,2022-03-20 09:03:58+00:00,
3,1505470190691266563,RT @MorgenRochard: Financial advisors have a fiduciary obligation to recommend #bitcoin not crypto.,634680682,2022-03-20 09:03:58+00:00,
4,1505470186991718407,"RT @5ireChain: #5ire Coin Review! 🔥
121 Million #Funding! 🚀

Read The Complete Article Here! ⤵
https://t.co/OcGE7BTlSs 

#cryptocurrency #k…",1390062983359782913,2022-03-20 09:03:57+00:00,
5,1505470186220322818,"RT @airdropinspect: New airdrop: MOMOCO (USDT)
Total Reward: 3,000 USDT
Rate: ⭐️⭐️⭐️⭐️
Winners: 1000 Random &amp; Top 100
Distribution: within…",1496979099965100035,2022-03-20 09:03:57+00:00,
6,1505470184248659970,"RT @AirdropDet: 🔍 New #Airdrop: Elite Cash

🏆 Total Airdrop Pool: 140,000 ELC [~$49,000]

🔴 Start the airdrop bot https://t.co/geX2YRhj5n…",1446570838992424961,2022-03-20 09:03:56+00:00,
7,1505470182067785728,"Smart investors will accumulate and when the new rally starts, new investors come in and become the early investors exit liquidity and the cycle repeats its self. ✌️#btc #bitcoin #Altseason2022 #ALTSEASON #bearmarket https://t.co/EAVVeLZxhY",3053476234,2022-03-20 09:03:56+00:00,
8,1505470179588730886,"@TokenKangal Good project and new project airdrop
#coin #CoinMarketCap #bitcoin 
@lamwila19 @prasert828 @SirasakKasaris",1480554239399137285,2022-03-20 09:03:55+00:00,
9,1505470178703945730,"If you want the lucky bird to sit on your shoulders, hold the #bluesparrow token and participate in the  draw and reward of this bird.
 The blue sparrow will make you happy 
#bluesparrow🐦
#bluesparrowtoken🔥🚀
#TOKEN
#crypto
#draw
#ETH
#UNISWAP
@BlueSparrowETH
#bitcoin 34ee",1444965169365504000,2022-03-20 09:03:55+00:00,
10,1505470178293084161,"Go to moon

@ShivamKumarksp
@CaradocHarry
@Avanish28593133

#FlagNetwork #IDO #cryptocurrency #Bitcoin #NFTs https://t.co/Tx5KKiaB9P",1346296724982095872,2022-03-20 09:03:55+00:00,
11,1505470177823047683,The strongest bullish signal flashed for #XRP #bitcoin #btc #ethereum #eth https://t.co/5MjLr2x3mQ,1329211028,2022-03-20 09:03:55+00:00,
12,1505470174895349761,"@blanc222 @TheDiamondNFT @drealjosh @Blunt_NY @GabrielUgochi BTCs is the world's first Blockchain Smart Contract that has ever existed which was built with Blockchain technology (PoW - Proof Of Work)
Really Strong Project.
Source- WhitePaper

Link  : https://t.co/jin3HMiVEt

 KYC mandatory free mining✅
#Bitcoin #BTCs #Freemining 
#Satoshi",431539912,2022-03-20 09:03:54+00:00,
13,1505470174048124928,"RT @AirdropStario: 💧 CRAT Airdrop 💧

🏆 Task:         ➕  $50 worth of CRAT for 1000 random participants each

👨‍👩‍👧 Referral:  ➕  $100 worth…",1466855987579551744,2022-03-20 09:03:54+00:00,
14,1505470173930827780,"I'm inviting you to start investing in #cryptocurrency with Voyager. Download the app and trade $100 to get $25 in free #Bitcoin.
Use code GEO6F7 or this link to claim your #BTC
https://t.co/jbdKqtckRA https://t.co/AHHrhQgQ0p",2691500616,2022-03-20 09:03:54+00:00,
15,1505470171363913730,"RT @AirdropDet: 🔍 New #Airdrop: Elite Cash

🏆 Total Airdrop Pool: 140,000 ELC [~$49,000]

🔴 Start the airdrop bot https://t.co/geX2YRhj5n…",1391506331958448134,2022-03-20 09:03:53+00:00,
16,1505470168356597764,"RT @StephenPunwasi: India just bought 3 million barrels of oil from Russia at a 20% discount and paid in rupees, not USD.

The fight to de-…",116196165,2022-03-20 09:03:53+00:00,
17,1505470166200594434,"RT @airdropinspect: New airdrop: Angelic (ANGL)
Total Reward: 50,000 ANGL
Rate: ⭐️⭐️⭐️⭐️
Winners: 1,500 Random &amp; Top 50
Distribution: withi…",1319845950018387968,2022-03-20 09:03:52+00:00,
18,1505470163537309702,"Bluesparrow season is coming soon
bluesparrowtoken is the blue #gem💎💎 in your wallet
#ETH
#BlueSparrow
#BlueSparrowtoken
#BlueSparrowCommunity
#BestDrawToken
#Bluesparrowcharity
@BlueSparrowETH
#web3
#Bitcoin
@BluesparrowC cm84",1444965169365504000,2022-03-20 09:03:51+00:00,
19,1505470163449270274,"RT @TheCryptoLark: If you could only hold one of these until 2030 which would it be and why? 
#bitcoin 
#ethereum 
#cardano 
$xrp 
$sol 
$d…",1147223524572041217,2022-03-20 09:03:51+00:00,
20,1505470161406550021,RT @BitcoinMagazine: The revolution can not be stopped. #Bitcoin https://t.co/J51qviTWId,1484716367190405122,2022-03-20 09:03:51+00:00,
21,1505470160718557184,"We just know #XRP will moon #crypto #binance #cryptocurrency #bitcoin #btc

https://t.co/0fTlWA5fYR",2427039092,2022-03-20 09:03:51+00:00,
22,1505470159485558785,RT @saylor: You do not sell your #bitcoin.  https://t.co/LJNgJeWxvR,705634267737358337,2022-03-20 09:03:50+00:00,
23,1505470157468028931,"RT @AirdropStario: 💧 The Crypto Launchpad Airdrop 💧

🏆 Task:          ➕  Up to $50 worth of TCL

👨‍👩‍👧 Referral:   ➕  $25 worth of TCL

🔛 A…",1412239340336566272,2022-03-20 09:03:50+00:00,
24,1505470155119546371,"RT @AirdropStario: 💧 CRAT Airdrop 💧

🏆 Task:         ➕  $50 worth of CRAT for 1000 random participants each

👨‍👩‍👧 Referral:  ➕  $100 worth…",1428375031592013832,2022-03-20 09:03:49+00:00,
25,1505470154893066241,RT @rovercrc: #Bitcoin Hidden Bullish Divergence 1h! https://t.co/ratx96YVNR,962587462143889408,2022-03-20 09:03:49+00:00,
26,1505470154343432194,RT @Bitcoinbeach: The Face of #Bitcoin https://t.co/RN7GC4k2tX,1327050319046602755,2022-03-20 09:03:49+00:00,
27,1505470153496141826,"The current price of bitcoin is $41,892.00. It has increased by 0.397% in the last 24 hours #bitcoin #btc #cryptocurrency",1374776463166148609,2022-03-20 09:03:49+00:00,
28,1505470152975990786,"RT @BobMalakasPI: Sources: Honduras to announce #Bitcoin as legal tender, 1 year after El Salvador did the same
https://t.co/JbQ7Y5uS4B htt…",1069940926439718912,2022-03-20 09:03:49+00:00,
29,1505470152158064642,"XRP is getting ready to take off to the moon! #altcoin #bitcoin #binance #xrp #ripple

https://t.co/k9fu1OGB9j",1414734312264458242,2022-03-20 09:03:49+00:00,
30,1505470149066862592,"@JoyJulia2001 @TheDiamondNFT @doglaboy2000 @SheilaRoep @RodneySchattevo BTCs is the world's first Blockchain Smart Contract that has ever existed which was built with Blockchain technology (PoW - Proof Of Work)
Really Strong Project.
Source- WhitePaper

Link  : https://t.co/jin3HMiVEt

 KYC mandatory free mining✅
#Bitcoin #BTCs #Freemining 
#Satoshi",431539912,2022-03-20 09:03:48+00:00,
31,1505470148551282688,"RT @airdropinspect: New airdrop: Retoken (USDT)
Total Reward: 2,000 USDT
Rate: ⭐️⭐️⭐️⭐️
Winners: 700 Random &amp; Top 50
Distribution: within a…",1503980895572983808,2022-03-20 09:03:48+00:00,
32,1505470148362313734,"Linking parallel worlds with 💥#bluesparrow 🌏🌎🪐
🔥BlueSparrow🔥 for everyone
#ETH
#BlueSparrow
#BlueSparrowtoken
#BlueSparrowCommunity
#BestDrawToken
#Bluesparrowcharity
@BlueSparrowETH
#web3
#Bitcoin
@BluesparrowC jhtk",1444965169365504000,2022-03-20 09:03:48+00:00,
33,1505470148290908162,"We just know #XRP will moon #crypto #binance #cryptocurrency #bitcoin #btc

https://t.co/DibZKQJINs",4597533676,2022-03-20 09:03:48+00:00,
34,1505470142276579328,@amanda_hue's account is temporarily unavailable because it violates the Twitter Media Policy. Learn more.,1497098601780355076,2022-03-20 09:03:46+00:00,
35,1505470139982036992,The Bong Rip Daily is out! https://t.co/6jl24263Ga Stories via @SetJulianFree @ByDCP #bitcoin #mjnews,12835052,2022-03-20 09:03:46+00:00,
36,1505470138874687489,"RT @adam3us: the petrodollar arose from military asymmetric offense in the physical domain.
#bitcoin grows from the math of individual asym…",74224608,2022-03-20 09:03:46+00:00,
37,1505470137599619072,"RT @ashwsbreal: Like for #Bitcoin 

Retweet for #Ethereum 

Both for #LUNA",1458331229980221446,2022-03-20 09:03:45+00:00,
38,1505470134026215428,"Bluesparrow  the future of the world😍❤️🎉
 New lifestyle with bluesparrow🚀🔥
#ETH
#BlueSparrow
#BlueSparrowtoken
#BlueSparrowCommunity
#BestDrawToken
#Bluesparrowcharity
@BlueSparrowETH
#web3
#Bitcoin
@BluesparrowC  6s39",1444965169365504000,2022-03-20 09:03:44+00:00,
39,1505470133845827585,"RT @AirdropStario: 💧 CRAT Airdrop 💧

🏆 Task:         ➕  $50 worth of CRAT for 1000 random participants each

👨‍👩‍👧 Referral:  ➕  $100 worth…",1181331238201823233,2022-03-20 09:03:44+00:00,
40,1505470131773878275,"RT @Crackercoins: Cracker wishes you and your family a happiest Holi .
#token #blockchain #bitcoin #crypto #cryptocurrency #ethereum #btc #…",957205855321182209,2022-03-20 09:03:44+00:00,
41,1505470131106897921,"RT @Kiyan93580255: We are @SpyWolfNetwork and we are here to clean up the crypto space and to make you $$$
 
https://t.co/e7LG5H2u9a is our…",1485276061009125381,2022-03-20 09:03:44+00:00,
42,1505470129278230531,"RT @TheRealPlanC: The Confluence Floor Model 🎯 #Bitcoin

3 Onchain Floor Models Combined. #Crypto

The ONLY 3 times #BTC touched this floor…",1327698810743697408,2022-03-20 09:03:43+00:00,
43,1505470129051742213,"In Japan, #XRP is religion. I love it! All works! #eth #ethereum #binance #bitcoin btc #ripple #crypto #cryptocurrency https://t.co/tVgMITF8iF",1470298711486091266,2022-03-20 09:03:43+00:00,
44,1505470128393121793,"RT @ashwsbreal: Like for #Bitcoin 

Retweet for #Ethereum 

Both for #LUNA",1434653442409000961,2022-03-20 09:03:43+00:00,
45,1505470124907671553,You can do Cloud Mining using this site https://t.co/1rKu6M3dGL                            #mining #trxmining #money #earnmoney #register #bitcoin #ethereum #btc #eth #tronvex 3723,1477419227371868162,2022-03-20 09:03:42+00:00,
46,1505470123305361409,"RT @AirdropDet: 🔍 New #Airdrop: YupVerse

💲 Reward: Up to 10M YuP (~$5) + 2M YuP (~$1,000) referral pool

🔴 Start the airdrop bot https://t…",1451593859239006211,2022-03-20 09:03:42+00:00,
47,1505470122747904000,"RT @airdropinspect: New airdrop: Prizefighter (RING)
Total Reward: $5,000 worth of RING
Rate: ⭐️⭐️⭐️⭐️
Winners: 1,000 Random &amp; Top 100
Dist…",1503980895572983808,2022-03-20 09:03:42+00:00,
