,id,text,author_id,created_at,geo
0,1505369734182686725,"RT @ashwsbreal: The year is 2028 and #Bitcoin 
Just hit $700k. 

That makes you happy right ? 

This is gonna happen so hold tight 
and be…",1480362845413928960,2022-03-20 02:24:47+00:00,
1,1505369733184782336,"RT @airdropinspect: New airdrop: Skygard Game
Total Reward: 1100 NFTs
Rate: ⭐️⭐️⭐️⭐️
Winners: 1,000 Random &amp; 100 Top
Distribution: within 1…",1442344041018847232,2022-03-20 02:24:47+00:00,
2,1505369733033390081,"@OubiEth This is the best gem out there.
@Bobatama
#BOBAMASK #BOBATAMA
#BOBATAMA1000x

@AuzsomeAustin @elonmusk @MattWallace888 @JakeGagain
@Yourpop8 @Z_humphries
#ETH #Bitcoin  #nftart #NFTartist
#Crypto $Boba
#1000xGem #LBANK

👉 https://t.co/aLpK8UszXz",1500160116577820678,2022-03-20 02:24:47+00:00,
3,1505369728142958594,"RT @CryptoKingKeyur: Dirty Nuclear Bomb Alert ⛔️ Bitcoin Dump 😱 Russia Ukraine War | Crypto N... https://t.co/R6YuDfcs9P via @YouTube 

#Bi…",1505289002110406656,2022-03-20 02:24:46+00:00,
4,1505369728004485121,"RT @Revolotto: 🏏World's Dangerous Cricketer
Greatest Batsman of All-time in Cricket

🌎Universe Boss - Chris Gayle extending his support and…",1393204636408897538,2022-03-20 02:24:46+00:00,
5,1505369725685366786,"RT @BTC_Archive: #Bitcoin at $42k 👀
Nice and steady…👌",851655055430365184,2022-03-20 02:24:45+00:00,
6,1505369724028272643,"RT @AirdropStario: 💧 SafeWallet Airdrop 💧

🏆 Task:        ➕ 175 SLT (~$3.5) for 1000 random participants

👨‍👩‍👧 Referral: ➕ 30,000 SLT (~$6…",1464810926939512834,2022-03-20 02:24:45+00:00,
7,1505369721020973060,"In Japan, #XRP is religion. I love it! All works! #eth #ethereum #binance #bitcoin btc #ripple #crypto #cryptocurrency https://t.co/sf3noq2mCe",1308753357134151680,2022-03-20 02:24:44+00:00,
8,1505369718714159105,"In Japan, #XRP is religion. I love it! All works! #eth #ethereum #binance #bitcoin btc #ripple #crypto #cryptocurrency https://t.co/n1Rhx4fOmI",975109876711075840,2022-03-20 02:24:44+00:00,
9,1505369716290101251,Joining Stackswap to bring permissionless Bitcoin DeFi powered by AI! https://t.co/sVzXQvBkmt #Stackswap #NFTs #DeFi #Permissionless #Bitcoin #Launchpad #AI,1392048585496174592,2022-03-20 02:24:43+00:00,
10,1505369715245416451,"@ShapesofTime4D This is the best gem out there.
@Bobatama
#BOBAMASK #BOBATAMA
#BOBATAMA1000x

@AuzsomeAustin @elonmusk @MattWallace888 @JakeGagain
@Yourpop8 @Z_humphries
#ETH #Bitcoin  #nftart #NFTartist
#Crypto $Boba
#1000xGem #LBANK

👉 https://t.co/aLpK8UszXz",1500160116577820678,2022-03-20 02:24:43+00:00,
11,1505369714242904066,The strongest bullish signal flashed for #XRP #bitcoin #btc #ethereum #eth https://t.co/N8dZ5j4wfp,1134862220670701569,2022-03-20 02:24:42+00:00,
12,1505369714108743680,RT @TheCryptoLark: Apparently $luna wants to have 10 billion in #bitcoin total to make a “Bitcoin standard” for $ust. Is this is the start…,945893481385402368,2022-03-20 02:24:42+00:00,
13,1505369713353768962,"RT @airdropinspect: New airdrop: Ubiquity DAO (USDT)
Total Reward: 2,500 USDT
Rate: ⭐️⭐️⭐️⭐️
Winners: 1,000 Random &amp; Top 100
Distribution:…",1382129351202799617,2022-03-20 02:24:42+00:00,
14,1505369713282482176,"RT @airdropinspect: New airdrop: Prizefighter (RING)
Total Reward: $5,000 worth of RING
Rate: ⭐️⭐️⭐️⭐️
Winners: 1,000 Random &amp; Top 100
Dist…",857821774003568642,2022-03-20 02:24:42+00:00,
15,1505369710875275264,"RT @Bana43212: @Investor1000x @RealCryptorich @Bobatama @elonmusk Huge best project out there utility we all was waiting for 💎💎💎💎👀🚀🚀🚀👀
#BOB…",1498319038040391681,2022-03-20 02:24:42+00:00,
16,1505369709855793154,"RT @CryptoKingKeyur: Indian Rupee ki value gir rahi hai!

#Bitcoin is the ultimate solution 🚀 

#USDINR https://t.co/rc7rl6dBMv",1505289002110406656,2022-03-20 02:24:41+00:00,
17,1505369709109198848,"People who say they don’t care about money, it’s fake anyway, can’t be bothered. Tend to be the ones that need #bitcoin the most,  but are the hardest to reach.  They’ve been gaslit for so long they don’t even realize that the money being broken is why they are so jaded. Paradox",1354884648522932224,2022-03-20 02:24:41+00:00,
18,1505369708568059906,"XRP is getting ready to take off to the moon! #altcoin #bitcoin #binance #xrp #ripple

https://t.co/JWBlMk428i",891512260488822784,2022-03-20 02:24:41+00:00,
19,1505369708564037632,"@APompliano @DAR_LLC203 is a game changer in Crypto &amp; surely one of the best ecosystems a man could dream to build! A DEX, CEX, SWAP, VAULT, BATTLVERSE, NFTS, VISA CARD, BLOCKCHAIN (CASINO &amp; BANK coming soon!)  https://t.co/1x4xb3Z6Yk #LLC #NASCAR #1000Xgem #bitcoin #bnb #eth #doxxed https://t.co/a475F3gBvG",1460551629950930944,2022-03-20 02:24:41+00:00,
20,1505369708379484161,"In Japan, #XRP is religion. I love it! All works! #eth #ethereum #binance #bitcoin btc #ripple #crypto #cryptocurrency https://t.co/nXA5sFwZzQ",1301731661911142401,2022-03-20 02:24:41+00:00,
21,1505369706751938565,"In Japan, #XRP is religion. I love it! All works! #eth #ethereum #binance #bitcoin btc #ripple #crypto #cryptocurrency https://t.co/I5dE3MeZXw",1415458707627024384,2022-03-20 02:24:41+00:00,
22,1505369704742883329,XRP is getting ready to take off to the moon! #altcoin #bitcoin #binance #xrp #ripple https://t.co/1hQrHL8wcC,1455613037071699970,2022-03-20 02:24:40+00:00,
23,1505369703866576899,"RT @AirdropDet: 🔍 New #Airdrop: YupVerse

💲 Reward: Up to 10M YuP (~$5) + 2M YuP (~$1,000) referral pool

🔴 Start the airdrop bot https://t…",1492534202025537536,2022-03-20 02:24:40+00:00,
24,1505369703430119427,"@TrustWallet @apecoin @BoredApeYC @ElvantisGame Elvantis #Metaverse Revolution. Art Beyond Limitation #CrossChain #NFT #Game #Coin
#Binance #Bitcoin #Ethereum
#GameFi

https://t.co/1kTcD2qf2c
Telegram Chat: @ELVANTIS
 https://t.co/yXl0ql2v8C
 https://t.co/wcwXQjEV2S
https://t.co/em3QsmkyBQ
https://t.co/mkJT6EnDnX https://t.co/oKYzGSqjHX",951023040988508161,2022-03-20 02:24:40+00:00,
25,1505369696480026624,"@RealCryptorich This is the best gem out there.
@Bobatama
#BOBAMASK #BOBATAMA
#BOBATAMA1000x

@AuzsomeAustin @elonmusk @MattWallace888 @JakeGagain
@Yourpop8 @Z_humphries
#ETH #Bitcoin  #nftart #NFTartist
#Crypto $Boba
#1000xGem #LBANK

👉 https://t.co/aLpK8UszXz",1500160116577820678,2022-03-20 02:24:38+00:00,
26,1505369695863644162,"RT @profit8lue: Trade signal 🚨
Short 🔻 #Bitcoin 
Entry $42270
Stop loss: $43100
Risk: Moderate
Please risk what you can afford to lose.",1345726062836256770,2022-03-20 02:24:38+00:00,
27,1505369695792562176,"RT @airdropinspect: New airdrop: Prizefighter (RING)
Total Reward: $5,000 worth of RING
Rate: ⭐️⭐️⭐️⭐️
Winners: 1,000 Random &amp; Top 100
Dist…",1497950399848140804,2022-03-20 02:24:38+00:00,
28,1505369695611891712,"RT @ProjectsIco: What is next leg up for #Bitcoin 

#Crypto #BTC #BTCUSDT #cryptocurrency",1492715035109441544,2022-03-20 02:24:38+00:00,
29,1505369695213477889,"In Japan, #XRP is religion. I love it! All works! #eth #ethereum #binance #bitcoin btc #ripple #crypto #cryptocurrency https://t.co/Z41loez0In",2982274116,2022-03-20 02:24:38+00:00,
30,1505369694890762241,"Great Game from facebook to Blockchain..@tapfantasy2021

#NFT #NFTs #metaverse #bitcoin #airdrop #crypto #GameFi #btc #bnb #binance #cryptocurrency #eth
#Blockchain #gamingcrypto #web3 #altcoin #Altcoins #Airdrop #Airdrops #CryptoGame
#Togetherwegrow @alphacapitals  #AIGventure https://t.co/77KwYCBcKr",85630344,2022-03-20 02:24:38+00:00,
31,1505369690683625475,"RT @EtherNasyonaL: #Bitcoin dominance is falling ⬇️

#Altcoin dominance is rising ⬆️

#Altseason2022 WILL BE EPIC🔥🚀

Drive away the dry noi…",1483196285549166592,2022-03-20 02:24:37+00:00,
32,1505369690461421577,We just know #XRP will moon #crypto #binance #cryptocurrency #bitcoin #btc https://t.co/Sx39av9OSp,1089438011060703233,2022-03-20 02:24:37+00:00,
33,1505369690298023938,"RT @AirdropStario: 💧 SafeWallet Airdrop 💧

🏆 Task:        ➕ 175 SLT (~$3.5) for 1000 random participants

👨‍👩‍👧 Referral: ➕ 30,000 SLT (~$6…",1236698516061163520,2022-03-20 02:24:37+00:00,
34,1505369687550439424,"n Japan, #XRP is religion. I love it! All works! #eth #ethereum #binance #bitcoin btc #ripple #crypto #cryptocurrency

https://t.co/ElxwgTbVQi",1436964110923567104,2022-03-20 02:24:36+00:00,
35,1505369684916514816,"RT @crypt0_me: #BTC Update
Bitcoin has formed a double bottom pattern clearly being observed on the daily frame. Waiting to see if it will…",3417055456,2022-03-20 02:24:35+00:00,
36,1505369683045744640,"RT @AirdropDet: 🔍 New #Airdrop: YupVerse

💲 Reward: Up to 10M YuP (~$5) + 2M YuP (~$1,000) referral pool

🔴 Start the airdrop bot https://t…",1282155056112914432,2022-03-20 02:24:35+00:00,
37,1505369681758416904,"RT @maxyamp: How AI-powered trading software protects my portfolio during #Bitcoin corrections 🔥

Try it free 👉 https://t.co/cdlct0CEkl ✅ h…",1501051902225977346,2022-03-20 02:24:35+00:00,
38,1505369680029970434,"@ashleysNFT This is the best gem out there.
@Bobatama
#BOBAMASK #BOBATAMA
#BOBATAMA1000x

@AuzsomeAustin @elonmusk @MattWallace888 @JakeGagain
@Yourpop8 @Z_humphries
#ETH #Bitcoin  #nftart #NFTartist
#Crypto $Boba
#1000xGem #LBANK

👉 https://t.co/aLpK8UszXz",1500160116577820678,2022-03-20 02:24:34+00:00,
39,1505369679287697414,RT @TheCryptoLark: Apparently $luna wants to have 10 billion in #bitcoin total to make a “Bitcoin standard” for $ust. Is this is the start…,1355655363618598919,2022-03-20 02:24:34+00:00,
40,1505369676888506369,"RT @AirdropStario: 💧 SafeWallet Airdrop 💧

🏆 Task:        ➕ 175 SLT (~$3.5) for 1000 random participants

👨‍👩‍👧 Referral: ➕ 30,000 SLT (~$6…",1494523118781890570,2022-03-20 02:24:34+00:00,
41,1505369672254103553,"RT @airdropinspect: New airdrop: Ubiquity DAO (USDT)
Total Reward: 2,500 USDT
Rate: ⭐️⭐️⭐️⭐️
Winners: 1,000 Random &amp; Top 100
Distribution:…",1431543074195312644,2022-03-20 02:24:32+00:00,
42,1505369671779995652,"RT @SquawkCNBC: ""When there's bad stewardship of economies, #Bitcoin provides a great alternative,"" says @novogratz on #crypto. ""If you wer…",1487465358223155202,2022-03-20 02:24:32+00:00,
43,1505369671742078976,"RT @chitaglorya__: giveaway 200$ | 2,800,000 IDR

-- rt follow @flagnetwork_NFT 

-- rt &amp; quoted their pinned with   #FlagNetwork  #cryptoc…",1239527053801603072,2022-03-20 02:24:32+00:00,
44,1505369671394078721,"@BabyDogeReports @ElvantisGame Elvantis #Metaverse Revolution. Art Beyond Limitation #CrossChain #NFT #Game #Coin
#Binance #Bitcoin #Ethereum
#GameFi

https://t.co/1kTcD2qf2c
Telegram Chat: @ELVANTIS
 https://t.co/yXl0ql2v8C
 https://t.co/wcwXQjEV2S
https://t.co/em3QsmkyBQ
https://t.co/mkJT6EnDnX https://t.co/xJ987zIvIw",951023040988508161,2022-03-20 02:24:32+00:00,
45,1505369669926105091,@TheCryptoLark #bitcoin or #stx or $Alex,844530389809008640,2022-03-20 02:24:32+00:00,
46,1505369669620101121,"@tapfantasy2021 Great Game from facebook to Blockchain..@tapfantasy2021

#NFT #NFTs #metaverse #bitcoin #airdrop #crypto #GameFi #btc #bnb #binance #cryptocurrency #eth
#Blockchain #gamingcrypto #web3 #altcoin #Altcoins #Airdrop #Airdrops #CryptoGame
#Togetherwegrow @alphacapitals  #AIGventure",85630344,2022-03-20 02:24:32+00:00,
47,1505369667430490122,"@APompliano @DAR_LLC203 is a game changer in Crypto &amp; surely one of the best ecosystems a man could dream to build! A DEX, CEX, SWAP, VAULT, BATTLVERSE, NFTS, VISA CARD, BLOCKCHAIN (CASINO &amp; BANK coming soon!)  https://t.co/1x4xb3Z6Yk #LLC #NASCAR #1000Xgem #bitcoin #bnb #eth #doxxed https://t.co/M97o4TqvHf",1460551629950930944,2022-03-20 02:24:31+00:00,
48,1505369664402075649,"RT @YupVerse: ✔️ YupVerse Airdrop (New Round) is live!

🔵 Airdrop Reward: Up to 10 Million YuP (~$5)

🔵 Referral Reward: 2 Million YuP (~$1…",1185966491243433984,2022-03-20 02:24:31+00:00,
49,1505369661092683777,"@TearOfSatoshi This is the best gem out there.
@Bobatama
#BOBAMASK #BOBATAMA
#BOBATAMA1000x

@AuzsomeAustin @elonmusk @MattWallace888 @JakeGagain
@Yourpop8 @Z_humphries
#ETH #Bitcoin  #nftart #NFTartist
#Crypto $Boba
#1000xGem #LBANK

👉 https://t.co/aLpK8UszXz",1500160116577820678,2022-03-20 02:24:30+00:00,
