,id,text,author_id,created_at,geo
0,1505624463303671808,"RT @airdropinspect: New airdrop: Flamingo Casino
Total Reward: 200 NFTs &amp; $2500 pricing pool
Rate:⭐️⭐️⭐️⭐️
Winners: 220 Random
Distribution…",1499136462884728838,2022-03-20 19:16:59+00:00,
1,1505624461776764930,"RT @Xstar_D: Can you see, Mars isn't faraway with $Marvin.

Join #Marvininu rocket and let's see Mars together

Website: https://t.co/JweNH…",1492483336278786054,2022-03-20 19:16:59+00:00,
2,1505624459335675910,"RT @CryptoWhalesUS: CryptoNews: 🇸🇬 Singapore’s largest bank, DBS Bank CEO, Piyush Gupta, says central banks should regulate Bitcoin &amp; crypt…",1289671287254679554,2022-03-20 19:16:58+00:00,
3,1505624458781990918,"RT @rovercrc: I am currently long on #Bitcoin with $200,000 🚀",1457701520598786048,2022-03-20 19:16:58+00:00,
4,1505624458698313728,"RT @BitcoinMagazine: Only 2 weeks until the 19,000,000 #bitcoin is mined ⛏",1350835605094076416,2022-03-20 19:16:58+00:00,
5,1505624458609967105,"RT @relai_app: Will #Bitcoin get back over 45K in March? 

NO         MAYBE         1 btc=1btc
👇             👇              👇",1479144083100680203,2022-03-20 19:16:58+00:00,
6,1505624457926176773,"RT @airdropinspect: New airdrop: Jungle Jim (JIM)
Total Reward: $5,000 worth of JIM
Rate: ⭐️⭐️⭐️⭐️
Winners: 1000 Random &amp; Top 100
Distribut…",1440609630778843146,2022-03-20 19:16:58+00:00,
7,1505624455501991936,"RT @compass_mining: Racks on racks 💥

#Bitcoin https://t.co/Mk6QD8WhOm",1376160512,2022-03-20 19:16:57+00:00,
8,1505624453832753156,"RT @talkmada: @Sayembabu24 Search no further. 

$MARVIN is currently taking lead among #MemeSeason 

You gotta bag #marvininu for your next…",1397591650831118338,2022-03-20 19:16:57+00:00,
9,1505624453455228944,"https://t.co/DNPaQAKiWe is a fake #CryptoExchange, stay away! - Disruptive Fine Art https://t.co/zOYbCaHCZX

#nft #nftart #art #digitalart #nfts #nftartist #crypto #cryptoart #nftcommunity #nftcollector #ethereum #bitcoin #blockchain #cryptocurrency #d #opensea #artist #artwork https://t.co/UYqtjuggTI",2868289951,2022-03-20 19:16:57+00:00,
10,1505624452004032519,"RT @duczko: exciting space about #Bitcoin Andorra 🇦🇩 starting soon (in ~6h)!

help spread the word, win 100,000 or 50,000 sats

1. retweet…",447398264,2022-03-20 19:16:57+00:00,
11,1505624450309443585,"RT @talkmada: @krakenfx $Marvin have got the best community! 
To pull up a #1000x 🔥💪

Check out on our roadmap :
➡️ https://t.co/BeOhxqYWUA…",1502228195998941186,2022-03-20 19:16:56+00:00,
12,1505624443644690432,"🔥 Free Options Trading Signals

SYMBOL: $BTCUSD / $BTCJPY #bitcoin
DIRECTION: LOW 📉 @ 41328.12
TIMEFRAME: 5 MIN
PLATFORM: Zentrader

Strategy: Short term trend reversal. Read pinned tweet for full info!

#forexsignals #zentrader #ゼントレーダー #ゼン・トレーダー",1215035780847960065,2022-03-20 19:16:55+00:00,
13,1505624442059177986,"RT @AirdropStario: 💧 CRAT Airdrop 💧

🏆 Task:         ➕  $50 worth of CRAT for 1000 random participants each

👨‍👩‍👧 Referral:  ➕  $100 worth…",1349181405343870976,2022-03-20 19:16:54+00:00,
14,1505624440415076352,"RT @binance: 💰 $10,000 giveaway 💰
 
Post your #BitcoinButton result to enter!
 
Rules:
🔸 Retweet this post
🔸 Follow @Binance
🔸 Play #Bitcoi…",209447849,2022-03-20 19:16:54+00:00,
15,1505624440260145152,"RT @Fastcoin5: Did you know!? 😃✋🏾

IF YOU SHARE COINSFEE ICO WITH FRIENDS; 

🔥YOU WILL GET PAID 20% IN FEE TOKEN OR
🔥10% IN BNB PAID WITHIN…",1444592234167365635,2022-03-20 19:16:54+00:00,
16,1505624439341391874,"- 
BTC price: $41,312 / £31,342 

24.21 Naks per USD
31.91 Naks per GBP
 
&lt;going UP!&gt; 

A #Nak is a millionth of a #Bitcoin. 
A #Sat is one hundred millionth.  
If a Sat is a cent, a Nak is a dollar! 
#Bitcoinprice 

20/03/2022  19:16:52 GMT https://t.co/TifT9WUTMK",1317380967393353733,2022-03-20 19:16:54+00:00,
17,1505624439114936323,"XRP is getting ready to take off to the moon! #altcoin #bitcoin #binance #xrp #ripple

https://t.co/eCELPqWN1c",1470376404877414402,2022-03-20 19:16:54+00:00,
18,1505624438779297792,"🐻 BEARWHALE! just SHORTED $3,222,735 worth of #Bitcoin #BTC at $41,288 on #Binance Futures",1284573941063974912,2022-03-20 19:16:54+00:00,
19,1505624435918782464,"RT @airdropinspect: New airdrop: Polysports (PS1)
Total Reward: $12,000 worth of PS1
Rate: ⭐️⭐️⭐️⭐️
Winners: 1500 Random &amp; Top 300
Distribu…",1452848886805041158,2022-03-20 19:16:53+00:00,
20,1505624434970931201,"➡️ @CONNECTORCOIN ⬅️
Good Project 👌👌👌
#crypto #bitcoin 
#CONNECTORCOIN 
#ctco $bnb $bsc 
$ctco #bnb 
@Rocket__crypto
🎗 @Akon 🎗
📎F.B
https://t.co/uvEo8wzbis 🤯🥴👌👏 https://t.co/fqNrCBji0v https://t.co/UHPkcSoz2z",1492131321795207173,2022-03-20 19:16:53+00:00,
21,1505624434467557385,"@jiucaicaijing TIP!!🚨🚨: Could also change your life. I already buy Banxa Holdings OTC: BNXAF stock. High wins awaits. Thank me later for that hint🔥 @BanxaOfficial #btc #bitcoin #defi #nft
https://t.co/V1keLbyrHM",1470145355236978698,2022-03-20 19:16:52+00:00,
22,1505624432378789901,"RT @relai_app: Will #Bitcoin get back over 45K in March? 

NO         MAYBE         1 btc=1btc
👇             👇              👇",1140677322665840640,2022-03-20 19:16:52+00:00,
23,1505624430248181761,"RT @YupVerse: ✔️ YupVerse Airdrop (New Round) is live!

🔵 Airdrop Reward: Up to 10 Million YuP (~$5)

🔵 Referral Reward: 2 Million YuP (~$1…",1501929008321212417,2022-03-20 19:16:51+00:00,
24,1505624426930450432,"RT @Mrcrownnnnn: ""For every person building #privacy solutions in #Bitcoin there is at least one person, likely ten people building anti-pr…",1250713232458887168,2022-03-20 19:16:51+00:00,
25,1505624424468598785,"FlagNetwork #IDO #cryptocurrency #Bitcoin #NFTshill @BdOSN 
@fayedsouza 
@AlexisFfrench https://t.co/Xpra4jPRuP",1495186496210751490,2022-03-20 19:16:50+00:00,
26,1505624423197458433,"n Japan, #XRP is religion. I love it! All works! #eth #ethereum #binance #bitcoin btc #ripple #crypto #cryptocurrency

https://t.co/HzUiLovY3C",1439312210807959557,2022-03-20 19:16:50+00:00,
27,1505624420538191872,"The ‘Play Magnus’ has been Partnered by The Animoca to Launch The Chess Into the Metaverse 
https://t.co/TuMsSkm3HT
#nft #crypto #art #cryptocurrency #bitcoin #altcoin #nftart #eth #btc",1492096734872227842,2022-03-20 19:16:49+00:00,
28,1505624419963703296,"@NFTLAlive World 1st bitcoin transection NFT  

https://t.co/emFH7mWmGG    

@opensea 

#Bitcoin  #nft #BinanceNFT #PolygonNFT #legend #100xgem #NFT #memoriesNFTseller #NFTs #opensea #OpenSeaNFT",1320236448575033344,2022-03-20 19:16:49+00:00,
29,1505624419657400321,"XRP is getting ready to take off to the moon! #altcoin #bitcoin #binance #xrp #ripple

https://t.co/WJARJOs7Xx",1430905037752995856,2022-03-20 19:16:49+00:00,
30,1505624419636494337,"RT @Meta_Gaming99: Meta Gaming  🎁
 Airdrop for everyone

Steps:
1️⃣Follow us Twitter @Meta_Gaming99 RT&amp;Tag 3 friends
2️⃣Join us TG group: h…",1498053636747931650,2022-03-20 19:16:49+00:00,
31,1505624418625728515,"RT @ValerySobolev: BITCOIN - NO INVESTMENT - FOR EVERYONE
You just watch movies, chat with friends and get bitcoins without commissions
htt…",324318782,2022-03-20 19:16:49+00:00,
32,1505624418432729091,RT @CharlieShrem: Why #Bitcoin is unstoppable https://t.co/F5gdWIyRqX,1031436283,2022-03-20 19:16:49+00:00,
33,1505624416092307459,"RT @talkmada: @krakenfx $Marvin have got the best community! 
To pull up a #1000x 🔥💪

Check out on our roadmap :
➡️ https://t.co/BeOhxqYWUA…",1502232881581670406,2022-03-20 19:16:48+00:00,
34,1505624415681273856,"RT @GDC_token: 📣 GDC Token Airdrop is live!

🏆 Reward for Tasks: 460 GDC (~$5,52) for 5000 random participants each.

👨‍👩‍👧 Referral Reward…",1484004428181032964,2022-03-20 19:16:48+00:00,
35,1505624415320612875,"RT @airdropinspect: New airdrop: Waves (WAVES)
Total Reward: $50,000 worth of tokens
Rate: ⭐️⭐️⭐️⭐️⭐️
Winners: Daily: 100 Random &amp; 25 Activ…",1452848886805041158,2022-03-20 19:16:48+00:00,
36,1505624415102332928,"#bitcoin Block #728251 : 1672047 bytes, 1808 transactions, 6.30740754BTC($260,547) reward
            
For more information, visit https://t.co/mSZYmKuUoV",1456568726,2022-03-20 19:16:48+00:00,
37,1505624414242574336,"My Crypto Currency Portfolio today on a $8320 net investment. Has a balance of $12321.16 a gain of $4001.16 (+48.1%) 👀🔥🔥🔥 includes $BTC, $ETH, $XTZ, $ALGO, $ATOM #StocksAndCryptos 📈🚀🌕 #Bitcoin #Altcoins https://t.co/BXq1O5mmvr",27534212,2022-03-20 19:16:48+00:00,{'place_id': 'a592bd6ceb1319f7'}
38,1505624406843793410,"We just know #XRP will moon #crypto #binance #cryptocurrency #bitcoin #btc

https://t.co/bQL9AwyKN5",1320816218929041408,2022-03-20 19:16:46+00:00,
39,1505624404096860160,RT @WatcherGuru: JUST IN: 🇦🇺 Australian government will regulate #Bitcoin &amp; #cryptocurrencies as part of a broader revamp of the country’s…,1472834442276208640,2022-03-20 19:16:45+00:00,
40,1505624401831768074,"The 'smart' money is buying #bitcoin, are you?",3383733773,2022-03-20 19:16:45+00:00,
41,1505624401059921925,"RT @I_am_henryO: ᴬᴿᵀᴵˢᵀ 👉 @skiptechdesign

𝔸𝕧𝕒𝕚𝕝𝕒𝕓𝕝𝕖 𝕆𝕟 𝕆𝕡𝕖𝕟𝕤𝕖𝕒 👉

https://t.co/KPwHQx5DVO

#NFT #NFTCommunity #NFTs #nftart #nftcollectors…",1471340631439990785,2022-03-20 19:16:45+00:00,
42,1505624400812396544,"RT @p2ePrizeFighter: Who will be the next challenger?
(Screenshot from Actual Gameplay)

#nft #nftart #art #digitalart #nfts #nftartist #cr…",1500761217362796554,2022-03-20 19:16:44+00:00,
43,1505624400137449472,Nicee #FlagNetwork #IDO #cryptocurrency #Bitcoin #NFTs https://t.co/nZFOZQIM7f,1100594006692524037,2022-03-20 19:16:44+00:00,
44,1505624399071875073,"RT @PasinoCom: Play your favorite Casino games with #Ethereum on https://t.co/YXrRw5ppZV!

$100 Giveaway drawing tomorrow!
✅Like👍 &amp; Follow…",2838361420,2022-03-20 19:16:44+00:00,
45,1505624397972967428,"RT @airdropinspect: New airdrop: Ground Zero
Total Reward: $200,000 worth of rewards
Rate:⭐️⭐️⭐️⭐️
Winners: 2,000 Random
Distribution: Befo…",1452848886805041158,2022-03-20 19:16:44+00:00,
46,1505624396127666177,RT @WatcherGuru: JUST IN: 🇦🇺 Australian government will regulate #Bitcoin &amp; #cryptocurrencies as part of a broader revamp of the country’s…,1201723055115866112,2022-03-20 19:16:43+00:00,
47,1505624395699654658,"@NFT_NEWS_USA World 1st bitcoin transection NFT  

https://t.co/emFH7mWmGG    

@opensea 

#Bitcoin  #nft #BinanceNFT #PolygonNFT #legend #100xgem #NFT #memoriesNFTseller #NFTs #opensea #OpenSeaNFT",1320236448575033344,2022-03-20 19:16:43+00:00,
48,1505624395208822785,"We just know #XRP will moon #crypto #binance #cryptocurrency #bitcoin #btc

https://t.co/GDbpmL6gQh",1468633189081964545,2022-03-20 19:16:43+00:00,
49,1505624395011792898,"RT @bbtc: #Bitcoin Price: $41,000 📉 https://t.co/9S5JV67lgn",1457701520598786048,2022-03-20 19:16:43+00:00,
