,id,text,author_id,created_at,geo
0,1505466924582457344,"$RUNE #RUNE -free call-

Target 1 hit✅🏆🚀

⚡️More calls like this on the private Discord: https://t.co/qTjdCzgVnc ⬅️⬅️⬅️

$BTC #bitcoin #crypto #altcoin #Dogecoin #investing #trading #cryptocurrency #forex #Ta #cryptotrading #cryptosignals #cryptotraders #NFT #bourse512call https://t.co/XY5xyTWElu",4721567120,2022-03-20 08:50:59+00:00,
1,1505466922560724992,"RT @AirdropStario: 💧 CRAT Airdrop 💧

🏆 Task:         ➕  $50 worth of CRAT for 1000 random participants each

👨‍👩‍👧 Referral:  ➕  $100 worth…",1497238120219422721,2022-03-20 08:50:59+00:00,
2,1505466921856032770,The strongest bullish signal flashed for #XRP #bitcoin #btc #ethereum #eth https://t.co/gbtPW1EYLj,1939421850,2022-03-20 08:50:59+00:00,
3,1505466921130545155,RT @BitcoinMagazine: The revolution can not be stopped. #Bitcoin https://t.co/J51qviTWId,1006930069342781442,2022-03-20 08:50:58+00:00,
4,1505466921076072448,RT @Ali1989sirik5: @BTCTN We were always afraid of wolves. But now they have decided to protect us. I'm not afraid of anything anymore. @Sp…,1444966414343983104,2022-03-20 08:50:58+00:00,
5,1505466917016031232,"RT @AirdropStario: 💧 CRAT Airdrop 💧

🏆 Task:         ➕  $50 worth of CRAT for 1000 random participants each

👨‍👩‍👧 Referral:  ➕  $100 worth…",1074600257101725696,2022-03-20 08:50:57+00:00,
6,1505466915070050306,"RT @AirdropDet: 🔍 New #Airdrop: YupVerse

💲 Reward: Up to 10M YuP (~$5) + 2M YuP (~$1,000) referral pool

🔴 Start the airdrop bot https://t…",1280704466182762496,2022-03-20 08:50:57+00:00,
7,1505466913530740749,RT @ashwsbreal: #Bitcoin yearly returns! https://t.co/R3rx1Zv2fz,1462307135329488897,2022-03-20 08:50:57+00:00,
8,1505466912511254530,RT @Ali1989Sirik12: @BTCTN We were always afraid of wolves. But now they have decided to protect us. I'm not afraid of anything anymore. @S…,1444966414343983104,2022-03-20 08:50:56+00:00,
9,1505466911320326145,"@flagnetwork_NFT Great project..
@Abir56067341
@Tipurdx117
@Mahmud96450234
#FlagNetwork #IDO #cryptocurrency #Bitcoin #NFTs",1426785765539860481,2022-03-20 08:50:56+00:00,
10,1505466910716006402,"RT @AirdropStario: 💧 CRAT Airdrop 💧

🏆 Task:         ➕  $50 worth of CRAT for 1000 random participants each

👨‍👩‍👧 Referral:  ➕  $100 worth…",1394332013105008646,2022-03-20 08:50:56+00:00,
11,1505466909927813120,"@crat_d2c I trust this is a faithful project.The projector has a lot of attractions so hopefully the project will be better in the future and will be the best.I love it

@STAYE22
@SarowerHossa5
@MAKSUDU75329704

#cryptocurrency #Airdrop #BSC #Bitcoin #USDT #CRAT #Airdropstari",1365836429423751169,2022-03-20 08:50:56+00:00,
12,1505466909495599112,"Good project
@Vital18820618
@Evg3Kozlov
@horhebtc 
#FlagNetwork #IDO #cryptocurrency #Bitcoin #NFTs https://t.co/ZZ4nRwGT8z",1471437808162287621,2022-03-20 08:50:56+00:00,
13,1505466908304605184,"RT @Stackswap_BTC: Stackswap GIVEAWAY

Prizes: 
🎁NFTs : 10 Gold Passes and 1,000 Silver Passes
💰Token : 10,000 STSW Tokens (1,000 winners)…",1372832945644261376,2022-03-20 08:50:55+00:00,
14,1505466905137668101,"Grow You Business With Us!
Advertise to users throughout the world through the click of a button.
Contact Us 👇
https://t.co/Z0Gon2OH8x

#cryptocurrency #cryptotrading #DigitalCurrency #bitcoin #ethereum #advertisement #Advertising #Ads https://t.co/FA8MMpP3GN",1179581990502354944,2022-03-20 08:50:55+00:00,
15,1505466904928190467,"RT @airdropinspect: New airdrop: Flamingo Casino
Total Reward: 200 NFTs &amp; $2500 pricing pool
Rate:⭐️⭐️⭐️⭐️
Winners: 220 Random
Distribution…",1482719962427191304,2022-03-20 08:50:55+00:00,
16,1505466903971741696,"RT @airdropinspect: New airdrop: Retoken (USDT)
Total Reward: 2,000 USDT
Rate: ⭐️⭐️⭐️⭐️
Winners: 700 Random &amp; Top 50
Distribution: within a…",1149713118492340224,2022-03-20 08:50:54+00:00,
17,1505466903435055104,"RT @airdropinspect: New airdrop: MOMOCO (USDT)
Total Reward: 3,000 USDT
Rate: ⭐️⭐️⭐️⭐️
Winners: 1000 Random &amp; Top 100
Distribution: within…",1394239899881017344,2022-03-20 08:50:54+00:00,
18,1505466902268817409,"RT @5ireChain: #5ire Coin Review! 🔥
121 Million #Funding! 🚀

Read The Complete Article Here! ⤵
https://t.co/OcGE7BTlSs 

#cryptocurrency #k…",1463620562236981250,2022-03-20 08:50:54+00:00,
19,1505466898753855488,"RT @AirdropStario: 💧 Epic Meta Airdrop 💧

🏆 Task:          ➕  150 EMT (~$4.5) for 4000 random participants each.

👨‍👩‍👧 Referral:   ➕  600…",1361994838535593988,2022-03-20 08:50:53+00:00,
20,1505466897734590464,"RT @SafeMeCompany: 💧 SafeMe Airdrop 💧

🏆 Task:          ➕  Up to 800 SAME (~$8)

👨‍👩‍👧 Referral:   ➕  400 SAME (~$4)

🔛 Airdrop Link &amp; Info…",4801219934,2022-03-20 08:50:53+00:00,
21,1505466897315540995,"RT @airdropinspect: New airdrop: Crypto Klash (KLH)
Total Reward: 500,000 KLH
Rate: ⭐️⭐️⭐️⭐️
Winners: 1,000 Random &amp; Top 100
Distribution:…",1426534968193294339,2022-03-20 08:50:53+00:00,
22,1505466897025880066,"How amazing can it be?  #Bluesparrow Native Token for Centralized Exchange with focus on both the stock &amp; crypto market
@BlueSparrowETH
@BluesparrowC
#BluesparrowCEX
#ETH
#BlueSparrow
#BlueSparrowtoken
#BlueSparrowCommunity
#bitcoin
#BestDra125#NFT https://t.co/ecPinWO3Mw",1504327113456893952,2022-03-20 08:50:53+00:00,
23,1505466895662981124,"RT @cub_ietz: @Timbaland @AWACongo_ 1. Buy #SKUY #SEKUYA @sekuyaofficial 
2. Hodl enjoy reflection + autoburn
3. Repeat

#Crypto Is Financi…",890101309,2022-03-20 08:50:52+00:00,
24,1505466894031196165,"RT @airdropinspect: New airdrop: Prizefighter (RING)
Total Reward: $5,000 worth of RING
Rate: ⭐️⭐️⭐️⭐️
Winners: 1,000 Random &amp; Top 100
Dist…",1149713118492340224,2022-03-20 08:50:52+00:00,
25,1505466893922017288,#DeFi #TeleFy #DEX #cryptocurrency #Ethereum #BinanceSmartChain #Bitcoin #Airdrop #polkadot #MATIC #Polygon $TELE #Cardano #ETH https://t.co/aBkjvP59gd,1387729430051573760,2022-03-20 08:50:52+00:00,
26,1505466893141950468,Get IN now don't be LATE #xrp #binance #cryptocurrency #bitcoin https://t.co/KxQFXLyCIs,1454119210788048903,2022-03-20 08:50:52+00:00,
27,1505466891799724032,"RT @AirdropStario: 💧 CRAT Airdrop 💧

🏆 Task:         ➕  $50 worth of CRAT for 1000 random participants each

👨‍👩‍👧 Referral:  ➕  $100 worth…",1461690619215040515,2022-03-20 08:50:51+00:00,
28,1505466889929392131,"RT @chitaglorya__: giveaway 200$ | 2,800,000 IDR

-- rt follow @flagnetwork_NFT 

-- rt &amp; quoted their pinned with   #FlagNetwork  #cryptoc…",339482354,2022-03-20 08:50:51+00:00,
29,1505466889014755328,RT @Ali1989sirik5: @okx @InuKishu @anchor_protocol @KyberNetwork @kusamanetwork We were always afraid of wolves. But now they have decided…,1444966414343983104,2022-03-20 08:50:51+00:00,
30,1505466888070959109,"#Elliottwave #Bitcoin #CrudeOil #Gold #SPX #Nifty 
Book pre orders : Think with the Market and 34th Applied Elliott Wave Webinar details.
https://t.co/ldZsU8IRRH",702082238578556929,2022-03-20 08:50:50+00:00,
31,1505466886406160384,"RT @AirdropStario: 💧 CRAT Airdrop 💧

🏆 Task:         ➕  $50 worth of CRAT for 1000 random participants each

👨‍👩‍👧 Referral:  ➕  $100 worth…",1505424318662311936,2022-03-20 08:50:50+00:00,
32,1505466884887560193,"RT @airdropinspect: New airdrop: Flamingo Casino
Total Reward: 200 NFTs &amp; $2500 pricing pool
Rate:⭐️⭐️⭐️⭐️
Winners: 220 Random
Distribution…",1149713118492340224,2022-03-20 08:50:50+00:00,
33,1505466883922927618,"In Japan, #XRP is religion. I love it! All works! #eth #ethereum #binance #bitcoin btc #ripple #crypto #cryptocurrency https://t.co/hc7GmyacQC",916008553453965314,2022-03-20 08:50:50+00:00,
34,1505466880923942916,RT @Ebrahim84122576: @okx @InuKishu @anchor_protocol @KyberNetwork @kusamanetwork Security is the most valuable asset that is not easily ob…,1444966414343983104,2022-03-20 08:50:49+00:00,
35,1505466876855726082,"RT @Revolotto: 🏏World's Dangerous Cricketer
Greatest Batsman of All-time in Cricket

🌎Universe Boss - Chris Gayle extending his support and…",1425469149908639752,2022-03-20 08:50:48+00:00,
36,1505466876453093380,"@Timbaland @AWACongo_ 1. Buy #SKUY #SEKUYA @sekuyaofficial 
2. Hodl enjoy reflection + autoburn
3. Repeat

#Crypto Is Financial Freedom 💎💎

#Multiverse
#RussiaUkraineWar
#SKUYANS #Putin #BTC #Russia #Binance #Bitcoin
#Metaverse #openseaartists #cryptocurrency
https://t.co/Pzud6M2cmb",890101309,2022-03-20 08:50:48+00:00,
37,1505466873856823304,"RT @CrypChic: If you could hold just 3 for the next 5 years, which coins would you choose? 
#bitcoin 
#ethereum 
#cardano 
$xrp 
$sol 
$dot…",1303618617901105152,2022-03-20 08:50:47+00:00,
38,1505466871625097222,We just know #XRP will moon #crypto #binance #cryptocurrency #bitcoin #btc https://t.co/QRcLq4Jyxv,1304148992738177025,2022-03-20 08:50:47+00:00,
39,1505466870241107970,"RT @glassnodealerts: 📊 Daily On-Chain Exchange Flow

#Bitcoin $BTC
➡️  $637.3M in
⬅️  $698.6M out
📉 Net flow: -$61.4M

#Ethereum $ETH
➡️  $…",1393506115552436226,2022-03-20 08:50:46+00:00,
40,1505466869872013312,"RT @binance: Click a button, win a #Bitcoin.
 
Sound good? #BitcoinButton 
 
Go ➡️ https://t.co/OwsRxlzV3D https://t.co/mnATF6ZMJ8",1255630528797192192,2022-03-20 08:50:46+00:00,
41,1505466868525461504,"RT @Maruf32999424: @bobwazneh Very awesome, Success Always For the Development Team. This Project Is Good And I Am Looking Forward To The G…",1473714353979412486,2022-03-20 08:50:46+00:00,
42,1505466867883941891,RT @Ali1989Sirik12: @okx @InuKishu @anchor_protocol @KyberNetwork @kusamanetwork We were always afraid of wolves. But now they have decided…,1444966414343983104,2022-03-20 08:50:46+00:00,
43,1505466861860765703,"RT @Stackswap_BTC: Stackswap GIVEAWAY

Prizes: 
🎁NFTs : 10 Gold Passes and 1,000 Silver Passes
💰Token : 10,000 STSW Tokens (1,000 winners)…",1358845030442487808,2022-03-20 08:50:44+00:00,
44,1505466858488492037,"RT @AirdropStario: 💧 SafeWallet Airdrop 💧

🏆 Task:        ➕ 175 SLT (~$3.5) for 1000 random participants

👨‍👩‍👧 Referral: ➕ 30,000 SLT (~$6…",1498968803744444417,2022-03-20 08:50:43+00:00,
45,1505466857284767749,"#TeleFy #DEX #cryptocurrency #Ethereum #BinanceSmartChain #Bitcoin #Airdrop #polkadot #MATIC #Polygon $TELE  #Cardano #ETH
https://t.co/wbd8vxdFR5 https://t.co/njVc9h57Lv",1481826069766602754,2022-03-20 08:50:43+00:00,
46,1505466855422820354,"RT @CryptoIslandInc: $CISLA 🏝️ 

Consistency is the key to achieve results, CISLA isn't an ordinary project, our metaverse combined with th…",1422159638489751556,2022-03-20 08:50:43+00:00,
47,1505466855091281920,@ashwsbreal UNBELIEVABLE! 🚨🚨 There is one stock that will change your life forever! AND NASDAQ Uplisting is soon! BNXA is the door of #crypto and #bitcoin #btc #eth #ethereum #doge https://t.co/UWXlPuTg2z,1457082158959534081,2022-03-20 08:50:43+00:00,
