,id,text,author_id,created_at,geo
0,1505569851145916419,RT @TheRealPlanC: Another 1-3 weeks in the 34k to 42k range and 25% of all the #Bitcoin in circulation will have a cost basis in that range…,1291768971184574465,2022-03-20 15:39:59+00:00,
1,1505569850592219138,"In Japan, #XRP is religion. I love it! All works! #eth #ethereum #binance #bitcoin btc #ripple #crypto #cryptocurrency https://t.co/M1w1Ptxv4X",1475429668996239362,2022-03-20 15:39:59+00:00,
2,1505569848172158984,"RT @airdropinspect: New airdrop: Flamingo Casino
Total Reward: 200 NFTs &amp; $2500 pricing pool
Rate:⭐️⭐️⭐️⭐️
Winners: 220 Random
Distribution…",1323596320196554753,2022-03-20 15:39:58+00:00,
3,1505569847996219396,"RT @AirdropStario: 💧 PACE ART Airdrop 💧

🏆 Task:          ➕  10 USDT for 150 random participants each.

👨‍👩‍👧 Referral:   ➕  10 USDT for to…",1500338148530081795,2022-03-20 15:39:58+00:00,
4,1505569842463748103,RT @rovercrc: #BITCOIN BOUNCING BACK STRONG 🚀⚡️,1502921367854985218,2022-03-20 15:39:57+00:00,
5,1505569840068759553,"n Japan, #XRP is religion. I love it! All works! #eth #ethereum #binance #bitcoin btc #ripple #crypto #cryptocurrency

https://t.co/6cGZFifqvt",1410367213232562178,2022-03-20 15:39:56+00:00,
6,1505569839863132163,XRP is getting ready to take off to the moon! #altcoin #bitcoin #binance #xrp #ripple https://t.co/N1Rx6u6eDK,1461432134237921283,2022-03-20 15:39:56+00:00,
7,1505569834980978694,"Good project
@PocoNFTsGame
@ekoifyk
@Sithe_Mdlalose
#SUSHI
#bitcoin
#Ripple https://t.co/6MGZwki1b4",1500313978278346752,2022-03-20 15:39:55+00:00,
8,1505569834570248194,"RT @TheCryptoLark: If you could only hold one of these until 2030 which would it be and why? 
#bitcoin 
#ethereum 
#cardano 
$xrp 
$sol 
$d…",274774771,2022-03-20 15:39:55+00:00,
9,1505569833882382338,"RT @AirdropStario: 💧 RPGC Airdrop 💧

🏆 Task:         ➕  $8 worth of RPGC for 2000 random participants each.

👨‍👩‍👧 Referral:  ➕  $40 worth…",1342510717325385730,2022-03-20 15:39:55+00:00,
10,1505569833743790087,"RT @AltcoinDailyio: If you have the ability to hodl #bitcoin, you have the responsibility to hold bitcoin. ✊",1502921367854985218,2022-03-20 15:39:55+00:00,
11,1505569831168450563,"@BluesparrowC @bitfinex @BlueSparrowETH #BlueSparrow is a bridge between the stock market and crypto .. You will have both in the Blue Sparrow CEX
@BlueSparrowETH
#BluesparrowCEX
#BlueSparrow
#BlueSparrowtoken
#BlueSparrowCommunity
#bitcoin
#BestDrawToken
#Bluesparrowcharity
#Web3
#NFT 
https://t.co/A7Q5zwYcVq
🫒309",1500746915574657024,2022-03-20 15:39:54+00:00,
12,1505569829323182081,"RT @AirdropDet: 🔍 New #Airdrop: YupVerse

💲 Reward: Up to 10M YuP (~$5) + 2M YuP (~$1,000) referral pool

🔴 Start the airdrop bot https://t…",1424707478076354576,2022-03-20 15:39:54+00:00,
13,1505569826764656640,"RT @AirdropStario: 💧 Farcana Airdrop 💧

🏆 Task:          ➕  Up to $20 worth of FARCANA

👨‍👩‍👧 Referral:   ➕  $5 worth of FARCANA

🔛 Airdrop…",1500338148530081795,2022-03-20 15:39:53+00:00,
14,1505569825820930049,"RT @AirdropStario: 💧 Mercury Tools Airdrop 💧

🏆 Task:       ➕  $5 worth of MERCURY for 1800 random participants

👨‍👩‍👧 Referral: ➕  $5 wort…",1500338148530081795,2022-03-20 15:39:53+00:00,
15,1505569825711554561,"@wayki_chain#WICC, #Waykichain #blockchain #crypto #bitcoin #ethereum 
   The project of waykichain incredible goals and plans for the future. I am sure that will incredible.",922435710790991872,2022-03-20 15:39:53+00:00,
16,1505569825547902977,We just know #XRP will moon #crypto #binance #cryptocurrency #bitcoin #btc https://t.co/LjOgUBx6D5,1442490380608368648,2022-03-20 15:39:53+00:00,
17,1505569823685677058,"XRP is getting ready to take off to the moon! #altcoin #bitcoin #binance #xrp #ripple

https://t.co/vO1a1uUZnb",1288247234035933185,2022-03-20 15:39:52+00:00,
18,1505569813753520137,"@BluesparrowC @bitfinex @BlueSparrowETH #BlueSparrow is a bridge between the stock market and crypto .. You will have both in the Blue Sparrow CEX
@BlueSparrowETH
#BluesparrowCEX
#BlueSparrow
#BlueSparrowtoken
#BlueSparrowCommunity
#bitcoin
#BestDrawToken
#Bluesparrowcharity
#Web3
#NFT 
https://t.co/A7Q5zwYcVq
🫒308",1500746915574657024,2022-03-20 15:39:50+00:00,
19,1505569810477989894,"RT @HawkBlaze_: #bitcoin Marked 10-Day High, #shibainu Soars 8% (Market Watch)
$BTC  $ETH
https://t.co/Y79eV66xuc
#bitcoin #ETHEREUM #crypt…",1245323141519376384,2022-03-20 15:39:49+00:00,
20,1505569808649236481,"@FBA_BY_LINEAGE2 @Lawrence3134 @QueenanVenice SHARE🇺🇸 #SecureTheTribe ARE YOU #USA 1st SUPPORT #SaveMasonTN
This is an escrow APPROVED account for #SaveMasonTN #FordMotorCompany 
#StopBullying Mason #TENNESSEE
#GASCASH #Bitcoin #KENTUCKY #TEXAS 
#NFL #NBA #AB3121 #MarchMadness2022 @countrymusichof https://t.co/kfJZRefPP6 https://t.co/G4F0VA69FV",1365342219394195461,2022-03-20 15:39:49+00:00,
21,1505569800700907520,"RT @BitcoinMagazine: Only 2 weeks until the 19,000,000 #bitcoin is mined ⛏",1471742635815567362,2022-03-20 15:39:47+00:00,
22,1505569798222225413,"@BluesparrowC @bitfinex @BlueSparrowETH #BlueSparrow is a bridge between the stock market and crypto .. You will have both in the Blue Sparrow CEX
@BlueSparrowETH
#BluesparrowCEX
#BlueSparrow
#BlueSparrowtoken
#BlueSparrowCommunity
#bitcoin
#BestDrawToken
#Bluesparrowcharity
#Web3
#NFT 
https://t.co/A7Q5zwYcVq
🫒307",1500746915574657024,2022-03-20 15:39:46+00:00,
23,1505569797311922179,"RT @Bybit_Official: Dear #Bitcoin, _____________.",1443885345200750594,2022-03-20 15:39:46+00:00,
24,1505569797286744064,"n Japan, #XRP is religion. I love it! All works! #eth #ethereum #binance #bitcoin btc #ripple #crypto #cryptocurrency

https://t.co/ZUofWe5yh5",1183292740471181312,2022-03-20 15:39:46+00:00,
25,1505569796229775364,RT @rovercrc: Wouldn't be surprised to see #Bitcoin back at ATHs within 10 weeks from now... https://t.co/Vl6XxPkWkU,748932650136547328,2022-03-20 15:39:46+00:00,
26,1505569795625861120,"RT @AirdropStario: 💧 CryptoZerofi Airdrop 💧

🏆 Task:          ➕ 22,000 USDT » Total reward pool.

🔛 Airdrop Link &amp; Information: https://t.c…",1478839745283346436,2022-03-20 15:39:46+00:00,
27,1505569792861868037,RT @rovercrc: Buy the #Bitcoin dip while you still can!,1502921367854985218,2022-03-20 15:39:45+00:00,
28,1505569791167250432,"RT @AirdropDet: 🔍 New #Airdrop: TidalGlobal

💲 Reward: Up to 5K TDL (~$5) + 10M TDL (~$10K) referral pool

🔴 Start the airdrop bot https://…",1430398536022171649,2022-03-20 15:39:45+00:00,
29,1505569788072009733,"RT @saylor: If you don't understand money, you won't understand #bitcoin.",1502921367854985218,2022-03-20 15:39:44+00:00,
30,1505569783764246533,"RT @airdropinspect: New airdrop: ChaCha Finance 
Total Reward: $25,000 worth of CHACHA + 500 USDT + 1000 NFTs 
Rate:⭐️⭐️⭐️⭐️
Winners: 5,000…",1399284340404613123,2022-03-20 15:39:43+00:00,
31,1505569781247787012,"RT @AirdropAchiever: New Whitelist: STMAN × FamCentral
Allocation: ≤ 30 BUSD (TBA)
Winners: All Participants
End Date: 22nd March, 2022

🔗…",1472443708968607745,2022-03-20 15:39:42+00:00,
32,1505569780354502657,"RT @BTCfuel: #Bitcoin is looking for a BULLISH breakout  🔥🔥

After falling below the MA's, Bitcoin is now challenging the 100D MA (red). Th…",1188509879180419072,2022-03-20 15:39:42+00:00,
33,1505569780140437509,RT @LeadEdgeCrypto: Is #Bitcoin going to be Bullish this week? 🤔,1505389070767165443,2022-03-20 15:39:42+00:00,
34,1505569780023058440,"@BluesparrowC @bitfinex @BlueSparrowETH #BlueSparrow is a bridge between the stock market and crypto .. You will have both in the Blue Sparrow CEX
@BlueSparrowETH
#BluesparrowCEX
#BlueSparrow
#BlueSparrowtoken
#BlueSparrowCommunity
#bitcoin
#BestDrawToken
#Bluesparrowcharity
#Web3
#NFT 
https://t.co/A7Q5zwYcVq
🫒306",1500746915574657024,2022-03-20 15:39:42+00:00,
35,1505569777678315522,"RT @AirdropDet: 🔍 New #Airdrop: Elite Cash

🏆 Total Airdrop Pool: 140,000 ELC [~$49,000]

🔴 Start the airdrop bot https://t.co/geX2YRhj5n…",1499040225901039618,2022-03-20 15:39:41+00:00,
36,1505569777347018759,"We just know #XRP will moon #crypto #binance #cryptocurrency #bitcoin #btc

https://t.co/kjjZhjhMhW",1131890391542898688,2022-03-20 15:39:41+00:00,
37,1505569775379918851,"We just know #XRP will moon #crypto #binance #cryptocurrency #bitcoin #btc

https://t.co/EMUGNtPpZx",1476615107769733123,2022-03-20 15:39:41+00:00,
38,1505569773748637702,#DeFi #TeleFy #DEX #Cryptocurrency #Ethereum #BinanceSmartChain #Bitcoin #Airdrop #Polkadot #MATIC #Polygon $TELE #Cardano #ETH https://t.co/jvkeFgFZ1i,1459044911987130368,2022-03-20 15:39:40+00:00,
39,1505569773635088394,"We just know #XRP will moon #crypto #binance #cryptocurrency #bitcoin #btc

https://t.co/N6a0BdV3qc",1430653564205113349,2022-03-20 15:39:40+00:00,
40,1505569773446643712,RT @woonomic: #Bitcoin is being accumulated. https://t.co/Wdnhek2u6F,1448832858655629314,2022-03-20 15:39:40+00:00,
41,1505569770749399041,"Tele Score is a multi-chain programmable protocol for effectively calculating the credit worthiness of users, based on their holdings.
#DeFi #TeleFy #DEX #cryptocurrency #Ethereum #BinanceSmartChain #Bitcoin #Airdrop #MATIC #Polygon $TELE #Cardano #ETH
https://t.co/SFhB6HUqsn",1460487853767421956,2022-03-20 15:39:40+00:00,
42,1505569769616936962,RT @LeadEdgeCrypto: Is #Bitcoin going to be Bullish this week? 🤔,1455950756951908353,2022-03-20 15:39:39+00:00,
43,1505569767075184645,"We just know #XRP will moon #crypto #binance #cryptocurrency #bitcoin #btc

https://t.co/CqIODPh8Z1",1475288259920072714,2022-03-20 15:39:39+00:00,
44,1505569766253031426,"@AirdropDet SteamPad good and big project
#Airdrops #SteamPad #Bitcoin #blockchain #AirdropDetective #Crypto",1503718115472863237,2022-03-20 15:39:39+00:00,
45,1505569765531783169,"@78Kadmon @kurtwuckertjr There are many
#Bitcoin
Bitcoin cash
Bitcoin SV
Bitcoin platinum
Bitcoin diamond
Etc etc etc all are 💩coins except #btc",3296457397,2022-03-20 15:39:38+00:00,
46,1505569764944535553,"@BluesparrowC @bitfinex @BlueSparrowETH #BlueSparrow is a bridge between the stock market and crypto .. You will have both in the Blue Sparrow CEX
@BlueSparrowETH
#BluesparrowCEX
#BlueSparrow
#BlueSparrowtoken
#BlueSparrowCommunity
#bitcoin
#BestDrawToken
#Bluesparrowcharity
#Web3
#NFT 
https://t.co/A7Q5zwYcVq
🫒305",1500746915574657024,2022-03-20 15:39:38+00:00,
47,1505569764571189251,"RT @AirdropStario: 💧 PeaSwap Finance Airdrop 💧

🏆 Task:          ➕ 10 PEA for 300 random participants each.

🔛 Airdrop Link &amp; Information:…",1495723123945082880,2022-03-20 15:39:38+00:00,
48,1505569763791015941,RT @BitcoinSapiens: We are so early that there are zero thick girls with fat asses in #Bitcoin.,1454080278318567433,2022-03-20 15:39:38+00:00,
