,id,text,author_id,created_at,geo
0,1505590489650655235,"RT @airdropinspect: New airdrop: Prizefighter (RING)
Total Reward: $5,000 worth of RING
Rate: ⭐️⭐️⭐️⭐️
Winners: 1,000 Random &amp; Top 100
Dist…",1362732583189049345,2022-03-20 17:01:59+00:00,
1,1505590483774578693,"RT @Marii6771: Make money!Prosecute scammers!All at the same time
Make passive income in BNB rewards for holding $SPY
Your rewards accumula…",1485276061009125381,2022-03-20 17:01:58+00:00,
2,1505590479152422919,"WEEK 2 - SUPER PREMIUM #snoopdog

#Available on #Opensea  

#nfts #nft #nftart #nftcommunity #nftcollector #nftartist #cryptoart #crypto #ethereum #blockchain  #nftcollectors #bitcoin #nftcollectibles #openseanft #artoftheday #nftartgallery #artwork #raredigitalart https://t.co/HdcBRmrEoW",1504185856550227969,2022-03-20 17:01:57+00:00,
3,1505590478737403905,"RT @airdropinspect: New airdrop: Prizefighter (RING)
Total Reward: $5,000 worth of RING
Rate: ⭐️⭐️⭐️⭐️
Winners: 1,000 Random &amp; Top 100
Dist…",1366212582860677126,2022-03-20 17:01:57+00:00,
4,1505590478024151045,"RT @Marii6771: Did you get scammed?The good guys are here and we’ve got your back!
20% #scamsurvivor Charity! 20% charity in #SPY
Join us i…",1485276061009125381,2022-03-20 17:01:57+00:00,
5,1505590477810196495,"Our White Paper was released to the public this weekend. Here's the gist of it. Join our discord to find out more.

#digitalart #art #cryptoart #artist #raredigitalart  #blockchain #artcollector #bitcoin #polygon #matic#artgallery  #meta #metaverse #virtualgaming #opensea 
⁠ https://t.co/XWm2ScOfOk",1490058848736100354,2022-03-20 17:01:57+00:00,
6,1505590477067747328,"#ALTCOINS and #BITCOIN are making a comeback. Use Cryptolume's advanced #cryptoscreener to catch quick opportunities

#BTC #ETH #ETC #DASH #NEO #RUNE #OMG #BCH #MIOTA #EGLD #KSM #EOS #BUSD #LEO #UST #TUSD #USDT #USDC #USDP #DAI https://t.co/xFUj7zIbUV",952351026392125440,2022-03-20 17:01:56+00:00,
7,1505590475863977985,"RT @p2ePrizeFighter: Who will be the next challenger?
(Screenshot from Actual Gameplay)

#nft #nftart #art #digitalart #nfts #nftartist #cr…",1362732583189049345,2022-03-20 17:01:56+00:00,
8,1505590475377491974,"RT @satoshis_puggle: If you’re smart enough to be investing in #Crypto this early, why not invest in a future  digital bank early? MASSIVE…",707655603263410176,2022-03-20 17:01:56+00:00,
9,1505590473477574656,"RT @AirdropStario: 💧 Odds96 Airdrop 💧

🏆 Task:          ➕ $10 worth of Odds96 Tokens.

🔛 Airdrop Link &amp; Information: https://t.co/rBb5KjyM1…",2782247921,2022-03-20 17:01:56+00:00,
10,1505590470990176262,"RT @AirdropAchiever: New Whitelist: STMAN × FamCentral
Allocation: ≤ 30 BUSD (TBA)
Winners: All Participants
End Date: 22nd March, 2022

🔗…",1352066879393734658,2022-03-20 17:01:55+00:00,
11,1505590470071791616,"RT @Marii6771: Do you want TRUE SAFU investing?
Go to https://t.co/1Mo7qdcgFO for crypto research!
We list scams, potential scams, trusted…",1485276061009125381,2022-03-20 17:01:55+00:00,
12,1505590468586917888,@RichardHeartWin UNBELIEVABLE! 🚨🚨 There is one stock that will change your life forever! AND NASDAQ Uplisting is coming! BNXA is the paypal of #crypto and #bitcoin #btc #eth #ethereum #doge https://t.co/NcIuqawWWi,1470148662122721285,2022-03-20 17:01:54+00:00,
13,1505590464920969217,"RT @AirdropDet: 🔍 New #Airdrop: SteamPad

🏆 Total Airdrop Pool: 5 Million STPD [~$300,000]

🔴 Start the airdrop bot https://t.co/CR15u9bH3K…",1476761257856286721,2022-03-20 17:01:54+00:00,
14,1505590464619159555,"RT @AirdropDet: 🔍 New #Airdrop: YupVerse

💲 Reward: Up to 10M YuP (~$5) + 2M YuP (~$1,000) referral pool

🔴 Start the airdrop bot https://t…",1466844442921476101,2022-03-20 17:01:53+00:00,
15,1505590463595749383,"brilliant task with extraordinary possible group. This venture has a reasonable turn of events
system that permits engineers to work without hesitation to further develop th
#DeFi #TeleFy #DEX  #BinanceSmartChain #Bitcoin #Airdrop #polkadot #MATIC #Polygon $TELE #Cardano #ETH",1486368178829729796,2022-03-20 17:01:53+00:00,
16,1505590462228348933,"RT @TheMoonCarl: Would you rather go all in on #Bitcoin or #Ethereum?

Both       $ETH          $BTC
👇            👇                👇",274117818,2022-03-20 17:01:53+00:00,
17,1505590460987080704,RT @BTCTN: Paypal co-founder Peter Thiel said that his “biggest mistake” during the last ten years “was getting too late and too little int…,269126163,2022-03-20 17:01:53+00:00,
18,1505590460177432585,"RT @ashwsbreal: Like for #Bitcoin 

Retweet for #Ethereum 

Both for #LUNA",1401093398233239554,2022-03-20 17:01:52+00:00,
19,1505590459514589190,"RT @AirdropStario: 💧 MedusaZone Airdrop 💧

🏆 Task:          ➕  Up to 30 AMEDU (~$36)

👨‍👩‍👧 Referral:   ➕  10 AMEDU (~$12)

🔛 Airdrop Link…",1486999874155397120,2022-03-20 17:01:52+00:00,
20,1505590455840485384,"RT @airdropinspect: New airdrop: Flamingo Casino
Total Reward: 200 NFTs &amp; $2500 pricing pool
Rate:⭐️⭐️⭐️⭐️
Winners: 220 Random
Distribution…",1395424231148687360,2022-03-20 17:01:51+00:00,
21,1505590454968111104,"@VinuSquad @VitaInuCoin Can Go $0.0002! 👀

#BTC  #BSC #BNB  #ETH #ROSE #USDT #altcoin #SHIB #Solana #doge #FTM #FLOKI #Giveaways #HamsterCoin #xrp #Crypto #Bitcoin  #blockchain #ADA #Metaverse 
#BSCGem #binancebutton
YES          YES           YES 
⬇️             ⬇️             ⬇️",1270368778644226050,2022-03-20 17:01:51+00:00,
22,1505590453093416960,"RT @airdropinspect: New airdrop: Prizefighter (RING)
Total Reward: $5,000 worth of RING
Rate: ⭐️⭐️⭐️⭐️
Winners: 1,000 Random &amp; Top 100
Dist…",1468347151369474051,2022-03-20 17:01:51+00:00,
23,1505590451004391429,"RT @TheMoonCarl: Would you rather go all in on #Bitcoin or #Ethereum?

Both       $ETH          $BTC
👇            👇                👇",1496484679360393217,2022-03-20 17:01:50+00:00,
24,1505590450602016768,"RT @AirdropDet: 🔍 New #Airdrop: YupVerse

💲 Reward: Up to 10M YuP (~$5) + 2M YuP (~$1,000) referral pool

🔴 Start the airdrop bot https://t…",1500120603785056257,2022-03-20 17:01:50+00:00,
25,1505590449049899017,"RT @Hamsam73: @BabyDogeGem #BlueSparrow is a bridge between the stock market and crypto .. You will have both in the Blue Sparrow CEX
@Blue…",1469023210805108752,2022-03-20 17:01:50+00:00,
26,1505590446499975170,"RT @Revolotto: 👑We're very happy to announce that ;
on this beautiful journey, now we are a bigger family of 30K Followers on Twitter. 

💎R…",2708571824,2022-03-20 17:01:49+00:00,
27,1505590444839030784,"RT @TheMoonCarl: Would you rather go all in on #Bitcoin or #Ethereum?

Both       $ETH          $BTC
👇            👇                👇",1286056938,2022-03-20 17:01:49+00:00,
28,1505590443286880267,"RT @Marii6771: We are @SpyWolfNetwork and we are here to clean up the crypto space and to make you
 
https://t.co/1Mo7qdcgFO is our anti-sc…",1485276061009125381,2022-03-20 17:01:48+00:00,
29,1505590441789431808,#DeFi #TeleFy #DEX # cryptocurrency #Ethereum #BinanceSmartChain #Bitcoin #Airdrop #polkadot #MATIC #Polygon STELE #Cardano #ETH https://t.co/zVEbDbXUZv,1370987420879970307,2022-03-20 17:01:48+00:00,
30,1505590440766377986,"RT @Revolotto: 🏏World's Dangerous Cricketer
Greatest Batsman of All-time in Cricket

🌎Universe Boss - Chris Gayle extending his support and…",1492214598740901888,2022-03-20 17:01:48+00:00,
31,1505590440090750977,"RT @TheMoonCarl: Would you rather go all in on #Bitcoin or #Ethereum?

Both       $ETH          $BTC
👇            👇                👇",890213008445652993,2022-03-20 17:01:48+00:00,
32,1505590440019783680,"Great project
@iam_Sangeeta5 @Heaven_0fficial @HeavenCrypt0 @Desports_gg @airdropinspect #Airdrop #ElonMusk #BscLearnAndEarn #cryptocurrecy #NFTs #NFTGiveaway #Blockchain #bitcoin #Airdrops #FreeAirdrop #PancakeSwap #TokenSale #PlayToEarn #DeFi #IDO #GameFi #presale https://t.co/ITWISCLdgY",1408144938408153088,2022-03-20 17:01:48+00:00,
33,1505590439155429376,"RT @AirdropStario: 💧 SafeWallet Airdrop 💧

🏆 Task:        ➕ 175 SLT (~$3.5) for 1000 random participants

👨‍👩‍👧 Referral: ➕ 30,000 SLT (~$6…",748477343862185984,2022-03-20 17:01:47+00:00,
34,1505590439092658179,"RT @m_umair2002: Giving away my NFTs 
1 winner 🏆  -  60 minutes ⌛

To win:                      
1. Follow Me✅
2. Like and Retweet  ✅
3. Dr…",2472728556,2022-03-20 17:01:47+00:00,
35,1505590438551560202,"RT @VinuSquad: Do you believe #VINU  Can Go $0.0002! 👀

#BTC #BSC #BNB #ETH #ROSE #USDT #altcoin #SHIB #Solana #doge #FTM #FLOKI #Giveaways…",1270368778644226050,2022-03-20 17:01:47+00:00,
36,1505590437721120774,"RT @Marii6771: Make money! Prosecute scammers! All at the same time 
Make passive income in BNB rewards for holding $SPY!
Your rewards accu…",1485276061009125381,2022-03-20 17:01:47+00:00,
37,1505590437633196032,"#bitcoin Block #728228 : 1076235 bytes, 1661 transactions, 6.3405378BTC($261,860) reward
            
For more information, visit https://t.co/YUhrLZFTYK",1456568726,2022-03-20 17:01:47+00:00,
38,1505590435934347268,"RT @Hamsam73: @BabyDogeGem #BlueSparrow is a bridge between the stock market and crypto .. You will have both in the Blue Sparrow CEX
@Blue…",1469023210805108752,2022-03-20 17:01:47+00:00,
39,1505590435514916866,"RT @AirdropDet: 🔍 New #Airdrop: Elite Cash

🏆 Total Airdrop Pool: 140,000 ELC [~$49,000]

🔴 Start the airdrop bot https://t.co/geX2YRhj5n…",1240165785366036480,2022-03-20 17:01:47+00:00,
40,1505590435502120966,RT @defi_daria: Can you really argue that #bitcoin is involved in everything now? https://t.co/EQQv6Za3nA,1463344483517415425,2022-03-20 17:01:46+00:00,
41,1505590435208908803,"RT @AirdropStario: 💧 Odds96 Airdrop 💧

🏆 Task:          ➕ $10 worth of Odds96 Tokens.

🔛 Airdrop Link &amp; Information: https://t.co/rBb5KjyM1…",1420695303997378564,2022-03-20 17:01:46+00:00,
42,1505590434571169794,"We're ON 💥

#cryptocurrencyKE 🇰🇪 #SpaceyaCrypto #Bitcoin 

https://t.co/C4AZBFudDh",1131981969091383296,2022-03-20 17:01:46+00:00,
43,1505590434222931970,"RT @Jamez_Sarah: If I can only support one special project, I will only support @BabyDogeCoin 
Is a legit project with great community. Tha…",1500537169105981440,2022-03-20 17:01:46+00:00,
44,1505590433535119364,"RT @TheBitcoinConf: Announcing NFL Legend, Odell Beckham Jr., as a #Bitcoin2022 speaker!

In 2021, NFL’s Odell Beckham Jr. received $750,00…",454224258,2022-03-20 17:01:46+00:00,
45,1505590430305746948,"RT @AirdropDet: 🔍 New #Airdrop: YupVerse

💲 Reward: Up to 10M YuP (~$5) + 2M YuP (~$1,000) referral pool

🔴 Start the airdrop bot https://t…",1480539673130770437,2022-03-20 17:01:45+00:00,
46,1505590426610376711,"RT @TheMoonCarl: Would you rather go all in on #Bitcoin or #Ethereum?

Both       $ETH          $BTC
👇            👇                👇",1392417382363193347,2022-03-20 17:01:44+00:00,
