,id,text,author_id,created_at,geo
0,1505585203367989248,"RT @elitecash_io: #Bitcoin and other #cryptocurrencies have certainly changed the way how we bank.

To understand #crypto, you must underst…",1469975083959877639,2022-03-20 16:40:59+00:00,
1,1505585202810265605,"RT @Squid_Academy: 🔥Sneak Peek Giveaway #7🔥

-3 NFTs
-10 Squid Warrior spots
-10 OG spots

Rules:
✅  Join: https://t.co/TvFEwVsUFS (3 invit…",1488891985666715655,2022-03-20 16:40:59+00:00,
2,1505585199014367235,"RT @CoinCornerDanny: #Bitcoin has now spent 6.15% of its life over $40,000",1403148350187266050,2022-03-20 16:40:58+00:00,
3,1505585198771040261,"the strongest bullish signal flashed for #Bitcoin. Not trend reverse but price bounce is anticipated!

@tradeosiann  is a super #BTC Trader 
I’ve been following his tweets and tips seriously &amp; I’ve been doing great $MATIC $KAVA $ENJ $MITH #Cryptocurrency  $THETA 💯👌",1494552343370551296,2022-03-20 16:40:58+00:00,
4,1505585197009752066,"RT @GiveawayInspect: New Giveaway: Retoken (USDT)
Total Reward: 2,000 USDT
Rate: ⭐️⭐️⭐️⭐️
Winners: 700 Random &amp; Top 50
Distribution: within…",1488001695858638852,2022-03-20 16:40:58+00:00,
5,1505585194832703489,"RT @NeilJacobs: Tell me you don’t understand bitcoin (and laser eyes) without telling me you don’t understand #bitcoin…
🤦‍♂️ https://t.co/l…",929637955869773825,2022-03-20 16:40:57+00:00,
6,1505585191951208448,"RT @AirdropDet: 🔍 New #Airdrop: Robot Warriors

💲 Reward: Up to 400 METABOT + 200K METABOT referral pool

🔴 Start the airdrop bot https://t…",1494610669861322753,2022-03-20 16:40:56+00:00,
7,1505585191611424774,"RT @p2ePrizeFighter: Who will be the next challenger?
(Screenshot from Actual Gameplay)

#nft #nftart #art #digitalart #nfts #nftartist #cr…",1386437376545787906,2022-03-20 16:40:56+00:00,
8,1505585189992517642,the current scale of payments supported by Lighting Network is still too small to create a real test environment for a global blockchain yet its big enough to fool uneducated users that wear laser eyes on their profile picture on twitter. #btc is not #bitcoin,7343782,2022-03-20 16:40:56+00:00,
9,1505585189774413828,"RT @AirdropStario: 💧 SetSpaceToken Airdrop 💧

🏆 Task:          ➕  Up to 25 Billion SST

👨‍👩‍👧 Referral:   ➕  2.5 Billion SST

🔛 Airdrop Lin…",1460664717710696451,2022-03-20 16:40:56+00:00,
10,1505585188390199296,"RT @XYOPepe: Pepe will be giving away a total of 10,000 $xyo to 5 lucky winners (2,000 each) when it hits $0.03. 

Just retweet this to par…",77851824,2022-03-20 16:40:55+00:00,
11,1505585185659621377,"#BlueSparrow is a bridge between the stock market and crypto .. You will have both in the Blue Sparrow CEX
#BlueBit  😍😍😍😍
#web3
#Metaverse 
#Bitcoin 
#BlueSparrowCEX 🤩🤩 https://t.co/z4m8MvZHrG",1482419810466107397,2022-03-20 16:40:55+00:00,
12,1505585180010246151,"#仮想通貨 #ビットコイン
#Crypto #Ethereum #Bitcoin
#Tiktok My Fave https://t.co/vfmCCjoMsS",1497868446700548096,2022-03-20 16:40:53+00:00,
13,1505585178445590530,"RT @stratorob: #Cryptocurrency refugees fleeing #Ukraine find a haven in #Bitcoin-friendly Portugal

 📌 @HTTech https://t.co/oiEzr5eYCd

@S…",19284888,2022-03-20 16:40:53+00:00,
14,1505585177761775617,"RT @AirdropDet: 🔍 New #Airdrop: Chainsulting

🏆 Total Airdrop Pool: 3,500 BUSD

🔴 Start the airdrop bot https://t.co/SoKXql43Hn

🔘 Do the t…",1494610669861322753,2022-03-20 16:40:53+00:00,
15,1505585177715695623,"RT @_Soulz: These are my current thoughts on $SRM and $AAVE. I'm bearish short terms on this altcoins. 

If #Bitcoin retests 42.000$ and ho…",1098156209067212800,2022-03-20 16:40:53+00:00,
16,1505585176360931334,"#bitcoin will hit a million dollars per coin, the only question is when!",1364573089829388295,2022-03-20 16:40:53+00:00,
17,1505585176352628737,RT @Meta_UFO: #bitcoin and #MetaUFO have no inflation.,1505584546280091657,2022-03-20 16:40:53+00:00,
18,1505585175937548290,"1. It is scheduled to be listed on Binance in May.
2. I get trx every day. 5% of the investment.
3. Invite your friend and take $1000 every day. This is reality.
4. Minning machine prices range from 60trx to 3660trx.
https://t.co/ApaQzFy3Y3

#crypto #NFT #defi #TRX #Bitcoin",1471399337075027968,2022-03-20 16:40:53+00:00,
19,1505585174817669121,RT @defi_daria: Can you really argue that #bitcoin is involved in everything now? https://t.co/EQQv6Za3nA,1179150948838494208,2022-03-20 16:40:52+00:00,
20,1505585172204294146,"RT @AirdropDet: 🔍 New #Airdrop: Elite Cash

🏆 Total Airdrop Pool: 140,000 ELC [~$49,000]

🔴 Start the airdrop bot https://t.co/geX2YRhj5n…",1372534259886346240,2022-03-20 16:40:52+00:00,
21,1505585171919085568,"the strongest bullish signal flashed for #Bitcoin. Not trend reverse but price bounce is anticipated!

@tradeosiann  is a super #BTC Trader 
I’ve been following his tweets and tips seriously &amp; I’ve been doing great $MATIC $KAVA $ENJ $MITH #Cryptocurrency  $THETA l",1472813004831924229,2022-03-20 16:40:52+00:00,
22,1505585171231395847,"RT @CryptoScienti: #CheemsInu 
there is a scholar opportunity at the moment.  As soon as it crosses the eth bridge, it will rise very high.…",1405326582068224005,2022-03-20 16:40:51+00:00,
23,1505585170690510848,"RT @PotatoCoinSPL: 25B Potato giveaway

Potato will surprise you all with what we are about to announce.

Like, Retweet and Tag 3 friends t…",1317744587360776193,2022-03-20 16:40:51+00:00,
24,1505585170472128517,RT @Blockworks_: PayPal Co-Founder: The biggest mistake I made in the last decade was getting too late and too little into #Bitcoin,1061289941420961792,2022-03-20 16:40:51+00:00,
25,1505585169763540994,"RT @Revolotto: 🏏World's Dangerous Cricketer
Greatest Batsman of All-time in Cricket

🌎Universe Boss - Chris Gayle extending his support and…",1289469857088471041,2022-03-20 16:40:51+00:00,
26,1505585169297977344,"RT @AirdropStario: 💧 CryptoZerofi Airdrop 💧

🏆 Task:          ➕ 22,000 USDT » Total reward pool.

🔛 Airdrop Link &amp; Information: https://t.c…",2431760078,2022-03-20 16:40:51+00:00,
27,1505585167800455172,"@Blockworks_ He was building a new chassis for the same old broken engine that is TradFi.

While #bitcoin is a next-gen engine without a chassis.",1443654410035515395,2022-03-20 16:40:51+00:00,
28,1505585167548973057,RT @Bitcoinsensus: Is #Bitcoin going to make a bigger move today?,619251131,2022-03-20 16:40:51+00:00,
29,1505585167229988870,"RT @crypto_world00: There aren’t enough Bitcoin for every millionaire in the world.

56M millionaires. 

21M Bitcoin.
#Btc #Bitcoin #Eth #E…",1502258185868038146,2022-03-20 16:40:50+00:00,
30,1505585166663630849,RT @crypstax: PayPal co-founder says the “biggest mistake I made in the last decade was getting too late and too little into #Bitcoin.” In…,1456494812207595520,2022-03-20 16:40:50+00:00,
31,1505585162662424579,"RT @XYOPepe: Pepe will be giving away a total of 10,000 $xyo to 5 lucky winners (2,000 each) when it hits $0.03. 

Just retweet this to par…",390107994,2022-03-20 16:40:49+00:00,
32,1505585162121228290,"the strongest bullish signal flashed for #Bitcoin. Not trend reverse but price bounce is anticipated!

@tradeosiann  is a super #BTC Trader 
I’ve been following his tweets and tips seriously &amp; I’ve been doing great $MATIC $KAVA $ENJ $MITH #Cryptocurrency  $THETA w",1453599341449408512,2022-03-20 16:40:49+00:00,
33,1505585160875646981,"RT @NFTsTrader20: FREE #NFT GIVEAWAY!! 🎉
Follow me 👥 
@MeMoArts_NFT

🎉+ Drop $ETH Wallet!
Anyone who interact with this post maybe lucky!…",1500249967629328391,2022-03-20 16:40:49+00:00,
34,1505585158358974473,RT @VOICEOFSHIBA: Every 5 hours I am asking @RobinhoodApp to list #SHIB who is with me let's come with me. #SHIBARMY #Crypto @nytimes #Bitc…,1426692219168231424,2022-03-20 16:40:48+00:00,
35,1505585158048653312,"RT @AirdropDet: 🔍 New #Airdrop: Battle World

💲 Reward: Up to 500 BWO (~$20) + 500K BWO (~$20K) referral pool

🔴 Start the airdrop bot http…",1494610669861322753,2022-03-20 16:40:48+00:00,
36,1505585157230985218,"RT @AirdropStario: 💧 PeaSwap Finance Airdrop 💧

🏆 Task:          ➕ 10 PEA for 300 random participants each.

🔛 Airdrop Link &amp; Information:…",2431760078,2022-03-20 16:40:48+00:00,
37,1505585156832337933,"LIVE! Crypto Market Direction - AMA Hang Out

💡 https://t.co/1lQaRpQPQP

#cardano #ADA #lovelace #bitcoin #cardanocommunity #adalovelace #altcoin #btc #blockchain $ADA #cardanonewsfeed #crypto https://t.co/oQTsLEM34U",1405131947790290947,2022-03-20 16:40:48+00:00,
38,1505585156513542151,"Untreaded with @_bitcoiner and free Lightning sats. ⚡

@boltcoiner unlock me 1c4783ee-2093-44ff-a348-63389eaef4ce

#Bitcoin #BTC #LN #LightningNetwork #boltcoiner https://t.co/S5E2bJhXiF",1440766880281546756,2022-03-20 16:40:48+00:00,
39,1505585153841655810,"the strongest bullish signal flashed for #Bitcoin. Not trend reverse but price bounce is anticipated!

@tradeosiann  is a super #BTC Trader 
I’ve been following his tweets and tips seriously &amp; I’ve been doing great $MATIC $KAVA $ENJ $MITH #Cryptocurrency  $THETA k",1472813004831924229,2022-03-20 16:40:47+00:00,
40,1505585153602887680,"RT @AirdropDet: 🔍 New #Airdrop: Elite Cash

🏆 Total Airdrop Pool: 140,000 ELC [~$49,000]

🔴 Start the airdrop bot https://t.co/geX2YRhj5n…",1486985942560739328,2022-03-20 16:40:47+00:00,
41,1505585149538619393,"#bitcoin Block #728226 : 299520 bytes, 627 transactions, 6.26790834BTC($259,844) reward
            
For more information, visit https://t.co/lf4byfTMkH",1456568726,2022-03-20 16:40:46+00:00,
42,1505585147734904835,#DeFi #TeleFy #DEX #cryptocurrency #Ethereum #BinanceSmartChain #Bitcoin #polkadot #MATIC #Polygon $TELE #Cardano #ETH https://t.co/4KMTgXbuqh,1425816641133178890,2022-03-20 16:40:46+00:00,
43,1505585146296082437,"RT @AirdropStario: 💧 SafeWallet Airdrop 💧

🏆 Task:        ➕ 175 SLT (~$3.5) for 1000 random participants

👨‍👩‍👧 Referral: ➕ 30,000 SLT (~$6…",1455237930956378114,2022-03-20 16:40:45+00:00,
44,1505585144257777666,"RT @AirdropDet: 🔍 New #Airdrop: SafeWallet

💲 Reward: Up to 500 SLT (~$10) + 10K SLT (~$200) referral pool

🔴 Start the airdrop bot https:/…",1494610669861322753,2022-03-20 16:40:45+00:00,
45,1505585140508282881,"RT @GiveawayInspect: New Giveaway: Retoken (USDT)
Total Reward: 2,000 USDT
Rate: ⭐️⭐️⭐️⭐️
Winners: 700 Random &amp; Top 50
Distribution: within…",1438454475153313792,2022-03-20 16:40:44+00:00,
46,1505585140134686724,"#BlueSparrow is a bridge between the stock market and crypto .. You will have both in the Blue Sparrow CEX
#BlueBit  😍😍😍😍
#web3
#Metaverse 
#Bitcoin 
#BlueSparrowCEX 🤩🤩 https://t.co/x74OI1nKuT",1482419810466107397,2022-03-20 16:40:44+00:00,
47,1505585136636678148,RT @Blockworks_: PayPal Co-Founder: The biggest mistake I made in the last decade was getting too late and too little into #Bitcoin,1376264229670551555,2022-03-20 16:40:43+00:00,
48,1505585135273406464,"RT @AirdropAchiever: New Whitelist: STMAN × FamCentral
Allocation: ≤ 30 BUSD (TBA)
Winners: All Participants
End Date: 22nd March, 2022

🔗…",847447863739138048,2022-03-20 16:40:43+00:00,
49,1505585133772222464,"RT @AirdropStario: 💧 CRAT Airdrop 💧

🏆 Task:         ➕  $50 worth of CRAT for 1000 random participants each

👨‍👩‍👧 Referral:  ➕  $100 worth…",2431760078,2022-03-20 16:40:42+00:00,
