,id,text,author_id,created_at,geo
0,1505588471859138564,"RT @BitcoinMagazine: 💥 In 17 days, the biggest #Bitcoin  conference in history kicks off in Miami 👀",956923617568346112,2022-03-20 16:53:58+00:00,
1,1505588469963370498,"@BabyDogeGem #BlueSparrow is a bridge between the stock market and crypto .. You will have both in the Blue Sparrow CEX
@BlueSparrowETH
#BluesparrowCEX
#BlueSparrow
#BlueSparrowtoken
#BlueSparrowCommunity
#bitcoin
#BestDrawToken
#Bluesparrowcharity
#Web3
#NFT 
https://t.co/iX9ThGAout
☘241",1500745978495881216,2022-03-20 16:53:58+00:00,
2,1505588469174706178,"RT @stacyherbert: Fiat vs #Bitcoin 

🐶🐕 https://t.co/Z0PtcKymbm",1493397675231776770,2022-03-20 16:53:58+00:00,
3,1505588467589386245,FlagNetwork #IDO #cryptocurrency #Bitcoin #NFTs https://t.co/YSudZwZmiG,1400750926776836100,2022-03-20 16:53:57+00:00,
4,1505588467048321033,"RT @Corey2140: There are an infinite amount of numbers inside any finite number.

It didn’t matter that the supply cap is 21M.

It just mat…",3408968277,2022-03-20 16:53:57+00:00,
5,1505588466184192001,"RT @AirdropStario: 💧 Odds96 Airdrop 💧

🏆 Task:          ➕ $10 worth of Odds96 Tokens.

🔛 Airdrop Link &amp; Information: https://t.co/rBb5KjyM1…",1504143089752895490,2022-03-20 16:53:57+00:00,
6,1505588465878319114,"This amazing faucet from @_bitcoiner is making me tweet this to claim my free Lightning sats. ⚡

@boltcoiner unlock me f7ed7e97-8da0-4581-99ca-a8851789b86e

#Bitcoin #BTC #LN #LightningNetwork #boltcoiner
https://t.co/yqfxlr7pkF",734865386953269249,2022-03-20 16:53:57+00:00,
7,1505588465303490565,"RT @AirdropDet: 🔍 New #Airdrop: YupVerse

💲 Reward: Up to 10M YuP (~$5) + 2M YuP (~$1,000) referral pool

🔴 Start the airdrop bot https://t…",1500905774117183506,2022-03-20 16:53:57+00:00,
8,1505588462862356489,RT @QingShangSun: #BoredBear listed on Skyhut NFT market with Candy token! You can enter the auction with all neo tokens from the https://t…,1398560615501811713,2022-03-20 16:53:56+00:00,
9,1505588462723878912,"RT @p2ePrizeFighter: Who will be the next challenger?
(Screenshot from Actual Gameplay)

#nft #nftart #art #digitalart #nfts #nftartist #cr…",1503782450341691394,2022-03-20 16:53:56+00:00,
10,1505588462296084480,RT @NeilJacobs: Ross Ulbricht was never charged or convicted for murder for hire and there’s no evidence that shows assassinations were eve…,1017442893890453505,2022-03-20 16:53:56+00:00,
11,1505588461809672193,RT @BTCTN: Paypal co-founder Peter Thiel said that his “biggest mistake” during the last ten years “was getting too late and too little int…,1458145387873771524,2022-03-20 16:53:56+00:00,
12,1505588460282789890,"RT @airdropinspect: New airdrop: Ubiquity DAO (USDT)
Total Reward: 2,500 USDT
Rate: ⭐️⭐️⭐️⭐️
Winners: 1,000 Random &amp; Top 100
Distribution:…",1446358745131335682,2022-03-20 16:53:56+00:00,
13,1505588460010225673,"I've at whatever point seen Online! Strong collecting and referred to thing! We are by and large holding tight for progress #IgniteBlockchain #Ignite #IGT #blockchain #cryptocurrency #technology #bitcoin #money #crypto #Binance #BNB #cryptocurrencies #fintech
@ignitechain",1486368178829729796,2022-03-20 16:53:56+00:00,
14,1505588457766326282,"RT @LtexToken: You should buy more #LTEX  📈😎

#LTEX #bitcoin #crofam https://t.co/XzHRdcsBpi",1466023076055982089,2022-03-20 16:53:55+00:00,
15,1505588455245778945,RT @rovercrc: #BITCOIN BOUNCING BACK STRONG 🚀⚡️,1473713181164032011,2022-03-20 16:53:54+00:00,
16,1505588454343675905,"RT @AirdropDet: 🔍 New #Airdrop: TeddyDoge

💲 Reward: Up to 2,800 TEDDY + 800K TEDDY referral pool

🔴 Start the airdrop bot https://t.co/bJW…",1286478876944683008,2022-03-20 16:53:54+00:00,
17,1505588452577972224,"@whale_alert BREAKING! 🚨🚨 There is one share that will change your life forever! 
AND it is the gate of #crypto and #bitcoin NASDAQ Uplisting is soon! https://t.co/sURopdYJOA #cryptocurrecy #defi #ethereum #btc #eth #nasdaq",1457079152155181063,2022-03-20 16:53:54+00:00,
18,1505588451726483458,"@BabyDogeGem #BlueSparrow is a bridge between the stock market and crypto .. You will have both in the Blue Sparrow CEX
@BlueSparrowETH
#BluesparrowCEX
#BlueSparrow
#BlueSparrowtoken
#BlueSparrowCommunity
#bitcoin
#BestDrawToken
#Bluesparrowcharity
#Web3
#NFT 
https://t.co/iX9ThGAout
☘240",1500745978495881216,2022-03-20 16:53:54+00:00,
19,1505588448635518977,"RT @AirdropDet: 🔍 New #Airdrop: YupVerse

💲 Reward: Up to 10M YuP (~$5) + 2M YuP (~$1,000) referral pool

🔴 Start the airdrop bot https://t…",1473620722983399428,2022-03-20 16:53:53+00:00,
20,1505588446420643845,"Waykichain is big project. I would like to talk about one of the best projects. A very promising project. best Project going to change crypto world amazing concept working with very experinced team.
#WICC, #Waykichain #blockchain #crypto #bitcoin #ethereum",1486401762496237568,2022-03-20 16:53:52+00:00,
21,1505588444654981125,"@bradmillscan I consider myself somewhat progressive and I am a Bitcoiner.

But I seldomly engage in #Bitcoin-related discussions on Twitter anymore as most of Bitcoin Twitter became a useless circle jerk.",903306563963817985,2022-03-20 16:53:52+00:00,
22,1505588442541211648,"RT @21bitcoinApp: #Bitcoin rewards the patient hodler. 
It is a simple strategy but hard to execute.

Follow @LinaSeiche for more awesome c…",82617340,2022-03-20 16:53:51+00:00,
23,1505588435863539715,"@p2ePrizeFighter The project is implemented
@MoniraBouhafs @oscar8 @0xwnr 

#nft #nftart #art #digitalart #nfts #nftartist #crypto #cryptoart #nftcommunity #nftcollector #ethereum #bitcoin #blockchain #cryptocurrency #opensea #artist #artwork #eth #nftcollectors #cryptoartist #co",1503782450341691394,2022-03-20 16:53:50+00:00,
24,1505588431073783808,"RT @BitcoinMagazine: 💥 In 17 days, the biggest #Bitcoin  conference in history kicks off in Miami 👀",1500088011492577280,2022-03-20 16:53:49+00:00,
25,1505588430222561281,"Gogo   #FlagNetwork  #cryptocurrency #Bitcoin  #StandWithUkraine 

ends in 24 hours good luck 🍒 https://t.co/cV0fZ2HIIp",1468983248814436353,2022-03-20 16:53:48+00:00,
26,1505588428242522113,#DeFi #TeleFy #DEX #cryptocurrency #Ethereum #BinanceSmartChain #Bitcoin #Airdrop #polkadot #MATIC #Polygon$RELE #Cardano #ETH https://t.co/x8NEGKLEZQ,1451232500559204352,2022-03-20 16:53:48+00:00,
27,1505588427336650752,"RT @WaldoVision3: ""Inflation is the cruelest tax of all"", both because it harms the poor relatively more than the rich &amp; because the inflat…",1422669719522455555,2022-03-20 16:53:48+00:00,
28,1505588424891326475,"Many technical indicators are pointing towards a $52,000 #bitcoin breakout.

-EMA
-MACD
-BB
-Weekly STORSI
-OBV

Too much confluence to be ignored.",762794177063026688,2022-03-20 16:53:47+00:00,
29,1505588422542610442,"RT @AirdropStario: 💧 Odds96 Airdrop 💧

🏆 Task:          ➕ $10 worth of Odds96 Tokens.

🔛 Airdrop Link &amp; Information: https://t.co/rBb5KjyM1…",1284370837559115776,2022-03-20 16:53:47+00:00,
30,1505588421171023879,"RT @binance: 💰 $10,000 giveaway 💰
 
Post your #BitcoinButton result to enter!
 
Rules:
🔸 Retweet this post
🔸 Follow @Binance
🔸 Play #Bitcoi…",1115002954782793731,2022-03-20 16:53:46+00:00,
31,1505588420130787330,"RT @milesdeutscher: Imagine if having a #bitcoin reserve becomes the new standard for protocols. 

Would drive up the $BTC price, thus incr…",1475911649395720192,2022-03-20 16:53:46+00:00,
32,1505588419963105283,"RT @crypto_scp_: This is the real deal. 
#Flux #blockchain #crypto #bitcoin #tech #technology #cloud #CloudComputing #FluxNodes #mining #bu…",1448950105059598336,2022-03-20 16:53:46+00:00,
33,1505588419761565698,RT @ShibnobiNews: NEWS: 🇺🇸 U.S. Congressman Pete Sessions says Texas will be the #Bitcoin capital. #CRYPTO,1448306876735574020,2022-03-20 16:53:46+00:00,
34,1505588418662834185,"RT @saylor: If you don't understand money, you won't understand #bitcoin.",1378726714126254084,2022-03-20 16:53:46+00:00,
35,1505588418180493327,"RT @AirdropDet: 🔍 New #Airdrop: Elite Cash

🏆 Total Airdrop Pool: 140,000 ELC [~$49,000]

🔴 Start the airdrop bot https://t.co/geX2YRhj5n…",1496818282845937665,2022-03-20 16:53:46+00:00,
36,1505588417781911554,"RT @Barchart: Which #cryptocurrency will generate the largest return over the next 5 years?

#Bitcoin $BTC
#Shiba $SHIB
#Ethereum $ETH
#Sol…",1416712432475508738,2022-03-20 16:53:45+00:00,
37,1505588415978704898,"RT @AirdropStario: 💧 Odds96 Airdrop 💧

🏆 Task:          ➕ $10 worth of Odds96 Tokens.

🔛 Airdrop Link &amp; Information: https://t.co/rBb5KjyM1…",1452051138019160066,2022-03-20 16:53:45+00:00,
38,1505588415940599811,"RT @Revolotto: 🏏World's Dangerous Cricketer
Greatest Batsman of All-time in Cricket

🌎Universe Boss - Chris Gayle extending his support and…",459798457,2022-03-20 16:53:45+00:00,
39,1505588415173214211,"RT @saylor: If you don't understand money, you won't understand #bitcoin.",1330253364215631873,2022-03-20 16:53:45+00:00,
40,1505588412912480266,RT @blaakke: #Bitcoin bouncing off the bottom of channel… still needs to confirm above trendline. https://t.co/TaajCzQ0Lv,1086749051465449472,2022-03-20 16:53:44+00:00,
41,1505588411125710853,A nice bullish reversal incoming #Bitcoin,1392607900435197956,2022-03-20 16:53:44+00:00,
42,1505588408013496324,"@BabyDogeGem #BlueSparrow is a bridge between the stock market and crypto .. You will have both in the Blue Sparrow CEX
@BlueSparrowETH
#BluesparrowCEX
#BlueSparrow
#BlueSparrowtoken
#BlueSparrowCommunity
#bitcoin
#BestDrawToken
#Bluesparrowcharity
#Web3
#NFT 
https://t.co/iX9ThGAout
☘239",1500745978495881216,2022-03-20 16:53:43+00:00,
43,1505588406881030147,People of El Salvador do not want #Bitcoin! @PressSec @davidyelland @SecBlinken @BradSherman @Sen_JoeManchin @SenWarren @SenWarren @SenTedCruz @SenatorTimScott @SenSanders,1459187524878974978,2022-03-20 16:53:43+00:00,
44,1505588402887880710,"Fantastic project great potential. Glad to be part of this project. Go to the moon. ❤️❤️❤️❤️
@elonmusk 
@taraqur007 
@TaraqurMd 
@NasimUd18757095
@PlayStation479
#cryptocurrency #airdrop
#BSC #ETH #Bitcoin https://t.co/oq9jjT0qLM",1490177332794908675,2022-03-20 16:53:42+00:00,
45,1505588400686047235,"RT @AirdropStario: 💧 Meta Auction Airdrop 💧

🏆 Task:          ➕  Up to 40 METAU (~$16)

👨‍👩‍👧 Referral:   ➕  40 METAU (~$16)

🔛 Airdrop Lin…",1180014784554700800,2022-03-20 16:53:41+00:00,
46,1505588399578750979,"RT @BitcoinMagazine: 💥 In 17 days, the biggest #Bitcoin  conference in history kicks off in Miami 👀",283269968,2022-03-20 16:53:41+00:00,
47,1505588398559428613,"RT @p2ePrizeFighter: Who will be the next challenger?
(Screenshot from Actual Gameplay)

#nft #nftart #art #digitalart #nfts #nftartist #cr…",1499334918664765441,2022-03-20 16:53:41+00:00,
48,1505588397703766016,#DeFi #TeleFy #DEX #cryptocurrency #Ethereum #BinanceSmartChain #Bitcoin #Airdrop #polkadot #MATIC #Polygon $TELE #Cardano #ETH https://t.co/ZBdI76nS64,1382419136857313284,2022-03-20 16:53:41+00:00,
49,1505588397624201227,"This is the real deal. 
#Flux #blockchain #crypto #bitcoin #tech #technology #cloud #CloudComputing #FluxNodes #mining #build $Flux #Web3 https://t.co/n7hl7r8fBw",939802248,2022-03-20 16:53:41+00:00,
