,id,text,author_id,created_at,geo
0,1505464657896620033,"RT @AirdropStario: 💧 SafeWallet Airdrop 💧

🏆 Task:        ➕ 175 SLT (~$3.5) for 1000 random participants

👨‍👩‍👧 Referral: ➕ 30,000 SLT (~$6…",1480428119420899330,2022-03-20 08:41:59+00:00,
1,1505464656340881411,"RT @AirdropDet: 🔍 New #Airdrop: YupVerse

💲 Reward: Up to 10M YuP (~$5) + 2M YuP (~$1,000) referral pool

🔴 Start the airdrop bot https://t…",1498381847478546432,2022-03-20 08:41:58+00:00,
2,1505464653517930500,XRP is getting ready to take off to the moon! #altcoin #bitcoin #binance #xrp #ripple https://t.co/u8BfHF1irg,296143719,2022-03-20 08:41:58+00:00,
3,1505464652632932360,XRP is getting ready to take off to the moon! #altcoin #bitcoin #binance #xrp #ripple https://t.co/GUVdSAHUqi,1458749305,2022-03-20 08:41:58+00:00,
4,1505464650208464896,Apocalyptic reminder for all #bitcoin #BTCUSD holders.. This most likely true since there are no telling what's backing the bitcoin values #forex #forextrading #forexsignals https://t.co/rXcIQWVjWK,1236243385171603456,2022-03-20 08:41:57+00:00,
5,1505464649348694018,"RT @airdropinspect: New airdrop: Angelic (ANGL)
Total Reward: 50,000 ANGL
Rate: ⭐️⭐️⭐️⭐️
Winners: 1,500 Random &amp; Top 50
Distribution: withi…",1398257656628981763,2022-03-20 08:41:57+00:00,
6,1505464649231507456,"RT @tradeiseveryone: 🎉10 #AVAX  Giveaway to Celebrate $BTC 42K
🎁1 #AVAX  to 10 People, Winners Will Be Announced in 96 Hours

1) Follow @tr…",1489848111652827136,2022-03-20 08:41:57+00:00,
7,1505464646601707527,"I believe this is a faithful project.The projector has a lot of attractions so hopefully the project will be best in the future.
@Aburayhan2370 
@Sabbirs7111 
@Bulu67
@mmonjurul19
#Airdrop #Airdrops #Crypto #Bitcoin
#Airdrop #Crypto #NFTs https://t.co/ydx1OPbTwj",1498381847478546432,2022-03-20 08:41:56+00:00,
8,1505464644600619011,#DeFi #TeleFy #DEX #cryptocurrency #Ethereum #BSC #Bitcoin #polkadot #MATIC #Polygon $TELE #Cardano #ETH https://t.co/jrjBqbAZvV,1320745219017658368,2022-03-20 08:41:56+00:00,
9,1505464644135428096,"RT @Stackswap_BTC: Stackswap GIVEAWAY

Prizes: 
🎁NFTs : 10 Gold Passes and 1,000 Silver Passes
💰Token : 10,000 STSW Tokens (1,000 winners)…",1155201998641254400,2022-03-20 08:41:55+00:00,
10,1505464642864250881,"RT @AirdropStario: 💧 CRAT Airdrop 💧

🏆 Task:         ➕  $50 worth of CRAT for 1000 random participants each

👨‍👩‍👧 Referral:  ➕  $100 worth…",1504056118045454345,2022-03-20 08:41:55+00:00,
11,1505464642361257984,"RT @AirdropDet: 🔍 New #Airdrop: YupVerse

💲 Reward: Up to 10M YuP (~$5) + 2M YuP (~$1,000) referral pool

🔴 Start the airdrop bot https://t…",1437349663103860744,2022-03-20 08:41:55+00:00,
12,1505464639597182978,"RT @AirdropDet: 🔍 New #Airdrop: YupVerse

💲 Reward: Up to 10M YuP (~$5) + 2M YuP (~$1,000) referral pool

🔴 Start the airdrop bot https://t…",1459194238386642945,2022-03-20 08:41:54+00:00,
13,1505464637290070017,"RT @binance: Click a button, win a #Bitcoin.
 
Sound good? #BitcoinButton 
 
Go ➡️ https://t.co/OwsRxlzV3D https://t.co/mnATF6ZMJ8",1429860087967928320,2022-03-20 08:41:54+00:00,
14,1505464634710634496,"@rovercrc #Bitcoin has proven itself again, the market is finally pumping and with this pace, once’s it’s able to break pass 48k, it’s sure to get a new ATH and get to $100k soon. While we patiently wait, following traders like @CryptoMarkwill to get more market analysis is essential",2260520715,2022-03-20 08:41:53+00:00,
15,1505464632823193605,"RT @AirdropStario: 💧 CRAT Airdrop 💧

🏆 Task:         ➕  $50 worth of CRAT for 1000 random participants each

👨‍👩‍👧 Referral:  ➕  $100 worth…",1494981869837983744,2022-03-20 08:41:53+00:00,
16,1505464627899084805,"@TheCryptoGifter ATTENTION! 🚨🚨 There is one stock that will change your life forever! 
AND NASDAQ Listing is coming! BNXA is the paypal of #crypto and #bitcoin #btc #eth #ethereum #doge https://t.co/IqVlClmuaJ",1457079152155181063,2022-03-20 08:41:52+00:00,
17,1505464627785781251,"RT @airdropinspect: New airdrop: Polysports (PS1)
Total Reward: $12,000 worth of PS1
Rate: ⭐️⭐️⭐️⭐️
Winners: 1500 Random &amp; Top 300
Distribu…",1398257656628981763,2022-03-20 08:41:52+00:00,
18,1505464627274006530,"RT @AirdropDet: 🔍 New #Airdrop: YupVerse

💲 Reward: Up to 10M YuP (~$5) + 2M YuP (~$1,000) referral pool

🔴 Start the airdrop bot https://t…",1503702904137388033,2022-03-20 08:41:51+00:00,
19,1505464625357541383,"RT @99krypto: New video ( most undervalue coins for 2022) https://t.co/I87FpeddrT

#Crypto #btc #Bitcoin #ETH #Etherum #BSC #Binance #Polyg…",1900894190,2022-03-20 08:41:51+00:00,
20,1505464623109402624,"@AirdropDet I believe this is a faithful project.The projector has a lot of attractions so hopefully the project will be best in the future.
@Aburayhan2370 
@Sabbirs7111 
@Bulu67
@mmonjurul19
#Airdrop #Airdrops #Crypto #Bitcoin
#Airdrop #Crypto #NFTs",1498381847478546432,2022-03-20 08:41:50+00:00,
21,1505464622366674951,"RT @Evil_Promoter: HIVE is the third major blockchain ecosystems
It is the largest mining pool for Tron
Join them &amp; develop together

Link…",1436516604766941185,2022-03-20 08:41:50+00:00,
22,1505464619061882886,"RT @AirdropStario: 💧 CRAT Airdrop 💧

🏆 Task:         ➕  $50 worth of CRAT for 1000 random participants each

👨‍👩‍👧 Referral:  ➕  $100 worth…",1502866869593657344,2022-03-20 08:41:50+00:00,
23,1505464619028164614,"How amazing can it be?  #Bluesparrow Native Token for Centralized Exchange with focus on both the stock &amp; crypto market
@BlueSparrowETH
@BluesparrowC
#BluesparrowCEX
#ETH
#BlueSparrow
#BlueSparrowtoken
#BlueSparrowCommunity
#bitcoin
#BestDr97#NFT https://t.co/7EGt7Uyfdy",1504327113456893952,2022-03-20 08:41:50+00:00,
24,1505464618998800386,"Do you want TRUE SAFU investing?
Go to https://t.co/1Mo7qdcgFO for crypto research!
We list scams, potential scams, trusted projects,and quick audits for upcoming tokens!
BNB Rewards for $SPY holders!
 
@SpyWolfNetwork $SPY #spywolf #bnb #bscgem #binance #bitcoin #ethereum 8e6u2",1473764166099947527,2022-03-20 08:41:50+00:00,
25,1505464617866346499,"RT @ProjectsIco: #Bitcoin average monthly returns 

#Bitcoin #Crypto #cryptotrading",1397131054046195721,2022-03-20 08:41:49+00:00,
26,1505464617157468167,"RT @AirdropStario: 💧 SafeWallet Airdrop 💧

🏆 Task:        ➕ 175 SLT (~$3.5) for 1000 random participants

👨‍👩‍👧 Referral: ➕ 30,000 SLT (~$6…",1372490103851917315,2022-03-20 08:41:49+00:00,
27,1505464616549519362,"Yellowsubmarine found #bitcoin in a User vault at this location! Join me playing #coinhuntworld, It's awesome! https://t.co/x1InGe27wN #cryptocurrency #100864 https://t.co/Mol0YjX9JI",1382310388289527808,2022-03-20 08:41:49+00:00,
28,1505464615160922113,"RT @oatdQhT5WyOd9hg: @bitfinex Would you like to see crypto and the forex market on a platform?  
BlueSparrow  CEX offers you this exciting…",1491828899990454272,2022-03-20 08:41:49+00:00,
29,1505464614422601728,"RT @Next100XGEMS: Really they don’t know!😌

#bitcoin #BTC #Crypto https://t.co/z8ScMd7E1Y",1467163636913238019,2022-03-20 08:41:48+00:00,
30,1505464611499249664,"RT @TheCryptoGifter: If you don't have @coinbase already, then use my code. 
After you buy or sell $100 or more in #Crypto, you get $10 in…",1501059110321922048,2022-03-20 08:41:48+00:00,
31,1505464611457298434,We just know #XRP will moon #crypto #binance #cryptocurrency #bitcoin #btc https://t.co/rekJkf0K25,1423895525007364098,2022-03-20 08:41:48+00:00,
32,1505464611100893187,"RT @AirdropStario: 💧 CRAT Airdrop 💧

🏆 Task:         ➕  $50 worth of CRAT for 1000 random participants each

👨‍👩‍👧 Referral:  ➕  $100 worth…",1240577154779361280,2022-03-20 08:41:48+00:00,
33,1505464610451001345,"RT @AirdropStario: 💧 CRAT Airdrop 💧

🏆 Task:         ➕  $50 worth of CRAT for 1000 random participants each

👨‍👩‍👧 Referral:  ➕  $100 worth…",1462348227680747522,2022-03-20 08:41:47+00:00,
34,1505464609645416448,"Bitcoin &amp; Ethereum At Intense Support Level (Needs To Hold $40k)
#crypto #dogecoin #bitcoin
 https://t.co/P3ZextAwpB https://t.co/d2autzNzc1",15045645,2022-03-20 08:41:47+00:00,
35,1505464609360150533,"RT @AirdropDet: 🔍 New #Airdrop: YupVerse

💲 Reward: Up to 10M YuP (~$5) + 2M YuP (~$1,000) referral pool

🔴 Start the airdrop bot https://t…",1406647220829491201,2022-03-20 08:41:47+00:00,
36,1505464609117032450,"RT @Meta_Gaming99: Meta Gaming  🎁
 Airdrop for everyone

Steps:
1️⃣Follow us Twitter @Meta_Gaming99 RT&amp;Tag 3 friends
2️⃣Join us TG group: h…",829822143848382464,2022-03-20 08:41:47+00:00,
37,1505464608806608898,"RT @GiveawayInspect: New Giveaway: Retoken (USDT)
Total Reward: 2,000 USDT
Rate: ⭐️⭐️⭐️⭐️
Winners: 700 Random &amp; Top 50
Distribution: within…",1362430549000912896,2022-03-20 08:41:47+00:00,
38,1505464606038257664,"RT @airdropinspect: New airdrop: Flamingo Casino
Total Reward: 200 NFTs &amp; $2500 pricing pool
Rate:⭐️⭐️⭐️⭐️
Winners: 220 Random
Distribution…",1484513144555057157,2022-03-20 08:41:46+00:00,
39,1505464603941163011,"GM
Telegram banned in brazil. We're working as fast as we can on a serverless, tokenless and pure P2P comms suite.
#bitcoin is unstoppable money. We need to focus on freedom of speech now.
ETA 2 months

https://t.co/8KDtIRRxcX",109404961,2022-03-20 08:41:46+00:00,
40,1505464603836223489,"RT @GiveawayInspect: New Giveaway: Retoken (USDT)
Total Reward: 2,000 USDT
Rate: ⭐️⭐️⭐️⭐️
Winners: 700 Random &amp; Top 50
Distribution: within…",1495775217343668225,2022-03-20 08:41:46+00:00,
41,1505464602871619585,RT @decodejar: #Bitcoin average monthly performance 🔥 https://t.co/WXs5pmBnPr,1401704323214610439,2022-03-20 08:41:46+00:00,
42,1505464602687160321,"Did you get scammed?The good guys are here and we’ve got your back!
20% #scamsurvivor Charity! 20% charity in #SPY
Join us in the fight! Clean up the crypto space
Here: https://t.co/orShpWNDNG
@SpyWolfNetwork $SPY #spywolf #bnb #bscgem #binance #bitcoin #ethereum 3q37q",1473764166099947527,2022-03-20 08:41:46+00:00,
43,1505464601269313536,"RT @TracyLawman: Financial independence is achievable only if you have another stream of income 
Choose #Crypto mining as a new stream of i…",1501338007428743170,2022-03-20 08:41:45+00:00,
44,1505464599898112001,"RT @AirdropStario: 💧 CRAT Airdrop 💧

🏆 Task:         ➕  $50 worth of CRAT for 1000 random participants each

👨‍👩‍👧 Referral:  ➕  $100 worth…",1273618286203203584,2022-03-20 08:41:45+00:00,
45,1505464597666758656,"RT @rektcapital: Welcome back to $42,000 #BTC 

$BTC #Crypto #Bitcoin",1401474524873330693,2022-03-20 08:41:44+00:00,
46,1505464597448474624,"RT @slightdebacle: Now that #Bitcoin’s pumping, don’t forget to also go outside. https://t.co/JKmBN06Pr2",1395196557922869252,2022-03-20 08:41:44+00:00,
47,1505464595724574720,"In Japan, #XRP is religion. I love it! All works! #eth #ethereum #binance #bitcoin btc #ripple #crypto #cryptocurrency https://t.co/iEqisBdBGq",1304148992738177025,2022-03-20 08:41:44+00:00,
