,id,text,author_id,created_at,geo
0,1505591243996209157,RT @OnChainCollege: Interesting that the Upper and Lower Bands of the #Bitcoin Stablecoin Supply Ratio have been pretty accurate in indicat…,1416766586019479553,2022-03-20 17:04:59+00:00,
1,1505591242939265026,"RT @AirdropDet: 🔍 New #Airdrop: Elite Cash

🏆 Total Airdrop Pool: 140,000 ELC [~$49,000]

🔴 Start the airdrop bot https://t.co/geX2YRhj5n…",1473763759722090496,2022-03-20 17:04:59+00:00,
2,1505591241550966786,"RT @AirdropStario: 💧 Odds96 Airdrop 💧

🏆 Task:          ➕ $10 worth of Odds96 Tokens.

🔛 Airdrop Link &amp; Information: https://t.co/rBb5KjyM1…",1505350905113112578,2022-03-20 17:04:59+00:00,
3,1505591240884047881,We are good as long as we hold 37.5k #bitcoin #WEEKLY https://t.co/1sQIm5BuAw,228290793,2022-03-20 17:04:59+00:00,
4,1505591237226680325,RT @ruidasilva: The real Bitcoin blockchain (BSV) is scalable. It has unbounded scalability. “Bitcoin Trilemma” is a fallacy. People like @…,954490157603917824,2022-03-20 17:04:58+00:00,
5,1505591233326256129,"RT @AirdropDet: 🔍 New #Airdrop: TeddyDoge

💲 Reward: Up to 2,800 TEDDY + 800K TEDDY referral pool

🔴 Start the airdrop bot https://t.co/bJW…",1318474400568496129,2022-03-20 17:04:57+00:00,
6,1505591231618953221,"RT @ashwsbreal: Imagine working 9-5 every day for 30 years then Jerome Powell prints 40% of the total USD supply in 2 years. 

Put wealth i…",786884731,2022-03-20 17:04:56+00:00,
7,1505591228850896905,"the strongest bullish signal flashed for #Bitcoin. Not trend reverse but price bounce is anticipated!

@tradeosiann  is a super #BTC Trader 
I’ve been following his tweets and tips seriously &amp; I’ve been doing great $DASH $LUNA $LINA $RSR #Cryptocurrency  $BAL ss",1467726421229391875,2022-03-20 17:04:56+00:00,
8,1505591228376756232,RT @Mrzdn98_Spywolf: @spy_wolf2020 @WatcherGuru @SpyWolfNetwork We used to be afraid of wolves. But times have changed. a wolf has come tha…,1485276061009125381,2022-03-20 17:04:56+00:00,
9,1505591227709890564,RT @rovercrc: I JUST OPENED ANOTHER $115k #BITCOIN LONG!!!,1143982424348643328,2022-03-20 17:04:55+00:00,
10,1505591224790515717,"#bitcoin  Average RSI is 55 ~ Neutral
  Current price: $41,961
🧐🤔👏👍💪👆📈🚀
Life hack! Crypto falls, buy #NFTs 👉 https://t.co/x8zPrahuiO
#Bitcoin #Ethereum #Cardano #Binance #Defi #Gala #Terra #Sandbox #Polkadot #Dogecoin #Raptoreum #Polygon #Zcash #Solana #token #shibainu https://t.co/ooqEHvQUEH",702166760716431360,2022-03-20 17:04:55+00:00,
11,1505591224639631361,now accepting #bitcoin,1461576650521468929,2022-03-20 17:04:55+00:00,
12,1505591221401518083,"RT @AirdropAchiever: New Whitelist: STMAN × FamCentral
Allocation: ≤ 30 BUSD (TBA)
Winners: All Participants
End Date: 22nd March, 2022

🔗…",1437730587557593101,2022-03-20 17:04:54+00:00,
13,1505591220814417923,RT @Mrzdn98_Spywolf: @spy_wolf2020 @WatcherGuru @SpyWolfNetwork When wolves decide to hunt. There is no chance for prey. They waked up and…,1485276061009125381,2022-03-20 17:04:54+00:00,
14,1505591219946094593,"RT @AirdropStario: 💧 RPGC Airdrop 💧

🏆 Task:         ➕  $8 worth of RPGC for 2000 random participants each.

👨‍👩‍👧 Referral:  ➕  $40 worth…",1433657808809984002,2022-03-20 17:04:54+00:00,
15,1505591219837370368,"RT @AirdropStario: 💧 RPGC Airdrop 💧

🏆 Task:         ➕  $8 worth of RPGC for 2000 random participants each.

👨‍👩‍👧 Referral:  ➕  $40 worth…",1432251143405531146,2022-03-20 17:04:53+00:00,
16,1505591219803815936,"RT @AirdropStario: 💧 RPGC Airdrop 💧

🏆 Task:         ➕  $8 worth of RPGC for 2000 random participants each.

👨‍👩‍👧 Referral:  ➕  $40 worth…",1432216305491320833,2022-03-20 17:04:53+00:00,
17,1505591219791212545,"RT @AirdropStario: 💧 RPGC Airdrop 💧

🏆 Task:         ➕  $8 worth of RPGC for 2000 random participants each.

👨‍👩‍👧 Referral:  ➕  $40 worth…",1432210314544644096,2022-03-20 17:04:53+00:00,
18,1505591219761541122,"RT @AirdropStario: 💧 RPGC Airdrop 💧

🏆 Task:         ➕  $8 worth of RPGC for 2000 random participants each.

👨‍👩‍👧 Referral:  ➕  $40 worth…",1432206142042624001,2022-03-20 17:04:53+00:00,
19,1505591219723800584,"RT @AirdropStario: 💧 RPGC Airdrop 💧

🏆 Task:         ➕  $8 worth of RPGC for 2000 random participants each.

👨‍👩‍👧 Referral:  ➕  $40 worth…",1432207664038039557,2022-03-20 17:04:53+00:00,
20,1505591219702812678,"RT @AirdropStario: 💧 RPGC Airdrop 💧

🏆 Task:         ➕  $8 worth of RPGC for 2000 random participants each.

👨‍👩‍👧 Referral:  ➕  $40 worth…",1432266469786537990,2022-03-20 17:04:53+00:00,
21,1505591219585314818,"RT @AirdropStario: 💧 RPGC Airdrop 💧

🏆 Task:         ➕  $8 worth of RPGC for 2000 random participants each.

👨‍👩‍👧 Referral:  ➕  $40 worth…",1432270169636700161,2022-03-20 17:04:53+00:00,
22,1505591219572772866,"RT @AirdropStario: 💧 RPGC Airdrop 💧

🏆 Task:         ➕  $8 worth of RPGC for 2000 random participants each.

👨‍👩‍👧 Referral:  ➕  $40 worth…",1433653834643955716,2022-03-20 17:04:53+00:00,
23,1505591219446947840,"RT @AirdropStario: 💧 RPGC Airdrop 💧

🏆 Task:         ➕  $8 worth of RPGC for 2000 random participants each.

👨‍👩‍👧 Referral:  ➕  $40 worth…",1433657956889870337,2022-03-20 17:04:53+00:00,
24,1505591216267620354,"RT @p2ePrizeFighter: Who will be the next challenger?
(Screenshot from Actual Gameplay)

#nft #nftart #art #digitalart #nfts #nftartist #cr…",1443847358379266052,2022-03-20 17:04:53+00:00,
25,1505591215663640577,"RT @AirdropDet: 🔍 New #Airdrop: SteamPad

🏆 Total Airdrop Pool: 5 Million STPD [~$300,000]

🔴 Start the airdrop bot https://t.co/CR15u9bH3K…",786465528,2022-03-20 17:04:53+00:00,
26,1505591213436588041,RT @Mrzdn98_Spywolf: @spy_wolf2020 @WatcherGuru @SpyWolfNetwork We were always afraid of wolves. But now they have decided to protect us. I…,1485276061009125381,2022-03-20 17:04:52+00:00,
27,1505591212568453124,Just comment your opinion... #bitcoin https://t.co/jT2VXQ3GtH,1044584109660487686,2022-03-20 17:04:52+00:00,
28,1505591211469459459,"RT @Jayecane: 3 WINNERS 60 mins 

RT +🔔 + done

post your cashapp, PayPal or #Bitcoin my Bitcoin is back !",1470814577407541257,2022-03-20 17:04:52+00:00,
29,1505591211192578050,RT @defi_daria: Can you really argue that #bitcoin is involved in everything now? https://t.co/EQQv6Za3nA,1483846547041243138,2022-03-20 17:04:51+00:00,
30,1505591209670193161,"RT @Arsalan3572: @BabyDogeGem I know what have to do.
I have to buy #bluesparrow. 
And tomorrow the sun will be mine
@BlueSparrowETH
@Blues…",1469023210805108752,2022-03-20 17:04:51+00:00,
31,1505591209225605124,"Bail-outs…
Bail-ins…
Quantitive Easing…
Stimulus Package...
Federal Spending…
Inflationary forces…
Lower Purchasing Power…
Less Earning Power…
Cost of Living Increases…

All this in the long game, how will you fair?

#Bitcoin solves all this!!!",1489322140742606849,2022-03-20 17:04:51+00:00,
32,1505591209225383937,"@Bitcoinsensus Not yet. 
I want a stable coin to be adopted in our country. I love #Bitcoin but not as a day to day currency.",869183924622065664,2022-03-20 17:04:51+00:00,
33,1505591206407196672,"the strongest bullish signal flashed for #Bitcoin. Not trend reverse but price bounce is anticipated!

@tradeosiann  is a super #BTC Trader 
I’ve been following his tweets and tips seriously &amp; I’ve been doing great $DASH $LUNA $LINA $RSR #Cryptocurrency  $BAL aa",1467726421229391875,2022-03-20 17:04:50+00:00,
34,1505591206163755012,RT @Mrzdn98_Spywolf: @cryptogems555 The strongest predators of nature are wolves. This is because of their unity and team. With each other'…,1485276061009125381,2022-03-20 17:04:50+00:00,
35,1505591203340832770,"RT @AirdropStario: 💧 CRAT Airdrop 💧

🏆 Task:         ➕  $50 worth of CRAT for 1000 random participants each

👨‍👩‍👧 Referral:  ➕  $100 worth…",1376220643566383108,2022-03-20 17:04:50+00:00,
36,1505591203235975168,"RT @p2ePrizeFighter: Who will be the next challenger?
(Screenshot from Actual Gameplay)

#nft #nftart #art #digitalart #nfts #nftartist #cr…",1489894341531164672,2022-03-20 17:04:50+00:00,
37,1505591203097571329,"RT @AirdropStario: 💧 Odds96 Airdrop 💧

🏆 Task:          ➕ $10 worth of Odds96 Tokens.

🔛 Airdrop Link &amp; Information: https://t.co/rBb5KjyM1…",1494018360543117313,2022-03-20 17:04:50+00:00,
38,1505591200337727490,"RT @airdropinspect: New airdrop: Flamingo Casino
Total Reward: 200 NFTs &amp; $2500 pricing pool
Rate:⭐️⭐️⭐️⭐️
Winners: 220 Random
Distribution…",1134777595151577088,2022-03-20 17:04:49+00:00,
39,1505591199138148361,"RT @AirdropStario: 💧 Odds96 Airdrop 💧

🏆 Task:          ➕ $10 worth of Odds96 Tokens.

🔛 Airdrop Link &amp; Information: https://t.co/rBb5KjyM1…",1468882217682178050,2022-03-20 17:04:49+00:00,
40,1505591199066992649,"#valerstudios #VLR #blockchain #cryptocurrency #technology #bitcoin #money #crypto #Binance #BNB #cryptocurrencies #fintech 
@valerstudios 
is a great amazing project, A great opportunity to join a great new generation project.which shows and have a great potential.",1406148422097330177,2022-03-20 17:04:49+00:00,
41,1505591199033294851,"RT @AirdropDet: 🔍 New #Airdrop: Elite Cash

🏆 Total Airdrop Pool: 140,000 ELC [~$49,000]

🔴 Start the airdrop bot https://t.co/geX2YRhj5n…",1500370436542005251,2022-03-20 17:04:49+00:00,
42,1505591198459002881,"RT @GiveawayInspect: New Giveaway: Retoken (USDT)
Total Reward: 2,000 USDT
Rate: ⭐️⭐️⭐️⭐️
Winners: 700 Random &amp; Top 50
Distribution: within…",145113334,2022-03-20 17:04:48+00:00,
43,1505591198450389013,"RT @Mrzdn98_Spywolf: @cryptogems555 A pair of socks ... Do you remember? From the movie Dancer with Wolves, it comes to help us feel calm a…",1485276061009125381,2022-03-20 17:04:48+00:00,
44,1505591198148591620,"RT @AirdropDet: 🔍 New #Airdrop: YupVerse

💲 Reward: Up to 10M YuP (~$5) + 2M YuP (~$1,000) referral pool

🔴 Start the airdrop bot https://t…",1497450243839107072,2022-03-20 17:04:48+00:00,
45,1505591197959692296,"RT @saylor: If you don't understand money, you won't understand #bitcoin.",25806920,2022-03-20 17:04:48+00:00,
46,1505591196290273282,"RT @Arsalan3572: @BabyDogeGem I know what have to do.
I have to buy #bluesparrow. 
And tomorrow the sun will be mine
@BlueSparrowETH
@Blues…",1469023210805108752,2022-03-20 17:04:48+00:00,
47,1505591195954987009,"RT @AirdropStario: 💧 Odds96 Airdrop 💧

🏆 Task:          ➕ $10 worth of Odds96 Tokens.

🔛 Airdrop Link &amp; Information: https://t.co/rBb5KjyM1…",1487053516451430404,2022-03-20 17:04:48+00:00,
48,1505591190628012039,"RT @Mrzdn98_Spywolf: @cryptogems555 The fascinating world of crypto has made us no longer afraid of wolves. But seeing them, we feel calm a…",1485276061009125381,2022-03-20 17:04:47+00:00,
