,id,text,author_id,created_at,geo
0,1505677060022636544,"RT @ShiborgToken: LAUNCHING ON #Ethereum !!😍🦾🚀

#PRESALE AND #LAUNCH: April 1st

Big marketing booked like #Dextools Golden Button Ads!

#S…",1461360553503322121,2022-03-20 22:45:59+00:00,
1,1505677057505869826,"RT @AirdropAchiever: New Whitelist: STMAN × FamCentral
Allocation: ≤ 30 BUSD (TBA)
Winners: All Participants
End Date: 22nd March, 2022

🔗…",1494589180801921035,2022-03-20 22:45:59+00:00,
2,1505677056360648704,"n Japan, #XRP is religion. I love it! All works! #eth #ethereum #binance #bitcoin btc #ripple #crypto #cryptocurrency

https://t.co/kkh4pekdUL",1465823713983664131,2022-03-20 22:45:59+00:00,
3,1505677055819661313,"We just know #XRP will moon #crypto #binance #cryptocurrency #bitcoin #btc

https://t.co/QKO6ZWO4m8",1495040461869830144,2022-03-20 22:45:58+00:00,
4,1505677050568400900,"In contrast,the leading #cryptoasset #bitcoin’s whale count is much lower,as #BTC has a score of11% in terms of the #cryptocurrency’s concentration of large #holders. Today, statistics indicate that the top ten richest SHIB addresses own64.43%of the entire #shibainu token supply.",957187663,2022-03-20 22:45:57+00:00,
5,1505677048546742279,"RT @AirdropStario: 💧 Bee-Trade Finance Airdrop 💧

📍 Audited by: CertiK

🏆 Task:          ➕  Up to 36 BTF (~$51,48)

👨‍👩‍👧 Referral:   ➕  5…",1496511296942092295,2022-03-20 22:45:57+00:00,
6,1505677046164299776,"In Japan, #XRP is religion. I love it! All works! #eth #ethereum #binance #bitcoin btc #ripple #crypto #cryptocurrency https://t.co/LHtk3LYDbg",1092871698511089665,2022-03-20 22:45:56+00:00,
7,1505677043253534723,@MrBigWhaleREAL @Medi_Token's changing the world! Building an amazing ecosystem &amp; donating to communities in need across the planet! #RealUtility #Charity #Crypto #NFT #Play2Earn #ETH #NFTs #x2000gem #bitcoin $Medi #MediArmy #MediToken #doxxed #LLC #Saitama #Shib https://t.co/V52YkkafB1 https://t.co/HQX7WH0TQj,1460551629950930944,2022-03-20 22:45:55+00:00,
8,1505677039864623111,"Monopoly Millionaire (MMG) is a super financial game box，which is created for the NFT finance and game development. In this project, all tokens are produced by NFT. 
#MonopolyMillionaireGame #MMG #token #NFT #art #binance #bitcoin",1118788697598640128,2022-03-20 22:45:55+00:00,
9,1505677037817708561,"@pick_robo @rarible @Bobatama is a token that you should check out is has 1000x potential
#BOBAMASK #BOBATAMA
#BOBATAMA1000x

@elonmusk
#ETH #Bitcoin  #nftart #NFTartist #trending 
#Crypto $Boba
#1000xGem #LBANK

👉 https://t.co/BaMcwVD95w",1504836040720367620,2022-03-20 22:45:54+00:00,
10,1505677034869170178,"@DaDreamMachine @Numerooo0 PONGOINU TO THE MOON!!!
@pongoinutoken #PONGOARMY #IndonesianGP #GetWellSoonJin #100xGems #shiba #1000xGem #CryptoBOT #dek65 #ETC #BTC #EthereumNFTs #bitcoin #APE #DisneyPlus #HODL #ETH #altcoins
Chart 👉https://t.co/vVjgPi7S8i",1472206810887168002,2022-03-20 22:45:53+00:00,
11,1505677034617458691,"XRP is getting ready to take off to the moon! #altcoin #bitcoin #binance #xrp #ripple

https://t.co/6C43cIgHqD",1447103427461492737,2022-03-20 22:45:53+00:00,
12,1505677034135171072,"RT @TheGuySwann: @NobodyCaribou @LibertyMugs If we just change definitions (especially important ones) to mean whatever we want, then doesn…",3383788840,2022-03-20 22:45:53+00:00,
13,1505677033992601605,RT @missbitcoin_mai: Perfectly smooth #LightningNetwork  transaction at Starbucks! Better than usual caramel macchiato😏❤️#Bitcoin #ElSalvad…,1295191960353988609,2022-03-20 22:45:53+00:00,
14,1505677031031205892,"RT @AltsOracle: #Bitcoin d
$BTC 
#Gann 

I added a Gann box on top of my previous chart using the swing high and the swing low. The vertica…",1225439262486618112,2022-03-20 22:45:52+00:00,
15,1505677030012059648,"n Japan, #XRP is religion. I love it! All works! #eth #ethereum #binance #bitcoin btc #ripple #crypto #cryptocurrency

https://t.co/hZCnzdYiEI",1208320380806586368,2022-03-20 22:45:52+00:00,
16,1505677029890400256,"@cryptogems555 If you want to be one of the 20% richest people in the world, just buy and hold #Bitcoin.",1475900577506807814,2022-03-20 22:45:52+00:00,
17,1505677027835326471,"When economic systems aren't allowed to deleverage, leverage increases.

That is the essence of fiat central banking, and the glue that holds our fragile economic system together.

#Bitcoin    may not be so benevolent short-term, but long-term it will enable genuine growth.",1394456118018166784,2022-03-20 22:45:52+00:00,
18,1505677027344777217,"RT @airdropinspect: New airdrop: Ubiquity DAO (USDT)
Total Reward: 2,500 USDT
Rate: ⭐️⭐️⭐️⭐️
Winners: 1,000 Random &amp; Top 100
Distribution:…",1430064895236534279,2022-03-20 22:45:52+00:00,
19,1505677026342375425,RT @Bitcoin: Probably not going to happen on the #Bitcoin network. https://t.co/57Dj7KthFV,877833835269861376,2022-03-20 22:45:51+00:00,
20,1505677023238242307,"XRP is getting ready to take off to the moon! #altcoin #bitcoin #binance #xrp #ripple

https://t.co/THz8EYWD42",1134029404814757888,2022-03-20 22:45:51+00:00,
21,1505677022487535623,"@shakepay 
I've been on my #bitcoin journey for a year. It's been tough meeting coiners, and I'm longing to build community.🇨🇦,we got this.
Tag:boomerdc
#shakepaid #ShakePaidMiami
@RomellJoseph, I always see you in the chats and in the threads, but we've never met. Why not there?",1437017455470256130,2022-03-20 22:45:50+00:00,
22,1505677020394504192,"n Japan, #XRP is religion. I love it! All works! #eth #ethereum #binance #bitcoin btc #ripple #crypto #cryptocurrency

https://t.co/2oINpuqRTD",1425752276992360450,2022-03-20 22:45:50+00:00,
23,1505677019459506178,"RT @AirdropDet: 🔍 New #Airdrop: YupVerse

💲 Reward: Up to 10M YuP (~$5) + 2M YuP (~$1,000) referral pool

🔴 Start the airdrop bot https://t…",1497788289054830596,2022-03-20 22:45:50+00:00,
24,1505677019069116416,"RT @ShiborgToken: HERE WE GO!🥳😎🔥

#SHIBORGINU #NFT Platform and #NFTs goes live next week!

1000 unique and exclusive NFTs!
All NFT holders…",1364578480436879370,2022-03-20 22:45:50+00:00,
25,1505677013717291009,The strongest bullish signal flashed for #XRP #bitcoin #btc #ethereum #eth https://t.co/Bo1NN0uizZ,1321154219634761735,2022-03-20 22:45:48+00:00,
26,1505677012178206721,"RT @SunnyRayShow: I never really believed in god…until I read the read the whitepaper and used #bitcoin for the first time. Now, I’m like,…",1076390351236083713,2022-03-20 22:45:48+00:00,
27,1505677012165345283,"RT @ShiborgToken: HERE WE GO!🥳😎🔥

#SHIBORGINU #NFT Platform and #NFTs goes live next week!

1000 unique and exclusive NFTs!
All NFT holders…",1421613277885444101,2022-03-20 22:45:48+00:00,
28,1505677011079122945,"RT @NightlordNFT: 🎁GIVEAWAY🎁

PRIZES:
🏆1X NFT 🏆
💵 40 $  💵

RULES:
-Follow @NightlordNFT and @nftbaronss .
-Retweet and like this post.

⏱️G…",2964452314,2022-03-20 22:45:48+00:00,
29,1505677010269577216,RT @missbitcoin_mai: Perfectly smooth #LightningNetwork  transaction at Starbucks! Better than usual caramel macchiato😏❤️#Bitcoin #ElSalvad…,356936285,2022-03-20 22:45:48+00:00,
30,1505677003512451073,"RT @99krypto: Just uploaded new video👇 https://t.co/b2nUSYC1WB

#Crypto #btc #Bitcoin #ETH #Etherum #BSC #Binance #Polygon #Solana #nfts #c…",1297161838119940099,2022-03-20 22:45:46+00:00,
31,1505677002338037761,RT @missbitcoin_mai: Perfectly smooth #LightningNetwork  transaction at Starbucks! Better than usual caramel macchiato😏❤️#Bitcoin #ElSalvad…,554854570,2022-03-20 22:45:46+00:00,
32,1505676999704342529,"RT @ShiborgToken: COMING SOON!👀😎
#ShiborgInu #NFTs collection!
And Launch our own #NFT platform!🤩✅️

Also we will have a huge launch on #er…",1469168432583036937,2022-03-20 22:45:45+00:00,
33,1505676998332628996,"@BurnedEth @Bobatama is a token that you should check out is has 1000x potential
#BOBAMASK #BOBATAMA
#BOBATAMA1000x

@elonmusk
#ETH #Bitcoin  #nftart #NFTartist #trending 
#Crypto $Boba
#1000xGem #LBANK

👉 https://t.co/BaMcwVD95w",1504836040720367620,2022-03-20 22:45:45+00:00,
34,1505676995186855945,"RT @ShiborgToken: LAUNCHING ON #Ethereum !!😍🦾🚀

#PRESALE AND #LAUNCH: April 1st

Big marketing booked like #Dextools Golden Button Ads!

#S…",1421613277885444101,2022-03-20 22:45:44+00:00,
35,1505676994247561218,"RT @Okcoin: We’re partnering with the @StacksStartups, @StacksOrg, &amp; venture capital partners to form the Bitcoin Odyssey, a $165 million p…",180856107,2022-03-20 22:45:44+00:00,
36,1505676991659331590,RT @Eljaboom: If you don’t understand #bitcoin then unfollow me,1386207415088029697,2022-03-20 22:45:43+00:00,
37,1505676990653034496,"A successful project that has not left me without attention, I believe that the company is the best offer on the market,don't pass it by
#DeFi #TeleFy #DEX #cryptocurrPA #Ethereum #BinanceSmartchain #Bitcoin #Airdrop #polkadot #MATIC #Polygon$TELE #Cardano #ETH",1404071950046044163,2022-03-20 22:45:43+00:00,
38,1505676990065610767,"RT @cz_binance: If you don't understand #bitcoin, you don't understand money.",144947869,2022-03-20 22:45:43+00:00,
39,1505676986076774403,"#SURVUSDT - New Technical Analysis 

Chart on TradingView https://t.co/ecR28JQAUJ $BTC $ETH #Bitcoin #CryptoCurrency #Trading #TechnicalAnalysis https://t.co/wvn1Oje5Jf",1301553483900956673,2022-03-20 22:45:42+00:00,
40,1505676985179193345,"@ArDyCrypto @AltcoinDailyio @Crypto_Cisla @danbouwer 🌟Co-own the world's first decentralized private island in Bahamas with Crypto Island DAO 🏝

https://t.co/Sbo7Mgomcy #IslanderElites #CISLA #BSC #Ethereum #DAO #CryptoIslandDAO #Altcoin #100xGem #BSCGems #Bitcoin #BNB 🚀🔝🏝 https://t.co/9XN95nE4bY",1470904501326561282,2022-03-20 22:45:42+00:00,
41,1505676983732097028,"We just know #XRP will moon #crypto #binance #cryptocurrency #bitcoin #btc

https://t.co/T80YXIs5LJ",1246726769035665408,2022-03-20 22:45:41+00:00,
42,1505676981270155275,XRP is getting ready to take off to the moon! #altcoin #bitcoin #binance #xrp #ripple https://t.co/BGufqnxHJB,955565626868879361,2022-03-20 22:45:41+00:00,
43,1505676980833984516,"RT @p2ePrizeFighter: Who will be the next challenger?
(Screenshot from Actual Gameplay)

#nft #nftart #art #digitalart #nfts #nftartist #cr…",1492246104813056007,2022-03-20 22:45:41+00:00,
44,1505676978711502848,"We just know #XRP will moon #crypto #binance #cryptocurrency #bitcoin #btc

https://t.co/oH59BdwRlI",1273105271204843521,2022-03-20 22:45:40+00:00,
45,1505676976408784897,"RT @ShiborgToken: LAUNCHING ON #Ethereum !!😍🦾🚀

#PRESALE AND #LAUNCH: April 1st

Big marketing booked like #Dextools Golden Button Ads!

#S…",1364578480436879370,2022-03-20 22:45:39+00:00,
46,1505676975037419524,"@CooolorsNFT @Bobatama is a token that you should check out is has 1000x potential
#BOBAMASK #BOBATAMA
#BOBATAMA1000x

@elonmusk
#ETH #Bitcoin  #nftart #NFTartist #trending 
#Crypto $Boba
#1000xGem #LBANK

👉 https://t.co/BaMcwVD95w",1504836040720367620,2022-03-20 22:45:39+00:00,
47,1505676970486472704,"We just know #XRP will moon #crypto #binance #cryptocurrency #bitcoin #btc

https://t.co/CIKFtTDZD7",1424789378388406276,2022-03-20 22:45:38+00:00,
48,1505676970004209668,"RT @TheRealPlanC: 34k to 42.3k #Bitcoin is... the new 3k to 11.3k #Bitcoin 

Personally, I would love to see us remain between 34k to 42.3k…",1349263041045671937,2022-03-20 22:45:38+00:00,
49,1505676968766980100,"RT @Johnadek_: Second week of digital currency training wrapped up!
The enthusiasm from these folks is second to none.👏
I'm excited to be e…",1327889635931017217,2022-03-20 22:45:38+00:00,
