,id,text,author_id,created_at,geo
0,1505630000275369985,"DAOnload: A Measured Sense of Belonging - https://t.co/0rUP8BVqP8
#bitcoin #cryptocurrency #crypto #nft #news
https://t.co/XminntDEmr &lt;----JOIN https://t.co/6UQDy0Smys",1416547300281815046,2022-03-20 19:38:59+00:00,
1,1505629999579156487,"RT @Apecointrader1: Because it's #Aries season I posted a giveaway win a insane prize so go check it out

#FortniteSeason2 #FortniteLeaks #…",1349273890091110412,2022-03-20 19:38:59+00:00,
2,1505629998282993664,RT @saylor: Laser eyes signal intent to make #bitcoin an instrument of economic empowerment. 🌍,1216020431246974977,2022-03-20 19:38:59+00:00,
3,1505629994399244296,"RT @kemall4545: #shinja #ShinjaSeason
#DOJOSWAP listing #Token
#Selena_Inu
#flokimusk
#saitanobi
#bobatama
#threeohdao
#YetiCoin
#kuonotori…",1457886028610551815,2022-03-20 19:38:58+00:00,
4,1505629994114068491,"RT @Shido_samuraii: Change your life with a powerful project like #RBXS Crypto has the power Launched at #BSC👀
💯⚔️💯
🌐https://t.co/spTgOEOmd…",1503478575269388291,2022-03-20 19:38:58+00:00,
5,1505629990733467648,"RT @BitMartResearch: Daily Top 10 Gainers on #BitMart 

🥇 $BCVT +486.61% @Bitcoinvendapp
🥈 $RETIRE +64.42% @Retire_finance
🥉 #GAMINGSHIBA +…",1439272583229321224,2022-03-20 19:38:57+00:00,
6,1505629990313992201,RT @MartiniGuyYT: I would rather sell my house than sell my #Bitcoin,1170804570500603906,2022-03-20 19:38:57+00:00,
7,1505629987193434113,RT @WatcherGuru: JUST IN: 🇦🇺 Australian government will regulate #Bitcoin &amp; #cryptocurrencies as part of a broader revamp of the country’s…,1481780321301508097,2022-03-20 19:38:56+00:00,
8,1505629983061991430,"RT @EnviEnvision: Good looking #NFTS are always a plus
But what does your #NFT do for you is what I'm interested in 🤔

Drop your #NFTProjec…",1503690016375062534,2022-03-20 19:38:55+00:00,
9,1505629977240297475,"RT @Talha72007405: Biggest NFT Marketplace For Every Blockchain | Bitcoin Next Possible Move

https://t.co/G5Qg0QMjhV

#Airdrops #bitcoin #…",1446733557288800260,2022-03-20 19:38:54+00:00,
10,1505629976774819843,"RT @AirdropDao: ⭐New Legit Telegram Bot To Earn 🔥Shiba Inu $shiba and Withdraw  instantly in Coinbase wallet
Link:
https://t.co/AukqF2AV1l…",1503864646113054726,2022-03-20 19:38:54+00:00,
11,1505629973062815749,"RT @airdropinspect: New airdrop: Retoken (USDT)
Total Reward: 2,000 USDT
Rate: ⭐️⭐️⭐️⭐️
Winners: 700 Random &amp; Top 50
Distribution: within a…",1485026104318517249,2022-03-20 19:38:53+00:00,
12,1505629971972526081,"RT @simplykashif: I came to know about #bitcoin in 2015.

My first reaction: can complex transactions be carried in a similar decentralised…",1003966085111017472,2022-03-20 19:38:53+00:00,
13,1505629970353303554,"n Japan, #XRP is religion. I love it! All works! #eth #ethereum #binance #bitcoin btc #ripple #crypto #cryptocurrency

https://t.co/1Tulqua2ZE",1473653324746354690,2022-03-20 19:38:52+00:00,
14,1505629970076663808,"News | Apple Cofounder Reveals Huge Bitcoin Price Prediction—And A Stark Crypto Warning As Ethereum, BNB, XRP, Luna, Cardano, Solana And Avalanche Ricochet #Crypto #Bitcoin #Ethereum

https://t.co/53pXyC5cld",936921844619280384,2022-03-20 19:38:52+00:00,
15,1505629969359450112,"This amazing faucet from @_bitcoiner is making me tweet this to claim my free Lightning sats. ⚡

@boltcoiner unlock me 62f5111f-0725-4b2c-91dd-4ea630314862

#Bitcoin #BTC #LN #LightningNetwork #boltcoiner
https://t.co/aljkevbuCp",1474623170133041163,2022-03-20 19:38:52+00:00,
16,1505629968688205833,"@sincitydragon How amazing can it be?  #Bluesparrow Native Token for Centralized Exchange with focus on both the stock &amp; crypto market
@BlueSparrowETH
@BluesparrowC
#BluesparrowCEX
#ETH
#BlueSparrow
#BlueSparrowtoken
#BlueSparrowCommunity
#bitcoin
#BestDrawToken
#Bluespa27 https://t.co/8QWLN45xqe",1450929819135328256,2022-03-20 19:38:52+00:00,
17,1505629967215960071,"RT @mariiaaa_ch: always be in #bullish with bluesparrow
#ETH
#BlueSparrow
#BlueSparrowtoken
#BlueSparrowCommunity
#BestDrawToken
#Bluesparr…",1485347917988876294,2022-03-20 19:38:52+00:00,
18,1505629959167037446,RT @rovercrc: Buy the #Bitcoin dip while you still can!,466551648,2022-03-20 19:38:50+00:00,
19,1505629958986735616,"@davidgokhshtein @Bobatama
The Gem of the year, Token of the future.🚀🚀
Check it out🚀
#BOBAMASK #BOBATAMA
#BOBATAMA1000x

@AuzsomeAustin @elonmusk @MattWallace888 @JakeGagain
@Yourpop8 @Z_humphries
#ETH #Bitcoin  #nftart #NFTartist
#Crypto $Boba
#1000xGem #LBANK

👉 https://t.co/rW4kKwV3S8👄👄",1327235463682383872,2022-03-20 19:38:50+00:00,
20,1505629957363490818,"RT @airdropinspect: New airdrop: Prizefighter (RING)
Total Reward: $5,000 worth of RING
Rate: ⭐️⭐️⭐️⭐️
Winners: 1,000 Random &amp; Top 100
Dist…",1485026104318517249,2022-03-20 19:38:49+00:00,
21,1505629952137383937,"@RebaneMaia @TheCryptoLark Eh, I have more confidence in #dogecoin to 1 dollar sooner than #bitcoin to 100k",1400388168503922697,2022-03-20 19:38:48+00:00,
22,1505629951927762946,"RT @TheMoonCarl: Will #Bitcoin hit $100,000 in 2022?

No           Maybe         Yes
👇            👇                👇",466551648,2022-03-20 19:38:48+00:00,
23,1505629951638196229,"We just know #XRP will moon #crypto #binance #cryptocurrency #bitcoin #btc

https://t.co/kqKwx8nLx6",1488171384735948804,2022-03-20 19:38:48+00:00,
24,1505629948438061061,"@bitfinex #Bluesparrow Only one bird loves flying😍🌹

 Let's fly together💵💴💸💸💸💸
@BlueSparrowETH
@BluesparrowC
#BluesparrowCEX
#ETH
#BlueSparrow
#BlueSparrowtoken
#BlueSparrowCommunity
#bitcoin
#BestDrawToken
#Bluesparrowcharity
#Web3
#NFT1",1489657445060329472,2022-03-20 19:38:47+00:00,
25,1505629946135265283,"We just know #XRP will moon #crypto #binance #cryptocurrency #bitcoin #btc

https://t.co/NAOyQ52yGO",979709365648228352,2022-03-20 19:38:47+00:00,
26,1505629943119634440,"RT @kemall4545: @ShibnobiNews #shinja #ShinjaSeason
#DOJOSWAP listing #Token
#Selena_Inu
#flokimusk
#saitanobi
#bobatama
#threeohdao
#YetiC…",1457886028610551815,2022-03-20 19:38:46+00:00,
27,1505629941907566595,"#bitcoin is also forming a ascending triangle since the crash! 
The support has hold EVERY single time and it looks also good in this situation!!
I am very bullish for #btc https://t.co/OYxExGqwjq",1283421596112363527,2022-03-20 19:38:46+00:00,
28,1505629940892504078,"RT @glassnodealerts: 📊 Daily On-Chain Exchange Flow

#Bitcoin $BTC
➡️  $637.3M in
⬅️  $698.6M out
📉 Net flow: -$61.4M

#Ethereum $ETH
➡️  $…",1471132668016402432,2022-03-20 19:38:45+00:00,
29,1505629935356022791,RT @Robert_DogNiro: @kucoincom SEND ALL MEMECOINS #KAWA #bitcoin @kawakami_io,1424199410326687745,2022-03-20 19:38:44+00:00,
30,1505629935079067648,"We just know #XRP will moon #crypto #binance #cryptocurrency #bitcoin #btc

https://t.co/bBBMDYizS5",1150102818809794561,2022-03-20 19:38:44+00:00,
31,1505629934718525448,Wen market buy @stablekwon ? I want my $55555 #bitcoin meme target hit bro!,1505156576356835330,2022-03-20 19:38:44+00:00,
32,1505629932566691841,"Revolotto is much more stable as compared to other coins in market ... i will hold it longer ...it willl surely rise.

#RevolottoArmy #Revolotto #BSC #MewSuppasit #family #NFT #nsfwtwt #America #Ukraine #bitcoin https://t.co/1l5gv7Jhul",1403613833692729347,2022-03-20 19:38:43+00:00,
33,1505629930717122564,"RT @KKi09918980: We are @SpyWolfNetwork and we are here to clean up the crypto space and to make you $$$
 
https://t.co/6UiIEcyIOz is our a…",1501820173153705984,2022-03-20 19:38:43+00:00,
34,1505629930406690817,"RT @HadiHos65287736: #BlueSparrow is a bridge between the stock market and crypto .. You will have both in the Blue Sparrow CEX
#BlueBit  😍…",1485347917988876294,2022-03-20 19:38:43+00:00,
35,1505629929781800971,"XRP Price Prediction: XRP Price To Rechallenge $0.9 Resistance; Buy Time?

https://t.co/2CSiFL05Xp

#cryptocurrency #bitcoin #blockchain #btc #crypto #ethereum #ico #ltc #trading #currency #xrp #eth #cryptocurrencymarket #ripple #altcoins #newcryptocurrency #xmr #litecoin",937403469505466370,2022-03-20 19:38:43+00:00,
36,1505629929672740864,"@BluesparrowC @bitfinex @BlueSparrowETH #BlueSparrow is a bridge between the stock market and crypto .. You will have both in the Blue Sparrow CEX
@BlueSparrowETH
@BluesparrowC
#BluesparrowCEX
#ETH
#BlueSparrow
#BlueSparrowtoken
#BlueSparrowCommunity
#bitcoin
#BestDrawToken
❄💎❄💎🚀❄💎🚀",1459931094158135299,2022-03-20 19:38:43+00:00,
37,1505629926002622471,RT @CometCalls: #bitcoin hits 50k by tomorrow or i delete @cryptogems555 account,1489092805343412224,2022-03-20 19:38:42+00:00,
38,1505629920793292801,"XRP is getting ready to take off to the moon! #altcoin #bitcoin #binance #xrp #ripple

https://t.co/cn4h9YkMtS",1329578875383406592,2022-03-20 19:38:41+00:00,
39,1505629920558428161,"We just know #XRP will moon #crypto #binance #cryptocurrency #bitcoin #btc

https://t.co/qmxL8AzOjD",1445977032408670212,2022-03-20 19:38:40+00:00,
40,1505629917458935814,"RT @HadiHos65287736: #BlueSparrow is a bridge between the stock market and crypto .. You will have both in the Blue Sparrow CEX
#BlueBit  😍…",1485347917988876294,2022-03-20 19:38:40+00:00,
41,1505629913491152898,RT @WatcherGuru: JUST IN: 🇦🇺 Australian government will regulate #Bitcoin &amp; #cryptocurrencies as part of a broader revamp of the country’s…,1364261460680077315,2022-03-20 19:38:39+00:00,
42,1505629908814467076,"RT @MartiniGuyYT: Finally #Bitcoin dipped a MASSIVE $700

Going to buy more 😂",1505214164264005644,2022-03-20 19:38:38+00:00,
43,1505629907866501121,"RT @airdropinspect: New airdrop: Flamingo Casino
Total Reward: 200 NFTs &amp; $2500 pricing pool
Rate:⭐️⭐️⭐️⭐️
Winners: 220 Random
Distribution…",1502314887535603716,2022-03-20 19:38:37+00:00,
44,1505629907480563712,"XRP is getting ready to take off to the moon! #altcoin #bitcoin #binance #xrp #ripple

https://t.co/ZTFH9UWhqQ",1324180506431336448,2022-03-20 19:38:37+00:00,
45,1505629906125819905,"RT @mariiaaa_ch: always be in #bullish with bluesparrow
#ETH
#BlueSparrow
#BlueSparrowtoken
#BlueSparrowCommunity
#BestDrawToken
#Bluesparr…",1323335517270761472,2022-03-20 19:38:37+00:00,
46,1505629904024580103,"RT @HadiHos65287736: #BlueSparrow is a bridge between the stock market and crypto .. You will have both in the Blue Sparrow CEX
#BlueBit  😍…",1485347917988876294,2022-03-20 19:38:37+00:00,
47,1505629902808178698,"RT @Shido_samuraii: 🥳#Rbxs token profitability:
🤑Monthly 4%
🤑 Annually 48%

#RBXS 👉marketing 
🌐https://t.co/spTgOEOmdo

#RBXS #RBX #RBXSamu…",1503478575269388291,2022-03-20 19:38:36+00:00,
48,1505629901243785220,RT @WatcherGuru: JUST IN: 🇦🇺 Australian government will regulate #Bitcoin &amp; #cryptocurrencies as part of a broader revamp of the country’s…,3066025583,2022-03-20 19:38:36+00:00,
49,1505629900954345474,"[NEW] Trust me, you don't want to be the 'crypto guy' your friend group or family. + https://t.co/OEyMNhvqWV #bitcoin #btc #cryptocurrency #crypto #blockchain",1118348077109272577,2022-03-20 19:38:36+00:00,
