,id,text,author_id,created_at,geo
0,1505391373976956929,"This is the joint effort of every investor in our community, #BabyDoge  is at the top of every list, and we want more people to like it.#memecoin #BabyDogeCoin #BabyDogeArmy #BabyDogeCoin· #BabyDogeNFT #cryptocurrecy #bitcoin https://t.co/rM07oWgNUc",1463569800601296900,2022-03-20 03:50:47+00:00,
1,1505391371183529984,"RT @AirdropStario: 💧 MedusaZone Airdrop 💧

🏆 Task:          ➕  Up to 30 AMEDU (~$36)

👨‍👩‍👧 Referral:   ➕  10 AMEDU (~$12)

🔛 Airdrop Link…",1297398460451180544,2022-03-20 03:50:46+00:00,
2,1505391370449522688,"RT @AirdropStario: 💧 Bee-Trade Finance Airdrop 💧

📍 Audited by: CertiK

🏆 Task:          ➕  Up to 36 BTF (~$51,48)

👨‍👩‍👧 Referral:   ➕  5…",69772468,2022-03-20 03:50:46+00:00,
3,1505391369417756674,RT @ELONTHEBORING: $89 Million Dollars worth $SHIB just purchased 3.7 trillion tokens… #bitcoin THIS THING IS GONNA BLOW! #Ethereum #BTC #B…,1491436465758228480,2022-03-20 03:50:45+00:00,
4,1505391368889274371,The strongest bullish signal flashed for #XRP #bitcoin #btc #ethereum #eth https://t.co/SpvA6I0esf,1086215173231263745,2022-03-20 03:50:45+00:00,
5,1505391368436334595,"XRP is getting ready to take off to the moon! #altcoin #bitcoin #binance #xrp #ripple

https://t.co/n15JqgttdW",2565181352,2022-03-20 03:50:45+00:00,
6,1505391367547199489,XRP is getting ready to take off to the moon! #altcoin #bitcoin #binance #xrp #ripple https://t.co/cVFA08XTtY,3887736987,2022-03-20 03:50:45+00:00,
7,1505391363461988353,We just know #XRP will moon #crypto #binance #cryptocurrency #bitcoin #btc https://t.co/5SKqD4LhE7,1364565032269398016,2022-03-20 03:50:44+00:00,
8,1505391358881968133,"RT @AirdropStario: 💧 SafeWallet Airdrop 💧

🏆 Task:        ➕ 175 SLT (~$3.5) for 1000 random participants

👨‍👩‍👧 Referral: ➕ 30,000 SLT (~$6…",1465901281713741828,2022-03-20 03:50:43+00:00,
9,1505391358852628481,"good project

#FlagNetwork #cryptocurrency #Bitcoin #NFTs #IDO #Airdrop #Whitelist #NFT #P2P https://t.co/JXqDQ0mTZz",1167882966036467713,2022-03-20 03:50:43+00:00,
10,1505391356285534213,Get IN now don't be LATE #xrp #binance #cryptocurrency #bitcoin https://t.co/rceY9pWvWO,3072343345,2022-03-20 03:50:42+00:00,
11,1505391356063227905,"RT @binance: 💰 $10,000 giveaway 💰
 
Post your #BitcoinButton result to enter!
 
Rules:
🔸 Retweet this post
🔸 Follow @Binance
🔸 Play #Bitcoi…",1188525546893959173,2022-03-20 03:50:42+00:00,
12,1505391351998808066,The strongest bullish signal flashed for #XRP #bitcoin #btc #ethereum #eth https://t.co/p4k3mZ0xuh,1425008858481713155,2022-03-20 03:50:41+00:00,
13,1505391350958546946,"RT @PotatoCoinSPL: 25B Potato giveaway

Potato will surprise you all with what we are about to announce.

Like, Retweet and Tag 3 friends t…",1277106853793525761,2022-03-20 03:50:41+00:00,
14,1505391347800313858,"RT @AirdropStario: 💧 ABI GALAVERSE Airdrop 💧

🏆 Task:         ➕ 20 ABI for 1500 random participants each.

👨‍👩‍👧 Referral:   ➕ 70,000 ABI f…",1485717483248295936,2022-03-20 03:50:40+00:00,
15,1505391341982806020,We just know #XRP will moon #crypto #binance #cryptocurrency #bitcoin #btc https://t.co/ZJCoszwDLJ,1374595025024118788,2022-03-20 03:50:39+00:00,
16,1505391340158287880,"RT @AirdropDet: 🔍 New #Airdrop: YupVerse

💲 Reward: Up to 10M YuP (~$5) + 2M YuP (~$1,000) referral pool

🔴 Start the airdrop bot https://t…",1479475714554351616,2022-03-20 03:50:38+00:00,
17,1505391338669412355,XRP is getting ready to take off to the moon! #altcoin #bitcoin #binance #xrp #ripple https://t.co/0l7eiCHiDW,1086215173231263745,2022-03-20 03:50:38+00:00,
18,1505391335930425345,"n Japan, #XRP is religion. I love it! All works! #eth #ethereum #binance #bitcoin btc #ripple #crypto #cryptocurrency

https://t.co/oB96N2TKRc",4556744129,2022-03-20 03:50:37+00:00,
19,1505391335133655041,"@NFTLuffy #shinja #ShinjaSeason
#DubaiExpo2022
#DubaiCryptoExpo

#DOJOSWAP listing #Token
#Selena_Inu
#flokimusk
#saitanobi
#bobatama
#threeohdao
#YetiCoin
#kuonotori
#planataso
#shiba #Ceek #mana #raca #xrp
#altcoin #AVAX #dogecoin
#BabyDoge #GALA
@cz_binance @elonmusk #Bitcoin #ethereum https://t.co/c3WF7QbtSI",4474070421,2022-03-20 03:50:37+00:00,
20,1505391333875224577,RT @NeilJacobs: Looks like the bitcoin conference website hasn’t been updated for the price increase that was suppose to take place last ni…,211004151,2022-03-20 03:50:37+00:00,
21,1505391331400888320,"RT @AirdropStario: 💧 Hero Arena Airdrop 💧

📍 Listed on: CoinMarketCap, PancakeSwap

🏆 Task: ➕  100 HERA (~$4) for 3000 random participants…",1403201084340854784,2022-03-20 03:50:36+00:00,
22,1505391329857187840,"@BluesparrowC @bitfinex @BlueSparrowETH #BlueSparrow is a bridge between the stock market and crypto .. You will have both in the Blue Sparrow CEX
@BlueSparrowETH
@BluesparrowC
#BluesparrowCEX
#ETH
#BlueSparrow
#BlueSparrowtoken
#BlueSparrowCommunity
#bitcoin
#BestDrawToken
#Bluesparrowcharity
#Web3
#NFTCollection https://t.co/eIQQGpO0bv",1475581054752894978,2022-03-20 03:50:36+00:00,
23,1505391326736519169,"RT @Bana43212: @altcryptocom Project what we all was waiting for 💎💎🚀🚀👀🚀💎💎
#BOBAMASK #BOBATAMA
#BOBATAMA1000x

@elonmusk
#ETH #Bitcoin  #nft…",1452737112839639041,2022-03-20 03:50:35+00:00,
24,1505391321955119105,@jennifershortt @Mystical_NFTS https://t.co/klZr2aClRU Download and sign up for Earnapp and earn cash for the data you are already using! use my link to start earning today! #BTC #ETH #bitcoin #Ethereum #cryptocurrency  #Crypto #dogecoin  #NFTCommumity #NFT #money #NFTs,1435246097438584835,2022-03-20 03:50:34+00:00,
25,1505391320189345792,"@satyaparadox Reading one of Knut’s books (can’t remember which one…Sovereignty through mathematics? 😅), the idea that #Bitcoin is the only provably absolutely scarce money and all other cryptos are just copies and therefore not absolutely scarce. Instantly orange pilled once it clicked!",1381699484988637194,2022-03-20 03:50:34+00:00,
26,1505391319849574401,RT @mikealfred: The only reckless and irresponsible allocation to #Bitcoin is 0%,1490050545758969857,2022-03-20 03:50:34+00:00,
27,1505391318276714498,The strongest bullish signal flashed for #XRP #bitcoin #btc #ethereum #eth https://t.co/bymJEEgvaa,1212321875377836032,2022-03-20 03:50:33+00:00,
28,1505391317110910978,"RT @HawkBlaze_: What is #APECOIN ? The #Cryptocurrency Behind #BoredApeYachtClub #NFTs 
$BTC  $ETH
https://t.co/MD4ZsJ53IR
#Bitcoin #Ethere…",1438695640096067584,2022-03-20 03:50:33+00:00,
29,1505391313696571398,XRP is getting ready to take off to the moon! #altcoin #bitcoin #binance #xrp #ripple https://t.co/cJ8VGsPO9S,1432645558938869761,2022-03-20 03:50:32+00:00,
30,1505391305974767616,"@ThinkingBitmex #Bitcoin continues to operate exactly as designed,all without a leader or asking for anyone's permission. 
#Bitcoin is on the cusp of a new macro uptrend right now

I’ve been following @All_Time_Highfx  tweets and predictions seriously and I’ve been trading and earning with her",1429098822,2022-03-20 03:50:30+00:00,
31,1505391301868539906,"@Texan_Shinja #shinja #ShinjaSeason
#DubaiExpo2022
#DubaiCryptoExpo

#DOJOSWAP listing #Token
#Selena_Inu
#flokimusk
#saitanobi
#bobatama
#threeohdao
#YetiCoin
#kuonotori
#planataso
#shiba #Ceek #mana #raca #xrp
#altcoin #AVAX #dogecoin
#BabyDoge #GALA
@cz_binance @elonmusk #Bitcoin #ethereum https://t.co/LIt0s2QAHd",4474070421,2022-03-20 03:50:29+00:00,
32,1505391299318657026,Every Bitcoin helps: Crypto-fueled relief aid for Ukraine | #Bitcoin https://t.co/IY7yfCKqto via @cointelegraph,1089170315018551298,2022-03-20 03:50:29+00:00,
33,1505391298156630017,RT @TheBestBangs: Send #Bitcoin https://t.co/WcsHOBysOu,1387255810053472260,2022-03-20 03:50:28+00:00,
34,1505391295375757323,"RT @AirdropStario: 💧 SafeWallet Airdrop 💧

🏆 Task:        ➕ 175 SLT (~$3.5) for 1000 random participants

👨‍👩‍👧 Referral: ➕ 30,000 SLT (~$6…",1478318250358456321,2022-03-20 03:50:28+00:00,
35,1505391294650142722,We just know #XRP will moon #crypto #binance #cryptocurrency #bitcoin #btc https://t.co/guyTa7jSvE,1047194862641184768,2022-03-20 03:50:28+00:00,
36,1505391294096736260,"RT @Revolotto: 🏏World's Dangerous Cricketer
Greatest Batsman of All-time in Cricket

🌎Universe Boss - Chris Gayle extending his support and…",1492094789873205256,2022-03-20 03:50:27+00:00,
37,1505391292917944321,"RT @crypto60sec: Breaking: DBS Bank CEO: Bitcoin on the same level as gold #Bitcoin 

https://t.co/bztr1Z8EZL",1348168524339011589,2022-03-20 03:50:27+00:00,
38,1505391287859568640,"RT @Xposed: When Tom Brady wins another Super Bowl this year I’ll give 20 people who retweet this and are following me @xposed $1000. 

$20…",92783870,2022-03-20 03:50:26+00:00,
39,1505391283669372932,We just know #XRP will moon #crypto #binance #cryptocurrency #bitcoin #btc https://t.co/HsFdOhhMmd,723931179632599040,2022-03-20 03:50:25+00:00,
40,1505391281618374656,"@flagnetwork_NFT #FlagNetwork #IDO #cryptocurrency #Bitcoin #NFTs

good",1490348557433737221,2022-03-20 03:50:25+00:00,
41,1505391278296428547,"RT @cub_ietz: @75_ggwp @shillerqueen11 @sekuyaofficial 1. Buy #SKUY #SEKUYA @sekuyaofficial 
2. Hodl enjoy reflection + autoburn
3. Repeat…",1500505763042988032,2022-03-20 03:50:24+00:00,
42,1505391272894205954,"RT @AirdropStario: 💧 Bee-Trade Finance Airdrop 💧

📍 Audited by: CertiK

🏆 Task:          ➕  Up to 36 BTF (~$51,48)

👨‍👩‍👧 Referral:   ➕  5…",1422498977274990600,2022-03-20 03:50:22+00:00,
43,1505391271577210880,#Bitcoin will often test your patience. #Crypto trading is often a game of patience: Both within an active trade or waiting for a trade. Just remember to breathe in through your nose and out through your mouth. Practice proper risk management. NEVER FOMO. It will be alright. #BTC,1492652254133772293,2022-03-20 03:50:22+00:00,
44,1505391269781987329,"RT @cub_ietz: @Xensa8 @CryptoGemsCom @sekuyaofficial 1. Buy #SKUY #SEKUYA @sekuyaofficial 
2. Hodl enjoy reflection + autoburn
3. Repeat

#…",1500505763042988032,2022-03-20 03:50:22+00:00,
45,1505391269618593796,The strongest bullish signal flashed for #XRP #bitcoin #btc #ethereum #eth https://t.co/XGKr5qI03j,3919854614,2022-03-20 03:50:22+00:00,
46,1505391268930670595,"RT @MeongToken: 🚨🚨GIVEAWAY ALERT!!🚨🚨

#Giveaway #GiveawayNFT #giveawaytoken #giveawaycoin #giveawaynft #Giveaways #bitcoin #crypto #meong #…",1304413092915281920,2022-03-20 03:50:21+00:00,
47,1505391268922241028,"In Japan, #XRP is religion. I love it! All works! #eth #ethereum #binance #bitcoin btc #ripple #crypto #cryptocurrency https://t.co/YapfJozX5I",1204118868328960000,2022-03-20 03:50:21+00:00,
48,1505391264463794178,RT @corndalorian: I'm buying more #bitcoin https://t.co/jI7lSvyI0s,1135701223,2022-03-20 03:50:20+00:00,
49,1505391264136638464,"RT @mikemcglone11: Facing the #FederalReserve, inflation and war, 2022 may be primed for risk-asset reversion and mark another milestone in…",859792305045241858,2022-03-20 03:50:20+00:00,
