,id,text,author_id,created_at,geo
0,1505361178788249611,"RT @AirdropStario: 💧 SetSpaceToken Airdrop 💧

🏆 Task:          ➕  Up to 25 Billion SST

👨‍👩‍👧 Referral:   ➕  2.5 Billion SST

🔛 Airdrop Lin…",1337795015272263681,2022-03-20 01:50:47+00:00,
1,1505361177869791234,RT @rovercrc: Owning 1 #Bitcoin will be life-changing.,1034332325730050048,2022-03-20 01:50:47+00:00,
2,1505361176322273282,"RT @Revolotto: 🏏World's Dangerous Cricketer
Greatest Batsman of All-time in Cricket

🌎Universe Boss - Chris Gayle extending his support and…",1461622541668126725,2022-03-20 01:50:47+00:00,
3,1505361175906697223,"XRP is getting ready to take off to the moon! #altcoin #bitcoin #binance #xrp #ripple

https://t.co/G1Hc2NDg0z",968363168249581568,2022-03-20 01:50:47+00:00,
4,1505361170105995265,"Bitcoin could crush Russian ruble by rising another 140%, classic technical setup suggests
Russian central bank imposes stricter capital controls on its citizens, including a ban on using rubles to buy the U.S. dollar.
#bitcoin #Cryptos #capital  #earning #Russian #Ukraine",1428437796251918347,2022-03-20 01:50:45+00:00,
5,1505361167438565377,"RT @Coinsquare: 🍀 GIVEAWAY ALERT🍀
Happy #StPatricksDay!! To celebrate, we'll be choosing one lucky winner to win $1000 in #Bitcoin. Feeling…",1415370376255836167,2022-03-20 01:50:45+00:00,
6,1505361166515970050,"RT @Revolotto: 🏏World's Dangerous Cricketer
Greatest Batsman of All-time in Cricket

🌎Universe Boss - Chris Gayle extending his support and…",1477505689400463362,2022-03-20 01:50:45+00:00,
7,1505361163558658053,"RT @Revolotto: 🏏World's Dangerous Cricketer
Greatest Batsman of All-time in Cricket

🌎Universe Boss - Chris Gayle extending his support and…",820599029738278912,2022-03-20 01:50:44+00:00,
8,1505361162073870336,"n Japan, #XRP is religion. I love it! All works! #eth #ethereum #binance #bitcoin btc #ripple #crypto #cryptocurrency

https://t.co/ry7Y7BgDJ9",1223467341880680449,2022-03-20 01:50:43+00:00,
9,1505361160224194565,"We just know #XRP will moon #crypto #binance #cryptocurrency #bitcoin #btc

https://t.co/Ddn15MTtHf",1308464378770006017,2022-03-20 01:50:43+00:00,
10,1505361155929169920,The strongest bullish signal flashed for #XRP #bitcoin #btc #ethereum #eth https://t.co/QjOoGlkfuN,975109876711075840,2022-03-20 01:50:42+00:00,
11,1505361155472166913,RT @WatcherGuru: JUST IN: 🇺🇸 U.S. Congressman Pete Sessions says Texas will be the #Bitcoin capital.,472363827,2022-03-20 01:50:42+00:00,
12,1505361152645079043,"In Japan, #XRP is religion. I love it! All works! #eth #ethereum #binance #bitcoin btc #ripple #crypto #cryptocurrency https://t.co/pKKxBHIdKh",919622031905304576,2022-03-20 01:50:41+00:00,
13,1505361152519585792,#DeFi #TeleFy #DEX #cryptocurrency #Ethereum #BinanceSmartChain #Bitcoin #Airdrop #polkadot #MATIC #Polygon $TELE #Cardano #Ethereum https://t.co/Vj00uXOc70,937209114727399424,2022-03-20 01:50:41+00:00,
14,1505361152137646081,The strongest bullish signal flashed for #XRP #bitcoin #btc #ethereum #eth https://t.co/NIaFBA8MIB,1324963152174313473,2022-03-20 01:50:41+00:00,
15,1505361150174588928,The strongest bullish signal flashed for #XRP #bitcoin #btc #ethereum #eth https://t.co/u8JHrtVuJd,1480588630972321794,2022-03-20 01:50:41+00:00,
16,1505361150107660290,Get IN now don't be LATE #xrp #binance #cryptocurrency #bitcoin https://t.co/74HKs9EBif,960574978998534144,2022-03-20 01:50:41+00:00,
17,1505361148425777158,RT @Ismaelbitcoiner: A normal saturday at the #Bitcoin  beach https://t.co/EJMD704ceX,395681433,2022-03-20 01:50:40+00:00,
18,1505361144961134594,"RT @GiveawayInspect: New Giveaway: Retoken (USDT)
Total Reward: 2,000 USDT
Rate: ⭐️⭐️⭐️⭐️
Winners: 700 Random &amp; Top 50
Distribution: within…",2979972303,2022-03-20 01:50:39+00:00,
19,1505361144588169226,"RT @airdropinspect: New airdrop: Skygard Game
Total Reward: 1100 NFTs
Rate: ⭐️⭐️⭐️⭐️
Winners: 1,000 Random &amp; 100 Top
Distribution: within 1…",1394239899881017344,2022-03-20 01:50:39+00:00,
20,1505361143518625796,"RT @Trader4lyf: We buy when others cry

We sell when many are caught up under the Bubble’s spell

#Crypto #Bitcoin #1000xGems",1496132018123722755,2022-03-20 01:50:39+00:00,
21,1505361143505719297,Follow @DankoSnipes One of the most loyal friends you’ll @ake on #cryptotwitter #Bitcoin https://t.co/3eawWKbYm2,1454597450816102408,2022-03-20 01:50:39+00:00,
22,1505361140263575559,"RT @AirdropStario: 💧 RPGC Airdrop 💧

🏆 Task:         ➕  $8 worth of RPGC for 2000 random participants each.

👨‍👩‍👧 Referral:  ➕  $40 worth…",1432237067141009412,2022-03-20 01:50:38+00:00,
23,1505361139940888576,"RT @AirdropDet: 🔍 New #Airdrop: YupVerse

💲 Reward: Up to 10M YuP (~$5) + 2M YuP (~$1,000) referral pool

🔴 Start the airdrop bot https://t…",1499245167038980097,2022-03-20 01:50:38+00:00,
24,1505361138082410496,RT @DocumentingBTC: The hash rate of America #bitcoin mining companies shows a diverse and growing competition of energy innovation ⚡️ http…,1346534293,2022-03-20 01:50:38+00:00,
25,1505361137650798593,"RT @airdropinspect: New airdrop: Prizefighter (RING)
Total Reward: $5,000 worth of RING
Rate: ⭐️⭐️⭐️⭐️
Winners: 1,000 Random &amp; Top 100
Dist…",1498185977667686400,2022-03-20 01:50:38+00:00,
26,1505361135326818305,"RT @tradeiseveryone: 🎉10 #AVAX  Giveaway to Celebrate $BTC 42K
🎁1 #AVAX  to 10 People, Winners Will Be Announced in 96 Hours

1) Follow @tr…",1499433833464475649,2022-03-20 01:50:37+00:00,
27,1505361134332923906,"@AirdropStario Nice project and congratulations to the team for their efforts and dedication and highly appreciated the visionary thought of the projector and it will create history
@daffa_arridzky
 
@Kenzi025
 
@alfi77019319
#cryptocurrency #Airdrop #BSC #Bitcoin #USDT #RPGC #Airdropstario",1432237067141009412,2022-03-20 01:50:37+00:00,
28,1505361132105900032,"RT @RichardHeartWin: Only 26 days until the 1 year anniversary of me calling the #Bitcoin top on the day, in profit every single day but 1.…",700484385842180097,2022-03-20 01:50:36+00:00,
29,1505361130231066624,"RT @GiveawayInspect: New Giveaway: Retoken (USDT)
Total Reward: 2,000 USDT
Rate: ⭐️⭐️⭐️⭐️
Winners: 700 Random &amp; Top 50
Distribution: within…",1500782538029428743,2022-03-20 01:50:36+00:00,
30,1505361128272154624,"RT @AirdropDet: 🔍 New #Airdrop: Goldfingr

💲 Reward: Up to 150 GFT (~$9) + 33,300 GFT (~$2K) referral pool

🔴 Start the airdrop bot https:/…",1489196158815813642,2022-03-20 01:50:35+00:00,
31,1505361126871412736,El Salvador's Bitcoin Bond Offering Delayed. #bitcoin,1301795070,2022-03-20 01:50:35+00:00,
32,1505361124019286016,"RT @airdropinspect: New airdrop: Prizefighter (RING)
Total Reward: $5,000 worth of RING
Rate: ⭐️⭐️⭐️⭐️
Winners: 1,000 Random &amp; Top 100
Dist…",1363189128905379843,2022-03-20 01:50:34+00:00,
33,1505361123285123073,"RT @rovercrc: WARNING⚠️ IF #BITCOIN BREAKS $42,500 WE WILL GO PARABOLIC!!",572913682,2022-03-20 01:50:34+00:00,
34,1505361122811322369,#DeFi #TeleFy #DEX #cryptocurrency #Ethereum #BinanceSmartChain #Bitcoin #Airdrop #polkadot #MATIC #Polygon $TELE #Cardano #Ethereum https://t.co/id5tlh3dQU,937209114727399424,2022-03-20 01:50:34+00:00,
35,1505361122387542017,"RT @ashwsbreal: #Bitcoin hits  $42,000",2913786846,2022-03-20 01:50:34+00:00,
36,1505361120692826116,We just know #XRP will moon #crypto #binance #cryptocurrency #bitcoin #btc https://t.co/EJMJsSyHu3,988770714,2022-03-20 01:50:34+00:00,
37,1505361120491872258,"RT @PasinoCom: Play your favorite Casino games with #Ethereum on https://t.co/YXrRw5ppZV!

$100 Giveaway drawing tomorrow!
✅Like👍 &amp; Follow…",1196100010829418496,2022-03-20 01:50:34+00:00,
38,1505361119963197450,"Nice project and congratulations to the team for their efforts and dedication and highly appreciated the visionary thought of the projector and it will create history
@daffa_arridzky
 
@Kenzi025
 
@alfi77019319
#cryptocurrency #Airdrop #BSC #Bitcoin #USDT #RPGC #Airdropstario https://t.co/iBE70uGRXE",1432237067141009412,2022-03-20 01:50:33+00:00,
39,1505361119506046976,We just know #XRP will moon #crypto #binance #cryptocurrency #bitcoin #btc https://t.co/ucNBH4L8Ar,1455866439873679365,2022-03-20 01:50:33+00:00,
40,1505361114107764742,XRP is getting ready to take off to the moon! #altcoin #bitcoin #binance #xrp #ripple https://t.co/pLUvvWY9ca,3896914634,2022-03-20 01:50:32+00:00,
41,1505361112157814786,"RT @AirdropDet: 🔍 New #Airdrop: Goldfingr

💲 Reward: Up to 150 GFT (~$9) + 33,300 GFT (~$2K) referral pool

🔴 Start the airdrop bot https:/…",1499245167038980097,2022-03-20 01:50:32+00:00,
42,1505361111796826116,"RT @the_bitcoin_bum: Yo @jackmallers! 

We just sent a #Bitcoin payment to my @Strike account via the microchip I implanted into my own han…",970379892260003841,2022-03-20 01:50:31+00:00,
43,1505361111474147330,"XRP is getting ready to take off to the moon! #altcoin #bitcoin #binance #xrp #ripple

https://t.co/Xe0G15LgsU",2504849543,2022-03-20 01:50:31+00:00,
44,1505361111390232576,"RT @Revolotto: 🏏World's Dangerous Cricketer
Greatest Batsman of All-time in Cricket

🌎Universe Boss - Chris Gayle extending his support and…",1496458845509795842,2022-03-20 01:50:31+00:00,
45,1505361106684223493,"RT @Trader4lyf: I can feel #Crypto Mania Phase, it’s coming

Let’s try defocus away from all the war hype. Most of that is fake news meant…",1496132018123722755,2022-03-20 01:50:30+00:00,
46,1505361104079306752,"RT @Bybit_Official: Dear #Bitcoin, _____________.",1468838513433006083,2022-03-20 01:50:30+00:00,
47,1505361102028255233,We just know #XRP will moon #crypto #binance #cryptocurrency #bitcoin #btc https://t.co/2C5Zo9K0Qx,753258183947268098,2022-03-20 01:50:29+00:00,
48,1505361100807839747,Get IN now don't be LATE #xrp #binance #cryptocurrency #bitcoin https://t.co/BVHttmIAS9,1348736687967449090,2022-03-20 01:50:29+00:00,
49,1505361100153389056,"We just know #XRP will moon #crypto #binance #cryptocurrency #bitcoin #btc

https://t.co/x3pIHCgHjh",721710047735119875,2022-03-20 01:50:29+00:00,
