,id,text,author_id,created_at,geo
0,1505555255634927617,"@Jonatha86858120 @ConnectorCoin ➡️ @CONNECTORCOIN ⬅️
Good Project 👌👌👌
#crypto #bitcoin 
#CONNECTORCOIN 
#ctco $bnb $bsc 
$ctco #bnb 
@Rocket__crypto
🎗 @Akon 🎗
📎F.B
https://t.co/N5w3TY2eHx 😎🙏🏼🦾🥰 https://t.co/d0Ys2rXzDA https://t.co/woFFVcMB64",1493843340713988099,2022-03-20 14:41:59+00:00,
1,1505555254733115393,"@NftHypersX Check out my NFT listing on OpenSea! 
NEW!!!! 🚀🔥⚡️
https://t.co/CYJTBIzgRJ  
@opensea

#opensea #openseanfts  #OpenSeaPolygon  #BTC  #blockchain #polygon_nft #NFT #NFTs  #NFTCollection #Bitcoin #NFTartist #ElonMusk #Dogecoins #Ethereum #trading #BitcoinButton #OpenSeaMarket",1384905840868663298,2022-03-20 14:41:59+00:00,
2,1505555252501975045,"RT @AirdropDet: 🔍 New #Airdrop: YupVerse

💲 Reward: Up to 10M YuP (~$5) + 2M YuP (~$1,000) referral pool

🔴 Start the airdrop bot https://t…",1394217268368736256,2022-03-20 14:41:58+00:00,
3,1505555250094108673,"RT @AirdropStario: 💧 CryptoZerofi Airdrop 💧

🏆 Task:          ➕ 22,000 USDT » Total reward pool.

🔛 Airdrop Link &amp; Information: https://t.c…",1475899640159502339,2022-03-20 14:41:58+00:00,
4,1505555249645469697,"RT @Ido_Cherry: @gate_io $IDO  @ido_meta  is deflationary and has a complete ecology #BNB 
#GameFi #P2E 
#Crypto
👉 $IDO is only 21 million…",1472031067116736512,2022-03-20 14:41:58+00:00,
5,1505555248680779778,"RT @airdropinspect: New airdrop: Flamingo Casino
Total Reward: 200 NFTs &amp; $2500 pricing pool
Rate:⭐️⭐️⭐️⭐️
Winners: 220 Random
Distribution…",1483477786123722752,2022-03-20 14:41:57+00:00,
6,1505555248395747328,RT @Bitboy_Crypto: $BTC just passed $42k. Some people say #Bitcoin is now more important than the meaning of life.,1158045511,2022-03-20 14:41:57+00:00,
7,1505555247955013632,"XRP is getting ready to take off to the moon! #altcoin #bitcoin #binance #xrp #ripple

https://t.co/mkRkiRenjK",1338775436965281795,2022-03-20 14:41:57+00:00,
8,1505555242791931909,"RT @MoonKing___: Getting a loan on @tribeonedefi #dApp couldn't be easier:

💰 Connect your MetaMask wallet 
💸 Set the LTV ratio 
💎Set payme…",1502255237314322447,2022-03-20 14:41:56+00:00,
9,1505555242200764418,"RT @AirdropStario: 💧 CryptoZerofi Airdrop 💧

🏆 Task:          ➕ 22,000 USDT » Total reward pool.

🔛 Airdrop Link &amp; Information: https://t.c…",1051265689766387714,2022-03-20 14:41:56+00:00,
10,1505555241546051589,"RT @airdropinspect: New airdrop: Prizefighter (RING)
Total Reward: $5,000 worth of RING
Rate: ⭐️⭐️⭐️⭐️
Winners: 1,000 Random &amp; Top 100
Dist…",1443844108376702979,2022-03-20 14:41:56+00:00,
11,1505555238161424391,"RT @SignalLTC: Retweet ‼️

Like, Subscribe And Comment Why You Love #Volt ⚡️ Inu And Make Sure You Send Me Your wallet address. Congrats In…",1429125576250601486,2022-03-20 14:41:55+00:00,
12,1505555237767102464,"RT @ProjectsIco: What is next leg up for #Bitcoin 

#Crypto #BTC #BTCUSDT #cryptocurrency",900827163565412354,2022-03-20 14:41:55+00:00,
13,1505555236269674501,"RT @TheCryptoLaunch: 💥The Crypto Launchpad Giveaway💥

🏆 Task: Up to $50 worth of TCL Partners' Tokens.

👨‍👩‍👧 Referral: $25 worth of TCL Pa…",1404423239766474757,2022-03-20 14:41:54+00:00,
14,1505555235262984196,"RT @AirdropStario: 💧 SafeWallet Airdrop 💧

🏆 Task:        ➕ 175 SLT (~$3.5) for 1000 random participants

👨‍👩‍👧 Referral: ➕ 30,000 SLT (~$6…",1483693526139699200,2022-03-20 14:41:54+00:00,
15,1505555233745018884,RT @Meta_UFO: #bitcoin and #MetaUFO have no inflation.,1497589992218308609,2022-03-20 14:41:54+00:00,
16,1505555233275281409,RT @Excesscoins: INVEST WITH EXCESS COINS....#Excesscoins #Bitcoin https://t.co/wyWUgRsVuc,1503722788657704962,2022-03-20 14:41:54+00:00,
17,1505555231190712320,"We just know #XRP will moon #crypto #binance #cryptocurrency #bitcoin #btc

https://t.co/FiTcwiYrm3",1282389146741420033,2022-03-20 14:41:53+00:00,
18,1505555230213042182,"RT @AirdropAchiever: New Airdrop: ABI Galaverse
Value: 100,000 ABI
Referral: Top 3 highest rewards
Winners: Top 2,500 
End Date: 26th March…",1504029246141861888,2022-03-20 14:41:53+00:00,
19,1505555225633263620,"RT @p2ePrizeFighter: Our Awesome Female Boxers are ready!

More information will be released soon.
#nft #nftart #art #digitalart #nfts #nft…",1501025463120318464,2022-03-20 14:41:52+00:00,
20,1505555223812714503,"RT @MoonKing___: When you see a project with so many partnerships as $UNO 🤝🏻🤝🏻 you know it's going to be HUGE 🚀🚀

#Crypto #cryptocurrencies…",1502255237314322447,2022-03-20 14:41:51+00:00,
21,1505555223213142016,"@Valerstudios The vision of this project is very interesting. Kudos to all the devs and creators fo hardwork and effor benefits of all.  
#Valerstudios #VLR #blockchain #cryptocurrency #technology #bitcoin #money #crypto #Binance #BNB #cryptocurrencies #fintech
@Valerstudios",1434882566671134721,2022-03-20 14:41:51+00:00,
22,1505555220226580484,"RT @saylor: If you don't understand money, you won't understand #bitcoin.",1501374588508381189,2022-03-20 14:41:51+00:00,
23,1505555218838212616,"RT @saylor: If you don't understand money, you won't understand #bitcoin.",1017044893598932997,2022-03-20 14:41:50+00:00,
24,1505555218695606280,"RT @stacyherbert: Fiat vs #Bitcoin 

🐶🐕 https://t.co/Z0PtcKymbm",998379087235252225,2022-03-20 14:41:50+00:00,
25,1505555218666500098,"RT @AirdropAchiever: New Whitelist: STMAN × FamCentral
Allocation: ≤ 30 BUSD (TBA)
Winners: All Participants
End Date: 22nd March, 2022

🔗…",1468178636209471490,2022-03-20 14:41:50+00:00,
26,1505555218305626114,"RT @AirdropStario: 💧 CryptoZerofi Airdrop 💧

🏆 Task:          ➕ 22,000 USDT » Total reward pool.

🔛 Airdrop Link &amp; Information: https://t.c…",1443643411672834058,2022-03-20 14:41:50+00:00,
27,1505555217277849604,"RT @AirdropDet: 🔍 New #Airdrop: Elite Cash

🏆 Total Airdrop Pool: 140,000 ELC [~$49,000]

🔴 Start the airdrop bot https://t.co/geX2YRhj5n…",1413922574656937984,2022-03-20 14:41:50+00:00,
28,1505555215126306816,"@waa1006 Official launch in a month
#NFT #NFTs #NFTGiveaway #NFTCommunity #NFTCollection #NFTdrop #NFTartist #NFTProject #APECOIN #ETH #OpenSeaNFT #Bitcoin #NFTLaunch https://t.co/MgI2avDuqE",1491839485402882050,2022-03-20 14:41:49+00:00,
29,1505555214375731200,"Good air drop! 
 #FlagNetwork  #cryptocurrency #Bitcoin  #StandWithUkraine https://t.co/b460WRgbvJ",1400473301588144131,2022-03-20 14:41:49+00:00,
30,1505555214245371904,"RT @AirdropStario: 💧 Bee-Trade Finance Airdrop 💧

📍 Audited by: CertiK

🏆 Task:          ➕  Up to 36 BTF (~$51,48)

👨‍👩‍👧 Referral:   ➕  5…",1450711885490233349,2022-03-20 14:41:49+00:00,
31,1505555214161813508,"RT @AirdropStario: 💧 MedusaZone Airdrop 💧

🏆 Task:          ➕  Up to 30 AMEDU (~$36)

👨‍👩‍👧 Referral:   ➕  10 AMEDU (~$12)

🔛 Airdrop Link…",1486729772982239237,2022-03-20 14:41:49+00:00,
32,1505555213100679171,"RT @Mercury_Tools: 📣 Airdrop is live!

🏆 Reward for Tasks: $5 worth of MERCURY for 1800 random participants each.

👨‍👩‍👧 Referral Reward: $…",1453196500842938374,2022-03-20 14:41:49+00:00,
33,1505555212878200839,I play and get Cashback! 🤑 The more you play on @betfury - the higher Rank and Cashback amount you will get! My Username: User314888 #betfurysuccess #bitcoin #staking,1379402981234331649,2022-03-20 14:41:49+00:00,
34,1505555211943051265,"RT @AirdropStario: 💧 CRAT Airdrop 💧

🏆 Task:         ➕  $50 worth of CRAT for 1000 random participants each

👨‍👩‍👧 Referral:  ➕  $100 worth…",1440275555648094218,2022-03-20 14:41:49+00:00,
35,1505555211078836226,"RT @AirdropDet: 🔍 New #Airdrop: YupVerse

💲 Reward: Up to 10M YuP (~$5) + 2M YuP (~$1,000) referral pool

🔴 Start the airdrop bot https://t…",525532223,2022-03-20 14:41:48+00:00,
36,1505555211062071303,"RT @LizaFlux: Be dedicated to your work, and you will definitely succeed ❤️ $Flux / @RunOnFlux ❤️
#defi #web30 #WEB3 #CloudComputing #block…",4839215822,2022-03-20 14:41:48+00:00,
37,1505555210588270594,"RT @airdropinspect: New airdrop: Prizefighter (RING)
Total Reward: $5,000 worth of RING
Rate: ⭐️⭐️⭐️⭐️
Winners: 1,000 Random &amp; Top 100
Dist…",1019986915267829761,2022-03-20 14:41:48+00:00,
38,1505555210252734469,"RT @airdropinspect: New airdrop: Ubiquity DAO (USDT)
Total Reward: 2,500 USDT
Rate: ⭐️⭐️⭐️⭐️
Winners: 1,000 Random &amp; Top 100
Distribution:…",1446356149360463879,2022-03-20 14:41:48+00:00,
39,1505555210248327173,"RT @MoonKing___: Currently you can find $FKX @fortknoxster on KuCoin, Changelly PRO &amp; Uniswap 🔥🧨

Buy your bag before it explodes! 💣🌋

 #FX…",1502255237314322447,2022-03-20 14:41:48+00:00,
40,1505555210239946756,"RT @saylor: If you don't understand money, you won't understand #bitcoin.",1355362888085614594,2022-03-20 14:41:48+00:00,
41,1505555210131091456,"RT @AirdropDet: 🔍 New #Airdrop: YupVerse

💲 Reward: Up to 10M YuP (~$5) + 2M YuP (~$1,000) referral pool

🔴 Start the airdrop bot https://t…",1360625196302958604,2022-03-20 14:41:48+00:00,
42,1505555208771940353,"RT @saylor: If you don't understand money, you won't understand #bitcoin.",1469434944632016900,2022-03-20 14:41:48+00:00,
43,1505555208440475653,"RT @p2ePrizeFighter: Our Awesome Female Boxers are ready!

More information will be released soon.
#nft #nftart #art #digitalart #nfts #nft…",1443844108376702979,2022-03-20 14:41:48+00:00,
44,1505555208268619784,"RT @AirdropStario: 💧 CryptoZerofi Airdrop 💧

🏆 Task:          ➕ 22,000 USDT » Total reward pool.

🔛 Airdrop Link &amp; Information: https://t.c…",1483574797204340741,2022-03-20 14:41:48+00:00,
45,1505555207320915972,"RT @AirdropStario: 💧 RPGC Airdrop 💧

🏆 Task:         ➕  $8 worth of RPGC for 2000 random participants each.

👨‍👩‍👧 Referral:  ➕  $40 worth…",1325334132105207810,2022-03-20 14:41:47+00:00,
46,1505555207262027777,XRP is getting ready to take off to the moon! #altcoin #bitcoin #binance #xrp #ripple https://t.co/EuqzWTFDr2,1256419926081966081,2022-03-20 14:41:47+00:00,
47,1505555206783868931,RT @Meta_UFO: #bitcoin and #MetaUFO have no inflation.,1505549442589634566,2022-03-20 14:41:47+00:00,
48,1505555206205022209,"RT @binance: 💰 $10,000 giveaway 💰
 
Post your #BitcoinButton result to enter!
 
Rules:
🔸 Retweet this post
🔸 Follow @Binance
🔸 Play #Bitcoi…",1178591191966928897,2022-03-20 14:41:47+00:00,
