,id,text,author_id,created_at,geo
0,1505339535537819649,"@flagnetwork_NFT #FlagNetwork  #cryptocurrency #Bitcoin  #StandWithUkraine 
Good luck",1320353857025634305,2022-03-20 00:24:47+00:00,
1,1505339533616893953,"RT @AirdropDet: 🔍 New #Airdrop: YupVerse

💲 Reward: Up to 10M YuP (~$5) + 2M YuP (~$1,000) referral pool

🔴 Start the airdrop bot https://t…",991223784077217792,2022-03-20 00:24:47+00:00,
2,1505339532715069440,XRP is getting ready to take off to the moon! #altcoin #bitcoin #binance #xrp #ripple https://t.co/RvQd81A8DN,1357321009561534467,2022-03-20 00:24:47+00:00,
3,1505339532224258054,Get IN now don't be LATE #xrp #binance #cryptocurrency #bitcoin https://t.co/jEV3MoPvqu,861932614164336641,2022-03-20 00:24:46+00:00,
4,1505339530592894978,@MrDiamondhandz1 @Medi_Token's changing the world! Building an amazing ecosystem &amp; donating to communities in need across the planet! #RealUtility #Charity #Crypto #NFT #Play2Earn #ETH #NFTs #x2000gem #bitcoin $Medi #MediArmy #MediToken #doxxed #LLC #Saitama #Shib https://t.co/V52YkkafB1 https://t.co/djCnKS8J5s,1460551629950930944,2022-03-20 00:24:46+00:00,
5,1505339530152456193,"@BluesparrowC @bitfinex @BlueSparrowETH I will never ask you, to buy or sell, i’m just asking you, just never lose🔥🤩

""Suzume""

@BlueSparrowETH
@BluesparrowC
#BluesparrowCEX
#ETH
#BlueSparrow
#BlueSparrowtoken
#BlueSparrowCommunity
#bitcoin
#BestDrawToken
#Bluesparrowcharity
#Web3
#NFT
66 https://t.co/JxQzKLJqq7",1392169680769622022,2022-03-20 00:24:46+00:00,
6,1505339528554315785,"n Japan, #XRP is religion. I love it! All works! #eth #ethereum #binance #bitcoin btc #ripple #crypto #cryptocurrency

https://t.co/Q1wtezB3r1",108419318,2022-03-20 00:24:46+00:00,
7,1505339528508162050,XRP is getting ready to take off to the moon! #altcoin #bitcoin #binance #xrp #ripple https://t.co/2qtSRCFTJK,2982274116,2022-03-20 00:24:46+00:00,
8,1505339527983943681,"RT @chadeverett: [One Single Ingredient]

Pic 1- June 2018  1MW Test 
Pic 2- March 2019 - 5MW Test 
Pic 3- March 2020- 64,000 S9 installed…",19173806,2022-03-20 00:24:45+00:00,
9,1505339526679437312,XRP is getting ready to take off to the moon! #altcoin #bitcoin #binance #xrp #ripple https://t.co/Ym35OxYxjU,1307684883716661248,2022-03-20 00:24:45+00:00,
10,1505339522501918720,We just know #XRP will moon #crypto #binance #cryptocurrency #bitcoin #btc https://t.co/VztbEOjc5C,3284386386,2022-03-20 00:24:44+00:00,
11,1505339519813435394,"@flagnetwork_NFT Nice project. The moon 🚀

@doganay2205 @JdddhBurcu @doctormete 

#FlagNetwork #IDO #cryptocurrency #Bitcoin #NFTs",3164598736,2022-03-20 00:24:44+00:00,
12,1505339518563794944,"RT @airdropinspect: New airdrop: Avania (NOVA)
Total Reward: 75,000 NOVA
Rate:⭐️⭐️⭐️⭐️
Winners: 200 Random &amp; Top 10
Distribution: 19th Apri…",1396796220153077766,2022-03-20 00:24:43+00:00,
13,1505339517020090373,The strongest bullish signal flashed for #XRP #bitcoin #btc #ethereum #eth https://t.co/DtNieoFaIQ,1141248187417673729,2022-03-20 00:24:43+00:00,
14,1505339512523829250,"In Japan, #XRP is religion. I love it! All works! #eth #ethereum #binance #bitcoin btc #ripple #crypto #cryptocurrency https://t.co/5vEZpuh0Yc",1426516553143517184,2022-03-20 00:24:42+00:00,
15,1505339510229540867,XRP is getting ready to take off to the moon! #altcoin #bitcoin #binance #xrp #ripple https://t.co/ZRNRJ0Hi3O,1398772049347321863,2022-03-20 00:24:41+00:00,
16,1505339509596168200,@danheld Buy more #bitcoin,825720696605200386,2022-03-20 00:24:41+00:00,
17,1505339508690087936,"RT @Revolotto: 🏏World's Dangerous Cricketer
Greatest Batsman of All-time in Cricket

🌎Universe Boss - Chris Gayle extending his support and…",1487680307482415104,2022-03-20 00:24:41+00:00,
18,1505339508581367808,"RT @AirdropStario: 💧 SafeWallet Airdrop 💧

🏆 Task:        ➕ 175 SLT (~$3.5) for 1000 random participants

👨‍👩‍👧 Referral: ➕ 30,000 SLT (~$6…",1397096490850418688,2022-03-20 00:24:41+00:00,
19,1505339506538471427,"@NFTCompanyy #nfts #nft #nftart #nftcommunity #nftcollector #nftartist #cryptoart #digitalart #art #crypto #nftcollectors #bitcoin #cryptocurrency #nftdrop #cryptoartist #nftcollectibles
 Check out Spiderverse by MetaNFTs at https://t.co/dcapARm2eZ NFT! https://t.co/2pmn6JpZox via @cryptocom",1454569988380053509,2022-03-20 00:24:40+00:00,
20,1505339505704075265,"@MARYAM_22AZAR @ConnectorCoin @rocket__crypto ➡️ @CONNECTORCOIN ⬅️
Good Project 👌👌👌
#crypto #bitcoin 
#CONNECTORCOIN 
#ctco $bnb $bsc 
$ctco #bnb #cryptocurrency
@Rocket__crypto
@charliesheen 
@Akon 
⬇️⬇️⬇️⬇️⬇️⬇️⬇️

📎TG
https://t.co/pJJhHEjvt2",1497218868971851776,2022-03-20 00:24:40+00:00,
21,1505339501605924865,"RT @deficonnect: Hearing how people made millions from Crypto but don't know how to go about it?
Now #DefiConnect  is here to teach &amp; give…",1473581605796995072,2022-03-20 00:24:39+00:00,
22,1505339500335333376,"RT @airdropinspect: New airdrop: UMAY Network (UMAY)
Total Reward: $30,000 worth of UMAY
Rate:⭐️⭐️⭐️⭐️
Winners: 1,500 Random
Distribution:…",1396796220153077766,2022-03-20 00:24:39+00:00,
23,1505339499009777667,"RT @BaderJadoun: To Be Honest, I really believe that all #Saitama holders are gonna be rich very soon💰💰 #Saitama is the best project out th…",1395327911318724613,2022-03-20 00:24:39+00:00,
24,1505339497780764673,RT @TheBestBangs: Send #Bitcoin https://t.co/WcsHOBysOu,1353089174732214273,2022-03-20 00:24:38+00:00,
25,1505339495562027019,"In Japan, #XRP is religion. I love it! All works! #eth #ethereum #binance #bitcoin btc #ripple #crypto #cryptocurrency https://t.co/gYnQXugItN",1443834494771998728,2022-03-20 00:24:38+00:00,
26,1505339495054405632,"XRP is getting ready to take off to the moon! #altcoin #bitcoin #binance #xrp #ripple

https://t.co/Q84vpmBVp9",788717853054636032,2022-03-20 00:24:38+00:00,
27,1505339493636730881,"We just know #XRP will moon #crypto #binance #cryptocurrency #bitcoin #btc

https://t.co/551v9wjiPH",1457724968280678404,2022-03-20 00:24:37+00:00,
28,1505339492416176133,"RT @AirdropDet: 🔍 New #Airdrop: YupVerse

💲 Reward: Up to 10M YuP (~$5) + 2M YuP (~$1,000) referral pool

🔴 Start the airdrop bot https://t…",1474525306471927809,2022-03-20 00:24:37+00:00,
29,1505339491472445444,The strongest bullish signal flashed for #XRP #bitcoin #btc #ethereum #eth https://t.co/77KlFDYMqf,1437087506177069064,2022-03-20 00:24:37+00:00,
30,1505339490168156164,"@BluesparrowC @bitfinex @BlueSparrowETH I will never ask you, to buy or sell, i’m just asking you, just never lose🔥🤩

""Suzume""

@BlueSparrowETH
@BluesparrowC
#BluesparrowCEX
#ETH
#BlueSparrow
#BlueSparrowtoken
#BlueSparrowCommunity
#bitcoin
#BestDrawToken
#Bluesparrowcharity
#Web3
#NFT
65 https://t.co/qvhtNhWTot",1392169680769622022,2022-03-20 00:24:36+00:00,
31,1505339489488498692,"RT @decodejar: This isn't the data you expect to see before a big sell off or capitulation. In fact, it's quite the opposite. #Bitcoin",1442259748200464384,2022-03-20 00:24:36+00:00,
32,1505339489249468416,"We just know #XRP will moon #crypto #binance #cryptocurrency #bitcoin #btc

https://t.co/MpXA96DxZt",768888505581711360,2022-03-20 00:24:36+00:00,
33,1505339489149157378,"RT @airdropinspect: New airdrop: Prizefighter (RING)
Total Reward: $5,000 worth of RING
Rate: ⭐️⭐️⭐️⭐️
Winners: 1,000 Random &amp; Top 100
Dist…",1396796220153077766,2022-03-20 00:24:36+00:00,
34,1505339484661248003,"RT @airdropinspect: New airdrop: Skygard Game
Total Reward: 1100 NFTs
Rate: ⭐️⭐️⭐️⭐️
Winners: 1,000 Random &amp; 100 Top
Distribution: within 1…",1486380205875023872,2022-03-20 00:24:35+00:00,
35,1505339484493201409,"@BluesparrowC @bitfinex @BlueSparrowETH #BlueSparrow is a bridge between the stock market and crypto .. You will have both in the Blue Sparrow CEX
@BlueSparrowETH
@BluesparrowC
#BluesparrowCEX
#ETH
#BlueSparrow
#BlueSparrowtoken
#BlueSparrowCommunity
#bitcoin
#BestDrawToken
#Bluesparrowcharity
#Web3
#NFTCollection https://t.co/F3BjchdSEf",1475581054752894978,2022-03-20 00:24:35+00:00,
36,1505339484002557952,"RT @GiveawayInspect: New Giveaway: Retoken (USDT)
Total Reward: 2,000 USDT
Rate: ⭐️⭐️⭐️⭐️
Winners: 700 Random &amp; Top 50
Distribution: within…",1465304346430607366,2022-03-20 00:24:35+00:00,
37,1505339483042238464,"RT @airdropinspect: New airdrop: Retoken (USDT)
Total Reward: 2,000 USDT
Rate: ⭐️⭐️⭐️⭐️
Winners: 700 Random &amp; Top 50
Distribution: within a…",1396796220153077766,2022-03-20 00:24:35+00:00,
38,1505339482534387712,XRP is getting ready to take off to the moon! #altcoin #bitcoin #binance #xrp #ripple https://t.co/c6uzt1wcVf,1481505859045761027,2022-03-20 00:24:35+00:00,
39,1505339481603276805,"RT @AirdropStario: 💧 SafeWallet Airdrop 💧

🏆 Task:        ➕ 175 SLT (~$3.5) for 1000 random participants

👨‍👩‍👧 Referral: ➕ 30,000 SLT (~$6…",1452177322891694084,2022-03-20 00:24:34+00:00,
40,1505339480655360003,"n Japan, #XRP is religion. I love it! All works! #eth #ethereum #binance #bitcoin btc #ripple #crypto #cryptocurrency

https://t.co/cq2dYLsJdJ",1136498382917263360,2022-03-20 00:24:34+00:00,
41,1505339477409026050,RT @Eljaboom: They say he has a whole #bitcoin https://t.co/9LNbFP8KDg,1505329521226133510,2022-03-20 00:24:33+00:00,
42,1505339476108881929,"RT @TheCryptoLaunch: 💥The Crypto Launchpad Giveaway💥

🏆 Task: Up to $50 worth of TCL Partners' Tokens.

👨‍👩‍👧 Referral: $25 worth of TCL Pa…",1478019876946165763,2022-03-20 00:24:33+00:00,
43,1505339474246393856,"RT @deficonnect: We are moving according to plan..

See attached road map for further confirmation..

Next in line is @BitrueOfficial 

We…",1473581605796995072,2022-03-20 00:24:33+00:00,
44,1505339466466144263,RT @MetaNFTs1: @CryptosJOE #nfts #nft #nftart #nftcommunity #nftcollector #nftartist #cryptoart #digitalart #art #crypto #nftcollectors #bi…,1258038433282502656,2022-03-20 00:24:31+00:00,
45,1505339466436775937,XRP is getting ready to take off to the moon! #altcoin #bitcoin #binance #xrp #ripple https://t.co/cAkfJwH7Aa,1384162204564426753,2022-03-20 00:24:31+00:00,
46,1505339465870368770,"RT @Revolotto: 🏏World's Dangerous Cricketer
Greatest Batsman of All-time in Cricket

🌎Universe Boss - Chris Gayle extending his support and…",2408982588,2022-03-20 00:24:31+00:00,
