,id,text,author_id,created_at,geo
0,1505654404917063682,"n Japan, #XRP is religion. I love it! All works! #eth #ethereum #binance #bitcoin btc #ripple #crypto #cryptocurrency

https://t.co/I1tGNwoaE1",1469205261650837504,2022-03-20 21:15:58+00:00,
1,1505654398227296260,"RT @EtherNasyonaL: 🔥The process is starting to heat up for #Ripple !

🌊A NEW WAVE CAN START!

We can take a look together! ⤵️

RT APPRECIAT…",1241485817362743296,2022-03-20 21:15:56+00:00,
2,1505654397958819849,"RT @ffurknaydnn: @KirekaNFT @killerqueen_nft Don’t missed #SHINJA 🥷🏿🔥
Buy Now and Happy later 🥷🏿🔥

#Shibnobi #Crypto #DeFi #BTC #SHIB #Ceek…",1454678238295437314,2022-03-20 21:15:56+00:00,
3,1505654392644644864,"@gummymonkeysnft #BlueSparrow is a bridge between the stock market and crypto .. You will have both in the Blue Sparrow CEX
@BlueSparrowETH
@BluesparrowC
#BluesparrowCEX
#ETH
#BlueSparrow
#BlueSparrowtoken
#BlueSparrowCommunity
#bitcoin
#BestDrawToken
#Bluesparrowcharity
#Web3
#NFT",1495771346197954567,2022-03-20 21:15:55+00:00,
4,1505654389842792451,"RT @phloxcoin: 📣 Phloxcoin Airdrop is live!

🏆 Reward for Tasks: 25,000 PLX (~$5)
👨‍👩‍👧 Referral Reward: 5000 PLX ($1)

🗞 Notes: Airdrop wi…",1492920976845201421,2022-03-20 21:15:54+00:00,
5,1505654388458606593,"XRP is getting ready to take off to the moon! #altcoin #bitcoin #binance #xrp #ripple

https://t.co/444iomHfUY",1481656531867160581,2022-03-20 21:15:54+00:00,
6,1505654387158487048,"RT @el_crypto_prof: #ALTSEASON 

One chart that really excites me, is the #Altcoinmarketcap-Chart (exclude $BTC).

-Same structure as from…",1358861348839505921,2022-03-20 21:15:54+00:00,
7,1505654385552068615,@ShibnobiNews WOWW!! 🚨🚨 The chance of a lifetime with this stock. This time you are in very early and a huge prize awaits.A BEAST AWAKES!! #crypto #ethereum #bitcoin #btc #eth #crypto https://t.co/WO0QTuMDTI,1470148662122721285,2022-03-20 21:15:53+00:00,
8,1505654385438720001,"RT @AirdropDet: 🔍 New #Airdrop: YupVerse

💲 Reward: Up to 10M YuP (~$5) + 2M YuP (~$1,000) referral pool

🔴 Start the airdrop bot https://t…",1502960609108758531,2022-03-20 21:15:53+00:00,
9,1505654385317236743,"RT @saylor: If you don't understand money, you won't understand #bitcoin.",1405961046368698370,2022-03-20 21:15:53+00:00,
10,1505654382972518408,"We just know #XRP will moon #crypto #binance #cryptocurrency #bitcoin #btc

https://t.co/E5qnfXrciT",1394872862792581131,2022-03-20 21:15:53+00:00,
11,1505654379965140993,"Native-Americans suffer from what is known as the #Asterix #Bitcoin problem: Their numbers are too small to have a major macroeconomic impact, and thus their plight as a minority is often ignored. https://t.co/0C0eIBCQVC",1351949469542043648,2022-03-20 21:15:52+00:00,{'place_id': 'ebdd9f30d3abfc43'}
12,1505654379352838149,"RT @rektcapital: The upcoming #BTC Weekly candle close is looming large and price is just at the green dashed diagonal resistance

BTC need…",1383150475114078212,2022-03-20 21:15:52+00:00,
13,1505654378388099076,"RT @ffurknaydnn: @nftfred4u Don’t missed #SHINJA 🥷🏿🔥
Buy Now and Happy later 🥷🏿🔥

#Shibnobi #Crypto #DeFi #BTC #SHIB #Ceek #AVAX #BNB
#Ethe…",1395138811638820865,2022-03-20 21:15:52+00:00,
14,1505654374579650565,XRP is getting ready to take off to the moon! #altcoin #bitcoin #binance #xrp #ripple https://t.co/oSwdAUne5Z,1142436411561451520,2022-03-20 21:15:51+00:00,
15,1505654373938081797,"RT @AriZonanHODL: The #bitcoin halving will eventually be celebrated worldwide, similar to New Years.",1460653813937942534,2022-03-20 21:15:51+00:00,
16,1505654373862494210,"https://t.co/0A0pbdsVXR

Here is the link to our mint page... get in now while theres time!! 

#nfts #nft #nftart #nftcommunity #nftcollector #nftartist #cryptoart #digitalart #art #crypto #ethereum #blockchain #opensea #nftcollectors #bitcoin #cryptocurrency #nftdrop",1505641105962020866,2022-03-20 21:15:51+00:00,
17,1505654371354542082,"RT @AirdropStario: 💧 SafeWallet Airdrop 💧

🏆 Task:        ➕ 175 SLT (~$3.5) for 1000 random participants

👨‍👩‍👧 Referral: ➕ 30,000 SLT (~$6…",1416418468031651840,2022-03-20 21:15:50+00:00,
18,1505654371182333958,"RT @cz_binance: If you don't understand #bitcoin, you don't understand money.",1364982771492470784,2022-03-20 21:15:50+00:00,
19,1505654370943315974,RT @WatcherGuru: JUST IN: 🇦🇺 Australian government will regulate #Bitcoin &amp; #cryptocurrencies as part of a broader revamp of the country’s…,2380550576,2022-03-20 21:15:50+00:00,
20,1505654365218291712,@derus1997 @MartiniGuyYT @cctip_com Nice #Bitcoin,1494250502372364293,2022-03-20 21:15:49+00:00,
21,1505654360629559300,"RT @BTCGandalf: This is how @bopinion sees the world. 

#Bitcoin fixes this. https://t.co/Qq2A7HxMMP",1278878221719789570,2022-03-20 21:15:47+00:00,
22,1505654360361127938,"RT @AirdropDet: 🔍 New #Airdrop: Elite Cash

🏆 Total Airdrop Pool: 140,000 ELC [~$49,000]

🔴 Start the airdrop bot https://t.co/geX2YRhj5n…",1437816226621820933,2022-03-20 21:15:47+00:00,
23,1505654357102108672,RT @missbitcoin_mai: Perfectly smooth #LightningNetwork  transaction at Starbucks! Better than usual caramel macchiato😏❤️#Bitcoin #ElSalvad…,1019968285536858112,2022-03-20 21:15:47+00:00,
24,1505654356812521472,"n Japan, #XRP is religion. I love it! All works! #eth #ethereum #binance #bitcoin btc #ripple #crypto #cryptocurrency

https://t.co/0MyfoNnD1T",1395692574631813125,2022-03-20 21:15:47+00:00,
25,1505654356334497795,"RT @EtherNasyonaL: The most important supports and resistances are shown in the chart.

It will continue to be Bullish unless we close a we…",1241485817362743296,2022-03-20 21:15:46+00:00,
26,1505654354556198914,"RT @saylor: If you don't understand money, you won't understand #bitcoin.",1452574745724063751,2022-03-20 21:15:46+00:00,
27,1505654352538746884,"RT @ProjectsIco: #Bitcoin average monthly returns 

#Bitcoin #Crypto #cryptotrading",1387735535276466176,2022-03-20 21:15:46+00:00,
28,1505654351645360135,"@UnburntWitch I know what have to do.
I have to buy #bluesparrow. 
And tomorrow the sun will be mine
@BlueSparrowETH
@BluesparrowC
#BluesparrowCEX
#ETH
#BlueSparrowtoken
#BlueSparrowCommunity
#bitcoin     
#BestDrawToken
#Bluesparrowcharity
#Web3
#NFT
183",1431707129707212803,2022-03-20 21:15:45+00:00,
29,1505654351611973633,"RT @AirdropDet: 🔍 New #Airdrop: YupVerse

💲 Reward: Up to 10M YuP (~$5) + 2M YuP (~$1,000) referral pool

🔴 Start the airdrop bot https://t…",1190828585667293185,2022-03-20 21:15:45+00:00,
30,1505654351322251266,"RT @MartiniGuyYT: Finally #Bitcoin dipped a MASSIVE $700

Going to buy more 😂",1404216200905871360,2022-03-20 21:15:45+00:00,
31,1505654350038937600,"@EthereumRicher @zappbairnft @DEGENDISPLAYS #Bluesparrow Only one bird loves flying😍🌹

 Let's fly together💵💴💸💸💸💸
@BlueSparrowETH
@BluesparrowC
#BluesparrowCEX
#ETH
#BlueSparrow
#BlueSparrowtoken
#BlueSparrowCommunity
#bitcoin
#BestDrawToken
#Bluesparrowcharity
#Web3
#NFT40",1500094247529295876,2022-03-20 21:15:45+00:00,
32,1505654349816426497,"RT @Revolotto: 🏏World's Dangerous Cricketer
Greatest Batsman of All-time in Cricket

🌎Universe Boss - Chris Gayle extending his support and…",433869390,2022-03-20 21:15:45+00:00,
33,1505654349577392130,RT @Blockworks_: PayPal Co-Founder: The biggest mistake I made in the last decade was getting too late and too little into #Bitcoin,1439253869465194498,2022-03-20 21:15:45+00:00,
34,1505654345341276161,"Do you want TRUE SAFU investing?
Go to https://t.co/1Mo7qdcgFO for crypto research!
We list scams, potential scams, trusted projects,and quick audits for upcoming tokens!
BNB Rewards for $SPY holders!
 
@SpyWolfNetwork $SPY #spywolf #bnb #bscgem #binance #bitcoin #ethereum 95n94",1473764166099947527,2022-03-20 21:15:44+00:00,
35,1505654345018195969,"RT @Mark_Astrology: Announcement 📢

I have found date that has a high chance to be historical #stockmarket #crash. 
To unlock the details w…",3152156522,2022-03-20 21:15:44+00:00,
36,1505654342883295236,"RT @Azel1000X: Step by step to the EXCHANGE
#SHINJA
@Shib_nobi
#uniswap #Bitcoin @elonmusk @cz_binance @gate_io @kucoincom @HuobiGlobal @ok…",1001096626096738304,2022-03-20 21:15:43+00:00,
37,1505654340614303746,"RT @binance: 💰 $10,000 giveaway 💰
 
Post your #BitcoinButton result to enter!
 
Rules:
🔸 Retweet this post
🔸 Follow @Binance
🔸 Play #Bitcoi…",1307924422746087425,2022-03-20 21:15:43+00:00,
38,1505654339859320847,RT @Justdoitalex: The window of buying #bitcoin below 100K$ might be closing fast.,3420170151,2022-03-20 21:15:42+00:00,
39,1505654335945945091,"RT @natbrunell: .@DylanLeClair_ has conviction. 

I asked him what he would do with a net worth of $5 million.

""I'd buy $5.2 million in #B…",762415246157844481,2022-03-20 21:15:42+00:00,
40,1505654334574497796,"We just know #XRP will moon #crypto #binance #cryptocurrency #bitcoin #btc

https://t.co/VlpV2zr22J",1382000696719941632,2022-03-20 21:15:41+00:00,
41,1505654332997476352,"RT @Emimma2: #RBXS is the complete solution to your marketing without any cost or additional stress of adding new staff to your team. 
http…",1218260505019764738,2022-03-20 21:15:41+00:00,
42,1505654328421502978,"RT @EtherNasyonaL: Where exactly do you think we are?

#Btc #Bitcoin $BTC
#btcusd #btcusdt #btcgbp 
#cryptocurrency #Crypto 
#cryptocurrenc…",1444219361691045890,2022-03-20 21:15:40+00:00,
43,1505654328387907587,"Did you get scammed?The good guys are here and we’ve got your back!
20% #scamsurvivor Charity! 20% charity in #SPY
Join us in the fight! Clean up the crypto space
Here: https://t.co/orShpWNDNG
@SpyWolfNetwork $SPY #spywolf #bnb #bscgem #binance #bitcoin #ethereum e6e25",1473764166099947527,2022-03-20 21:15:40+00:00,
44,1505654327842533376,"We just know #XRP will moon #crypto #binance #cryptocurrency #bitcoin #btc

https://t.co/I9S4m2oDox",1182799495827988483,2022-03-20 21:15:40+00:00,
45,1505654326923980800,"RT @DylanLeClair_: U.S. Federal Government Debt just surpassed $30,000,000,000,000. 

As the debt spiral grows, the purchasing power of the…",762415246157844481,2022-03-20 21:15:39+00:00,
46,1505654325929988109,"@UnburntWitch I know what have to do.
I have to buy #bluesparrow. 
And tomorrow the sun will be mine
@BlueSparrowETH
@BluesparrowC
#BluesparrowCEX
#ETH
#BlueSparrowtoken
#BlueSparrowCommunity
#bitcoin     
#BestDrawToken
#Bluesparrowcharity
#Web3
#NFT
182",1431707129707212803,2022-03-20 21:15:39+00:00,
47,1505654322776121345,"RT @AirdropStario: 💧 CRAT Airdrop 💧

🏆 Task:         ➕  $50 worth of CRAT for 1000 random participants each

👨‍👩‍👧 Referral:  ➕  $100 worth…",1371194552212619268,2022-03-20 21:15:38+00:00,
48,1505654322285137920,"RT @AirdropDet: 🔍 New #Airdrop: YupVerse

💲 Reward: Up to 10M YuP (~$5) + 2M YuP (~$1,000) referral pool

🔴 Start the airdrop bot https://t…",1392886156765847559,2022-03-20 21:15:38+00:00,
49,1505654321748324352,"#BTCUSD - New Technical Analysis 

Chart on TradingView https://t.co/ecR28JQAUJ $BTC $ETH #Bitcoin #CryptoCurrency #Trading #TechnicalAnalysis https://t.co/u3rno3EE0Q",1301553483900956673,2022-03-20 21:15:38+00:00,
