,id,text,author_id,created_at,geo
0,1505623453524631552,RT @TaikunGlobal: TAIKUN TESLA airdrop now Launched.  Participate and claim free 5TKT Tokens. Click on the link to join https://t.co/YAe3VJ…,1498584744774324230,2022-03-20 19:12:59+00:00,
1,1505623451964518411,"RT @nfts_launchpad: Register for the whitelist presale and get a chance to join our $NFTsPAD token Presale!

Click here :  https://t.co/nmB…",1216812765689544706,2022-03-20 19:12:58+00:00,
2,1505623451549241353,"XRP is getting ready to take off to the moon! #altcoin #bitcoin #binance #xrp #ripple

https://t.co/dvyVxT4EMx",1452280115514257415,2022-03-20 19:12:58+00:00,
3,1505623451532464135,"RT @AirdropDet: 🔍 New #Airdrop: Elite Cash

🏆 Total Airdrop Pool: 140,000 ELC [~$49,000]

🔴 Start the airdrop bot https://t.co/geX2YRhj5n…",1479140495830007876,2022-03-20 19:12:58+00:00,
4,1505623449816948737,"We just know #XRP will moon #crypto #binance #cryptocurrency #bitcoin #btc

https://t.co/qgvbfbfU0T",1485505806489747457,2022-03-20 19:12:58+00:00,
5,1505623449389125647,"RT @EpicCashTech: ☀️😎Friday Morning Reality Check!
#Bitcoin is the ultimate censorship tool - your asset is trackable, taintable, confiscat…",1016571710496296960,2022-03-20 19:12:58+00:00,
6,1505623445983408132,"RT @Tizarrr: (THREAD) 
Dis is our latest nft artwork in @DankDirectory . With issuance 111 (as a submission requirement in the Dank directo…",293889620,2022-03-20 19:12:57+00:00,
7,1505623441940135941,"@BillyM2k $Ham @_hamster_coin 🐹🐹 

Hamstercoin is 1000x potential coin and establishing its own ecosystem.

Marketcap 12 M $..!!!

 #HamsterCoin is supporting by Jack and Elon Musk.

@jack @elonmusk #hamsterswap

#DOGE #SHIB #bitcoin     #Etherum
#floki #BabyDoge #raca #ceek #bnb #NFT https://t.co/T3SuTIRsQu",1242778584625885186,2022-03-20 19:12:56+00:00,
8,1505623439465402369,"XRP is getting ready to take off to the moon! #altcoin #bitcoin #binance #xrp #ripple

https://t.co/iiS5mt63GC",1159449895675162625,2022-03-20 19:12:55+00:00,
9,1505623436617560065,RT @Blockworks_: PayPal Co-Founder: The biggest mistake I made in the last decade was getting too late and too little into #Bitcoin,1242224622348763137,2022-03-20 19:12:55+00:00,
10,1505623436009537537,"RT @chitaglorya__: giveaway 200$ | 2,800,000 IDR

-- rt follow @flagnetwork_NFT 

-- rt &amp; quoted their pinned with   #FlagNetwork  #cryptoc…",1356214980014555137,2022-03-20 19:12:54+00:00,
11,1505623434633658370,"RT @AirdropStario: 💧 RPGC Airdrop 💧

🏆 Task:         ➕  $8 worth of RPGC for 2000 random participants each.

👨‍👩‍👧 Referral:  ➕  $40 worth…",1502008202178998272,2022-03-20 19:12:54+00:00,
12,1505623431588556804,"@cryptogems555 #VEKTOR token 🚀

Today… @coingecko ✔️
In a few days… @CoinMarketCap 🙏🚀

#Bitcoin #BTC #Crypto #BNB  #BSC #NFT #USDT #BUSD   @Vektor_crypto @bolld_David @VEKTORgives @Vektor_vektor  @VektorNews @VinDAXOfficial @ArkenFinance @BinanceChain @binance 

https://t.co/ywT0UfV51s https://t.co/5AmMbCaDlF",1471582647013019651,2022-03-20 19:12:53+00:00,
13,1505623429629808654,"RT @AirdropDet: 🔍 New #Airdrop: TeddyDoge

💲 Reward: Up to 2,800 TEDDY + 800K TEDDY referral pool

🔴 Start the airdrop bot https://t.co/bJW…",1499686880308256774,2022-03-20 19:12:53+00:00,
14,1505623428790956034,RT @TaikunGlobal: TAIKUN TESLA airdrop now Launched.  Participate and claim free 5TKT Tokens. Click on the link to join https://t.co/YAe3VJ…,1492118936359424007,2022-03-20 19:12:53+00:00,
15,1505623425926438913,"RT @AirdropDet: 🔍 New #Airdrop: YupVerse

💲 Reward: Up to 10M YuP (~$5) + 2M YuP (~$1,000) referral pool

🔴 Start the airdrop bot https://t…",1391744364532039681,2022-03-20 19:12:52+00:00,
16,1505623425347461124,"RT @Brisecommunity: #Bitgert Growing Rapidly With Its Startup Studio Program.

#Brise #Bitgertcommunity #Bitgertchain #Crypto #bitcoin #bnb…",490312191,2022-03-20 19:12:52+00:00,
17,1505623419475353606,"RT @AirdropStario: 💧 Odds96 Airdrop 💧

🏆 Task:          ➕ $10 worth of Odds96 Tokens.

🔛 Airdrop Link &amp; Information: https://t.co/rBb5KjyM1…",1486203654898135041,2022-03-20 19:12:50+00:00,
18,1505623418917437440,"Bitcoin is a monetary system of integrity. 

Many of the failings we see in society today are a result of the values of fiat money being absorbed.
https://t.co/smlbAk5Usb #Bitcoin #BTC $BTC",1437818899819421703,2022-03-20 19:12:50+00:00,
19,1505623416874876934,"RT @AirdropDet: 🔍 New #Airdrop: YupVerse

💲 Reward: Up to 10M YuP (~$5) + 2M YuP (~$1,000) referral pool

🔴 Start the airdrop bot https://t…",1492584826821648387,2022-03-20 19:12:50+00:00,
20,1505623416694579214,RT @TheCryptoLark: #bitcoin gunning for 42k!,2867950150,2022-03-20 19:12:50+00:00,
21,1505623416245792771,"RT @AirdropDet: 🔍 New #Airdrop: YupVerse

💲 Reward: Up to 10M YuP (~$5) + 2M YuP (~$1,000) referral pool

🔴 Start the airdrop bot https://t…",1479140495830007876,2022-03-20 19:12:50+00:00,
22,1505623415201312769,"RT @YupVerse: ✔️ YupVerse Airdrop (New Round) is live!

🔵 Airdrop Reward: Up to 10 Million YuP (~$5)

🔵 Referral Reward: 2 Million YuP (~$1…",1405981747813109760,2022-03-20 19:12:49+00:00,
23,1505623415029477376,"RT @AirdropDet: 🔍 New #Airdrop: Elite Cash

🏆 Total Airdrop Pool: 140,000 ELC [~$49,000]

🔴 Start the airdrop bot https://t.co/geX2YRhj5n…",1499686880308256774,2022-03-20 19:12:49+00:00,
24,1505623413322305538,"YoBit AirDrop: Earn up to 4700 Fast Dollars daily: https://t.co/K645lKq72r
#yobit #dogecoin #bitcoin",1498906932056588288,2022-03-20 19:12:49+00:00,
25,1505623413133660164,"RT @radif_nft: Rainy day⛈

#colorful #bitcoin #nft #nftcreaters #nftartist #conseptart #crypto #blockchain #sciencefiction #creativeart #cy…",1472939522157645831,2022-03-20 19:12:49+00:00,
26,1505623411619512327,"RT @proleafty: Join the ☘️ LEAFTY community

#cryptocurrency #bitcoin #crypto #blockchain #btc #ethereum #forex #money #trading #bitcoinmin…",1471211006189883395,2022-03-20 19:12:49+00:00,
27,1505623409660682242,RT @WatcherGuru: JUST IN: 🇦🇺 Australian government will regulate #Bitcoin &amp; #cryptocurrencies as part of a broader revamp of the country’s…,1210143765199020032,2022-03-20 19:12:48+00:00,
28,1505623409325408256,"RT @godfred_xcuz: @Stackswap_BTC audio live on @ZeroAuthDAO
Listen to how @Stackswap_BTC is disrupting the #DeFi on #bitcoin with AI tech
h…",1427891281955483653,2022-03-20 19:12:48+00:00,
29,1505623404820324352,"RT @airdropinspect: New airdrop: Flamingo Casino
Total Reward: 200 NFTs &amp; $2500 pricing pool
Rate:⭐️⭐️⭐️⭐️
Winners: 220 Random
Distribution…",1489449088370167808,2022-03-20 19:12:47+00:00,
30,1505623398944108544,"XRP is getting ready to take off to the moon! #altcoin #bitcoin #binance #xrp #ripple

https://t.co/sgtE3Oz96R",1381934703280750593,2022-03-20 19:12:46+00:00,
31,1505623397543419914,"RT @AirdropDet: 🔍 New #Airdrop: YupVerse

💲 Reward: Up to 10M YuP (~$5) + 2M YuP (~$1,000) referral pool

🔴 Start the airdrop bot https://t…",1499686880308256774,2022-03-20 19:12:45+00:00,
32,1505623397094543361,"XRP is getting ready to take off to the moon! #altcoin #bitcoin #binance #xrp #ripple

https://t.co/XxVvA06GEY",1477817583189512192,2022-03-20 19:12:45+00:00,
33,1505623396872343560,"RT @saylor: If you don't understand money, you won't understand #bitcoin.",1371959533740904454,2022-03-20 19:12:45+00:00,
34,1505623395219951616,"RT @AriZonanHODL: The #bitcoin halving will eventually be celebrated worldwide, similar to New Years.",784133590669938689,2022-03-20 19:12:45+00:00,
35,1505623394951249927,"n Japan, #XRP is religion. I love it! All works! #eth #ethereum #binance #bitcoin btc #ripple #crypto #cryptocurrency

https://t.co/AsIZHqoNvl",1440626272317493255,2022-03-20 19:12:45+00:00,
36,1505623394858913793,RT @WatcherGuru: JUST IN: 🇦🇺 Australian government will regulate #Bitcoin &amp; #cryptocurrencies as part of a broader revamp of the country’s…,601475636,2022-03-20 19:12:45+00:00,
37,1505623394657656837,"We just know #XRP will moon #crypto #binance #cryptocurrency #bitcoin #btc

https://t.co/n7pataqbbz",1068850382665768963,2022-03-20 19:12:45+00:00,
38,1505623392489193480,"RT @talkmada: @krakenfx $Marvin have got the best community! 
To pull up a #1000x 🔥💪

Check out on our roadmap :
➡️ https://t.co/BeOhxqYWUA…",1503019757955686400,2022-03-20 19:12:44+00:00,
39,1505623387560849411,"n Japan, #XRP is religion. I love it! All works! #eth #ethereum #binance #bitcoin btc #ripple #crypto #cryptocurrency

https://t.co/EUcuEeiYFa",1440178363868479491,2022-03-20 19:12:43+00:00,
40,1505623386390777859,"We just know #XRP will moon #crypto #binance #cryptocurrency #bitcoin #btc

https://t.co/gp1y1M2Cpm",1275717615323938816,2022-03-20 19:12:43+00:00,
41,1505623382049837056,"RT @AirdropDet: 🔍 New #Airdrop: Elite Cash

🏆 Total Airdrop Pool: 140,000 ELC [~$49,000]

🔴 Start the airdrop bot https://t.co/geX2YRhj5n…",1480121905856217089,2022-03-20 19:12:42+00:00,
42,1505623381290455044,RT @WatcherGuru: JUST IN: 🇦🇺 Australian government will regulate #Bitcoin &amp; #cryptocurrencies as part of a broader revamp of the country’s…,1435183072778113025,2022-03-20 19:12:41+00:00,
43,1505623380459986952,RT @Blockworks_: PayPal Co-Founder: The biggest mistake I made in the last decade was getting too late and too little into #Bitcoin,3301188394,2022-03-20 19:12:41+00:00,
44,1505623378723590149,@KuCoinTurkey Don't be late buy more $pit - #ForzaPitbull BscPitbull Our target is 1 billion market value by the end of the year. #PitbullCREW #PitbullTokenShibaKiller #Metaverse #P2E #NFT #Bsc #Bnb #BTC @BscPitbull $PIT #Bitcoin #btc,1485716009319292937,2022-03-20 19:12:41+00:00,
45,1505623377502867457,RT @defi_daria: Can you really argue that #bitcoin is involved in everything now? https://t.co/EQQv6Za3nA,1445048639693328397,2022-03-20 19:12:40+00:00,
46,1505623376093749254,RT @WatcherGuru: JUST IN: 🇦🇺 Australian government will regulate #Bitcoin &amp; #cryptocurrencies as part of a broader revamp of the country’s…,1383169623575580678,2022-03-20 19:12:40+00:00,
47,1505623375321968645,"RT @saylor: If you don't understand money, you won't understand #bitcoin.",23563935,2022-03-20 19:12:40+00:00,
48,1505623374789332998,"RT @Revolotto: 🌟Congratulation! 
Another Milestone Achieved!

💎31K TWITTER FOLLOWERS💎

Revolotto Team saying thanks to our most valuable an…",1493252989066395650,2022-03-20 19:12:40+00:00,
49,1505623360205697031,"RT @saylor: If you don't understand money, you won't understand #bitcoin.",1496814946528768002,2022-03-20 19:12:36+00:00,
