,id,text,author_id,created_at,geo
0,1505491083794710534,"RT @AirdropStario: 💧 Hero Arena Airdrop 💧

📍 Listed on: CoinMarketCap, PancakeSwap

🏆 Task: ➕  100 HERA (~$4) for 3000 random participants…",1446341593296818178,2022-03-20 10:26:59+00:00,
1,1505491082884182019,"We just know #XRP will moon #crypto #binance #cryptocurrency #bitcoin #btc

https://t.co/zjEr7nbaAB",1258053200881606657,2022-03-20 10:26:59+00:00,
2,1505491082398023681,"RT @CarfuelFinance: Whitepaper published. 

https://t.co/TVXdTxWcNC

#Carfuelfinance #Airdrop #Airdrops #BINANCE #Bitcoin #Etherum  #Giveaw…",1467566614224654340,2022-03-20 10:26:59+00:00,
3,1505491080934002688,"@hehe_kev #shinja #ShinjaSeason
#DubaiExpo2022
#DubaiCryptoExpo

#DOJOSWAP listing #Token
#Selena_Inu
#flokimusk
#saitanobi
#bobatama
#threeohdao
#YetiCoin
#kuonotori
#planataso

#shiba #Ceek #mana #raca #xrp
#altcoin #AVAX #dogecoin
#BabyDoge #GALA
@cz_binance @elonmusk #Bitcoin #ethereum",1379506222366396418,2022-03-20 10:26:59+00:00,
4,1505491079332007942,"RT @BattleworldGame: ✔️ Battle World Airdrop is live!

🔵 Airdrop Reward: Up to 500 BWO (~$20) 

🔵 Referral Reward: 500,000 BWO (~$20,000) r…",1481992237970259969,2022-03-20 10:26:58+00:00,
5,1505491079151427584,"RT @5ireChain: #5ire Coin Review! 🔥
121 Million #Funding! 🚀

Read The Complete Article Here! ⤵
https://t.co/OcGE7BTlSs 

#cryptocurrency #k…",1494937417123569666,2022-03-20 10:26:58+00:00,
6,1505491076320215043,We just know #XRP will moon #crypto #binance #cryptocurrency #bitcoin #btc https://t.co/elbsUmefkX,1479713894339858432,2022-03-20 10:26:57+00:00,
7,1505491075204538370,"RT @PotatoCoinSPL: 25B Potato giveaway

Potato will surprise you all with what we are about to announce.

Like, Retweet and Tag 3 friends t…",1180419939171274752,2022-03-20 10:26:57+00:00,
8,1505491074042765315,@MMCrypto ALARM! 🚨🚨 There is one share that will change your life forever! AND NASDAQ Uplisting is coming! BNXA is the paypal of #crypto and #bitcoin #btc #eth #ethereum #doge https://t.co/NcIuqawWWi,1470148662122721285,2022-03-20 10:26:57+00:00,
9,1505491073866510336,"RT @airdropinspect: New airdrop: Flamingo Casino
Total Reward: 200 NFTs &amp; $2500 pricing pool
Rate:⭐️⭐️⭐️⭐️
Winners: 220 Random
Distribution…",1455828042148765700,2022-03-20 10:26:57+00:00,
10,1505491071945510913,"RT @AirdropStario: 💧 Raiinmaker Airdrop 💧

🏆 Task:          ➕ 1,5 COIIN for 500 random participants each.

👨‍👩‍👧 Referral:   ➕ 5 COIIN for…",1293410439766790144,2022-03-20 10:26:56+00:00,
11,1505491071241003010,"RT @binance: 💰 $10,000 giveaway 💰
 
Post your #BitcoinButton result to enter!
 
Rules:
🔸 Retweet this post
🔸 Follow @Binance
🔸 Play #Bitcoi…",1497151426283384842,2022-03-20 10:26:56+00:00,
12,1505491071211831299,"RT @airdropinspect: New airdrop: Angelic (ANGL)
Total Reward: 50,000 ANGL
Rate: ⭐️⭐️⭐️⭐️
Winners: 1,500 Random &amp; Top 50
Distribution: withi…",1486216095560499201,2022-03-20 10:26:56+00:00,
13,1505491071207358467,"Everyone is talking about the flag.
#FlagNetwork #IDO #cryptocurrency #Bitcoin #NFTs https://t.co/6sn1nAccuq",1484179743511515150,2022-03-20 10:26:56+00:00,
14,1505491068388732928,"RT @AirdropAchiever: New Whitelist: STMAN × FamCentral
Allocation: ≤ 30 BUSD (TBA)
Winners: All Participants
End Date: 22nd March, 2022

🔗…",1495010701844574209,2022-03-20 10:26:56+00:00,
15,1505491067738759177,RT @WatcherGuru: JUST IN: PayPal co-founder says the “biggest mistake I made in the last decade was getting too late and too little into #B…,1370357840674758657,2022-03-20 10:26:55+00:00,
16,1505491066966921219,"RT @GiveawayInspect: New Giveaway: Retoken (USDT)
Total Reward: 2,000 USDT
Rate: ⭐️⭐️⭐️⭐️
Winners: 700 Random &amp; Top 50
Distribution: within…",1494398560271405059,2022-03-20 10:26:55+00:00,
17,1505491065985548292,RT @Meta_UFO: #bitcoin and #MetaUFO have no inflation.,1474941942987427843,2022-03-20 10:26:55+00:00,
18,1505491065935220737,"RT @AirdropDet: 🔍 New #Airdrop: YupVerse

💲 Reward: Up to 10M YuP (~$5) + 2M YuP (~$1,000) referral pool

🔴 Start the airdrop bot https://t…",1496725826594873344,2022-03-20 10:26:55+00:00,
19,1505491065134104580,"@newlistiing #shinja #ShinjaSeason
#DubaiExpo2022
#DubaiCryptoExpo

#DOJOSWAP listing #Token
#Selena_Inu
#flokimusk
#saitanobi
#bobatama
#threeohdao
#YetiCoin
#kuonotori
#planataso

#shiba #Ceek #mana #raca #xrp
#altcoin #AVAX #dogecoin
#BabyDoge #GALA
@cz_binance @elonmusk #Bitcoin #ethereum",1379506222366396418,2022-03-20 10:26:55+00:00,
20,1505491064051826690,"RT @AirdropStario: 💧 CRAT Airdrop 💧

🏆 Task:         ➕  $50 worth of CRAT for 1000 random participants each

👨‍👩‍👧 Referral:  ➕  $100 worth…",1411645527557615621,2022-03-20 10:26:54+00:00,
21,1505491063263600644,"RT @Revolotto: 🏏World's Dangerous Cricketer
Greatest Batsman of All-time in Cricket

🌎Universe Boss - Chris Gayle extending his support and…",1493574448535916544,2022-03-20 10:26:54+00:00,
22,1505491062806269954,"RT @AirdropStario: 💧 CRAT Airdrop 💧

🏆 Task:         ➕  $50 worth of CRAT for 1000 random participants each

👨‍👩‍👧 Referral:  ➕  $100 worth…",1500330193646403584,2022-03-20 10:26:54+00:00,
23,1505491061988524036,"@web3_coin Nice project 
@AjSiam7 @shahidssk124 @shahoriya_rifat 
#sol #bitcoin #Sonala",1500076090039353344,2022-03-20 10:26:54+00:00,
24,1505491058544816132,"RT @MrFly69: 🥇 $100 GIVEAWAY 🥇

To Enter:

1️⃣ Follow Me &amp; @Roobet 
2️⃣ Like + Retweet
3️⃣ Comment Roobet Username

4️⃣ Bonus: Use code: fl…",1499853296261120010,2022-03-20 10:26:53+00:00,
25,1505491057424936963,"@Scottta37155286 @davido Join, register, start mining, claim free renec (500), and start making money. You can thank me later:
https://t.co/0Sj2rTzY6B
#Remitano #Bitcoin #Ethereum",554187890,2022-03-20 10:26:53+00:00,
26,1505491055902588939,RT @w_s_bitcoin: #Bitcoin's absolute scarcity is such a profound discovery. https://t.co/xGdlyQZGkD,4696698811,2022-03-20 10:26:53+00:00,
27,1505491054417506306,"RT @AirdropStario: 💧 SafeWallet Airdrop 💧

🏆 Task:        ➕ 175 SLT (~$3.5) for 1000 random participants

👨‍👩‍👧 Referral: ➕ 30,000 SLT (~$6…",1376569353827622916,2022-03-20 10:26:52+00:00,
28,1505491053595754498,RT @crypstax: PayPal co-founder says the “biggest mistake I made in the last decade was getting too late and too little into #Bitcoin.” In…,1418203843909668869,2022-03-20 10:26:52+00:00,
29,1505491050512928768,"RT @AirdropStario: 💧 CRAT Airdrop 💧

🏆 Task:         ➕  $50 worth of CRAT for 1000 random participants each

👨‍👩‍👧 Referral:  ➕  $100 worth…",1499764991607848971,2022-03-20 10:26:51+00:00,
30,1505491050106060800,"RT @AirdropStario: 💧 CRAT Airdrop 💧

🏆 Task:         ➕  $50 worth of CRAT for 1000 random participants each

👨‍👩‍👧 Referral:  ➕  $100 worth…",1468816272729067523,2022-03-20 10:26:51+00:00,
31,1505491049652781056,"XRP is getting ready to take off to the moon! #altcoin #bitcoin #binance #xrp #ripple

https://t.co/Hz7JvvPk5x",1462715042734829568,2022-03-20 10:26:51+00:00,
32,1505491048982024192,"RT @AirdropStario: 💧 CRAT Airdrop 💧

🏆 Task:         ➕  $50 worth of CRAT for 1000 random participants each

👨‍👩‍👧 Referral:  ➕  $100 worth…",1441627971354198021,2022-03-20 10:26:51+00:00,
33,1505491047891324930,"RT @ffurknaydnn: @kucoincom Don’t missed #SHINJA 🥷🏿🔥
Buy Now and Happy later 🥷🏿🔥

#Shibnobi #Crypto #DeFi #BTC #SHIB #Ceek #AVAX #BNB
#Ethe…",1379506222366396418,2022-03-20 10:26:51+00:00,
34,1505491047794708481,TelefyConnect is a successful initiative that has caught my attention. I feel the firm provides the finest value on the market!#DeFi #TeleFy #DEX #cryptocurrency #Ethereum #BinanceSmartchain #Bitcoin #Airdrop #polkadot #MATIC #Polygon$TELE #Cardano #ETH,1452559393090773006,2022-03-20 10:26:51+00:00,
35,1505491046075027457,"RT @ashwsbreal: #Bitcoin will hit $100k sooner 
than you think.",2479465478,2022-03-20 10:26:50+00:00,
36,1505491039393615873,"RT @BabyShibaBill: We're starting #videoads and #redditpromotions next week. In the next 15 days, #people will start to hear us. #1000x wil…",1285203091311255552,2022-03-20 10:26:49+00:00,
37,1505491039292997632,"RT @AirdropStario: 💧 CRAT Airdrop 💧

🏆 Task:         ➕  $50 worth of CRAT for 1000 random participants each

👨‍👩‍👧 Referral:  ➕  $100 worth…",1503804679528009728,2022-03-20 10:26:49+00:00,
38,1505491038588538886,"RT @airdropinspect: New airdrop: Angelic (ANGL)
Total Reward: 50,000 ANGL
Rate: ⭐️⭐️⭐️⭐️
Winners: 1,500 Random &amp; Top 50
Distribution: withi…",1460555305532547075,2022-03-20 10:26:48+00:00,
39,1505491036583636997,"RT @binance: 💰 $10,000 giveaway 💰
 
Post your #BitcoinButton result to enter!
 
Rules:
🔸 Retweet this post
🔸 Follow @Binance
🔸 Play #Bitcoi…",1450377882581094407,2022-03-20 10:26:48+00:00,
40,1505491035522277384,"RT @AirdropStario: 💧 MedusaZone Airdrop 💧

🏆 Task:          ➕  Up to 30 AMEDU (~$36)

👨‍👩‍👧 Referral:   ➕  10 AMEDU (~$12)

🔛 Airdrop Link…",1503938106826838016,2022-03-20 10:26:48+00:00,
41,1505491034658193413,"@BKEXGlobal #shinja #ShinjaSeason
#DubaiExpo2022
#DubaiCryptoExpo

#DOJOSWAP listing #Token
#Selena_Inu
#flokimusk
#saitanobi
#bobatama
#threeohdao
#YetiCoin
#kuonotori
#planataso

#shiba #Ceek #mana #raca #xrp
#altcoin #AVAX #dogecoin
#BabyDoge #GALA
@cz_binance @elonmusk #Bitcoin #ethereum",1379506222366396418,2022-03-20 10:26:47+00:00,
42,1505491034024955905,"RT @airdropinspect: New airdrop: FoodChain Global (FOOD)
Total Reward: $5,000 worth of FOOD
Rate: ⭐️⭐️⭐️⭐️
Winners: 1000 Random &amp; Top 100
D…",1504438404955742216,2022-03-20 10:26:47+00:00,
43,1505491030149324802,"RT @AirdropDet: 🔍 New #Airdrop: SteamPad

🏆 Total Airdrop Pool: 5 Million STPD [~$300,000]

🔴 Start the airdrop bot https://t.co/CR15u9bH3K…",1472911400058163201,2022-03-20 10:26:46+00:00,
44,1505491029482356741,"RT @airdropinspect: New airdrop: Flamingo Casino
Total Reward: 200 NFTs &amp; $2500 pricing pool
Rate:⭐️⭐️⭐️⭐️
Winners: 220 Random
Distribution…",1505104527866806272,2022-03-20 10:26:46+00:00,
45,1505491028685598723,"@Dayveed111 @davido Join, register, start mining, claim free renec (500), and start making money. You can thank me later:
https://t.co/0Sj2rTzY6B
#Remitano #Bitcoin #Ethereum",554187890,2022-03-20 10:26:46+00:00,
46,1505491028643508229,"RT @MartiniGuyYT: #Bitcoin stores value

#Altcoins change lives",2522014004,2022-03-20 10:26:46+00:00,
47,1505491028228608004,"RT @Revolotto: 🏏World's Dangerous Cricketer
Greatest Batsman of All-time in Cricket

🌎Universe Boss - Chris Gayle extending his support and…",1473643075838767104,2022-03-20 10:26:46+00:00,
