,id,text,author_id,created_at,geo
0,1505560793680592900,"RT @Jimakos13: I was watching the clouds from the hospital's window, while i was scratching my head i asked myself ""Will $theta achieve Glo…",426815233,2022-03-20 15:03:59+00:00,
1,1505560792208326656,"Thanks for giving us such a great opportunity. I am supporting it. always success for the development team to the moon

@Kawsar7a
@kalam_circleup 
@ashikbd79 

#Airdrop #Airdrops #Airdropinspector #FlamingoCasino #NFTs #Crypto #Bitcoin https://t.co/aOddyBsRCQ",1458457522319155202,2022-03-20 15:03:59+00:00,
2,1505560789050028033,"the strongest bullish signal flashed for #Bitcoin. Not trend reverse but price bounce is anticipated!

@tradeosiann  is a super #BTC Trader 
I’ve been following his tweets and tips seriously &amp; I’ve been doing great $MC $ARPA $CTK $AYAY #Cryptocurrency  $BNB 🤲",1447972605969895430,2022-03-20 15:03:58+00:00,
3,1505560789041700870,RT @Bitcoin: Probably not going to happen on the #Bitcoin network. https://t.co/57Dj7KthFV,767064000685301761,2022-03-20 15:03:58+00:00,
4,1505560784566648832,"RT @saylor: If you don't understand money, you won't understand #bitcoin.",1194219973834461184,2022-03-20 15:03:57+00:00,
5,1505560783362613249,"RT @Mehrdad31046861: @spy_wolf2020 @BitcoinMagazine @SpyWolfNetwork Do you want TRUE SAFU investing?
 
Go to https://t.co/n3vpOGr8W6 for cr…",1387190115202707461,2022-03-20 15:03:57+00:00,
6,1505560781961809922,"@BluesparrowC @bitfinex @BlueSparrowETH #BlueSparrow is a bridge between the stock market and crypto .. You will have both in the Blue Sparrow CEX
@BlueSparrowETH
#BluesparrowCEX
#BlueSparrow
#BlueSparrowtoken
#BlueSparrowCommunity
#bitcoin
#BestDrawToken
#Bluesparrowcharity
#Web3
#NFT 
https://t.co/A7Q5zwYcVq
🫒97",1500746915574657024,2022-03-20 15:03:57+00:00,
7,1505560778534907907,"RT @AirdropDet: 🔍 New #Airdrop: YupVerse

💲 Reward: Up to 10M YuP (~$5) + 2M YuP (~$1,000) referral pool

🔴 Start the airdrop bot https://t…",1446417519636475904,2022-03-20 15:03:56+00:00,
8,1505560776098033666,"We just know #XRP will moon #crypto #binance #cryptocurrency #bitcoin #btc

https://t.co/IFzyIVsm0C",1075726594226831360,2022-03-20 15:03:55+00:00,
9,1505560773241688069,RT @defi_daria: Can you really argue that #bitcoin is involved in everything now? https://t.co/EQQv6Za3nA,1433400418046861313,2022-03-20 15:03:54+00:00,
10,1505560773011120130,What did you learn ? #bitcoin https://t.co/iH5okQrUH5,1345341875763507202,2022-03-20 15:03:54+00:00,
11,1505560768661516289,RT @WatcherGuru: JUST IN: 🇺🇸 U.S. Congressman Pete Sessions says Texas will be the #Bitcoin capital.,1344526704606232576,2022-03-20 15:03:53+00:00,
12,1505560767902494723,XRP is getting ready to take off to the moon! #altcoin #bitcoin #binance #xrp #ripple https://t.co/orVxMo7gZb,1256419926081966081,2022-03-20 15:03:53+00:00,
13,1505560767298523142,"@BluesparrowC @bitfinex @BlueSparrowETH #BlueSparrow is a bridge between the stock market and crypto .. You will have both in the Blue Sparrow CEX
@BlueSparrowETH
#BluesparrowCEX
#BlueSparrow
#BlueSparrowtoken
#BlueSparrowCommunity
#bitcoin
#BestDrawToken
#Bluesparrowcharity
#Web3
#NFT 
https://t.co/A7Q5zwYcVq
🫒96",1500746915574657024,2022-03-20 15:03:53+00:00,
14,1505560766069579788,"RT @AirdropDet: 🔍 New #Airdrop: YupVerse

💲 Reward: Up to 10M YuP (~$5) + 2M YuP (~$1,000) referral pool

🔴 Start the airdrop bot https://t…",1290499171707834370,2022-03-20 15:03:53+00:00,
15,1505560761979994113,"RT @WatcherGuru: JUST IN: 🇸🇬 Singapore’s largest bank, DBS Bank CEO, Piyush Gupta, says central banks should regulate #Bitcoin &amp; #crypto.",1405539263559585795,2022-03-20 15:03:52+00:00,
16,1505560761535541251,"RT @AirdropDet: 🔍 New #Airdrop: Elite Cash

🏆 Total Airdrop Pool: 140,000 ELC [~$49,000]

🔴 Start the airdrop bot https://t.co/geX2YRhj5n…",707215059848708096,2022-03-20 15:03:52+00:00,
17,1505560761485172744,"RT @yongclean: @Ralvero You looking for @Bobatama? 
#BOBAMASK #BOBATAMA
#BOBATAMA1000x

@elonmusk
#ETH #Bitcoin  #nftart #NFTartist #trendi…",1394520650849689611,2022-03-20 15:03:52+00:00,
18,1505560761317224449,"@airdropinspect Thanks for giving us such a great opportunity. I am supporting it. always success for the development team to the moon

@Kawsar7a
@kalam_circleup 
@ashikbd79 

#Airdrop #Airdrops #Airdropinspector #FlamingoCasino #NFTs #Crypto #Bitcoin",1458457522319155202,2022-03-20 15:03:52+00:00,
19,1505560759258042371,"RT @WeLive2BICONic: It's been a good week for crypto so far. I am positive we'll survive weekend!

#Bitcoin",1501434098740604928,2022-03-20 15:03:51+00:00,
20,1505560759085977603,"RT @PotatoCoinSPL: 25B Potato giveaway

Potato will surprise you all with what we are about to announce.

Like, Retweet and Tag 3 friends t…",918476746038697984,2022-03-20 15:03:51+00:00,
21,1505560757928308746,"RT @Revolotto: 🏏World's Dangerous Cricketer
Greatest Batsman of All-time in Cricket

🌎Universe Boss - Chris Gayle extending his support and…",2353649196,2022-03-20 15:03:51+00:00,
22,1505560757215580165,"RT @airdropinspect: New airdrop: MOMOCO (USDT)
Total Reward: 3,000 USDT
Rate: ⭐️⭐️⭐️⭐️
Winners: 1000 Random &amp; Top 100
Distribution: within…",1427249505536069646,2022-03-20 15:03:51+00:00,
23,1505560756288475148,"RT @WatcherGuru: JUST IN: 🇸🇬 Singapore’s largest bank, DBS Bank CEO, Piyush Gupta, says central banks should regulate #Bitcoin &amp; #crypto.",1242741849992945664,2022-03-20 15:03:50+00:00,
24,1505560756217167873,"RT @proleafty: Join the ☘️ LEAFTY community

#cryptocurrency #bitcoin #crypto #blockchain #btc #ethereum #forex #money #trading #bitcoinmin…",1466670033275400192,2022-03-20 15:03:50+00:00,
25,1505560754899939328,"We just know #XRP will moon #crypto #binance #cryptocurrency #bitcoin #btc

https://t.co/BRb5Rh3Br4",1292567163945934848,2022-03-20 15:03:50+00:00,
26,1505560754862309376,"RT @YupVerse: ✔️ YupVerse Airdrop (New Round) is live!

🔵 Airdrop Reward: Up to 10 Million YuP (~$5)

🔵 Referral Reward: 2 Million YuP (~$1…",472955032,2022-03-20 15:03:50+00:00,
27,1505560754061074435,"RT @Ido_Cherry: @gate_io $IDO  @ido_meta  is deflationary and has a complete ecology #BNB 
#GameFi #P2E 
#Crypto
👉 $IDO is only 21 million…",1470314737011466242,2022-03-20 15:03:50+00:00,
28,1505560753755291649,"RT @AirdropStario: 💧 CRAT Airdrop 💧

🏆 Task:         ➕  $50 worth of CRAT for 1000 random participants each

👨‍👩‍👧 Referral:  ➕  $100 worth…",1472566504172363780,2022-03-20 15:03:50+00:00,
29,1505560752299515920,"@Crypto__Diva Want to earn your tokens while you sleep? We're talking daily compounding 1.8999%, fixed APY of 102,483%. No joke. Check out @TitanoFinance #altcoin #BINANCE #BITCOIN #BSCGems #BNBchain #decentralized #defi https://t.co/JSzzi4Lhiy",1461849219409461248,2022-03-20 15:03:49+00:00,
30,1505560752047984641,"The current price of bitcoin is $41,440.00. It has decreased by -0.930% in the last 24 hours #bitcoin #btc #cryptocurrency",1374776463166148609,2022-03-20 15:03:49+00:00,
31,1505560750403825668,"@BluesparrowC @bitfinex @BlueSparrowETH #BlueSparrow is a bridge between the stock market and crypto .. You will have both in the Blue Sparrow CEX
@BlueSparrowETH
#BluesparrowCEX
#BlueSparrow
#BlueSparrowtoken
#BlueSparrowCommunity
#bitcoin
#BestDrawToken
#Bluesparrowcharity
#Web3
#NFT 
https://t.co/A7Q5zwYcVq
🫒95",1500746915574657024,2022-03-20 15:03:49+00:00,
32,1505560750185623561,We just know #XRP will moon #crypto #binance #cryptocurrency #bitcoin #btc https://t.co/C6kM5LYTmp,763616258436767744,2022-03-20 15:03:49+00:00,
33,1505560749971705859,"RT @CrypChic: If you could hold just 3 for the next 5 years, which coins would you choose? 
#bitcoin 
#ethereum 
#cardano 
$xrp 
$sol 
$dot…",2566706215,2022-03-20 15:03:49+00:00,
34,1505560748583530501,"Xterral Women 
https://t.co/B6mBGmn4Ty

#nfts #nft #nftart #nftcommunity #NFTcollections #nftartist #cryptoart #digitalart #art #crypto #ethereum #blockchain #opensea #nftcollectors #bitcoin #cryptocurrency #nftdrop #cryptoartist #nftcollectibles #openseanft #nftartists #artist",1317247259541721089,2022-03-20 15:03:49+00:00,
35,1505560747690004481,XRP is getting ready to take off to the moon! #altcoin #bitcoin #binance #xrp #ripple https://t.co/ogj61uHXuO,1427380941257838599,2022-03-20 15:03:48+00:00,
36,1505560747186835462,"@nftjuno @AlphaSkullz 

Public Mint is Live!
https://t.co/E443KUT96f
0.08 $ETH

Check them out:
https://t.co/jAEIkdpcbW

Join the AlphaSkullz Alliance:
https://t.co/p5OeSMZp0A

#NFT #NFTCommunity #P2E #gaming #crypto #cryptocurrency #ETH #Ethereum #BTC #Bitcoin #BNB $oulz #Metaverse #HODL",570246783,2022-03-20 15:03:48+00:00,
37,1505560745739792389,https://t.co/STHr6hzGbt #DeFi #TeleFy #DEX #cryptocurrency #Ethereum #BinanceSmartChain #Bitcoin #Airdrop #polkadot #MATIC #Polygon $TELE #Cardano #ETH https://t.co/LTsjC2fmRZ,1245027598016688133,2022-03-20 15:03:48+00:00,
38,1505560744615878660,"RT @airdropinspect: New airdrop: Ubiquity DAO (USDT)
Total Reward: 2,500 USDT
Rate: ⭐️⭐️⭐️⭐️
Winners: 1,000 Random &amp; Top 100
Distribution:…",1428192752005570561,2022-03-20 15:03:48+00:00,
39,1505560743353237505,"RT @airdropinspect: New airdrop: FoodChain Global (FOOD)
Total Reward: $5,000 worth of FOOD
Rate: ⭐️⭐️⭐️⭐️
Winners: 1000 Random &amp; Top 100
D…",1375766971963342848,2022-03-20 15:03:47+00:00,
40,1505560743168516100,"n Japan, #XRP is religion. I love it! All works! #eth #ethereum #binance #bitcoin btc #ripple #crypto #cryptocurrency

https://t.co/PbvwRofQN6",1351722762180698114,2022-03-20 15:03:47+00:00,
41,1505560742824534022,"We just know #XRP will moon #crypto #binance #cryptocurrency #bitcoin #btc

https://t.co/GAz4rmQoSh",1270420878896107523,2022-03-20 15:03:47+00:00,
42,1505560741323034629,"the strongest bullish signal flashed for #Bitcoin. Not trend reverse but price bounce is anticipated!

@tradeosiann  is a super #BTC Trader 
I’ve been following his tweets and tips seriously &amp; I’ve been doing great $MC $ARPA $CTK $AYAY #Cryptocurrency  $BNB r",1453597703288414212,2022-03-20 15:03:47+00:00,
43,1505560741306245122,"the strongest bullish signal flashed for #Bitcoin. Not trend reverse but price bounce is anticipated!

@tradeosiann  is a super #BTC Trader 
I’ve been following his tweets and tips seriously &amp; I’ve been doing great $MC $ARPA $CTK $AYAY #Cryptocurrency  $BNB e",1453597703288414212,2022-03-20 15:03:47+00:00,
44,1505560739620134927,We just know #XRP will moon #crypto #binance #cryptocurrency #bitcoin #btc https://t.co/buhLvBOaGx,1205221563894845446,2022-03-20 15:03:46+00:00,
45,1505560737762013186,"RT @Revolotto: 🏏World's Dangerous Cricketer
Greatest Batsman of All-time in Cricket

🌎Universe Boss - Chris Gayle extending his support and…",1158955530175434752,2022-03-20 15:03:46+00:00,
46,1505560735123795969,"We just know #XRP will moon #crypto #binance #cryptocurrency #bitcoin #btc

https://t.co/Hvu17BDirs",1339394212912115712,2022-03-20 15:03:45+00:00,
47,1505560734671175681,"RT @WatcherGuru: JUST IN: 🇸🇬 Singapore’s largest bank, DBS Bank CEO, Piyush Gupta, says central banks should regulate #Bitcoin &amp; #crypto.",1491991118850183169,2022-03-20 15:03:45+00:00,
48,1505560734503215114,"@BluesparrowC @bitfinex @BlueSparrowETH #BlueSparrow is a bridge between the stock market and crypto .. You will have both in the Blue Sparrow CEX
@BlueSparrowETH
#BluesparrowCEX
#BlueSparrow
#BlueSparrowtoken
#BlueSparrowCommunity
#bitcoin
#BestDrawToken
#Bluesparrowcharity
#Web3
#NFT 
https://t.co/A7Q5zwYcVq
🫒94",1500746915574657024,2022-03-20 15:03:45+00:00,
49,1505560733349650432,"RT @AirdropStario: 💧 CryptoZerofi Airdrop 💧

🏆 Task:          ➕ 22,000 USDT » Total reward pool.

🔛 Airdrop Link &amp; Information: https://t.c…",1407282166233370630,2022-03-20 15:03:45+00:00,
