,id,text,author_id,created_at,geo
0,1505617919408967680,"RT @AltCryptoGems: $BTC / $USD update! 📊

#Bitcoin has tried to break through the resistance at $42.6K as you can see below, but so far fai…",1362821051818811392,2022-03-20 18:50:59+00:00,
1,1505617918767386625,"RT @mandy_sir1: New #ATH is coming soon with #MarvinInu $Marvin @Marvin_Inu 

#Ukraine️ #bitcoin #Russia #BNB #solana #Metaverse #orbit #NF…",1482659966150455298,2022-03-20 18:50:59+00:00,
2,1505617918226219016,"RT @p2ePrizeFighter: Who will be the next challenger?
(Screenshot from Actual Gameplay)

#nft #nftart #art #digitalart #nfts #nftartist #cr…",1438260699139133448,2022-03-20 18:50:59+00:00,
3,1505617916804300800,"Plooty found #bitcoin in a User vault at this location! Join me playing #coinhuntworld, It's awesome! https://t.co/fPSg4H3NEf #cryptocurrency #99159 https://t.co/6zaX6D4f3o",1479616388733964289,2022-03-20 18:50:59+00:00,
4,1505617916179460096,"RT @airdropinspect: New airdrop: Fracproperty X PriMetaProp(FRAC)
Total Reward: $10,000 worth of FRAC 
Rate: ⭐️⭐️⭐️⭐️
Winners: 2000 Random…",1303458293709516802,2022-03-20 18:50:58+00:00,
5,1505617912962646017,"RT @NightlordNFT: 🎁GIVEAWAY🎁

PRIZES:
🏆1X NFT 🏆
💵 40 $  💵

RULES:
-Follow @NightlordNFT and @nftbaronss .
-Retweet and like this post.

⏱️G…",1501948783722377217,2022-03-20 18:50:58+00:00,
6,1505617908826886144,"#Bitcoin bearish 3 drive, and flush could be a possibility 👀

Don't be overleveraged here ✍🏻 https://t.co/acR5EBeBgO",1431632200018112522,2022-03-20 18:50:57+00:00,
7,1505617906759053322,RT @rovercrc: #BITCOIN IS STARTING TO PUMP AGAIN!!! 🚀,1499868526403796996,2022-03-20 18:50:56+00:00,
8,1505617903864979460,"Art created by AI is scary nowadays and will only get better. However, nothing will ever replace works done by hand.. 

This is AI's take on ""The Birth of PEPE on ₿itcoin"" #bitcoin 

 https://t.co/n8XVNdV07V

1st Dispenser: https://t.co/Gg64xKM87l https://t.co/BJM5erXw8q",1423118414030196737,2022-03-20 18:50:55+00:00,
9,1505617903365763073,"RT @AirdropDet: 🔍 New #Airdrop: YupVerse

💲 Reward: Up to 10M YuP (~$5) + 2M YuP (~$1,000) referral pool

🔴 Start the airdrop bot https://t…",1505557284910354434,2022-03-20 18:50:55+00:00,
10,1505617899607801858,"YoBit AirDrop: Earn up to 4700 Fast Dollars daily: https://t.co/5LagZBYIVN
#yobit #bitcoin #etherum",1496950327010115584,2022-03-20 18:50:54+00:00,
11,1505617899372916744,#bitcoin hits 50k by tomorrow or i delete @cryptogems555 account,1419659978437181444,2022-03-20 18:50:54+00:00,
12,1505617898815082509,"RT @DocumentingBTC: Hal Finney was a pioneer, cypherpunk, and the first to receive a #bitcoin  transaction from Satoshi Nakamoto. Hal gave…",393182862,2022-03-20 18:50:54+00:00,
13,1505617897787469825,"@crypto_birb @Bobatama
The Gem of the year, Token of the future.🚀🚀
Check it out🚀
#BOBAMASK #BOBATAMA
#BOBATAMA1000x

@AuzsomeAustin @elonmusk @MattWallace888 @JakeGagain
@Yourpop8 @Z_humphries
#ETH #Bitcoin  #nftart #NFTartist
#Crypto $Boba
#1000xGem #LBANK

👉 https://t.co/rW4kKwV3S8🥇🥇",1327235463682383872,2022-03-20 18:50:54+00:00,
14,1505617893635067905,"RT @AirdropDet: 🔍 New #Airdrop: YupVerse

💲 Reward: Up to 10M YuP (~$5) + 2M YuP (~$1,000) referral pool

🔴 Start the airdrop bot https://t…",1483359855826153472,2022-03-20 18:50:53+00:00,
15,1505617891919544325,"I quit shitcoins along the way, but did anyone get that uniswap airdrop in summer 2020 and immediately slams those 400 shit tokens into about 20 million sats?  Those sats hit different 
#bitcoin",1344461036078784514,2022-03-20 18:50:53+00:00,
16,1505617891076452354,RT @BitcoinMagazine: The revolution can not be stopped. #Bitcoin https://t.co/J51qviTWId,980162337968721920,2022-03-20 18:50:52+00:00,
17,1505617884567031812,"RT @airdropinspect: New airdrop: Flamingo Casino
Total Reward: 200 NFTs &amp; $2500 pricing pool
Rate:⭐️⭐️⭐️⭐️
Winners: 220 Random
Distribution…",1368904267428487169,2022-03-20 18:50:51+00:00,
18,1505617883572760578,"XRP is getting ready to take off to the moon! #altcoin #bitcoin #binance #xrp #ripple

https://t.co/Iqs1b78Tyf",1490798795621167105,2022-03-20 18:50:51+00:00,
19,1505617881978978305,"RT @airdropinspect: New airdrop: Flamingo Casino
Total Reward: 200 NFTs &amp; $2500 pricing pool
Rate:⭐️⭐️⭐️⭐️
Winners: 220 Random
Distribution…",1453218537993129988,2022-03-20 18:50:50+00:00,
20,1505617876266491904,"RT @saylor: If you don't understand money, you won't understand #bitcoin.",1480706553397366792,2022-03-20 18:50:49+00:00,
21,1505617865055088648,"Fantastic project great potential. Glad to be part of this project. Go to the moon. ❤️❤️❤️❤️
@elonmusk 
@taraqur007 
@TaraqurMd 
#cryptocurrency #airdrop
#BSC #ETH #Bitcoin https://t.co/HneJJtntEd",1503046617951535106,2022-03-20 18:50:46+00:00,
22,1505617861615648768,"RT @AirdropStario: 💧 Odds96 Airdrop 💧

🏆 Task:          ➕ $10 worth of Odds96 Tokens.

🔛 Airdrop Link &amp; Information: https://t.co/rBb5KjyM1…",1505484952938328065,2022-03-20 18:50:45+00:00,
23,1505617860403798017,"RT @ichimokudoc: #btc moving in a rising wedge. We have a flat Kijun and falling volume. Expecting a retrace to at least $39.4k

#bitcoin #…",1356481041066680322,2022-03-20 18:50:45+00:00,
24,1505617856699912194,"We just know #XRP will moon #crypto #binance #cryptocurrency #bitcoin #btc

https://t.co/SBYnvMjHpl",1435275601393459203,2022-03-20 18:50:44+00:00,
25,1505617853755576326,"RT @saylor: If you don't understand money, you won't understand #bitcoin.",895999079213412354,2022-03-20 18:50:44+00:00,
26,1505617853608775686,"RT @TechDev_52: #Bitcoin 

2010-2013  1W        vs.        2016-Now  3W

Similar:
+ HTF structure
+ Wave degrees
+ Wave timings (in bars)…",1470460694604701701,2022-03-20 18:50:43+00:00,
27,1505617851746500615,"RT @HemnMuhammadzad: @Jonatha86858120 @ConnectorCoin @cz_binance @coinbase ➡️ @CONNECTORCOIN ⬅️
Good Project 👌👌👌
#crypto #bitcoin 
#CONNECT…",1494298813129015304,2022-03-20 18:50:43+00:00,
28,1505617847283765249,"RT @AirdropDet: 🔍 New #Airdrop: YupVerse

💲 Reward: Up to 10M YuP (~$5) + 2M YuP (~$1,000) referral pool

🔴 Start the airdrop bot https://t…",1475488134657978378,2022-03-20 18:50:42+00:00,
29,1505617846813880323,You can do Cloud Mining using this site https://t.co/DDLCN61Z6t                            #mining #trxmining #money #earnmoney #register #bitcoin #ethereum #btc #eth #tronvex 4207,1256988332048998400,2022-03-20 18:50:42+00:00,
30,1505617846168350720,"💫 Why do you believe in #Bitcoin?
#Bitcoin #crypto
@aliciakeys https://t.co/XKjYWzEuzF",565334865,2022-03-20 18:50:42+00:00,
31,1505617845660626944,"RT @Arnold_Donelly: Big whales are taking action on @Marvin_Inu $Marvin already
#MarvinInu is pumping already. New all time high is incomin…",1493306388273106947,2022-03-20 18:50:42+00:00,
32,1505617844091957255,"- 
BTC price: $41,191 / £31,250 

24.28 Naks per USD
32.0 Naks per GBP

&lt;price steady&gt; 

One #Bitcoin = one million #Naks. Simple as that!  
#Bitcoinprice #SatoshiNakamoto

20/03/2022  18:50:39 GMT https://t.co/TifT9WUTMK",1317380967393353733,2022-03-20 18:50:41+00:00,
33,1505617842925936651,"RT @MartiniGuyYT: Trading #Bitcoin is like riding a unicycle

Anybody can get good at it...

But at any point you can fall off &amp; crack your…",1478386710358761487,2022-03-20 18:50:41+00:00,
34,1505617841617354759,"https://t.co/iFL9K4LP7c #DeFi  #DEX #cryptocurrency #Ethereum #BinanceSmartChain #Bitcoin #Airdrop #polkadot #MATIC #Polygon $TELE #Cardano #ETH 
#TeleFy is credit score oriented multi chain Define solution which has its own DEX, Lending Platform, LaunchPad, NET market Place.",1218534606607208448,2022-03-20 18:50:41+00:00,
35,1505617841336238093,"🕵🚀💸 Sun, 20 Mar 2022 18:50:40 GMT - TOP 10 - $BTC: $41,169.00 0% | $ETH: $2,838.18 0% | $USDT: $1.00 0% | $BNB: $388.35 0% | $USDC: $1.00 0% | $XRP: $0.80 0% | $LUNA: $90.67 0% | $SOL: $88.77 0% | $ADA: $0.87 0% | $AVAX: $85.98 0% |  #crypto #blockchain #bitcoin",1482348918486753281,2022-03-20 18:50:41+00:00,
36,1505617840618946561,"RT @CarfuelFinance: Whitepaper published. 

https://t.co/TVXdTxWcNC

#Carfuelfinance #Airdrop #Airdrops #BINANCE #Bitcoin #Etherum  #Giveaw…",1186284049,2022-03-20 18:50:40+00:00,
37,1505617837523705859,RT @paxful: #Bitcoin only. https://t.co/WXUtFqPmxm,1363917196989136896,2022-03-20 18:50:40+00:00,
38,1505617834184888321,"We just know #XRP will moon #crypto #binance #cryptocurrency #bitcoin #btc

https://t.co/GOzSZtxfX7",1464611306263269378,2022-03-20 18:50:39+00:00,
39,1505617832150974464,"RT @NightlordNFT: 🎁 GIVEAWAY 🎁

PRIZES:
🏆 1 X NFT 🏆
💵   40 $   💵

RULES:
-Follow @NightlordNFT and @nftbaronss .
-Retweet and like this pos…",1501948783722377217,2022-03-20 18:50:38+00:00,
40,1505617831425105920,"RT @TechDev_52: Observations on the new #Bitcoin Accumulation Trend Score.

Closer to 0 (darker) = larger entities distributing or not accu…",1470460694604701701,2022-03-20 18:50:38+00:00,
41,1505617825859260417,RT @Meme_Rank: @BitcoinMagazine The oldest and best currency of all. Waiting for the day when 100% of Bitcoin will be  mined to tell the st…,1436661859864784903,2022-03-20 18:50:37+00:00,
42,1505617822034051078,"RT @AztecGoldHero: #Waves is ready to leave solar system. next stop is the borders of milkway galaxy on the road of andromeda.

#bitcoin @s…",723984367551434752,2022-03-20 18:50:36+00:00,
43,1505617821614501889,"We just know #XRP will moon #crypto #binance #cryptocurrency #bitcoin #btc

https://t.co/sXeCLY9Beb",1493867070412361737,2022-03-20 18:50:36+00:00,
44,1505617819228160000,"RT @saylor: @elonmusk USD consumer inflation will continue near all time highs, and asset inflation will run at double the rate of consumer…",64024709,2022-03-20 18:50:35+00:00,
45,1505617819110866950,RT @ashwsbreal: #Bitcoin yearly returns! https://t.co/R3rx1Zv2fz,1231986186803007502,2022-03-20 18:50:35+00:00,
46,1505617818389151748,"RT @rovercrc: The peak high #Crypto cycle predictions: 

#Bitcoin $200,000-$300,000
#Ethereum $15,000-$25,000
#Polkadot $250-$300
#Chainlin…",1127070048,2022-03-20 18:50:35+00:00,
47,1505617815482482689,"VLR can be staked in the VLR Staking pool. As part of the staking pool mechanism.
#valerstudios #VLR #blockchain #cryptocurrency #technology #bitcoin #money #crypto #Binance #BNB #cryptocurrencies #fintech 
@Valerstudios  
https://t.co/8oHorpzRGi",1463947129299161088,2022-03-20 18:50:34+00:00,
48,1505617812949434368,"RT @TheCryptoLaunch: 💥The Crypto Launchpad Giveaway💥

🏆 Task: Up to $50 worth of TCL Partners' Tokens.

👨‍👩‍👧 Referral: $25 worth of TCL Pa…",1494841927539523585,2022-03-20 18:50:34+00:00,
49,1505617811833769984,"RT @AirdropDet: 🔍 New #Airdrop: Elite Cash

🏆 Total Airdrop Pool: 140,000 ELC [~$49,000]

🔴 Start the airdrop bot https://t.co/geX2YRhj5n…",1500641025114931201,2022-03-20 18:50:34+00:00,
