,id,text,author_id,created_at,geo
0,1505511720265072641,"RT @jon_mcmlvii: @Doru5S @iEx_ec @BlairMacz Any #developers looking to #earn, and #help implement #projects on #iExec. Please get in touch…",1051649960,2022-03-20 11:48:59+00:00,
1,1505511718625202176,"Top 10 coins by 1-day Social volume and Social engagement

$btc #bitcoin
$eth #ethereum
$xrp #xrp
$ape #apecoin
$cake #pancakeswap
$xtz #tezos
$doge #dogecoin
$shib #shibainu
$babydoge #babydogecoin
$ada #cardano

https://t.co/KmBu20q17p",2533114346,2022-03-20 11:48:59+00:00,
2,1505511718415392769,"RT @EtherNasyonaL: Cryptocurrency adoption continues rapidly around the world ⏳

#Bitcoin #Ethereum #crypto #cryptocurrency #cryptocurrenci…",3312027903,2022-03-20 11:48:59+00:00,
3,1505511718394351616,"We just know #XRP will moon #crypto #binance #cryptocurrency #bitcoin #btc

https://t.co/lr1wOZPKcE",1481228688343834625,2022-03-20 11:48:59+00:00,
4,1505511712845299712,"RT @AirdropStario: 💧 PeaSwap Finance Airdrop 💧

🏆 Task:          ➕ 10 PEA for 300 random participants each.

🔛 Airdrop Link &amp; Information:…",1471420799160516611,2022-03-20 11:48:58+00:00,
5,1505511709800566786,"@safewalletoffic #Airdrop #BSC #Bitcoin #USDT #SafeWallet #SLT #Airdropstario
Huraa
Good project👍👍
@Saiful21806034 
@Adi11281 
@Aldi11281 
Come guys",1470441840264429571,2022-03-20 11:48:57+00:00,
6,1505511709515005953,"RT @rektcapital: Welcome back to $42,000 #BTC 

$BTC #Crypto #Bitcoin",1468988712709025792,2022-03-20 11:48:57+00:00,
7,1505511707304677376,"RT @AirdropStario: 💧 PeaSwap Finance Airdrop 💧

🏆 Task:          ➕ 10 PEA for 300 random participants each.

🔛 Airdrop Link &amp; Information:…",1343183546039623680,2022-03-20 11:48:56+00:00,
8,1505511706168025093,"RT @AirdropDet: 🔍 New #Airdrop: YupVerse

💲 Reward: Up to 10M YuP (~$5) + 2M YuP (~$1,000) referral pool

🔴 Start the airdrop bot https://t…",1505482329250320384,2022-03-20 11:48:56+00:00,
9,1505511705698529285,"RT @AirdropDet: 🔍 New #Airdrop: YupVerse

💲 Reward: Up to 10M YuP (~$5) + 2M YuP (~$1,000) referral pool

🔴 Start the airdrop bot https://t…",1170743572062015489,2022-03-20 11:48:56+00:00,
10,1505511703613952003,"RT @AirdropDet: 🔍 New #Airdrop: Elite Cash

🏆 Total Airdrop Pool: 140,000 ELC [~$49,000]

🔴 Start the airdrop bot https://t.co/geX2YRhj5n…",1368172002071228426,2022-03-20 11:48:55+00:00,
11,1505511702741364744,"@Retoken_io #Airdrop #Airdrops #Crypto #BSC #Binance #ETH #Bitcoin #Cryptocurrency #BinanceSmartChain 
#Retoken #airdrop is live now!
@Dwimaulee
@Merida56781521
@Neginfdm
@alkauthar9
@Samira27187398",1404561424681144321,2022-03-20 11:48:55+00:00,
12,1505511699209756675,"RT @p2ePrizeFighter: ""Float like a butterfly. Sting like a bee!""
- Muhammad Ali

What's your boxing strategy?

#nft #nftart #art #digitalar…",1258038433282502656,2022-03-20 11:48:54+00:00,
13,1505511696315535368,"n Japan, #XRP is religion. I love it! All works! #eth #ethereum #binance #bitcoin btc #ripple #crypto #cryptocurrency

https://t.co/cUIAwSM84V",1461272007388008456,2022-03-20 11:48:54+00:00,
14,1505511696298758146,"RT @cub_ietz: @WhoKnowYouuu @OfficialTravlad 1. Buy #SKUY #SEKUYA @sekuyaofficial 
2. Hodl enjoy reflection + autoburn
3. Repeat

#Crypto I…",1485794575298232321,2022-03-20 11:48:54+00:00,
15,1505511696215187459,RT @Meta_UFO: #bitcoin and #MetaUFO have no inflation.,1494693370266263553,2022-03-20 11:48:54+00:00,
16,1505511695925772288,"RT @p2ePrizeFighter: ""Float like a butterfly. Sting like a bee!""
- Muhammad Ali

What's your boxing strategy?

#nft #nftart #art #digitalar…",896816341893730304,2022-03-20 11:48:54+00:00,
17,1505511694809903104,RT @Meta_UFO: #bitcoin and #MetaUFO have no inflation.,1503785771005882369,2022-03-20 11:48:53+00:00,
18,1505511694130626565,"RT @AirdropDet: 🔍 New #Airdrop: TeddyDoge

💲 Reward: Up to 2,800 TEDDY + 800K TEDDY referral pool

🔴 Start the airdrop bot https://t.co/bJW…",1404066049989902340,2022-03-20 11:48:53+00:00,
19,1505511693861933057,"RT @AirdropStario: 💧 SafeWallet Airdrop 💧

🏆 Task:        ➕ 175 SLT (~$3.5) for 1000 random participants

👨‍👩‍👧 Referral: ➕ 30,000 SLT (~$6…",1487790182548099075,2022-03-20 11:48:53+00:00,
20,1505511693484531714,"RT @Nonceblox_: Master of your own data, truly decentralized authority and democratic access to all along with cutting edge VR and AI.

#bl…",1501272873465384967,2022-03-20 11:48:53+00:00,
21,1505511689156009986,Get IN now don't be LATE #xrp #binance #cryptocurrency #bitcoin https://t.co/7NWXSkyLCN,916008553453965314,2022-03-20 11:48:52+00:00,
22,1505511688501710855,"@epanchjanya #SHINJA 🥷🔥 
BUY NOW AND JUST WATC GOİNG TO THE MOON⚔️🥷🔥🚀🚀
🥷 #Shinja #Shibnobi $Shinja
🥷 #SHIBNOBI_DOJOSWAP
🥷 #SHIBNOBI_WALLET 
🥷 #SHIBNOBI_BLOCKCHAIN 
🥷 #SHIBNOBI_DOJOVERSE 

#Bitcoin #RACA #ETH #Binance #BNB #Metaverse #kriptopara",1498781970846949376,2022-03-20 11:48:52+00:00,
23,1505511688015122432,"RT @backerfigth: Please check out this bsc news 🔥🚀🦍 
Dubai reward goes to $FEG 
@FEGtoken #FEGex #Bitcoin #Ethereum #avax #Polygon $ROX #Sm…",1461470598627053568,2022-03-20 11:48:52+00:00,
24,1505511687750889476,"The latest The Classified ads, free, jobs Daily! https://t.co/kJ3yh3b90C Thanks to @sonyasparks @SebaAndrew2 @Versatileer #bitcoin #classifiedads",1077644101,2022-03-20 11:48:52+00:00,
25,1505511687188893698,RT @GoingParabolic: Gm Goldman Sachs. I want to officially welcome your wealth managers to the #Bitcoin party. Congratulations to their cli…,1373305713326444548,2022-03-20 11:48:51+00:00,
26,1505511687138459652,"RT @AirdropStario: 💧 MedusaZone Airdrop 💧

🏆 Task:          ➕  Up to 30 AMEDU (~$36)

👨‍👩‍👧 Referral:   ➕  10 AMEDU (~$12)

🔛 Airdrop Link…",1494159185755488256,2022-03-20 11:48:51+00:00,
27,1505511686056267779,"RT @YupVerse: ✔️ YupVerse Airdrop (New Round) is live!

🔵 Airdrop Reward: Up to 10 Million YuP (~$5)

🔵 Referral Reward: 2 Million YuP (~$1…",1215941649789939713,2022-03-20 11:48:51+00:00,
28,1505511685473255424,"Crypto In 2022 Will Bring New And Older Emergent Trends To The Fore
#Cryptocurrencies #CryptoTrends #Bitcoin #CryptoATMs #Metaverse 
Check Here: https://t.co/6ezlUSmp41",1098567034047262720,2022-03-20 11:48:51+00:00,
29,1505511681178611714,"RT @airdropinspect: New airdrop: MOMOCO (USDT)
Total Reward: 3,000 USDT
Rate: ⭐️⭐️⭐️⭐️
Winners: 1000 Random &amp; Top 100
Distribution: within…",1363761167261458433,2022-03-20 11:48:50+00:00,
30,1505511679777337350,"We just know #XRP will moon #crypto #binance #cryptocurrency #bitcoin #btc

https://t.co/v0JWa7WuFf",717090517562089474,2022-03-20 11:48:50+00:00,
31,1505511677852553220,"RT @Meta_Gaming99: Meta Gaming  🎁
 Airdrop for everyone

Steps:
1️⃣Follow us Twitter @Meta_Gaming99 RT&amp;Tag 3 friends
2️⃣Join us TG group: h…",1497254344907169792,2022-03-20 11:48:49+00:00,
32,1505511677420523527,I just voted in #okornotok from @Okcoin — submit your votes &amp; tweet about it for a chance to win 12k in #bitcoin.   It's all right here: 👇 https://t.co/Tjf993hvMj,932597169722232832,2022-03-20 11:48:49+00:00,
33,1505511675331428357,"RT @AirdropStario: 💧 SafeWallet Airdrop 💧

🏆 Task:        ➕ 175 SLT (~$3.5) for 1000 random participants

👨‍👩‍👧 Referral: ➕ 30,000 SLT (~$6…",1345573065271361536,2022-03-20 11:48:49+00:00,
34,1505511674446557190,"Fantastic project with great potential. The dedication and ingenuity of the team with great fan support will make this the envy of the crypto world. Glad to be a part.
#FlagNetwork #IDO #cryptocurrency #Bitcoin #NFTs
https://t.co/U2dtSQqE2n https://t.co/2axF1AFeju",1483763027610673157,2022-03-20 11:48:48+00:00,
35,1505511673746046984,"RT @binance: 💰 $10,000 giveaway 💰
 
Post your #BitcoinButton result to enter!
 
Rules:
🔸 Retweet this post
🔸 Follow @Binance
🔸 Play #Bitcoi…",523221756,2022-03-20 11:48:48+00:00,
36,1505511672319938568,"We just know #XRP will moon #crypto #binance #cryptocurrency #bitcoin #btc

https://t.co/0WgTVwr1kR",2837613235,2022-03-20 11:48:48+00:00,
37,1505511671074377732,XRP is getting ready to take off to the moon! #altcoin #bitcoin #binance #xrp #ripple https://t.co/wdPhWfQ860,1318421188893380608,2022-03-20 11:48:48+00:00,
38,1505511670680068098,"RT @binance: Click a button, win a #Bitcoin.
 
Sound good? #BitcoinButton 
 
Go ➡️ https://t.co/OwsRxlzV3D https://t.co/mnATF6ZMJ8",2387918072,2022-03-20 11:48:48+00:00,
39,1505511670009024515,"RT @AirdropStario: 💧 PeaSwap Finance Airdrop 💧

🏆 Task:          ➕ 10 PEA for 300 random participants each.

🔛 Airdrop Link &amp; Information:…",1331711429276209158,2022-03-20 11:48:47+00:00,
40,1505511669979840518,"RT @Revolotto: 🏏World's Dangerous Cricketer
Greatest Batsman of All-time in Cricket

🌎Universe Boss - Chris Gayle extending his support and…",1483605326796828678,2022-03-20 11:48:47+00:00,
41,1505511668276600833,"RT @Revolotto: 🏏World's Dangerous Cricketer
Greatest Batsman of All-time in Cricket

🌎Universe Boss - Chris Gayle extending his support and…",1499977389862170625,2022-03-20 11:48:47+00:00,
42,1505511665999220740,"@bopinion But I find point number three so disrespectful. . .   Have these guys ever eaten lentils. . . 😳🤮🤬😂😂  that they can even recommend it, as a replacement for meat 🥩 . . 

The solution is buy #Bitcoin, a decentralized currency that can not be inflated. https://t.co/rGrjAEYUBt",800985189388152832,2022-03-20 11:48:46+00:00,
43,1505511665454010370,"RT @rovercrc: I think #Bitcoin will break $100,000 by July 2022! 🚀",747053076629028864,2022-03-20 11:48:46+00:00,
44,1505511664958984196,"RT @jon_mcmlvii: @Doru5S @iEx_ec @BlairMacz Any #developers looking to #earn, and #help implement #projects on #iExec. Please get in touch…",1470469625561468933,2022-03-20 11:48:46+00:00,
45,1505511664464105472,"RT @AirdropStario: 💧 CRAT Airdrop 💧

🏆 Task:         ➕  $50 worth of CRAT for 1000 random participants each

👨‍👩‍👧 Referral:  ➕  $100 worth…",1487790182548099075,2022-03-20 11:48:46+00:00,
46,1505511659070423040,"RT @airdropinspect: New airdrop: Flamingo Casino
Total Reward: 200 NFTs &amp; $2500 pricing pool
Rate:⭐️⭐️⭐️⭐️
Winners: 220 Random
Distribution…",1470388521739304960,2022-03-20 11:48:45+00:00,
47,1505511657891672072,"#SHINJA 🥷🔥 
BUY NOW AND JUST WATC GOİNG TO THE MOON⚔️🥷🔥🚀🚀
🥷 #Shinja #Shibnobi $Shinja
🥷 #SHIBNOBI_DOJOSWAP
🥷 #SHIBNOBI_WALLET 
🥷 #SHIBNOBI_BLOCKCHAIN 
🥷 #SHIBNOBI_DOJOVERSE 

#Bitcoin #RACA #ETH #Binance #BNB #Metaverse #kriptopara c",1498781970846949376,2022-03-20 11:48:44+00:00,
48,1505511657208004615,"RT @jon_mcmlvii: @Doru5S @iEx_ec @BlairMacz Any #developers looking to #earn, and #help implement #projects on #iExec. Please get in touch…",812555214024740865,2022-03-20 11:48:44+00:00,
49,1505511649696190468,"RT @AirdropDet: 🔍 New #Airdrop: Elite Cash

🏆 Total Airdrop Pool: 140,000 ELC [~$49,000]

🔴 Start the airdrop bot https://t.co/geX2YRhj5n…",1492931142051594241,2022-03-20 11:48:42+00:00,
