,id,text,author_id,created_at,geo
0,1505409496310599683,Get IN now don't be LATE #xrp #binance #cryptocurrency #bitcoin https://t.co/SyzSZkwGtC,1215521379828695040,2022-03-20 05:02:47+00:00,
1,1505409496146800641,"I encourage everyone out here to have a look at it. I think these guys evidently will succeed! 
#WICC, #Waykichain #blockchain #crypto #bitcoin #ethereum.",1419884489904250880,2022-03-20 05:02:47+00:00,
2,1505409491357278209,"RT @Revolotto: 🏏World's Dangerous Cricketer
Greatest Batsman of All-time in Cricket

🌎Universe Boss - Chris Gayle extending his support and…",1296797914803535873,2022-03-20 05:02:46+00:00,
3,1505409491235311618,"RT @airdropinspect: New airdrop: Retoken (USDT)
Total Reward: 2,000 USDT
Rate: ⭐️⭐️⭐️⭐️
Winners: 700 Random &amp; Top 50
Distribution: within a…",1462629202587316226,2022-03-20 05:02:46+00:00,
4,1505409490342096896,"RT @parman_the: #Bitcoin security tips:

How to keep your seed words safe.

When you make a seed (typically with a hardware wallet), you ab…",1106135773424902144,2022-03-20 05:02:46+00:00,
5,1505409487154589697,"RT @AirdropDet: 🔍 New #Airdrop: YupVerse

💲 Reward: Up to 10M YuP (~$5) + 2M YuP (~$1,000) referral pool

🔴 Start the airdrop bot https://t…",3369195154,2022-03-20 05:02:45+00:00,
6,1505409485384429571,"- 
BTC price: $41,874 / £31,769 

23.88 Naks per USD
31.48 Naks per GBP

&lt;price steady&gt; 

One #Bitcoin = one million #Naks. Simple as that!  
#Bitcoinprice #SatoshiNakamoto

20/03/2022  05:02:41 GMT https://t.co/TifT9WUTMK",1317380967393353733,2022-03-20 05:02:45+00:00,
7,1505409484037844995,"RT @Revolotto: 🏏World's Dangerous Cricketer
Greatest Batsman of All-time in Cricket

🌎Universe Boss - Chris Gayle extending his support and…",1420705859605209093,2022-03-20 05:02:44+00:00,
8,1505409483891113987,"RT @chitaglorya__: giveaway 200$ | 2,800,000 IDR

-- rt follow @flagnetwork_NFT 

-- rt &amp; quoted their pinned with   #FlagNetwork  #cryptoc…",1199979537410297857,2022-03-20 05:02:44+00:00,
9,1505409481278038017,#WICC #Waykichain #blockchain #crypto #bitcoin #This is big and outstanding projecj. I believe that this project is a successful project with great success team,1344940311500320770,2022-03-20 05:02:44+00:00,
10,1505409481047425026,Get IN now don't be LATE #xrp #binance #cryptocurrency #bitcoin https://t.co/TrXrTwJ4tS,1442891353638141956,2022-03-20 05:02:44+00:00,
11,1505409480703766528,"RT @airdropinspect: New airdrop: MOMOCO (USDT)
Total Reward: 3,000 USDT
Rate: ⭐️⭐️⭐️⭐️
Winners: 1000 Random &amp; Top 100
Distribution: within…",1453929858191425545,2022-03-20 05:02:44+00:00,
12,1505409480074608641,"RT @AirdropDet: 🔍 New #Airdrop: YupVerse

💲 Reward: Up to 10M YuP (~$5) + 2M YuP (~$1,000) referral pool

🔴 Start the airdrop bot https://t…",2203380927,2022-03-20 05:02:43+00:00,
13,1505409479520661507,"RT @airdropinspect: New airdrop: FoodChain Global (FOOD)
Total Reward: $5,000 worth of FOOD
Rate: ⭐️⭐️⭐️⭐️
Winners: 1000 Random &amp; Top 100
D…",1447462791921618945,2022-03-20 05:02:43+00:00,
14,1505409479101218816,"RT @airdropinspect: New airdrop: Prizefighter (RING)
Total Reward: $5,000 worth of RING
Rate: ⭐️⭐️⭐️⭐️
Winners: 1,000 Random &amp; Top 100
Dist…",1504778439035092992,2022-03-20 05:02:43+00:00,
15,1505409476274573312,"RT @GiveawayInspect: New Giveaway: OverDose
Total Reward: $600 USDT
Winners: 200 Random &amp; Top 20
Distribution: within a week after the Give…",1503609735194767362,2022-03-20 05:02:42+00:00,
16,1505409473694744577,"n Japan, #XRP is religion. I love it! All works! #eth #ethereum #binance #bitcoin btc #ripple #crypto #cryptocurrency

https://t.co/YrYR1VN2FH",846727039289901058,2022-03-20 05:02:42+00:00,
17,1505409470691639301,"A good strong team, a serious project and a large scale. I'm sure this project will always to be successful soon. And this is good idea to contribute with them
#MonopolyMillionaireGame #MMG #token #NFT #art #binance #bitcoin",1432617587527995395,2022-03-20 05:02:41+00:00,
18,1505409470578450440,"RT @OguzhanSengor: #MATIC broke the downtrend up also OBV has bullish breaking. There is possible Adam&amp;Eve forming on daily chart, no confi…",1486484965357506562,2022-03-20 05:02:41+00:00,
19,1505409468938526722,"RT @Barchart: Which #cryptocurrency will generate the largest return over the next 5 years?

#Bitcoin $BTC
#Shiba $SHIB
#Ethereum $ETH
#Sol…",1266203258269372417,2022-03-20 05:02:41+00:00,
20,1505409465566507009,"RT @Revolotto: 🏏World's Dangerous Cricketer
Greatest Batsman of All-time in Cricket

🌎Universe Boss - Chris Gayle extending his support and…",1492720370574852099,2022-03-20 05:02:40+00:00,
21,1505409464492560386,"RT @RogerTriminio: BTC is the answer,citizens of Salvador together with @nayibbukele are showing the world . #follow #Bitcoin #makeitlegalc…",1446597325250600960,2022-03-20 05:02:40+00:00,
22,1505409464475975685,"RT @maxyamp: How AI-powered trading software protects my portfolio during #Bitcoin corrections 🔥

Try it free 👉 https://t.co/cdlct0CEkl ✅ h…",1436868040616931332,2022-03-20 05:02:40+00:00,
23,1505409462516912129,"RT @Revolotto: 🏏World's Dangerous Cricketer
Greatest Batsman of All-time in Cricket

🌎Universe Boss - Chris Gayle extending his support and…",1403969548559077382,2022-03-20 05:02:39+00:00,
24,1505409462412394500,"RT @Revolotto: 🏏World's Dangerous Cricketer
Greatest Batsman of All-time in Cricket

🌎Universe Boss - Chris Gayle extending his support and…",1498254487022338055,2022-03-20 05:02:39+00:00,
25,1505409461225144322,"RT @AirdropDet: 🔍 New #Airdrop: YupVerse

💲 Reward: Up to 10M YuP (~$5) + 2M YuP (~$1,000) referral pool

🔴 Start the airdrop bot https://t…",1483077848114077701,2022-03-20 05:02:39+00:00,
26,1505409460205867015,"@TheCryptoLark 👉Please join this community. 🙌💎

https://t.co/81rqZvZvEu

#NFT #opensea #crypto #ETH #market #NFTs #NFTartist #blockchain #Emoji #Bitcoin #art #Collectors #nftcollector #nftdrop #NFTCommunity #NFTGiveaway #AirdropNFT",1389266737732800512,2022-03-20 05:02:39+00:00,
27,1505409456137707521,"RT @AirdropStario: 💧 SafeWallet Airdrop 💧

🏆 Task:        ➕ 175 SLT (~$3.5) for 1000 random participants

👨‍👩‍👧 Referral: ➕ 30,000 SLT (~$6…",1470725882469773312,2022-03-20 05:02:38+00:00,
28,1505409455332151298,"In Japan, #XRP is religion. I love it! All works! #eth #ethereum #binance #bitcoin btc #ripple #crypto #cryptocurrency https://t.co/mKbT4TKKh4",292537495,2022-03-20 05:02:37+00:00,
29,1505409452408807425,"Let's Earn Crypto Together with Binance, earn extra 10% when you make a trade.

Click the link below to signup, https://t.co/Md3KUPVBY3

#bitcoin #Binance #ethereum",1206183191515516928,2022-03-20 05:02:37+00:00,
30,1505409452291555330,"RT @AirdropStario: 💧 SafeWallet Airdrop 💧

🏆 Task:        ➕ 175 SLT (~$3.5) for 1000 random participants

👨‍👩‍👧 Referral: ➕ 30,000 SLT (~$6…",1454132389358174219,2022-03-20 05:02:37+00:00,
31,1505409451578511361,"RT @AirdropDet: 🔍 New #Airdrop: YupVerse

💲 Reward: Up to 10M YuP (~$5) + 2M YuP (~$1,000) referral pool

🔴 Start the airdrop bot https://t…",1454278177275006978,2022-03-20 05:02:37+00:00,
32,1505409447786876931,"RT @airdropinspect: New airdrop: Prizefighter (RING)
Total Reward: $5,000 worth of RING
Rate: ⭐️⭐️⭐️⭐️
Winners: 1,000 Random &amp; Top 100
Dist…",1497105652304744450,2022-03-20 05:02:36+00:00,
33,1505409442719756288,"We just know #XRP will moon #crypto #binance #cryptocurrency #bitcoin #btc

https://t.co/RjP37uVLCf",1388631118581092355,2022-03-20 05:02:34+00:00,
34,1505409441780228097,"RT @AirdropStario: 💧 SafeWallet Airdrop 💧

🏆 Task:        ➕ 175 SLT (~$3.5) for 1000 random participants

👨‍👩‍👧 Referral: ➕ 30,000 SLT (~$6…",1498615373771714565,2022-03-20 05:02:34+00:00,
35,1505409441591541765,Get IN now don't be LATE #xrp #binance #cryptocurrency #bitcoin https://t.co/rxqchvJIbG,1134494171623022595,2022-03-20 05:02:34+00:00,
36,1505409438332891137,"The project is implemented Professionally and has a clear development plan. Without doubt, this is one of the best project.

@jaforshihab761 
@Kamruzz95463124 
@emankhan71

#Airdrops #YupVerse #Bitcoin #AirdropDetective #YuP https://t.co/fsbaG3PNWM",1454278177275006978,2022-03-20 05:02:33+00:00,
37,1505409437229486081,RT @saylor: You do not sell your #bitcoin.  https://t.co/LJNgJeWxvR,2853653232,2022-03-20 05:02:33+00:00,
38,1505409435220414465,"RT @AirdropDet: 🔍 New #Airdrop: Elite Cash

🏆 Total Airdrop Pool: 140,000 ELC [~$49,000]

🔴 Start the airdrop bot https://t.co/geX2YRhj5n…",1473534835087929346,2022-03-20 05:02:33+00:00,
39,1505409432913850368,"RT @GiveawayInspect: New Giveaway: Retoken (USDT)
Total Reward: 2,000 USDT
Rate: ⭐️⭐️⭐️⭐️
Winners: 700 Random &amp; Top 50
Distribution: within…",1356613478803505158,2022-03-20 05:02:32+00:00,
40,1505409430963191813,"RT @Revolotto: 🏏World's Dangerous Cricketer
Greatest Batsman of All-time in Cricket

🌎Universe Boss - Chris Gayle extending his support and…",1472557616416968707,2022-03-20 05:02:32+00:00,
41,1505409429193195525,"🤓🤔👍 #knownews #bitcoin #eth Litedex Protocol, the First DEX in Indonesia Supported by Deputy Minister of Trade as  https://t.co/yx6OafbjtP",285603076,2022-03-20 05:02:31+00:00,
42,1505409428979298304,"RT @ashwsbreal: #Bitcoin hits  $42,000",1334779612258168837,2022-03-20 05:02:31+00:00,
43,1505409427226169345,"RT @TheCryptoGifter: If you don't have @coinbase already, then use my code. 
After you buy or sell $100 or more in #Crypto, you get $10 in…",1429379852063449089,2022-03-20 05:02:31+00:00,
44,1505409427213488129,"RT @crypstax: I don't have a 401k, I have #bitcoin",1461134771715645442,2022-03-20 05:02:31+00:00,
45,1505409425124696064,"XRP is getting ready to take off to the moon! #altcoin #bitcoin #binance #xrp #ripple

https://t.co/SrvdoEoz3Y",1212227417869148162,2022-03-20 05:02:30+00:00,
46,1505409421551501317,"RT @airdropinspect: New airdrop: Fracproperty X PriMetaProp(FRAC)
Total Reward: $10,000 worth of FRAC 
Rate: ⭐️⭐️⭐️⭐️
Winners: 2000 Random…",1449000608149635077,2022-03-20 05:02:29+00:00,
47,1505409421446328322,"RT @AirdropStario: 💧 SafeWallet Airdrop 💧

🏆 Task:        ➕ 175 SLT (~$3.5) for 1000 random participants

👨‍👩‍👧 Referral: ➕ 30,000 SLT (~$6…",1484719256592056327,2022-03-20 05:02:29+00:00,
48,1505409420783599618,"RT @Revolotto: 🏏World's Dangerous Cricketer
Greatest Batsman of All-time in Cricket

🌎Universe Boss - Chris Gayle extending his support and…",1493225307062489089,2022-03-20 05:02:29+00:00,
49,1505409420045721600,"RT @airdropinspect: New airdrop: Prizefighter (RING)
Total Reward: $5,000 worth of RING
Rate: ⭐️⭐️⭐️⭐️
Winners: 1,000 Random &amp; Top 100
Dist…",1426772569408090114,2022-03-20 05:02:29+00:00,
