,id,text,author_id,created_at,geo
0,1505560289575686150,"Don't Prune These Plants in the Spring 

#stocks #money #investing #entrepreneur #bitcoin #forex #business #investment #investor #cryptocurrency #trading #invest #market #wealth #finance
#success #wallstreet
#motivation #trader
#entrepreneurship
#bloc...
https://t.co/2BVW3QQ0Me",1367700165226864640,2022-03-20 15:01:59+00:00,
1,1505560287688097797,"RT @MartiniGuyYT: Finally #Bitcoin dipped a MASSIVE $700

Going to buy more 😂",1344526704606232576,2022-03-20 15:01:59+00:00,
2,1505560285700104197,We just know #XRP will moon #crypto #binance #cryptocurrency #bitcoin #btc https://t.co/xe7K7ULP4h,1205221563894845446,2022-03-20 15:01:58+00:00,
3,1505560284848877572,"RT @AirdropAchiever: New Whitelist: STMAN × FamCentral
Allocation: ≤ 30 BUSD (TBA)
Winners: All Participants
End Date: 22nd March, 2022

🔗…",1396817974124679174,2022-03-20 15:01:58+00:00,
4,1505560282319400967,"RT @AirdropAchiever: New Whitelist: STMAN × FamCentral
Allocation: ≤ 30 BUSD (TBA)
Winners: All Participants
End Date: 22nd March, 2022

🔗…",1323276203252277248,2022-03-20 15:01:57+00:00,
5,1505560282218864643,"RT @ICOAnnouncement: 🎙 New Project

🔷 Hyss Finance (HYSS)

🔶 Hyss Finance is a DeFi protocol based on the Binance Smart chain. Hyss Finance…",1367137558430445572,2022-03-20 15:01:57+00:00,
6,1505560281581248512,RT @dejaerules: @talkmada @krakenfx @Marvin_Inu @cz_binance @BinanceLabs @elonmusk @EricCryptoman @TheSimpsons @ProTheDoge @1goonrich @Shin…,36621582,2022-03-20 15:01:57+00:00,
7,1505560280268374035,"n Japan, #XRP is religion. I love it! All works! #eth #ethereum #binance #bitcoin btc #ripple #crypto #cryptocurrency

https://t.co/b7IbpRyIUK",1297157513272373248,2022-03-20 15:01:57+00:00,
8,1505560279618408449,@BSCGemsAlert @BscPitbull @opensea @TheBinanceNFT @cryptocomnft @XTexchange @Gemini @Bybit_Official @kucoincom @HuobiGlobal @gate_io @Poloniex @hitbtc Ever-growing Ecosystem Ever-growing Numbers We are now 70.000+ Members on all @telegram Communities 130.000+ Followers on @Twitter 467.000+ Holders (30k in 7days) @BscPitbull #Bitcoin #BTCUSD,2369218994,2022-03-20 15:01:57+00:00,
9,1505560278179913734,"RT @GiveawayInspect: New Giveaway: Retoken (USDT)
Total Reward: 2,000 USDT
Rate: ⭐️⭐️⭐️⭐️
Winners: 700 Random &amp; Top 50
Distribution: within…",1441524749822140421,2022-03-20 15:01:56+00:00,
10,1505560277676589060,"RT @binance: 💰 $10,000 giveaway 💰
 
Post your #BitcoinButton result to enter!
 
Rules:
🔸 Retweet this post
🔸 Follow @Binance
🔸 Play #Bitcoi…",1444442519933054981,2022-03-20 15:01:56+00:00,
11,1505560276975849477,"RT @CollegeXRPL: 🐻GIVEAWAY!🐻

🎩Win an XBear #NFT (we are currently minting)!
✔️Follow @CollegeXRPL 
✔️Retweet + Comment
🕜4 days to enter!…",1465473449409736706,2022-03-20 15:01:56+00:00,
12,1505560273427394564,We just know #XRP will moon #crypto #binance #cryptocurrency #bitcoin #btc https://t.co/06OEJkjU1R,1445190134698164225,2022-03-20 15:01:55+00:00,
13,1505560273205096459,The strongest bullish signal flashed for #XRP #bitcoin #btc #ethereum #eth https://t.co/IGZ4nCYTth,1144842378747895815,2022-03-20 15:01:55+00:00,
14,1505560272190193668,"@BluesparrowC @bitfinex @BlueSparrowETH #BlueSparrow is a bridge between the stock market and crypto .. You will have both in the Blue Sparrow CEX
@BlueSparrowETH
#BluesparrowCEX
#BlueSparrow
#BlueSparrowtoken
#BlueSparrowCommunity
#bitcoin
#BestDrawToken
#Bluesparrowcharity
#Web3
#NFT 
https://t.co/A7Q5zwYcVq
🫒85",1500746915574657024,2022-03-20 15:01:55+00:00,
15,1505560269954510854,"We just know #XRP will moon #crypto #binance #cryptocurrency #bitcoin #btc

https://t.co/Lwroere6nc",1479902334352347150,2022-03-20 15:01:54+00:00,
16,1505560269296226305,"RT @AirdropStario: 💧 CRAT Airdrop 💧

🏆 Task:         ➕  $50 worth of CRAT for 1000 random participants each

👨‍👩‍👧 Referral:  ➕  $100 worth…",1162020611373371393,2022-03-20 15:01:54+00:00,
17,1505560269078077440,"RT @EpicCashTech: ☀️😎Friday Morning Reality Check!
#Bitcoin is the ultimate censorship tool - your asset is trackable, taintable, confiscat…",1449100049292668928,2022-03-20 15:01:54+00:00,
18,1505560266670764032,"RT @p2ePrizeFighter: Our Awesome Female Boxers are ready!

More information will be released soon.
#nft #nftart #art #digitalart #nfts #nft…",1499371468635148292,2022-03-20 15:01:54+00:00,
19,1505560266070638592,"RT @AgldNft: 💥𝐓𝐡𝐞 𝐟𝐢𝐫𝐬𝐭 𝟐𝟎𝟎 𝐩𝐚𝐫𝐭𝐢𝐜𝐢𝐩𝐚𝐧𝐭𝐬 𝐰𝐢𝐥𝐥 𝐰𝐢𝐧! #𝐍𝐅𝐓 

✅Follow
✅RT❤️
✅Drop address! $ETH
⏰48 hours!

#BTC #opensea #OpenSeaNFT #NFTartis…",1455030300828790786,2022-03-20 15:01:54+00:00,
20,1505560265550868481,RT @LeadEdgeCrypto: Is #Bitcoin going to be Bullish this week? 🤔,1504513849252540416,2022-03-20 15:01:53+00:00,
21,1505560264631939076,"Read Full Article on our Website Link in Bio Bitcoin Topside Bias Vulnerable If It Continues To Struggle Below $38K
 #Bitcoin #Metaverse #metaversenews6 #news #NFT #Cryptocurrency #cryptonews #bitcoin #Altcoinnews
https://t.co/fhlgbWVgmb",1475200505857155076,2022-03-20 15:01:53+00:00,
22,1505560263952834562,"RT @CircuitSociety: #NFTCOLLECTION COMING SOON 🏆

We are continuing to develop our #NFTs! Our NFTS will offer something that has not yet be…",1490390850115104768,2022-03-20 15:01:53+00:00,
23,1505560262283309056,"RT @binance: 💰 $10,000 giveaway 💰
 
Post your #BitcoinButton result to enter!
 
Rules:
🔸 Retweet this post
🔸 Follow @Binance
🔸 Play #Bitcoi…",1498759235668168710,2022-03-20 15:01:53+00:00,
24,1505560259699646465,"@MrBigWhaleREAL #BlueSparrow is a bridge between the stock market and crypto .. You will have both in the Blue Sparrow CEX
@BlueSparrowETH
@BluesparrowC
#BluesparrowCEX
#ETH
#BlueSparrow
#BlueSparrowtoken
#BlueSparrowCommunity
#bitcoin
#BestDrawToken
#Bluesparrowcharity
#Web3
#NFT https://t.co/VdxteDK2gT",1374255660712476674,2022-03-20 15:01:52+00:00,
25,1505560258919297032,"RT @GiveawayInspect: New Giveaway: OverDose
Total Reward: $600 USDT
Winners: 200 Random &amp; Top 20
Distribution: within a week after the Give…",1482348092418854916,2022-03-20 15:01:52+00:00,
26,1505560258000740354,"RT @MexcResearch: Is the ""Digital Gold"" #Bitcoin, still a safe-haven asset? My answer is YES! 🚀

Why? Read the article and you will know 😉…",1414813687764832259,2022-03-20 15:01:52+00:00,
27,1505560257002901507,"RT @Revolotto: 🏏World's Dangerous Cricketer
Greatest Batsman of All-time in Cricket

🌎Universe Boss - Chris Gayle extending his support and…",1279974725582589959,2022-03-20 15:01:51+00:00,
28,1505560256620900355,"RT @AirdropDet: 🔍 New #Airdrop: YupVerse

💲 Reward: Up to 10M YuP (~$5) + 2M YuP (~$1,000) referral pool

🔴 Start the airdrop bot https://t…",1035569924196978688,2022-03-20 15:01:51+00:00,
29,1505560255878598656,"@BluesparrowC @bitfinex @BlueSparrowETH #BlueSparrow is a bridge between the stock market and crypto .. You will have both in the Blue Sparrow CEX
@BlueSparrowETH
#BluesparrowCEX
#BlueSparrow
#BlueSparrowtoken
#BlueSparrowCommunity
#bitcoin
#BestDrawToken
#Bluesparrowcharity
#Web3
#NFT 
https://t.co/A7Q5zwYcVq
🫒84",1500746915574657024,2022-03-20 15:01:51+00:00,
30,1505560255442288644,"RT @AirdropDet: 🔍 New #Airdrop: YupVerse

💲 Reward: Up to 10M YuP (~$5) + 2M YuP (~$1,000) referral pool

🔴 Start the airdrop bot https://t…",1386278730952101892,2022-03-20 15:01:51+00:00,
31,1505560254985035776,"RT @AirdropDet: 🔍 New #Airdrop: Elite Cash

🏆 Total Airdrop Pool: 140,000 ELC [~$49,000]

🔴 Start the airdrop bot https://t.co/geX2YRhj5n…",1455879235332030464,2022-03-20 15:01:51+00:00,
32,1505560253538050048,"@BSCGemsAlert IN QUACK WE TRUST $QUACK #RichQUACK #QuackArmy #QUACKattack #QuackQuackQuack 24/7
Im feeling great 💯 💯
Will i be the first billionaire in my family? #BNB #BSCGem #BSCGems #Launchpad #Crypto #cryptocurrency #CryptoSignals
#Staking #Binance #Bitcoin #BNBChain https://t.co/zrVvgRFIIE",488330046,2022-03-20 15:01:51+00:00,
33,1505560253454184451,"RT @airdropinspect: New airdrop: Prizefighter (RING)
Total Reward: $5,000 worth of RING
Rate: ⭐️⭐️⭐️⭐️
Winners: 1,000 Random &amp; Top 100
Dist…",1457732850006913028,2022-03-20 15:01:51+00:00,
34,1505560253437415428,"We just know #XRP will moon #crypto #binance #cryptocurrency #bitcoin #btc

https://t.co/b5n1zdvyOU",1265392315453050892,2022-03-20 15:01:51+00:00,
35,1505560251642396674,"RT @AirdropStario: 💧 CryptoZerofi Airdrop 💧

🏆 Task:          ➕ 22,000 USDT » Total reward pool.

🔛 Airdrop Link &amp; Information: https://t.c…",1486682211130695694,2022-03-20 15:01:50+00:00,
36,1505560251286040578,"RT @airdropinspect: New airdrop: Fracproperty X PriMetaProp(FRAC)
Total Reward: $10,000 worth of FRAC 
Rate: ⭐️⭐️⭐️⭐️
Winners: 2000 Random…",1492668294436130817,2022-03-20 15:01:50+00:00,
37,1505560250606186496,"RT @Revolotto: 💎25K TWITTER FOLLOWERS💎
Revolotto Team saying thanks to our most valuable and beautiful Community.

🌏Join the Revolution🌏
👑H…",1443128181288964097,2022-03-20 15:01:50+00:00,
38,1505560249964531718,"RT @AirdropDet: 🔍 New #Airdrop: Elite Cash

🏆 Total Airdrop Pool: 140,000 ELC [~$49,000]

🔴 Start the airdrop bot https://t.co/geX2YRhj5n…",1005267916546195456,2022-03-20 15:01:50+00:00,
39,1505560249872257027,"the strongest bullish signal flashed for #Bitcoin. Not trend reverse but price bounce is anticipated!

@tradeosiann  is a super #BTC Trader 
I’ve been following his tweets and tips seriously &amp; I’ve been doing great $MC $ARPA $CTK $AYAY #Cryptocurrency  $BNB ww",1467726421229391875,2022-03-20 15:01:50+00:00,
40,1505560249159208961,"RT @Ido_Cherry: @gate_io $IDO  @ido_meta  is deflationary and has a complete ecology #BNB 
#GameFi #P2E 
#Crypto
👉 $IDO is only 21 million…",1469445556678414341,2022-03-20 15:01:50+00:00,
41,1505560247569682441,"RT @MatthewHyland_: If #Bitcoin can successfully break $42.6k it will likely head up to the $46k area

If it gets rejected here then the $4…",1468305805783212032,2022-03-20 15:01:49+00:00,
42,1505560247372419076,"RT @GiveawayInspect: New Giveaway: Retoken (USDT)
Total Reward: 2,000 USDT
Rate: ⭐️⭐️⭐️⭐️
Winners: 700 Random &amp; Top 50
Distribution: within…",1482348092418854916,2022-03-20 15:01:49+00:00,
43,1505560246785216519,"RT @AirdropStario: 💧 CryptoZerofi Airdrop 💧

🏆 Task:          ➕ 22,000 USDT » Total reward pool.

🔛 Airdrop Link &amp; Information: https://t.c…",1503041128165126145,2022-03-20 15:01:49+00:00,
44,1505560246021808130,"n Japan, #XRP is religion. I love it! All works! #eth #ethereum #binance #bitcoin btc #ripple #crypto #cryptocurrency

https://t.co/ub9DtWjaDO",1430653564205113349,2022-03-20 15:01:49+00:00,
45,1505560244503846918,"RT @p2ePrizeFighter: Our Awesome Female Boxers are ready!

More information will be released soon.
#nft #nftart #art #digitalart #nfts #nft…",1382581732562522112,2022-03-20 15:01:48+00:00,
46,1505560244214276096,"@nftcoolgirl @AlphaSkullz 

Public Mint is Live!
https://t.co/E443KUT96f
0.08 $ETH

Check them out:
https://t.co/jAEIkdpcbW

Join the AlphaSkullz Alliance:
https://t.co/p5OeSMZp0A

#NFT #NFTCommunity #P2E #gaming #crypto #cryptocurrency #ETH #Ethereum #BTC #Bitcoin #BNB $oulz #Metaverse #HODL",570246783,2022-03-20 15:01:48+00:00,
47,1505560244050882560,"RT @p2ePrizeFighter: Our Awesome Female Boxers are ready!

More information will be released soon.
#nft #nftart #art #digitalart #nfts #nft…",1499436210418495488,2022-03-20 15:01:48+00:00,
48,1505560243803205639,"RT @spontup: ✅ #UNCONFISCATABLE
✅Emissions capped at 21mil like #Bitcoin 
✅Enhanced Privacy, Censorship Resistant
✅Fair Launch No ICO No Pr…",1449100049292668928,2022-03-20 15:01:48+00:00,
49,1505560243031269380,"n Japan, #XRP is religion. I love it! All works! #eth #ethereum #binance #bitcoin btc #ripple #crypto #cryptocurrency

https://t.co/enUlJZ7PAD",1273568942879961089,2022-03-20 15:01:48+00:00,
