,id,text,author_id,created_at,geo
0,1505558273411461129,"RT @airdropinspect: New airdrop: Flamingo Casino
Total Reward: 200 NFTs &amp; $2500 pricing pool
Rate:⭐️⭐️⭐️⭐️
Winners: 220 Random
Distribution…",1498688501306773504,2022-03-20 14:53:58+00:00,
1,1505558271251435520,"RT @GlobalBTCFest: meet the Andorra 🇦🇩 #Bitcoin community

guests
@PaulADW @alberto_mera @OctarTko @AlRemnant 
+++

moderator
@duczko

list…",1437981728044367872,2022-03-20 14:53:58+00:00,
2,1505558270471147525,"RT @airdropinspect: New airdrop: Flamingo Casino
Total Reward: 200 NFTs &amp; $2500 pricing pool
Rate:⭐️⭐️⭐️⭐️
Winners: 220 Random
Distribution…",1484061720641695747,2022-03-20 14:53:58+00:00,
3,1505558262879502337,"RT @5ireChain: #5ire Coin Review! 🔥
121 Million #Funding! 🚀

Read The Complete Article Here! ⤵
https://t.co/OcGE7BTlSs 

#cryptocurrency #k…",965219963928825857,2022-03-20 14:53:56+00:00,
4,1505558262783033349,"RT @saylor: If you don't understand money, you won't understand #bitcoin.",1492291428487155713,2022-03-20 14:53:56+00:00,
5,1505558261214625797,"RT @AirdropDet: 🔍 New #Airdrop: YupVerse

💲 Reward: Up to 10M YuP (~$5) + 2M YuP (~$1,000) referral pool

🔴 Start the airdrop bot https://t…",1436717662818557955,2022-03-20 14:53:56+00:00,
6,1505558260929073152,"n Japan, #XRP is religion. I love it! All works! #eth #ethereum #binance #bitcoin btc #ripple #crypto #cryptocurrency

https://t.co/f1yCxtY3T4",1481228688343834625,2022-03-20 14:53:55+00:00,
7,1505558259503022089,XRP is getting ready to take off to the moon! #altcoin #bitcoin #binance #xrp #ripple https://t.co/P0E4cx7ACM,1450521871804473344,2022-03-20 14:53:55+00:00,
8,1505558258932588544,"n Japan, #XRP is religion. I love it! All works! #eth #ethereum #binance #bitcoin btc #ripple #crypto #cryptocurrency

https://t.co/O6xf3tCwuq",1436444098689478658,2022-03-20 14:53:55+00:00,
9,1505558256806404100,"RT @binance: Click a button, win a #Bitcoin.
 
Sound good? #BitcoinButton 
 
Go ➡️ https://t.co/OwsRxlzV3D https://t.co/mnATF6ZMJ8",1478711338050277379,2022-03-20 14:53:54+00:00,
10,1505558255598473216,"RT @Orion__Research: Clothes dryers globally use more energy than #bitcoin  mining.
But neither dryers nor #BTC use globally-meaningful amo…",1411636174452445188,2022-03-20 14:53:54+00:00,
11,1505558253979111425,RT @Btcexpertindia: 💥 #Bitcoin eyes highest weekly close since early February as BTC price hovers around $42K,1201078210248658944,2022-03-20 14:53:54+00:00,
12,1505558253047980034,"RT @Revolotto: 🏏World's Dangerous Cricketer
Greatest Batsman of All-time in Cricket

🌎Universe Boss - Chris Gayle extending his support and…",1434139329626980353,2022-03-20 14:53:54+00:00,
13,1505558253006057478,"RT @AirdropStario: 💧 PeaSwap Finance Airdrop 💧

🏆 Task:          ➕ 10 PEA for 300 random participants each.

🔛 Airdrop Link &amp; Information:…",1467386217314471938,2022-03-20 14:53:54+00:00,
14,1505558252343513089,"RT @Yahia006_: YOU WANT VISIT MALDIVES BUT U HAVEN'T ANY ONE OF THESE TOKENS IN UR WALLET ? SORRY BUT U CAN'T DO IT🤷‍♂️!!!
@FirstSmart4 @Sk…",1494807810302951431,2022-03-20 14:53:53+00:00,
15,1505558251106091009,"RT @DocumentingBTC: Think you're ""too late"" to buy #bitcoin now? So did they. https://t.co/7Zf1AU0ngn",828619552581939202,2022-03-20 14:53:53+00:00,
16,1505558251047469056,RT @BitcoinMagazine: The revolution can not be stopped. #Bitcoin https://t.co/J51qviTWId,1447280681407680525,2022-03-20 14:53:53+00:00,
17,1505558247603855368,"RT @CryptoPatel: Time &amp; Emotions Management is The Key to Success in #cryptotrading.

#cryptocurrency #cryptotrading #cryptocurrecy #crypto…",810624577621622785,2022-03-20 14:53:52+00:00,
18,1505558247591518208,"RT @AirdropDet: 🔍 New #Airdrop: Elite Cash

🏆 Total Airdrop Pool: 140,000 ELC [~$49,000]

🔴 Start the airdrop bot https://t.co/geX2YRhj5n…",1490310419625709572,2022-03-20 14:53:52+00:00,
19,1505558247469563907,"RT @GDC_token: 📣 GDC Token Airdrop is live!

🏆 Reward for Tasks: 460 GDC (~$5,52) for 5000 random participants each.

👨‍👩‍👧 Referral Reward…",1480838949727735811,2022-03-20 14:53:52+00:00,
20,1505558246882390017,"XRP is getting ready to take off to the moon! #altcoin #bitcoin #binance #xrp #ripple

https://t.co/z9SbY773PP",1074266235041390592,2022-03-20 14:53:52+00:00,
21,1505558246790410244,"RT @AirdropDet: 🔍 New #Airdrop: Elite Cash

🏆 Total Airdrop Pool: 140,000 ELC [~$49,000]

🔴 Start the airdrop bot https://t.co/geX2YRhj5n…",1500392807911260163,2022-03-20 14:53:52+00:00,
22,1505558244240109568,"RT @SatoshiNazareth: @saylor That whosoever believeth in #Bitcoin should not capitulate, but have eternal hodl.",467872292,2022-03-20 14:53:52+00:00,
23,1505558244076392452,"XRP is getting ready to take off to the moon! #altcoin #bitcoin #binance #xrp #ripple

https://t.co/Ddk7UYCPDX",1478715736759615489,2022-03-20 14:53:51+00:00,
24,1505558242641911813,"RT @BKEXGlobal: #BKEX New Listing | @Kuncicoin_id

#BKEX will list #KUNCI/USDT🚀 
- Token type: BEP20
- Deposit: 18:00 on Feb 26 (UTC+8)
- T…",1502222340666449927,2022-03-20 14:53:51+00:00,
25,1505558233913737218,"XRP is getting ready to take off to the moon! #altcoin #bitcoin #binance #xrp #ripple

https://t.co/Ckzh8lDjwE",1242968636358307841,2022-03-20 14:53:49+00:00,
26,1505558233695485954,"RT @AirdropDet: 🔍 New #Airdrop: YupVerse

💲 Reward: Up to 10M YuP (~$5) + 2M YuP (~$1,000) referral pool

🔴 Start the airdrop bot https://t…",1231272945378615299,2022-03-20 14:53:49+00:00,
27,1505558232521375754,"n Japan, #XRP is religion. I love it! All works! #eth #ethereum #binance #bitcoin btc #ripple #crypto #cryptocurrency

https://t.co/Q92H64Wm7g",2879445764,2022-03-20 14:53:49+00:00,
28,1505558230747205632,"RT @nanogamesio: https://t.co/BFlBOcNqjw is giving away $100 in #Litecoin to one random winner!

✅Like &amp; Follow
✅Post your Wallet Address
✅…",1475046807457525764,2022-03-20 14:53:48+00:00,
29,1505558230159683585,"n Japan, #XRP is religion. I love it! All works! #eth #ethereum #binance #bitcoin btc #ripple #crypto #cryptocurrency

https://t.co/DvsAAlNEux",1447920351858540551,2022-03-20 14:53:48+00:00,
30,1505558229731794946,"RT @airdropinspect: New airdrop: Prizefighter (RING)
Total Reward: $5,000 worth of RING
Rate: ⭐️⭐️⭐️⭐️
Winners: 1,000 Random &amp; Top 100
Dist…",1482398849880965122,2022-03-20 14:53:48+00:00,
31,1505558227718750219,"RT @CarfuelFinance: 50.000.000CFU Airdrop is now started

Everyone who participates and completes the tasks fully and correctly and also su…",1338784347533561857,2022-03-20 14:53:48+00:00,
32,1505558226825142278,"XRP is getting ready to take off to the moon! #altcoin #bitcoin #binance #xrp #ripple

https://t.co/mWfoedttqW",1427669559411159042,2022-03-20 14:53:47+00:00,
33,1505558226615476232,Hey I joined a network called SurveyJ and earned $50 today! You get paid for surveys and posting on social media. Sign up with my link for an instant $40 signup bonus! https://t.co/y6K9j4OKH9 #SurveyJ #cashapp #bitcoin,1505557885182709761,2022-03-20 14:53:47+00:00,
34,1505558225768235009,"We just know #XRP will moon #crypto #binance #cryptocurrency #bitcoin #btc

https://t.co/pApXBjDq6H",1426145384896909317,2022-03-20 14:53:47+00:00,
35,1505558225646927874,"RT @AirdropStario: 💧 CryptoZerofi Airdrop 💧

🏆 Task:          ➕ 22,000 USDT » Total reward pool.

🔛 Airdrop Link &amp; Information: https://t.c…",1499386805288042497,2022-03-20 14:53:47+00:00,
36,1505558223696375810,"RT @AirdropDet: 🔍 New #Airdrop: Battle World

💲 Reward: Up to 500 BWO (~$20) + 500K BWO (~$20K) referral pool

🔴 Start the airdrop bot http…",4027625056,2022-03-20 14:53:47+00:00,
37,1505558223667208193,"RT @AirdropDet: 🔍 New #Airdrop: YupVerse

💲 Reward: Up to 10M YuP (~$5) + 2M YuP (~$1,000) referral pool

🔴 Start the airdrop bot https://t…",1490310419625709572,2022-03-20 14:53:47+00:00,
38,1505558223591550981,@cryptobarbieBSC Join the delish team on telegram           https://t.co/wU2JMjCQE6.                  #delishfinance #crypto #cryptocurrency #btc #bitcoin #eth #ethereum #pancakeswap #binancenft #altcoin #cryptobarbie https://t.co/lZhFwvZUrx,1505504229322104835,2022-03-20 14:53:47+00:00,
39,1505558221863460872,"&lt;&lt;If you don't understand money, you won't understand #bitcoin.&gt;&gt;",3241594312,2022-03-20 14:53:46+00:00,
40,1505558221255495681,"RT @AirdropDet: 🔍 New #Airdrop: YupVerse

💲 Reward: Up to 10M YuP (~$5) + 2M YuP (~$1,000) referral pool

🔴 Start the airdrop bot https://t…",1472073604787359747,2022-03-20 14:53:46+00:00,
41,1505558219082534913,"RT @airdropinspect: New airdrop: Prizefighter (RING)
Total Reward: $5,000 worth of RING
Rate: ⭐️⭐️⭐️⭐️
Winners: 1,000 Random &amp; Top 100
Dist…",1460847497660620810,2022-03-20 14:53:46+00:00,
42,1505558218726072323,@ALiEnPkK @cctip_com CVE: BNXA ALARM! 🚨🚨 This stock will change your life forever! investor relations coming to US #crypto #bitcoin #btc #eth #ethereum #doge https://t.co/FVE4CnoN0V,1403641732739260416,2022-03-20 14:53:45+00:00,
43,1505558217686151169,"RT @AirdropAchiever: New Airdrop: ABI Galaverse
Value: 100,000 ABI
Referral: Top 3 highest rewards
Winners: Top 2,500 
End Date: 26th March…",399921274,2022-03-20 14:53:45+00:00,
44,1505558216771616768,"RT @binance: 💰 $10,000 giveaway 💰
 
Post your #BitcoinButton result to enter!
 
Rules:
🔸 Retweet this post
🔸 Follow @Binance
🔸 Play #Bitcoi…",322306172,2022-03-20 14:53:45+00:00,
45,1505558215106473995,"BurntToast53 found #bitcoin in a User vault at this location! Join me playing #coinhuntworld, It's awesome! https://t.co/qSAlZhWwqe #cryptocurrency #53651 https://t.co/YAQM67L9n0",1409554548507688966,2022-03-20 14:53:45+00:00,
46,1505558210685546496,"RT @BKEXGlobal: #BKEX New Listing | @Kuncicoin_id

#BKEX will list #KUNCI/USDT🚀 
- Token type: BEP20
- Deposit: 18:00 on Feb 26 (UTC+8)
- T…",1424017012221612038,2022-03-20 14:53:44+00:00,
47,1505558209150349314,"RT @AirdropDet: 🔍 New #Airdrop: Elite Cash

🏆 Total Airdrop Pool: 140,000 ELC [~$49,000]

🔴 Start the airdrop bot https://t.co/geX2YRhj5n…",1468802610572541954,2022-03-20 14:53:43+00:00,
48,1505558208131198978,RT @crypstax: PayPal co-founder says the “biggest mistake I made in the last decade was getting too late and too little into #Bitcoin.” In…,935627520153600000,2022-03-20 14:53:43+00:00,
49,1505558206415659010,"RT @AirdropStario: 💧 RPGC Airdrop 💧

🏆 Task:         ➕  $8 worth of RPGC for 2000 random participants each.

👨‍👩‍👧 Referral:  ➕  $40 worth…",1389472578113179649,2022-03-20 14:53:42+00:00,
