,id,text,author_id,created_at,geo
0,1505391123845378050,"n Japan, #XRP is religion. I love it! All works! #eth #ethereum #binance #bitcoin btc #ripple #crypto #cryptocurrency

https://t.co/x3pIHCgHjh",721710047735119875,2022-03-20 03:49:47+00:00,
1,1505391123195437060,XRP is getting ready to take off to the moon! #altcoin #bitcoin #binance #xrp #ripple https://t.co/vrjHL0nJC9,1458749305,2022-03-20 03:49:47+00:00,
2,1505391122130128897,"RT @natbrunell: Senator Warren, with all due respect, when someone is trying to help you learn more about #Bitcoin, the most important thin…",970206794739081217,2022-03-20 03:49:46+00:00,
3,1505391121752543233,The strongest bullish signal flashed for #XRP #bitcoin #btc #ethereum #eth https://t.co/EiVChseLwb,1469241867313336320,2022-03-20 03:49:46+00:00,
4,1505391119751917572,"@BluesparrowC @bitfinex @BlueSparrowETH #BlueSparrow is a bridge between the stock market and crypto .. You will have both in the Blue Sparrow CEX
@BlueSparrowETH
@BluesparrowC
#BluesparrowCEX
#ETH
#BlueSparrow
#BlueSparrowtoken
#BlueSparrowCommunity
#bitcoin
#BestDrawToken
#Bluesparrowcharity
#Web3
#NFTCollection https://t.co/YFqBPA83KN",1475581054752894978,2022-03-20 03:49:46+00:00,
5,1505391117314912258,"RT @GiveawayInspect: New Giveaway: Retoken (USDT)
Total Reward: 2,000 USDT
Rate: ⭐️⭐️⭐️⭐️
Winners: 700 Random &amp; Top 50
Distribution: within…",2276482447,2022-03-20 03:49:45+00:00,
6,1505391116337692674,"RT @BishopCoinTrade: Who's up for some more #bitcoin ??

https://t.co/mNo28sO2E9

DM me ASAP to start mining your #bitcoin",1499889547198480384,2022-03-20 03:49:45+00:00,
7,1505391116304199680,The strongest bullish signal flashed for #XRP #bitcoin #btc #ethereum #eth https://t.co/zLj7lSGDeg,1247559573596262400,2022-03-20 03:49:45+00:00,
8,1505391114693464065,"RT @AirdropDet: 🔍 New #Airdrop: YupVerse

💲 Reward: Up to 10M YuP (~$5) + 2M YuP (~$1,000) referral pool

🔴 Start the airdrop bot https://t…",1341588522520641539,2022-03-20 03:49:45+00:00,
9,1505391108762734592,"RT @Revolotto: 🏏World's Dangerous Cricketer
Greatest Batsman of All-time in Cricket

🌎Universe Boss - Chris Gayle extending his support and…",1504670797813583874,2022-03-20 03:49:43+00:00,
10,1505391106124836868,"RT @GiveawayInspect: New Giveaway: Retoken (USDT)
Total Reward: 2,000 USDT
Rate: ⭐️⭐️⭐️⭐️
Winners: 700 Random &amp; Top 50
Distribution: within…",1470286459592531973,2022-03-20 03:49:43+00:00,
11,1505391103167836162,"RT @elitecash_io: #Bitcoin and other #cryptocurrencies have certainly changed the way how we bank.

To understand #crypto, you must underst…",800288165625856000,2022-03-20 03:49:42+00:00,
12,1505391102819454976,"Facebook Owner Meta Sued for Publishing Scam Crypto Ads by Australian Regulator – Regulation Bitcoin News
#Bitcoin #Ethereum #BTC #ETH #Crypto #CryptoNews

https://t.co/njWcoMl1fl",1489808635077140481,2022-03-20 03:49:42+00:00,
13,1505391102571937796,"n Japan, #XRP is religion. I love it! All works! #eth #ethereum #binance #bitcoin btc #ripple #crypto #cryptocurrency

https://t.co/CtFuHLWSWW",1266614723040206848,2022-03-20 03:49:42+00:00,
14,1505391102404214786,XRP is getting ready to take off to the moon! #altcoin #bitcoin #binance #xrp #ripple https://t.co/JNTFeogJLb,1091083653038436352,2022-03-20 03:49:42+00:00,
15,1505391102257422338,RT @BitcoinMagazine: The revolution can not be stopped. #Bitcoin https://t.co/J51qviTWId,1470609609740242949,2022-03-20 03:49:42+00:00,
16,1505391101116657667,"@Mehmetpeksen60 @BaarbariaaN @Azel1000X @Free_Patriot76 @DelCrxpto @cz_binance @elonmusk #shinja #ShinjaSeason
#DubaiExpo2022
#DubaiCryptoExpo

#DOJOSWAP listing #Token
#Selena_Inu
#flokimusk
#saitanobi
#bobatama
#threeohdao
#YetiCoin
#kuonotori
#planataso
#shiba #Ceek #mana #raca #xrp
#altcoin #AVAX #dogecoin
#BabyDoge #GALA
@cz_binance @elonmusk #Bitcoin #ethereum https://t.co/GicW8o4uur",4474070421,2022-03-20 03:49:41+00:00,
17,1505391100604796931,"n Japan, #XRP is religion. I love it! All works! #eth #ethereum #binance #bitcoin btc #ripple #crypto #cryptocurrency

https://t.co/h8aOUkflOq",756593543314112512,2022-03-20 03:49:41+00:00,
18,1505391100487417856,RT @81REDBIRD: Shiryo Winner!! Of Best Upcoming Game in Crypto Award at Dubai Crypto Expo 2022 .. #twitch #NFT #NFTs #NFTCollector #NFTComm…,1393177806335512578,2022-03-20 03:49:41+00:00,
19,1505391097291603968,"RT @chitaglorya__: giveaway 200$ | 2,800,000 IDR

-- rt follow @flagnetwork_NFT 

-- rt &amp; quoted their pinned with   #FlagNetwork  #cryptoc…",1470780095808024578,2022-03-20 03:49:41+00:00,
20,1505391097098477568,"RT @BTCGandalf: This is how @bopinion sees the world. 

#Bitcoin fixes this. https://t.co/Qq2A7HxMMP",1289061926308204544,2022-03-20 03:49:41+00:00,
21,1505391094267203585,"RT @Revolotto: 🏏World's Dangerous Cricketer
Greatest Batsman of All-time in Cricket

🌎Universe Boss - Chris Gayle extending his support and…",1499719540556857350,2022-03-20 03:49:40+00:00,
22,1505391093239582724,"In Japan, #XRP is religion. I love it! All works! #eth #ethereum #binance #bitcoin btc #ripple #crypto #cryptocurrency https://t.co/lCig15J86b",1290305647725154305,2022-03-20 03:49:40+00:00,
23,1505391090907631616,@AldahakG @BabyDogeCoin @BabyDogeNFTs https://t.co/klZr2aClRU Download and sign up for Earnapp and earn cash for the data you are already using! use my link to start earning today! #BTC #ETH #bitcoin #Ethereum #cryptocurrency  #Crypto #dogecoin  #NFTCommumity #NFT #money #NFTs,1435246097438584835,2022-03-20 03:49:39+00:00,
24,1505391090475671560,"RT @DeathNote_Token: DEATH NOTE TOKEN REFERRAL CONTEST 🔥 

Join our contest and win #Prizes for inviting the most people to our @telegram 🍎…",1458430204662231043,2022-03-20 03:49:39+00:00,
25,1505391090169384968,"XRP is getting ready to take off to the moon! #altcoin #bitcoin #binance #xrp #ripple

https://t.co/oCZ9Y6aa8i",4218620033,2022-03-20 03:49:39+00:00,
26,1505391089632481280,"Really nice project!
#FlagNetwork #IDO #cryptocurrency #Bitcoin #NFTs https://t.co/vozScQVh97",1501015795110797313,2022-03-20 03:49:39+00:00,
27,1505391087644561412,"In Japan, #XRP is religion. I love it! All works! #eth #ethereum #binance #bitcoin btc #ripple #crypto #cryptocurrency https://t.co/Bad6SdVJUG",968790935940186114,2022-03-20 03:49:38+00:00,
28,1505391077859102724,RT @saylor: You do not sell your #bitcoin.  https://t.co/LJNgJeWxvR,773028633141063680,2022-03-20 03:49:36+00:00,
29,1505391072091856899,$89 Million Dollars worth $SHIB just purchased 3.7 trillion tokens… #bitcoin THIS THING IS GONNA BLOW! #Ethereum #BTC #Blockchain — BUY &amp; HODL https://t.co/EXpGCZK81o,1491436465758228480,2022-03-20 03:49:35+00:00,
30,1505391071651856385,"RT @AirdropStario: 💧 SafeWallet Airdrop 💧

🏆 Task:        ➕ 175 SLT (~$3.5) for 1000 random participants

👨‍👩‍👧 Referral: ➕ 30,000 SLT (~$6…",1473016951953756164,2022-03-20 03:49:34+00:00,
31,1505391068271251456,"RT @Revolotto: 🏏World's Dangerous Cricketer
Greatest Batsman of All-time in Cricket

🌎Universe Boss - Chris Gayle extending his support and…",1496961618764496896,2022-03-20 03:49:34+00:00,
32,1505391068107481093,"RT @AirdropDet: 🔍 New #Airdrop: SafeWallet

💲 Reward: Up to 500 SLT (~$10) + 10K SLT (~$200) referral pool

🔴 Start the airdrop bot https:/…",1501795401824935941,2022-03-20 03:49:34+00:00,
33,1505391066597376002,"RT @CryptoHarry_: In relation to $UST and #bitcoin. 

🧵👇",1425118279362703369,2022-03-20 03:49:33+00:00,
34,1505391063913037826,Get IN now don't be LATE #xrp #binance #cryptocurrency #bitcoin https://t.co/YKXVE7kuHS,1148654455354642433,2022-03-20 03:49:33+00:00,
35,1505391063242006533,"We just know #XRP will moon #crypto #binance #cryptocurrency #bitcoin #btc

https://t.co/vFSeruSlne",1086781161559474178,2022-03-20 03:49:32+00:00,
36,1505391062646407168,"RT @DimpalS04947727: 🔎 New Airdrops: Phaver
🎁 Reward:  GET Phaver Points
👨‍👧‍👦 Participants: For All Early Users
🔥 Each 250$ to 1500$

🦾 Re…",1087498336070963205,2022-03-20 03:49:32+00:00,
37,1505391061413527556,"RT @airdropinspect: New airdrop: UMAY Network (UMAY)
Total Reward: $30,000 worth of UMAY
Rate:⭐️⭐️⭐️⭐️
Winners: 1,500 Random
Distribution:…",1395863740239663104,2022-03-20 03:49:32+00:00,
38,1505391059576274947,We just know #XRP will moon #crypto #binance #cryptocurrency #bitcoin #btc https://t.co/mzquYm70RB,923333388567588865,2022-03-20 03:49:32+00:00,
39,1505391057466540032,We just know #XRP will moon #crypto #binance #cryptocurrency #bitcoin #btc https://t.co/cozIQCog0r,1459848777787867146,2022-03-20 03:49:31+00:00,
40,1505391056933822465,"RT @AirdropDet: 🔍 New #Airdrop: TeddyDoge

💲 Reward: Up to 2,800 TEDDY + 800K TEDDY referral pool

🔴 Start the airdrop bot https://t.co/bJW…",1078205864270532608,2022-03-20 03:49:31+00:00,
41,1505391054593597441,"RT @airdropinspect: New airdrop: Prizefighter (RING)
Total Reward: $5,000 worth of RING
Rate: ⭐️⭐️⭐️⭐️
Winners: 1,000 Random &amp; Top 100
Dist…",1465299862992613377,2022-03-20 03:49:30+00:00,
42,1505391053431529479,We just know #XRP will moon #crypto #binance #cryptocurrency #bitcoin #btc https://t.co/giZQP6bwrQ,1415633479866277889,2022-03-20 03:49:30+00:00,
43,1505391051263119363,"RT @GoGalaGame: Nice, daily close above 0.24, a good and positive step to the upside. 
#gala $gala #Bitcoin #Crypto #binance https://t.co/6…",407103458,2022-03-20 03:49:30+00:00,
44,1505391049379762178,Get IN now don't be LATE #xrp #binance #cryptocurrency #bitcoin https://t.co/a7KUOgTtRr,1457841007052169223,2022-03-20 03:49:29+00:00,
45,1505391048670990336,@metararity @TimepieceApes https://t.co/klZr2aClRU Download and sign up for Earnapp and earn cash for the data you are already using! use my link to start earning today! #BTC #ETH #bitcoin #Ethereum #cryptocurrency  #Crypto #dogecoin  #NFTCommumity #NFT #money #NFTs,1435246097438584835,2022-03-20 03:49:29+00:00,
46,1505391046884458500,"RT @airdropinspect: New airdrop: Prizefighter (RING)
Total Reward: $5,000 worth of RING
Rate: ⭐️⭐️⭐️⭐️
Winners: 1,000 Random &amp; Top 100
Dist…",1395863740239663104,2022-03-20 03:49:29+00:00,
47,1505391044191477772,"We just know #XRP will moon #crypto #binance #cryptocurrency #bitcoin #btc

https://t.co/YciVJjFApH",896108281801912325,2022-03-20 03:49:28+00:00,
