,id,text,author_id,created_at,geo
0,1505523297080938502,"RT @AirdropStario: 💧 PeaSwap Finance Airdrop 💧

🏆 Task:          ➕ 10 PEA for 300 random participants each.

🔛 Airdrop Link &amp; Information:…",1419187285984116737,2022-03-20 12:34:59+00:00,
1,1505523293121622022,"In Japan, #XRP is religion. I love it! All works! #eth #ethereum #binance #bitcoin btc #ripple #crypto #cryptocurrency https://t.co/Sa9pBHLhuC",1465408621110562819,2022-03-20 12:34:59+00:00,
2,1505523292634943489,RT @woonomic: #Bitcoin is being accumulated. https://t.co/Wdnhek2u6F,1184883558357143552,2022-03-20 12:34:58+00:00,
3,1505523289950613507,"RT @AirdropStario: 💧 ABI GALAVERSE Airdrop 💧

🏆 Task:         ➕ 20 ABI for 1500 random participants each.

👨‍👩‍👧 Referral:   ➕ 70,000 ABI f…",1416265053628624897,2022-03-20 12:34:58+00:00,
4,1505523288289816585,"XRP is getting ready to take off to the moon! #altcoin #bitcoin #binance #xrp #ripple

https://t.co/w5a4SmuPme",1418214895259054100,2022-03-20 12:34:57+00:00,
5,1505523287077658625,"RT @RichardHeartWin: #Bitcoin laser eyes guys, come meet your doom. https://t.co/RaxIG0zIig",1466449698781282317,2022-03-20 12:34:57+00:00,
6,1505523284720615426,"RT @YupVerse: ✔️ YupVerse Airdrop (New Round) is live!

🔵 Airdrop Reward: Up to 10 Million YuP (~$5)

🔵 Referral Reward: 2 Million YuP (~$1…",1467026424632844292,2022-03-20 12:34:57+00:00,
7,1505523282376032263,"RT @AirdropDet: 🔍 New #Airdrop: YupVerse

💲 Reward: Up to 10M YuP (~$5) + 2M YuP (~$1,000) referral pool

🔴 Start the airdrop bot https://t…",1443160525773230082,2022-03-20 12:34:56+00:00,
8,1505523280333004803,"We just know #XRP will moon #crypto #binance #cryptocurrency #bitcoin #btc

https://t.co/jfe20aZfuz",24741305,2022-03-20 12:34:55+00:00,
9,1505523278915407874,"In Japan, #XRP is religion. I love it! All works! #eth #ethereum #binance #bitcoin btc #ripple #crypto #cryptocurrency https://t.co/mXUnDTI1L7",1304301433634906114,2022-03-20 12:34:55+00:00,
10,1505523276541411334,"RT @AirdropStario: 💧 MetaMints Airdrop 💧

🏆 Task:         ➕  1 ROBOT NFT for 40 random participants each

👨‍👩‍👧 Referral:   ➕  1 ROBOT NFT…",1416265053628624897,2022-03-20 12:34:55+00:00,
11,1505523276348502016,"XRP is getting ready to take off to the moon! #altcoin #bitcoin #binance #xrp #ripple

https://t.co/qciAa74mid",1455907819518152710,2022-03-20 12:34:55+00:00,
12,1505523275031580674,"@nelikristi The real gem in Crypto space , @sifu_inu is the sure plug 2022 ,#Sifu #sifuinu #altcoin #ALTSEASON #Crypto #shiba #EverGrowCoin #bitcoin #BNB #AirdropCrypto #Solana",4904939279,2022-03-20 12:34:54+00:00,
13,1505523274918207494,"n Japan, #XRP is religion. I love it! All works! #eth #ethereum #binance #bitcoin btc #ripple #crypto #cryptocurrency

https://t.co/qUPf58w18A",1422152407081840640,2022-03-20 12:34:54+00:00,
14,1505523274259738624,"RT @AirdropStario: 💧 PeaSwap Finance Airdrop 💧

🏆 Task:          ➕ 10 PEA for 300 random participants each.

🔛 Airdrop Link &amp; Information:…",1422438825343606786,2022-03-20 12:34:54+00:00,
15,1505523272594636809,"RT @tradeiseveryone: 🎉10 #AVAX  Giveaway to Celebrate $BTC 42K
🎁1 #AVAX  to 10 People, Winners Will Be Announced in 96 Hours

1) Follow @tr…",1461687336769671178,2022-03-20 12:34:54+00:00,
16,1505523272028340229,"RT @AirdropStario: 💧 PeaSwap Finance Airdrop 💧

🏆 Task:          ➕ 10 PEA for 300 random participants each.

🔛 Airdrop Link &amp; Information:…",1502327932945338369,2022-03-20 12:34:53+00:00,
17,1505523271143333889,"RT @AirdropDet: 🔍 New #Airdrop: TeddyDoge

💲 Reward: Up to 2,800 TEDDY + 800K TEDDY referral pool

🔴 Start the airdrop bot https://t.co/bJW…",1397781122507968514,2022-03-20 12:34:53+00:00,
18,1505523269939900416,"RT @AirdropStario: 💧 CRAT Airdrop 💧

🏆 Task:         ➕  $50 worth of CRAT for 1000 random participants each

👨‍👩‍👧 Referral:  ➕  $100 worth…",1432043073274466305,2022-03-20 12:34:53+00:00,
19,1505523269264359429,RT @CoinMarketCap: Not interested in reading technical articles or watching complex YouTube videos to understand how #Bitcoin emerged? 😒…,1489667701056417795,2022-03-20 12:34:53+00:00,
20,1505523269193003012,We just know #XRP will moon #crypto #binance #cryptocurrency #bitcoin #btc https://t.co/1DfRdq4SoI,1447192663929860101,2022-03-20 12:34:53+00:00,
21,1505523268807118849,"RT @airdropinspect: New airdrop: MOMOCO (USDT)
Total Reward: 3,000 USDT
Rate: ⭐️⭐️⭐️⭐️
Winners: 1000 Random &amp; Top 100
Distribution: within…",1498632196243935233,2022-03-20 12:34:53+00:00,
22,1505523268371025923,"RT @VeilleCyber3: How #AI will change the #DataCenter and the IT #workforce 
https://t.co/GxDV4mvFHo

#AIEthics #MachineLearning #AI #Pytho…",4069180535,2022-03-20 12:34:53+00:00,
23,1505523267360202755,"RT @deficonnect: Are we getting set for @BitrueOfficial  listing?

We are inches away from another pump... 

Go load your bags... 💰

#DFC #…",1399776328136724483,2022-03-20 12:34:52+00:00,
24,1505523267263733760,"We just know #XRP will moon #crypto #binance #cryptocurrency #bitcoin #btc

https://t.co/z7mMq9PyFZ",543634231,2022-03-20 12:34:52+00:00,
25,1505523264742854658,"RT @AirdropStario: 💧 PeaSwap Finance Airdrop 💧

🏆 Task:          ➕ 10 PEA for 300 random participants each.

🔛 Airdrop Link &amp; Information:…",1418257318945325057,2022-03-20 12:34:52+00:00,
26,1505523263354839048,"RT @Revolotto: 🏏World's Dangerous Cricketer
Greatest Batsman of All-time in Cricket

🌎Universe Boss - Chris Gayle extending his support and…",1468431519111061504,2022-03-20 12:34:51+00:00,
27,1505523263115390978,"RT @AirdropStario: 💧 RPGC Airdrop 💧

🏆 Task:         ➕  $8 worth of RPGC for 2000 random participants each.

👨‍👩‍👧 Referral:  ➕  $40 worth…",1416265053628624897,2022-03-20 12:34:51+00:00,
28,1505523263094800392,"RT @AirdropStario: 💧 PeaSwap Finance Airdrop 💧

🏆 Task:          ➕ 10 PEA for 300 random participants each.

🔛 Airdrop Link &amp; Information:…",1404000652448178176,2022-03-20 12:34:51+00:00,
29,1505523261395947523,"RT @rovercrc: #Bitcoin to $50,000 next week!",1181557508147728392,2022-03-20 12:34:51+00:00,
30,1505523255053983749,#DeFi #TeleFy #DEX #cryptocurrency #Ethereum #BinanceSmartChain #Bitcoin #Airdrop #polkadot #MATIC #Polygon $TELE #Cardano #ETH https://t.co/3btvX7xQ6z,1368210139438845958,2022-03-20 12:34:49+00:00,
31,1505523253388918784,RT @VOICEOFSHIBA: Every 5 hours I am asking @RobinhoodApp to list #SHIB who is with me let's come with me. #SHIBARMY #Crypto @nytimes #Bitc…,375278830,2022-03-20 12:34:49+00:00,
32,1505523251585294340,"RT @StephenPunwasi: India just bought 3 million barrels of oil from Russia at a 20% discount and paid in rupees, not USD.

The fight to de-…",1485037653321912322,2022-03-20 12:34:49+00:00,
33,1505523251426267137,"I am claiming my free Lightning sats from @_bitcoiner's amazing faucet! ⚡

@boltcoiner unlock me 41515395-5659-4193-b2b9-a475e904dcb2

#Bitcoin #BTC #LN #LightningNetwork #boltcoiner
https://t.co/gZJKixptB2",1502708615010222080,2022-03-20 12:34:49+00:00,
34,1505523251065151499,"We just know #XRP will moon #crypto #binance #cryptocurrency #bitcoin #btc

https://t.co/Lo8tuKUJFG",1245936929771847680,2022-03-20 12:34:48+00:00,
35,1505523247298846728,"@iSinghApurva @narendramodi @PMOIndia #SHINJA 🥷🔥 
BUY NOW AND JUST WATC GOİNG TO THE MOON⚔️🥷🔥🚀🚀
🥷 #Shinja #Shibnobi $Shinja
🥷 #SHIBNOBI_DOJOSWAP
🥷 #SHIBNOBI_WALLET 
🥷 #SHIBNOBI_BLOCKCHAIN 
🥷 #SHIBNOBI_DOJOVERSE 

#Bitcoin #RACA #ETH #Binance #BNB #Metaverse #kriptopara",1498781970846949376,2022-03-20 12:34:48+00:00,
36,1505523245306753025,"RT @AirdropDet: 🔍 New #Airdrop: YupVerse

💲 Reward: Up to 10M YuP (~$5) + 2M YuP (~$1,000) referral pool

🔴 Start the airdrop bot https://t…",1392881823336697857,2022-03-20 12:34:47+00:00,
37,1505523244136382472,"RT @binance: 💰 $10,000 giveaway 💰
 
Post your #BitcoinButton result to enter!
 
Rules:
🔸 Retweet this post
🔸 Follow @Binance
🔸 Play #Bitcoi…",1448290423877799936,2022-03-20 12:34:47+00:00,
38,1505523243234443265,"RT @Revolotto: 🏏World's Dangerous Cricketer
Greatest Batsman of All-time in Cricket

🌎Universe Boss - Chris Gayle extending his support and…",1505518235453517825,2022-03-20 12:34:47+00:00,
39,1505523238595862529,"RT @airdropinspect: New airdrop: Fracproperty X PriMetaProp(FRAC)
Total Reward: $10,000 worth of FRAC 
Rate: ⭐️⭐️⭐️⭐️
Winners: 2000 Random…",1075676452622876672,2022-03-20 12:34:46+00:00,
40,1505523233692393476,"RT @AirdropStario: 💧 Raiinmaker Airdrop 💧

🏆 Task:          ➕ 1,5 COIIN for 500 random participants each.

👨‍👩‍👧 Referral:   ➕ 5 COIIN for…",1416265053628624897,2022-03-20 12:34:44+00:00,
41,1505523233407528966,"RT @derus1997: We're still Bullish on #bitcoin  
Still waiting for #BTC 43k 

@cctip_com airdrop 5000000 BTTNEW 500 #bitcoin #BTC",1361232974314831874,2022-03-20 12:34:44+00:00,
42,1505523230450278401,"RT @airdropinspect: New airdrop: Prizefighter (RING)
Total Reward: $5,000 worth of RING
Rate: ⭐️⭐️⭐️⭐️
Winners: 1,000 Random &amp; Top 100
Dist…",1499120127140372483,2022-03-20 12:34:44+00:00,
43,1505523229531725832,"XRP is getting ready to take off to the moon! #altcoin #bitcoin #binance #xrp #ripple

https://t.co/lEja1yVKma",1294978782969962501,2022-03-20 12:34:43+00:00,
44,1505523229208817667,"RT @deficonnect: While getting set for @BitrueOfficial ,  Get in here to vote DFC  and stand a chance to win 

Click here: https://t.co/LzE…",1399776328136724483,2022-03-20 12:34:43+00:00,
45,1505523227413598214,"@Corey2140 GREAT!!🚨🚨: It will also change your life. I only bought Banxa Holdings CVE: BNXA stock. Big profits waits. Thank me later for that hint🔥 @BanxaOfficial #btc #bitcoin #defi #nft
https://t.co/V1keLbyrHM",1470145355236978698,2022-03-20 12:34:43+00:00,
46,1505523225706434563,"RT @mikealfred: Feeling a little sad today for all the people who wasted the opportunity to buy $32,900 #Bitcoin in January because they we…",1212016889863397376,2022-03-20 12:34:42+00:00,
47,1505523225618386944,"XRP is getting ready to take off to the moon! #altcoin #bitcoin #binance #xrp #ripple

https://t.co/z6WF2kRW0Y",1480193437936889858,2022-03-20 12:34:42+00:00,
