,id,text,author_id,created_at,geo
0,1505341800730529792,XRP is getting ready to take off to the moon! #altcoin #bitcoin #binance #xrp #ripple https://t.co/oU4X0QVUMf,1345893854147350528,2022-03-20 00:33:47+00:00,
1,1505341799598022657,RT @Muataz_Hadia: When we say $FEG will be the King of DEFI and google suite for crypto we mean it. What’s coming it is mind blowing. Sit b…,1348678845935874050,2022-03-20 00:33:47+00:00,
2,1505341799556161540,"@NFTfemmefatale #nfts #nft #nftart #nftcommunity #nftcollector #nftartist #cryptoart #digitalart #art #crypto #nftcollectors #bitcoin #cryptocurrency #nftdrop #cryptoartist #nftcollectibles
 Check out Spiderverse by MetaNFTs at https://t.co/dcapARm2eZ NFT! https://t.co/2pmn6JpZox via @cryptocom",1454569988380053509,2022-03-20 00:33:47+00:00,
3,1505341796582309898,RT @rovercrc: #Bitcoin Bull run 3.0 loading... https://t.co/d1tUySOLOv,1358817261163798534,2022-03-20 00:33:46+00:00,
4,1505341794623533056,"n Japan, #XRP is religion. I love it! All works! #eth #ethereum #binance #bitcoin btc #ripple #crypto #cryptocurrency

https://t.co/mq29EtmkvV",1101353474560712704,2022-03-20 00:33:46+00:00,
5,1505341792501256192,"RT @DylanLeClair_: Releasing a banger #Bitcoin report tomorrow afternoon in tandem with @samjrule. 

Sub to the Deep Dive for first access…",761543835176402944,2022-03-20 00:33:45+00:00,
6,1505341791725559808,"RT @AirdropDet: 🔍 New #Airdrop: YupVerse

💲 Reward: Up to 10M YuP (~$5) + 2M YuP (~$1,000) referral pool

🔴 Start the airdrop bot https://t…",1402482551298543625,2022-03-20 00:33:45+00:00,
7,1505341791603671052,"24-hr z-scores for cryptocurrency prices and volume
more @ https://t.co/Hv8R8Llc3r
 
#buythedip #thedipindex #BTC #bitcoin #ETH #cryptocurrency https://t.co/qvUKEpf6XJ",852616762436849664,2022-03-20 00:33:45+00:00,
8,1505341791155142656,"RT @chitaglorya__: giveaway 200$ | 2,800,000 IDR

-- rt follow @flagnetwork_NFT 

-- rt &amp; quoted their pinned with   #FlagNetwork  #cryptoc…",1499786762658664455,2022-03-20 00:33:45+00:00,
9,1505341787325739014,"RT @airdropinspect: New airdrop: Prizefighter (RING)
Total Reward: $5,000 worth of RING
Rate: ⭐️⭐️⭐️⭐️
Winners: 1,000 Random &amp; Top 100
Dist…",1494630413859373057,2022-03-20 00:33:44+00:00,
10,1505341786394607620,"RT @airdropinspect: New airdrop: Prizefighter (RING)
Total Reward: $5,000 worth of RING
Rate: ⭐️⭐️⭐️⭐️
Winners: 1,000 Random &amp; Top 100
Dist…",1502307891508051968,2022-03-20 00:33:44+00:00,
11,1505341785912262657,"RT @TheCryptoLaunch: 💥The Crypto Launchpad Giveaway💥

🏆 Task: Up to $50 worth of TCL Partners' Tokens.

👨‍👩‍👧 Referral: $25 worth of TCL Pa…",1438748042669150215,2022-03-20 00:33:44+00:00,
12,1505341785341669376,"RT @ModabberParisa: @Jonatha86858120 @ConnectorCoin ➡️ @CONNECTORCOIN ⬅️
Good Project 👌👌👌
#crypto #bitcoin 
#CONNECTORCOIN 
#ctco $bnb $bsc…",1492095126713339905,2022-03-20 00:33:44+00:00,
13,1505341785236652032,We just know #XRP will moon #crypto #binance #cryptocurrency #bitcoin #btc https://t.co/yyHQhI9k0O,1338367934670929921,2022-03-20 00:33:44+00:00,
14,1505341784637034497,The strongest bullish signal flashed for #XRP #bitcoin #btc #ethereum #eth https://t.co/i9cesln2jv,1183603374253584385,2022-03-20 00:33:44+00:00,
15,1505341783349157888,"RT @Revolotto: 🏏World's Dangerous Cricketer
Greatest Batsman of All-time in Cricket

🌎Universe Boss - Chris Gayle extending his support and…",1481864620725784578,2022-03-20 00:33:43+00:00,
16,1505341781797396483,"RT @samjrule: ""In 2021, #Bitcoin processed $3.0T worth of payments, placing it above well-known card networks American Express ($1.3T) and…",761543835176402944,2022-03-20 00:33:43+00:00,
17,1505341781101080577,"XRP is getting ready to take off to the moon! #altcoin #bitcoin #binance #xrp #ripple

https://t.co/nbSEm9UTWt",962583199409889280,2022-03-20 00:33:43+00:00,
18,1505341780782370818,RT @Bitcoin: Probably not going to happen on the #Bitcoin network. https://t.co/57Dj7KthFV,1376947950199406593,2022-03-20 00:33:43+00:00,
19,1505341780748869632,"RT @MayfairMethod: All the Proof you need... #mooncarl #bitcoin #btc - if you make 900% on a million $$$ account, you don't need to plug ""l…",1165060775699996674,2022-03-20 00:33:43+00:00,
20,1505341779305918464,"RT @airdropinspect: New airdrop: Skygard Game
Total Reward: 1100 NFTs
Rate: ⭐️⭐️⭐️⭐️
Winners: 1,000 Random &amp; 100 Top
Distribution: within 1…",1269468777843834881,2022-03-20 00:33:42+00:00,
21,1505341777221681158,"RT @AirdropStario: 💧 SafeWallet Airdrop 💧

🏆 Task:        ➕ 175 SLT (~$3.5) for 1000 random participants

👨‍👩‍👧 Referral: ➕ 30,000 SLT (~$6…",1489101986389630976,2022-03-20 00:33:42+00:00,
22,1505341776650985476,Get IN now don't be LATE #xrp #binance #cryptocurrency #bitcoin https://t.co/0vX5KSUjBy,4545291435,2022-03-20 00:33:42+00:00,
23,1505341771554852864,XRP is getting ready to take off to the moon! #altcoin #bitcoin #binance #xrp #ripple https://t.co/BnDzB3WBAA,1471389239275360259,2022-03-20 00:33:40+00:00,
24,1505341769981915136,Get IN now don't be LATE #xrp #binance #cryptocurrency #bitcoin https://t.co/CdpN4HP220,807237013,2022-03-20 00:33:40+00:00,
25,1505341769650610176,"RT @binance: 💰 $10,000 giveaway 💰
 
Post your #BitcoinButton result to enter!
 
Rules:
🔸 Retweet this post
🔸 Follow @Binance
🔸 Play #Bitcoi…",1088582282212925441,2022-03-20 00:33:40+00:00,
26,1505341768006520833,We just know #XRP will moon #crypto #binance #cryptocurrency #bitcoin #btc https://t.co/EgcfjKJrHr,1277534089478729728,2022-03-20 00:33:40+00:00,
27,1505341767071449092,"RT @Revolotto: 🏏World's Dangerous Cricketer
Greatest Batsman of All-time in Cricket

🌎Universe Boss - Chris Gayle extending his support and…",793865425,2022-03-20 00:33:39+00:00,
28,1505341760628838400,"RT @samjrule: Largest 30-day % change in #bitcoin price since June last year. 

Typically good long-term accumulation opportunities. 

http…",761543835176402944,2022-03-20 00:33:38+00:00,
29,1505341759513153542,"In Japan, #XRP is religion. I love it! All works! #eth #ethereum #binance #bitcoin btc #ripple #crypto #cryptocurrency https://t.co/B7sPVktJBv",4517418688,2022-03-20 00:33:38+00:00,
30,1505341758435176453,"RT @CryptoSavy1: Here is is.....a look at the #bitcoin #crypto and traditional #markets with @X5_MarketMakers , watch the whole video for t…",1346931828586905600,2022-03-20 00:33:37+00:00,
31,1505341754941214722,"RT @AirdropDet: 🔍 New #Airdrop: YupVerse

💲 Reward: Up to 10M YuP (~$5) + 2M YuP (~$1,000) referral pool

🔴 Start the airdrop bot https://t…",1396454876058570753,2022-03-20 00:33:36+00:00,
32,1505341753594814464,"RT @Revolotto: 🏏World's Dangerous Cricketer
Greatest Batsman of All-time in Cricket

🌎Universe Boss - Chris Gayle extending his support and…",1256175019895345152,2022-03-20 00:33:36+00:00,
33,1505341753439752197,RT @krakenfx: 💫 Why do you believe in #Bitcoin?,3063758351,2022-03-20 00:33:36+00:00,
34,1505341749610246149,"RT @CarolainCrypt0: #Bitcoin is worth 42K right now!!

And what are you going to invest in?  show me your great project x 100!👇🏻👇🏻 https://…",951764333662318593,2022-03-20 00:33:35+00:00,
35,1505341743713062912,"RT @airdropinspect: New airdrop: Prizefighter (RING)
Total Reward: $5,000 worth of RING
Rate: ⭐️⭐️⭐️⭐️
Winners: 1,000 Random &amp; Top 100
Dist…",1489546850902233089,2022-03-20 00:33:34+00:00,
36,1505341741783830535,"RT @samjrule: Lots of different ways to estimate/define #bitcoin whale behavior. 

Looking at the entities holding more than 1K BTC less es…",761543835176402944,2022-03-20 00:33:33+00:00,
37,1505341741494276100,"XRP is getting ready to take off to the moon! #altcoin #bitcoin #binance #xrp #ripple

https://t.co/9AceF7OrCr",2578997660,2022-03-20 00:33:33+00:00,
38,1505341740630355972,"RT @BTCfuel: This #Bitcoin indicator setup has always led to a big BULLISH move in the past. Now it's happening again 🔥🔥🔥

Nice spot from @…",3063758351,2022-03-20 00:33:33+00:00,
39,1505341739124420609,"n Japan, #XRP is religion. I love it! All works! #eth #ethereum #binance #bitcoin btc #ripple #crypto #cryptocurrency

https://t.co/oB96N2TKRc",4556744129,2022-03-20 00:33:33+00:00,
40,1505341738374033410,"RT @Revolotto: 🏏World's Dangerous Cricketer
Greatest Batsman of All-time in Cricket

🌎Universe Boss - Chris Gayle extending his support and…",1500106897068019713,2022-03-20 00:33:32+00:00,
41,1505341736201109507,XRP is getting ready to take off to the moon! #altcoin #bitcoin #binance #xrp #ripple https://t.co/CFoJ33bhsL,1301731661911142401,2022-03-20 00:33:32+00:00,
42,1505341735098060809,"RT @ProjectsIco: What is next leg up for #Bitcoin 

#Crypto #BTC #BTCUSDT #cryptocurrency",1490519707895619586,2022-03-20 00:33:32+00:00,
43,1505341734527635458,The strongest bullish signal flashed for #XRP #bitcoin #btc #ethereum #eth https://t.co/NirW9FDwcA,1124229641135222785,2022-03-20 00:33:32+00:00,
44,1505341732988551168,"We just know #XRP will moon #crypto #binance #cryptocurrency #bitcoin #btc

https://t.co/8Pz3fSdl0c",1458524587386359812,2022-03-20 00:33:31+00:00,
45,1505341732640428033,"RT @airdropinspect: New airdrop: Prizefighter (RING)
Total Reward: $5,000 worth of RING
Rate: ⭐️⭐️⭐️⭐️
Winners: 1,000 Random &amp; Top 100
Dist…",1497244180304723971,2022-03-20 00:33:31+00:00,
46,1505341731499220995,Get IN now don't be LATE #xrp #binance #cryptocurrency #bitcoin https://t.co/NhjLmIgyCZ,1258762415438585863,2022-03-20 00:33:31+00:00,
47,1505341730736197636,"RT @AirdropStario: 💧 SafeWallet Airdrop 💧

🏆 Task:        ➕ 175 SLT (~$3.5) for 1000 random participants

👨‍👩‍👧 Referral: ➕ 30,000 SLT (~$6…",1461907839635492867,2022-03-20 00:33:31+00:00,
48,1505341729784078336,"RT @Revolotto: 🏏World's Dangerous Cricketer
Greatest Batsman of All-time in Cricket

🌎Universe Boss - Chris Gayle extending his support and…",1461657354907181058,2022-03-20 00:33:30+00:00,
