,id,text,author_id,created_at,geo
0,1505627482585710598,RT @FundingGym: @RichardHeartWin 3 hour commentary recorded 19 March 2022. The status of Defi / BTC / Product and Project updates were disc…,1330131542,2022-03-20 19:28:59+00:00,
1,1505627481461641224,"Nothing like waking up on a Sunday and learning that even if I somehow magically increased my current #bitcoin stack by 20x, I'm *still* NGMI. 
Thanks, @maxkeiser 😭 https://t.co/PIpexGDhQ3",14460543,2022-03-20 19:28:59+00:00,
2,1505627480798818304,RT @BitcoinSapiens: We are so early that there are zero thick girls with fat asses in #Bitcoin.,1462681937705844739,2022-03-20 19:28:59+00:00,
3,1505627479368683520,"@TheMoonCarl There are different ways of investing
in #Crypto and @Stella_Olsen1 can show you safest way to earn especially in #bitcoin 
#Bitcoin  dipped and investing now is very much advised. To learn how to earn in crypto without sending money to anyone , kindly reach out to @Stella_Olsen1",1503598850904309761,2022-03-20 19:28:58+00:00,
4,1505627476344463360,"RT @Bitcoin8News: The $BTC price is at $41,771 right now.
🟢 Compared to the last tweet, the price has increased by $71 (0.17%).
🟢 In the la…",1487959656542916609,2022-03-20 19:28:58+00:00,
5,1505627474901626882,RT @Shard88785632: @1goonrich #KAWA! These guys are absolutely killing it! #1000xgem #1000x #bitcoin https://t.co/4Sluhlly5u,1464097218516983808,2022-03-20 19:28:57+00:00,
6,1505627473928757258,"RT @BTCGandalf: This is how @bopinion sees the world. 

#Bitcoin fixes this. https://t.co/Qq2A7HxMMP",1335596438663933953,2022-03-20 19:28:57+00:00,
7,1505627473718915074,"RT @Revolotto: 🌟Congratulation! 
Another Milestone Achieved!

💎31K TWITTER FOLLOWERS💎

Revolotto Team saying thanks to our most valuable an…",1408857201394003970,2022-03-20 19:28:57+00:00,
8,1505627471852544000,RT @Blockworks_: PayPal Co-Founder: The biggest mistake I made in the last decade was getting too late and too little into #Bitcoin,1292084575917740033,2022-03-20 19:28:57+00:00,
9,1505627471655358471,"So for a simple sum up, it is a very important #indicator to use #DXY in your crypto #trading as historically, it has predicted the crypto market for 2-3 years to come.  We are at very important crossroads at the moment with 200dEMA on #bitcoin This will decide what happens",1260286257856483328,2022-03-20 19:28:57+00:00,
10,1505627471370403840,"RT @GiveawayInspect: New Giveaway: OverDose
Total Reward: $600 USDT
Winners: 200 Random &amp; Top 20
Distribution: within a week after the Give…",1429344761006026752,2022-03-20 19:28:57+00:00,
11,1505627466064269312,"RT @RichardHeartWin: #Bitcoin laser eyes guys, come meet your doom. https://t.co/RaxIG0zIig",1442304895101521926,2022-03-20 19:28:55+00:00,
12,1505627466047508482,"RT @saylor: If you don't understand money, you won't understand #bitcoin.",1462681937705844739,2022-03-20 19:28:55+00:00,
13,1505627463363493888,"It's very very good and amazing project🥰💖💞

@HlaOliver
@missjez1986
@raymon22159622

#Airdrop #BSC #Bitcoin #USDT #XCodeInfinity #CODE #Airdropstario https://t.co/E4KP9ZJ1l5",1379369603264962565,2022-03-20 19:28:55+00:00,
14,1505627463153594373,"RT @LibertyMugs: How this small business secures their #Bitcoin.

Bitcoin Core is the way. @YetiWallet https://t.co/b2EKjmHZm5",920399561272594433,2022-03-20 19:28:55+00:00,
15,1505627460335026184,"We just know #XRP will moon #crypto #binance #cryptocurrency #bitcoin #btc

https://t.co/AmUy4HZ2OP",1479405429801328641,2022-03-20 19:28:54+00:00,
16,1505627460133658631,"n Japan, #XRP is religion. I love it! All works! #eth #ethereum #binance #bitcoin btc #ripple #crypto #cryptocurrency

https://t.co/LY6eYjgEqe",1298214357587775488,2022-03-20 19:28:54+00:00,
17,1505627460079333376,@Ukraine @ZelenskyyUa #bitcoin 4 Ukraine Visit: @HelpUAcrypto,1407357146,2022-03-20 19:28:54+00:00,
18,1505627460007694339,RT @Shard88785632: @lillyvivvi #KAWA! These guys are absolutely killing it! #1000xgem #1000x #bitcoin https://t.co/AwvMDJ9GOz,1464097218516983808,2022-03-20 19:28:54+00:00,
19,1505627459315806212,"@newlistiing #shinja #ShinjaSeason
#DubaiExpo2022
#DubaiCryptoExpo

#DOJOSWAP listing #Token
#Selena_Inu
#flokimusk
#saitanobi
#bobatama
#threeohdao
#YetiCoin
#kuonotori
#planataso

#altcoin #AVAX #dogecoin
#BabyDoge #GALA
@cz_binance @elonmusk #Bitcoin #ethereum https://t.co/BQ5txZme2I",1454678238295437314,2022-03-20 19:28:54+00:00,
20,1505627456664969217,"RT @relai_app: Will #Bitcoin get back over 45K in March? 

NO         MAYBE         1 btc=1btc
👇             👇              👇",709816832627253248,2022-03-20 19:28:53+00:00,
21,1505627456207835139,"RT @Fastcoin5: Your best choice, the future! 😉
Comes from CoinsFee!  

#CoinsFee #FastCoin #Bitcoin #FastCoinExpress #Faster #Fast #Easy #s…",1492822068169252866,2022-03-20 19:28:53+00:00,
22,1505627456132116480,"RT @el_crypto_prof: #ALTSEASON 

One chart that really excites me, is the #Altcoinmarketcap-Chart (exclude $BTC).

-Same structure as from…",1355408814221127681,2022-03-20 19:28:53+00:00,
23,1505627450478260226,RT @Shard88785632: @MartiniGuyYT #KAWA! These guys are absolutely killing it! #1000xgem #1000x #bitcoin https://t.co/5vPEATVbKI,1464097218516983808,2022-03-20 19:28:52+00:00,
24,1505627449983488005,"Don't 4get $BTC is STILL above ALL trend lines

#BTC Long term trend SAFE for NOW but it's getting close

Now the SWEET news!

IF #BITCOIN closes around here, better if higher &amp; volume kicks in a bit, FIRST weekly close above RED LINE in WEEKS!

#crypto #cryptocurrency https://t.co/iIJdrfVl7B",743814793941913600,2022-03-20 19:28:51+00:00,
25,1505627449895395333,"RT @YUSUPHKILEO: 2021, About 106 M people around the world use #cryptocurrencies

24th March @AfICTA  will host a Webinar on ""Cryptocurrenc…",76417001,2022-03-20 19:28:51+00:00,
26,1505627449421447174,@Ukraine @ZelenskyyUa #bitcoin 4 Ukraine Visit: @HelpUAcrypto,823533147962871809,2022-03-20 19:28:51+00:00,
27,1505627448032972803,"We just know #XRP will moon #crypto #binance #cryptocurrency #bitcoin #btc

https://t.co/4zL809KnNz",883961736373583872,2022-03-20 19:28:51+00:00,
28,1505627446405595138,"RT @AirdropDet: 🔍 New #Airdrop: YupVerse

💲 Reward: Up to 10M YuP (~$5) + 2M YuP (~$1,000) referral pool

🔴 Start the airdrop bot https://t…",1357606589314732041,2022-03-20 19:28:51+00:00,
29,1505627446133014532,"Meanwhile he’s mining #bitcoin while the US moves to adopt it while the world realizes that USD hegemony is ending. 

Putin wins again after the US grows bullish on ₿, and we pump his bags. 

You can’t say that the man isn’t intelligent. https://t.co/PmGrKCNvNr",993104404294356998,2022-03-20 19:28:51+00:00,
30,1505627442546839552,Nice.  #FlagNetwork #IDO #cryptocurrency #Bitcoin #NFTs https://t.co/pqBDpSD0F8,1441256334683348995,2022-03-20 19:28:50+00:00,
31,1505627438675603456,"RT @relai_app: Will #Bitcoin get back over 45K in March? 

NO         MAYBE         1 btc=1btc
👇             👇              👇",1189263728883175426,2022-03-20 19:28:49+00:00,
32,1505627438604337158,"RT @ShaneTrammel: Not financial advice but I'm in my mid 50's and I'm 100% allocated to #Bitcoin outside of my house. 

That's my level of…",1418575660784758786,2022-03-20 19:28:49+00:00,
33,1505627438340263937,"@XCodeInfinity @blindboxes_io It's very very good and amazing project🥰💖💞

@HlaOliver
@missjez1986
@raymon22159622

#Airdrop #BSC #Bitcoin #USDT #XCodeInfinity #CODE #Airdropstario",1379369603264962565,2022-03-20 19:28:49+00:00,
34,1505627437379457031,"RT @AirdropDet: 🔍 New #Airdrop: YupVerse

💲 Reward: Up to 10M YuP (~$5) + 2M YuP (~$1,000) referral pool

🔴 Start the airdrop bot https://t…",1184027633320976384,2022-03-20 19:28:48+00:00,
35,1505627436759027713,"RT @AirdropStario: 💧 Bee-Trade Finance Airdrop 💧

📍 Audited by: CertiK

🏆 Task:          ➕  Up to 36 BTF (~$51,48)

👨‍👩‍👧 Referral:   ➕  5…",1410108531177451523,2022-03-20 19:28:48+00:00,
36,1505627434862972929,"Keep3rV1 is Excellent coin 🚀

#bitcoin #dogecoin #shiba #APECOIN #Ethereum #Solana #Crypto #cryptocurrencies",1370565484635156481,2022-03-20 19:28:48+00:00,
37,1505627433105596418,RT @MrPortner: Best present for a newborn I could image and give: B is for #bitcoin first #Satoshis in his young lifetime on an @OPENDIME s…,1294413163665010688,2022-03-20 19:28:47+00:00,
38,1505627432283422724,"RT @AirdropStario: 💧 RPGC Airdrop 💧

🏆 Task:         ➕  $8 worth of RPGC for 2000 random participants each.

👨‍👩‍👧 Referral:  ➕  $40 worth…",1502011851995226112,2022-03-20 19:28:47+00:00,
39,1505627431729721346,@Ukraine @ZelenskyyUa #bitcoin 4 Ukraine Visit: @HelpUAcrypto,772997340303073280,2022-03-20 19:28:47+00:00,
40,1505627431549673472,"RT @AirdropDet: 🔍 New #Airdrop: Elite Cash

🏆 Total Airdrop Pool: 140,000 ELC [~$49,000]

🔴 Start the airdrop bot https://t.co/geX2YRhj5n…",1366263767340707840,2022-03-20 19:28:47+00:00,
41,1505627430525964289,@Ukraine @ZelenskyyUa #bitcoin 4 Ukraine Visit: @HelpUAcrypto,593849908,2022-03-20 19:28:47+00:00,
42,1505627429464948736,"RT @AirdropStario: 💧 CRAT Airdrop 💧

🏆 Task:         ➕  $50 worth of CRAT for 1000 random participants each

👨‍👩‍👧 Referral:  ➕  $100 worth…",1225473130719633414,2022-03-20 19:28:47+00:00,
43,1505627426239492108,"@borsaparatic #shinja #ShinjaSeason
#DubaiExpo2022
#DubaiCryptoExpo

#DOJOSWAP listing #Token
#Selena_Inu
#flokimusk
#saitanobi
#bobatama
#threeohdao
#YetiCoin
#kuonotori
#planataso

#altcoin #AVAX #dogecoin
#BabyDoge #GALA
@cz_binance @elonmusk #Bitcoin #ethereum https://t.co/BQ5txZme2I",1454678238295437314,2022-03-20 19:28:46+00:00,
44,1505627426017189894,"What this allows, is for a person to have their entire net-worth in #bitcoin while also being able to freely spend as if they have dollars.  

In the Fiat world, we call these devices secured credit cards.",467872292,2022-03-20 19:28:46+00:00,
45,1505627424444207108,RT @KawaLarry1: Oh and Zero buy TAX baby!!! Let’s go!! #1000xgem #BTC #bitcoin https://t.co/jBHWlFWVzp,1464097218516983808,2022-03-20 19:28:45+00:00,
46,1505627422514946056,"RT @AirdropDet: 🔍 New #Airdrop: YupVerse

💲 Reward: Up to 10M YuP (~$5) + 2M YuP (~$1,000) referral pool

🔴 Start the airdrop bot https://t…",1367399754922131460,2022-03-20 19:28:45+00:00,
47,1505627422443642887,"Ukraine Tech Startups Pivot From Software Code to Rescue Plans 

#stocks #money #investing #entrepreneur #bitcoin #forex #business #investment #investor #cryptocurrency #trading #invest #market #wealth #finance
#success #wallstreet
#motivation #trader...
https://t.co/pPnOzWlpI4",1367700165226864640,2022-03-20 19:28:45+00:00,
48,1505627422229676036,"RT @ValerySobolev: #BTC DAILY INCOME - WITHOUT INVESTMENTS !!!
We give out 5 main prizes:
1st place - $ 3000
2nd place - $ 2000
3rd place -…",324318782,2022-03-20 19:28:45+00:00,
