,id,text,author_id,created_at,geo
0,1505489574323273729,"@Amarach31884440 @davido Join, register, start mining, claim free renec (500), and start making money. You can thank me later:
https://t.co/0Sj2rTzY6B
#Remitano #Bitcoin #Ethereum",554187890,2022-03-20 10:20:59+00:00,
1,1505489573572333569,"RT @AirdropDet: 🔍 New #Airdrop: Elite Cash

🏆 Total Airdrop Pool: 140,000 ELC [~$49,000]

🔴 Start the airdrop bot https://t.co/geX2YRhj5n…",1370607149882109953,2022-03-20 10:20:59+00:00,
2,1505489571081256962,RT @Robin61033447: You can do Cloud Mining using this site https://t.co/xuaRw8g7t6 #mining #trxmining #money #earnmoney #register #bitcoin…,1498214603045543936,2022-03-20 10:20:59+00:00,
3,1505489570091044865,"RT @5ireChain: #5ire Coin Review! 🔥
121 Million #Funding! 🚀

Read The Complete Article Here! ⤵
https://t.co/OcGE7BTlSs 

#cryptocurrency #k…",1360253018214526978,2022-03-20 10:20:58+00:00,
4,1505489568145055744,"RT @VeilleCyber3: Is #AI intrinsically hyped?
https://t.co/CZU6ln8QEQ

#AIEthics #MachineLearning #AI #Python #DeepLearning #IoT #100DaysOf…",4069180535,2022-03-20 10:20:58+00:00,
5,1505489567754842115,"RT @Revolotto: 🏏World's Dangerous Cricketer
Greatest Batsman of All-time in Cricket

🌎Universe Boss - Chris Gayle extending his support and…",1493801264206942211,2022-03-20 10:20:58+00:00,
6,1505489564579758087,"XRP is getting ready to take off to the moon! #altcoin #bitcoin #binance #xrp #ripple

https://t.co/25JKDL1q3T",921226500153602054,2022-03-20 10:20:57+00:00,
7,1505489562772000770,"XRP is getting ready to take off to the moon! #altcoin #bitcoin #binance #xrp #ripple

https://t.co/87VcHIfmgT",1269513182990807040,2022-03-20 10:20:57+00:00,
8,1505489561694228486,"RT @mariiaaa_ch: always be in #bullish with bluesparrow
#ETH
#BlueSparrow
#BlueSparrowtoken
#BlueSparrowCommunity
#BestDrawToken
#Bluesparr…",1464138431882276866,2022-03-20 10:20:56+00:00,
9,1505489560742109188,"RT @backerfigth: 🚨INFORMATION ALERT🚨

Details are coming about @GrafeneWallet 👀
Please check out @Ste_Cha_FEG's tweet. 🔥

$FEG never stops!…",1440312476898234373,2022-03-20 10:20:56+00:00,
10,1505489559320207362,"RT @VeilleCyber3: Behind the cover #HumanCentered AI
https://t.co/uBRw2Grmc8

#AIEthics #MachineLearning #AI #Python #DeepLearning #IoT #10…",4069180535,2022-03-20 10:20:56+00:00,
11,1505489557558546434,"@BluesparrowC @bitfinex @BlueSparrowETH #BlueSparrow is a bridge between the stock market and crypto .. You will have both in the Blue Sparrow CEX
@BlueSparrowETH
@BluesparrowC
#BluesparrowCEX
#ETH
#BlueSparrow
#BlueSparrowtoken
#BlueSparrowCommunity
#bitcoin
#BestDrawToken
#Bluesparrowcharity
#Web3
#NFT🥳❄️95",1383720795768201218,2022-03-20 10:20:55+00:00,
12,1505489556338089985,RT @DontDefyDefi_io: 🗣️#Wanchain is an ever-growing network of #directbridge's connecting #Bitcoin #Ethereum #Avalanche #Binance Smart Chai…,980564042237521921,2022-03-20 10:20:55+00:00,
13,1505489555885297670,"RT @chitaglorya__: giveaway 200$ | 2,800,000 IDR

-- rt follow @flagnetwork_NFT 

-- rt &amp; quoted their pinned with   #FlagNetwork  #cryptoc…",1152872516207038466,2022-03-20 10:20:55+00:00,
14,1505489553628581893,"@GeorgeA14477292 @davido Join, register, start mining, claim free renec (500), and start making money. You can thank me later:
https://t.co/0Sj2rTzY6B
#Remitano #Bitcoin #Ethereum",554187890,2022-03-20 10:20:54+00:00,
15,1505489552206614532,RT @mariiaaa_ch: Web 3.0 is all about a more transparent and fairer network where everyone can participate without fearing a loss of privac…,1464138431882276866,2022-03-20 10:20:54+00:00,
16,1505489551174868996,"RT @AirdropStario: 💧 GET Coin Airdrop 💧

🏆 Task:        ➕  100,000 GET for 20,000 random participants each

👨‍👩‍👧 Referral: ➕  500,000 GET…",1488256964203319301,2022-03-20 10:20:54+00:00,
17,1505489547144175616,"Time management is the key to success in future trading.

#bitcoin 
#TRADINGTIPS 
#finance",780792239781842944,2022-03-20 10:20:53+00:00,
18,1505489543570640897,"RT @AirdropStario: 💧 CRAT Airdrop 💧

🏆 Task:         ➕  $50 worth of CRAT for 1000 random participants each

👨‍👩‍👧 Referral:  ➕  $100 worth…",1483827649373999106,2022-03-20 10:20:52+00:00,
19,1505489543403024388,"RT @Brisecommunity: What #Google Has To Say About Us💪
.
➡ #Bitgert To The MOON!🚀

#Brise #Bitgertcommunity #Bitgertarmy #Crypto #BRC20 #Bit…",1385108219719294976,2022-03-20 10:20:52+00:00,
20,1505489539384627204,"RT @AirdropDet: 🔍 New #Airdrop: YupVerse

💲 Reward: Up to 10M YuP (~$5) + 2M YuP (~$1,000) referral pool

🔴 Start the airdrop bot https://t…",1454339159443734531,2022-03-20 10:20:51+00:00,
21,1505489533621649411,"ow this project is implemented professionally and has a clear development plan
#FlagNetwork #IDO #cryptocurrency #Bitcoin #NFTs https://t.co/RaYTyuieFH",1490974769302355972,2022-03-20 10:20:50+00:00,
22,1505489532589727747,"RT @AirdropStario: 💧 TokenStand Airdrop 💧

🏆 Task:          ➕  Up to $3 worth of STAND

👨‍👩‍👧 Referral:   ➕  $2 worth of STAND

🔛 Airdrop L…",1490360909360877569,2022-03-20 10:20:49+00:00,
23,1505489532388446210,"RT @chitaglorya__: giveaway 200$ | 2,800,000 IDR

-- rt follow @flagnetwork_NFT 

-- rt &amp; quoted their pinned with   #FlagNetwork  #cryptoc…",1460850150054580228,2022-03-20 10:20:49+00:00,
24,1505489532279533570,"@scepter6ix @davido Join, register, start mining, claim free renec (500), and start making money. You can thank me later:
https://t.co/0Sj2rTzY6B
#Remitano #Bitcoin #Ethereum",554187890,2022-03-20 10:20:49+00:00,
25,1505489531952279554,The strongest bullish signal flashed for #XRP #bitcoin #btc #ethereum #eth https://t.co/I2FWhvimLh,1477661642716585986,2022-03-20 10:20:49+00:00,
26,1505489529649696770,"@AltcoinDailyio But we had the sentence of rekt in ourselves, that we should not trust in ourselves,

but in #Bitcoin which raiseth the rekt.",1464316131179651077,2022-03-20 10:20:49+00:00,
27,1505489528353886211,"RT @chitaglorya__: giveaway 200$ | 2,800,000 IDR

-- rt follow @flagnetwork_NFT 

-- rt &amp; quoted their pinned with   #FlagNetwork  #cryptoc…",449414430,2022-03-20 10:20:48+00:00,
28,1505489526713733127,RT @mariiaaa_ch: Web 3.0 is all about a more transparent and fairer network where everyone can participate without fearing a loss of privac…,1464138431882276866,2022-03-20 10:20:48+00:00,
29,1505489524394180611,"RT @AirdropStario: 💧 CRAT Airdrop 💧

🏆 Task:         ➕  $50 worth of CRAT for 1000 random participants each

👨‍👩‍👧 Referral:  ➕  $100 worth…",1478724414988591109,2022-03-20 10:20:47+00:00,
30,1505489520967438341,"@BluesparrowC @bitfinex @BlueSparrowETH #BlueSparrow is a bridge between the stock market and crypto .. You will have both in the Blue Sparrow CEX
@BlueSparrowETH
@BluesparrowC
#BluesparrowCEX
#ETH
#BlueSparrow
#BlueSparrowtoken
#BlueSparrowCommunity
#bitcoin
#BestDrawToken
#Bluesparrowcharity
#Web3
#NFT🥳❄️74",1383720795768201218,2022-03-20 10:20:47+00:00,
31,1505489520623456256,"RT @ashwsbreal: Like for #Bitcoin 

Retweet for #Ethereum 

Both for #LUNA",1306619129193836545,2022-03-20 10:20:47+00:00,
32,1505489519826681858,"RT @AirdropDet: 🔍 New #Airdrop: Elite Cash

🏆 Total Airdrop Pool: 140,000 ELC [~$49,000]

🔴 Start the airdrop bot https://t.co/geX2YRhj5n…",370949622,2022-03-20 10:20:46+00:00,
33,1505489516492038147,"RT @OrignalVentures: #Bitcoin #Analysis #ETH Ethereum price analysis: ETH rejects upside again, retracement to $2,850 incoming?: TL;DR Brea…",1445836171804696576,2022-03-20 10:20:46+00:00,
34,1505489515204558848,"If you were to develop a dApp, which ecosystem would you use, #crypto #Cardano #Solana #Terra #bitcoin :",1484550797090250752,2022-03-20 10:20:45+00:00,
35,1505489514122432518,"RT @PotatoCoinSPL: 25B Potato giveaway

Potato will surprise you all with what we are about to announce.

Like, Retweet and Tag 3 friends t…",1413915830992216064,2022-03-20 10:20:45+00:00,
36,1505489513279549442,"Good
@iam_Sangeeta5 @Heaven_0fficial @NFTUairdrop @Airdrop6_com @apecoin #Airdrop #ElonMusk #BscLearnAndEarn #cryptocurrecy #NFTs #NFTGiveaway #Blockchain #bitcoin #Airdrops #FreeAirdrop #PancakeSwap #TokenSale #PlayToEarn #DeFi #IDO #GameFi #presale https://t.co/PHZU0RSLDO",1447253719368617986,2022-03-20 10:20:45+00:00,
37,1505489512050446340,"@lordspell @davido Join, register, start mining, claim free renec (500), and start making money. You can thank me later:
https://t.co/0Sj2rTzY6B
#Remitano #Bitcoin #Ethereum",554187890,2022-03-20 10:20:44+00:00,
38,1505489510641332225,You can do Cloud Mining using this site https://t.co/xuaRw8g7t6 #mining #trxmining #money #earnmoney #register #bitcoin #ethereum #btc #eth #tronvex 8426,1498214603045543936,2022-03-20 10:20:44+00:00,
39,1505489510255132673,"RT @airdropinspect: New airdrop: Flamingo Casino
Total Reward: 200 NFTs &amp; $2500 pricing pool
Rate:⭐️⭐️⭐️⭐️
Winners: 220 Random
Distribution…",1382109187140841472,2022-03-20 10:20:44+00:00,
40,1505489508896149512,"RT @Revolotto: 🏏World's Dangerous Cricketer
Greatest Batsman of All-time in Cricket

🌎Universe Boss - Chris Gayle extending his support and…",1499772341420630016,2022-03-20 10:20:44+00:00,
41,1505489508883521536,"RT @OrignalVentures: #Bitcoin #Crypto #Donations Crypto donations for Ukraine, reached $ 100 million: Cryptocurrency donations received by…",1445836171804696576,2022-03-20 10:20:44+00:00,
42,1505489508283793408,"RT @Revolotto: 🏏World's Dangerous Cricketer
Greatest Batsman of All-time in Cricket

🌎Universe Boss - Chris Gayle extending his support and…",3365482499,2022-03-20 10:20:44+00:00,
43,1505489507885666305,"RT @Revolotto: 🏏World's Dangerous Cricketer
Greatest Batsman of All-time in Cricket

🌎Universe Boss - Chris Gayle extending his support and…",1454111907686666245,2022-03-20 10:20:43+00:00,
44,1505489502571098114,RT @OrignalVentures: #Bitcoin #Avalanche #AVAX Ethereum Important Rival Avalanche Is Ready To Rally | CryptoGazette: It’s been reported tha…,1445836171804696576,2022-03-20 10:20:42+00:00,
45,1505489502420160517,"RT @OrignalVentures: #Bitcoin #Analysis #ETH Ethereum price analysis: ETH rejects upside again, retracement to $2,850 incoming?: TL;DR Brea…",1451806052794519559,2022-03-20 10:20:42+00:00,
46,1505489502327910400,"We just know #XRP will moon #crypto #binance #cryptocurrency #bitcoin #btc

https://t.co/mzermPcA7v",3192457057,2022-03-20 10:20:42+00:00,
47,1505489499895525378,Great project  #FlagNetwork #IDO #cryptocurrency #Bitcoin #NFTs https://t.co/YZr2cAFJUQ,1384765768819040257,2022-03-20 10:20:42+00:00,
48,1505489497542193153,"RT @OrignalVentures: #Bitcoin #Analysis #ETH Ethereum price analysis: ETH rejects upside again, retracement to $2,850 incoming?: TL;DR Brea…",1391774160930541574,2022-03-20 10:20:41+00:00,
