,id,text,author_id,created_at,geo
0,1505593006287642630,"RT @Talha72007405: This NFT Marketplace Will Reward Its Users Soon | Bitcoin Latest Update

https://t.co/kY0N10QfQ0

#BitcoinButton #bitcoi…",1446733557288800260,2022-03-20 17:11:59+00:00,
1,1505593005948178434,"RT @airdropinspect: New airdrop: Retoken (USDT)
Total Reward: 2,000 USDT
Rate: ⭐️⭐️⭐️⭐️
Winners: 700 Random &amp; Top 50
Distribution: within a…",1493441100698161153,2022-03-20 17:11:59+00:00,
2,1505593004165238794,RT @MrBigWhaleREAL: @krakenfx #Bitcoin is King 👑 that's why❕,1449644870423826443,2022-03-20 17:11:59+00:00,
3,1505593003158745088,RT @AltcoinDailyio: #Bitcoin is daddy. #Ethereum is mommy. 👪,1491414456672395266,2022-03-20 17:11:59+00:00,
4,1505593002743537666,"The Chosen One Is Officially out
Join us, and together we will CONQUER THE CRYPTO WORLD!!!
-------
go to our website and Instagram to read more about the the chosen one!

#cryptocurrency #crypto #bitcoin #ethereum #technology #binance #world #win #number1 #money

#CHOSENONE https://t.co/NbBJODE2kW",1504784581886685193,2022-03-20 17:11:59+00:00,
5,1505593001787150337,"RT @airdropinspect: New airdrop: Prizefighter (RING)
Total Reward: $5,000 worth of RING
Rate: ⭐️⭐️⭐️⭐️
Winners: 1,000 Random &amp; Top 100
Dist…",1469347104187428865,2022-03-20 17:11:58+00:00,
6,1505593001476694025,"RT @AirdropStario: 💧 Hero Arena Airdrop 💧

📍 Listed on: CoinMarketCap, PancakeSwap

🏆 Task: ➕  100 HERA (~$4) for 3000 random participants…",1439819730311790597,2022-03-20 17:11:58+00:00,
7,1505592999572504576,"RT @AirdropDet: 🔍 New #Airdrop: Elite Cash

🏆 Total Airdrop Pool: 140,000 ELC [~$49,000]

🔴 Start the airdrop bot https://t.co/geX2YRhj5n…",1473766289122361344,2022-03-20 17:11:58+00:00,
8,1505592998284836864,"RT @airdropinspect: New airdrop: Prizefighter (RING)
Total Reward: $5,000 worth of RING
Rate: ⭐️⭐️⭐️⭐️
Winners: 1,000 Random &amp; Top 100
Dist…",1248808442891919360,2022-03-20 17:11:58+00:00,
9,1505592996120641540,"RT @p2ePrizeFighter: Who will be the next challenger?
(Screenshot from Actual Gameplay)

#nft #nftart #art #digitalart #nfts #nftartist #cr…",2543584762,2022-03-20 17:11:57+00:00,
10,1505592993725575170,"RT @BitcoinMagazine: 💥 In 17 days, the biggest #Bitcoin  conference in history kicks off in Miami 👀",4753065506,2022-03-20 17:11:56+00:00,
11,1505592993713209344,"RT @Xstar_D: Can you see, Mars isn't faraway with $Marvin.

Join #Marvininu rocket and let's see Mars together

Website: https://t.co/JweNH…",1472727950537670660,2022-03-20 17:11:56+00:00,
12,1505592988508033027,"Another Maxi outlet leaking user data
Golden rule: avoid all #Bitcoin Maxi middlemen by refusing to use anything that requires KYC https://t.co/meLjyzcsuz",1423751568,2022-03-20 17:11:55+00:00,
13,1505592987836825600,"RT @p2ePrizeFighter: Who will be the next challenger?
(Screenshot from Actual Gameplay)

#nft #nftart #art #digitalart #nfts #nftartist #cr…",1490711472221028354,2022-03-20 17:11:55+00:00,
14,1505592986041733122,"RT @AirdropDet: 🔍 New #Airdrop: TeddyDoge

💲 Reward: Up to 2,800 TEDDY + 800K TEDDY referral pool

🔴 Start the airdrop bot https://t.co/bJW…",1436591917790281734,2022-03-20 17:11:55+00:00,
15,1505592985337348097,"RT @p2ePrizeFighter: Who will be the next challenger?
(Screenshot from Actual Gameplay)

#nft #nftart #art #digitalart #nfts #nftartist #cr…",1505469167914594304,2022-03-20 17:11:54+00:00,
16,1505592983126614022,"RT @m_umair2002: Giving away my NFTs 
1 winner 🏆  -  60 minutes ⌛

To win:                      
1. Follow Me✅
2. Like and Retweet  ✅
3. Dr…",2479805509,2022-03-20 17:11:54+00:00,
17,1505592983118561282,"@AirdropStario Really amazing project. I'm so excited and happy to be participating in this project.
Hope the biggest one someday and thanks for giveaway.
@thantzinaung842 @MinThantKoKo3 @HeinZinKo3 

#cryptocurrency #Airdrop #BSC #Bitcoin #USDT #MetaMoba #MOBA #Airdropstario",1039107661990526978,2022-03-20 17:11:54+00:00,
18,1505592982094979076,"RT @kingofthecoinX: @APompliano $Ham @_hamster_coin 🐹🐹 

Hamstercoin is 1000x potential coin and establishing its own ecosystem.

Marketcap…",1494992969748856835,2022-03-20 17:11:54+00:00,
19,1505592981079818241,"RT @saylor: If you don't understand money, you won't understand #bitcoin.",1503517739356663808,2022-03-20 17:11:53+00:00,
20,1505592977393037316,"RT @airdropinspect: New airdrop: Flamingo Casino
Total Reward: 200 NFTs &amp; $2500 pricing pool
Rate:⭐️⭐️⭐️⭐️
Winners: 220 Random
Distribution…",1171751263085764608,2022-03-20 17:11:53+00:00,
21,1505592976529313792,"RT @Meta_Gaming99: Meta Gaming  🎁
 Airdrop for everyone

Steps:
1️⃣Follow us Twitter @Meta_Gaming99 RT&amp;Tag 3 friends
2️⃣Join us TG group: h…",1503960540389187584,2022-03-20 17:11:52+00:00,
22,1505592974251487235,"RT @BTC_Archive: #Bitcoin at $42k 👀
Nice and steady…👌",1186433454428344323,2022-03-20 17:11:52+00:00,
23,1505592973081427968,"RT @p2ePrizeFighter: Who will be the next challenger?
(Screenshot from Actual Gameplay)

#nft #nftart #art #digitalart #nfts #nftartist #cr…",1469347104187428865,2022-03-20 17:11:52+00:00,
24,1505592972011884544,"RT @airdropinspect: New airdrop: Flamingo Casino
Total Reward: 200 NFTs &amp; $2500 pricing pool
Rate:⭐️⭐️⭐️⭐️
Winners: 220 Random
Distribution…",1503130286745264131,2022-03-20 17:11:51+00:00,
25,1505592971009343488,"RT @binance: 💰 $10,000 giveaway 💰
 
Post your #BitcoinButton result to enter!
 
Rules:
🔸 Retweet this post
🔸 Follow @Binance
🔸 Play #Bitcoi…",3130042833,2022-03-20 17:11:51+00:00,
26,1505592970380300290,RT @LinaSeiche: Buying #Bitcoin https://t.co/wZEqK1Nn3G,1210143765199020032,2022-03-20 17:11:51+00:00,
27,1505592968861736962,RT @krakenfx: 💫 Why do you believe in #Bitcoin?,1449644870423826443,2022-03-20 17:11:50+00:00,
28,1505592966190051331,"@ignitechain  The project develop is running. You want to get long term opportunities? join this project.The project is developing rapidly. Success in the future project is guaranteed!
#IgniteBlockchain #Ignite #IGT #blockchain #cryptocurrency #technology #bitcoin #money #crypto",1411171875808415745,2022-03-20 17:11:50+00:00,
29,1505592965019975682,RT @w_s_bitcoin: #Bitcoin's absolute scarcity is such a profound discovery. https://t.co/xGdlyQZGkD,108655028,2022-03-20 17:11:50+00:00,
30,1505592963975495683,"RT @AirdropDet: 🔍 New #Airdrop: Elite Cash

🏆 Total Airdrop Pool: 140,000 ELC [~$49,000]

🔴 Start the airdrop bot https://t.co/geX2YRhj5n…",1436591917790281734,2022-03-20 17:11:49+00:00,
31,1505592962482413573,RT @WatcherGuru: JUST IN: 🇺🇸 U.S. Congressman Pete Sessions says Texas will be the #Bitcoin capital.,992390491105882112,2022-03-20 17:11:49+00:00,
32,1505592960779440130,"@AlgoGamingGuild @Algorand @AlgoFoundation #Bitcoin is evolution, #Algorand is innovation.",1316669387382960128,2022-03-20 17:11:49+00:00,
33,1505592954601504770,"RT @carecoinfamily: **AMA ANNOUNCEMENT FOR 3/6/2022* 
TODAY @ 2PM CST  18:00PM UTC    https://t.co/b4VCiq4BSb
Come join us!
#cryptocurrenci…",911813057973645312,2022-03-20 17:11:47+00:00,
34,1505592950792896520,"RT @m_umair2002: Giving away my NFTs 
1 winner 🏆  -  60 minutes ⌛

To win:                      
1. Follow Me✅
2. Like and Retweet  ✅
3. Dr…",1467905500377452552,2022-03-20 17:11:46+00:00,
35,1505592946812465161,"RT @Lord_Santa_Fe: ✔️  Lord Santa Fe Airdrop is live!

🔵 Airdrop Reward: Up to 10 DUCAT (~$8.5)

🔵 Referral Reward: 2,000 DUCAT (~$1,700) r…",1454247199479668737,2022-03-20 17:11:45+00:00,
36,1505592944803606529,"RT @AirdropDet: 🔍 New #Airdrop: Elite Cash

🏆 Total Airdrop Pool: 140,000 ELC [~$49,000]

🔴 Start the airdrop bot https://t.co/geX2YRhj5n…",1500472240630288391,2022-03-20 17:11:45+00:00,
37,1505592944706961413,"RT @AirdropDet: 🔍 New #Airdrop: YupVerse

💲 Reward: Up to 10M YuP (~$5) + 2M YuP (~$1,000) referral pool

🔴 Start the airdrop bot https://t…",1436591917790281734,2022-03-20 17:11:45+00:00,
38,1505592941846614016,RT @LinaSeiche: Buying #Bitcoin https://t.co/wZEqK1Nn3G,1223188471046524929,2022-03-20 17:11:44+00:00,
39,1505592941758328835,"RT @WatcherGuru: JUST IN: 🇸🇬 Singapore’s largest bank, DBS Bank CEO, Piyush Gupta, says central banks should regulate #Bitcoin &amp; #crypto.",1392333116946137093,2022-03-20 17:11:44+00:00,
40,1505592939338092545,#DeFi #TeleFi #DEX #cryptocurrency  #Ethereum #BinanceSmartChain #Bitcoin #Airdrop #polkadot #MATIC #Polygon $TELE #Cardano #ETH https://t.co/pzcyJhLZBJ https://t.co/mMV7ErTo2q,1381867215511674883,2022-03-20 17:11:43+00:00,
41,1505592939061329925,RT @Blockworks_: PayPal Co-Founder: The biggest mistake I made in the last decade was getting too late and too little into #Bitcoin,512780757,2022-03-20 17:11:43+00:00,
42,1505592937937313792,"@CarlBMenger Too big to ignore any longer.

#Bitcoin",1071364126960746496,2022-03-20 17:11:43+00:00,
43,1505592937870249991,"RT @AirdropDet: 🔍 New #Airdrop: SteamPad

🏆 Total Airdrop Pool: 5 Million STPD [~$300,000]

🔴 Start the airdrop bot https://t.co/CR15u9bH3K…",837245607785955328,2022-03-20 17:11:43+00:00,
44,1505592936800538630,"RT @TheMoonCarl: Would you rather go all in on #Bitcoin or #Ethereum?

Both       $ETH          $BTC
👇            👇                👇",4753065506,2022-03-20 17:11:43+00:00,
45,1505592936766992389,"RT @AirdropDet: 🔍 New #Airdrop: CVIP

💲 Reward: Up to 20 CVIP (~$2.5) + 40K CVIP (~$5K) referral pool

🔴 Start the airdrop bot https://t.co…",1457262054549508098,2022-03-20 17:11:43+00:00,
46,1505592935382929420,"RT @saylor: If you don't understand money, you won't understand #bitcoin.",434858816,2022-03-20 17:11:43+00:00,
47,1505592929905164290,"RT @TheMoonCarl: Would you rather go all in on #Bitcoin or #Ethereum?

Both       $ETH          $BTC
👇            👇                👇",766333505869606913,2022-03-20 17:11:41+00:00,
48,1505592928797962241,"@HillBrettkhill #xSTIK no1 voted #NFT Project on #XRPL
#NFTs  #NFTGiveaway #NFTCommunity #nftart #NFTartist #NFTdrop #crypto #cryptocurrency #Bitcoin #ETH #Ethereum #GameFi #gaming #opensea #OpenSeaNFT #invest #blockchain @xrpstik #MONEY @XLS20Art #XRP #XRPLcommunity #XRPArmy #XRPLedger https://t.co/POSzpshEmB",230405940,2022-03-20 17:11:41+00:00,
49,1505592927170404353,"RT @ProtonRoad: Gas fees are foreign to $XPR ⚛️ #Proton chain.

Proton can wrap #Bitcoin , #Ethereum, $DOGE, $ada, and many others, making…",520906894,2022-03-20 17:11:41+00:00,
