,id,text,author_id,created_at,geo
0,1505338277926219778,"In Japan, #XRP is religion. I love it! All works! #eth #ethereum #binance #bitcoin btc #ripple #crypto #cryptocurrency https://t.co/73LjRAMh0u",1273052362945355777,2022-03-20 00:19:47+00:00,
1,1505338275241857029,"In Japan, #XRP is religion. I love it! All works! #eth #ethereum #binance #bitcoin btc #ripple #crypto #cryptocurrency https://t.co/lQ0grs2eM0",1357321009561534467,2022-03-20 00:19:47+00:00,
2,1505338274717573120,Get IN now don't be LATE #xrp #binance #cryptocurrency #bitcoin https://t.co/S4UpoWAIKh,1290936312346943489,2022-03-20 00:19:47+00:00,
3,1505338274402824198,"RT @Revolotto: 🏏World's Dangerous Cricketer
Greatest Batsman of All-time in Cricket

🌎Universe Boss - Chris Gayle extending his support and…",1500057786134118401,2022-03-20 00:19:47+00:00,
4,1505338272935026691,"RT @Dan_White_77: @JailedBabyApes Im giving away a Jailed baby Ape‼️✅ Just Follow, Like &amp; RT🤍 Winner will be chosen is 24 hours from NOW‼️✅…",1156245720959246337,2022-03-20 00:19:46+00:00,
5,1505338272364609541,The strongest bullish signal flashed for #XRP #bitcoin #btc #ethereum #eth https://t.co/lTBYjKPutl,1420304645847601153,2022-03-20 00:19:46+00:00,
6,1505338270531653639,XRP is getting ready to take off to the moon! #altcoin #bitcoin #binance #xrp #ripple https://t.co/QBn09XjeIY,1361664408808693766,2022-03-20 00:19:46+00:00,
7,1505338269529100288,"RT @KayP1337: Have a look at $dfi from @defichain.
#DeFi on a #bitcoin fork",1342002696878845954,2022-03-20 00:19:45+00:00,
8,1505338269021605893,"XRP is getting ready to take off to the moon! #altcoin #bitcoin #binance #xrp #ripple

https://t.co/dU58JnzcwP",1255390636611682306,2022-03-20 00:19:45+00:00,
9,1505338268648366086,The strongest bullish signal flashed for #XRP #bitcoin #btc #ethereum #eth https://t.co/RIHi17dmp5,1034054334407946240,2022-03-20 00:19:45+00:00,
10,1505338267121639430,"In Japan, #XRP is religion. I love it! All works! #eth #ethereum #binance #bitcoin btc #ripple #crypto #cryptocurrency https://t.co/nYRKmtkT4A",256606263,2022-03-20 00:19:45+00:00,
11,1505338267083976705,XRP is getting ready to take off to the moon! #altcoin #bitcoin #binance #xrp #ripple https://t.co/JL4fx4IKIn,1474047587279941633,2022-03-20 00:19:45+00:00,
12,1505338266417246212,"RT @AirdropStario: 💧 SafeWallet Airdrop 💧

🏆 Task:        ➕ 175 SLT (~$3.5) for 1000 random participants

👨‍👩‍👧 Referral: ➕ 30,000 SLT (~$6…",956859497225510913,2022-03-20 00:19:45+00:00,
13,1505338265926254597,We just know #XRP will moon #crypto #binance #cryptocurrency #bitcoin #btc https://t.co/1rK8rH8Rj6,935568903891062784,2022-03-20 00:19:45+00:00,
14,1505338265745903622,"@BluesparrowC @bitfinex @BlueSparrowETH I will never ask you, to buy or sell, i’m just asking you, just never lose🔥🤩

""Suzume""

@BlueSparrowETH
@BluesparrowC
#BluesparrowCEX
#ETH
#BlueSparrow
#BlueSparrowtoken
#BlueSparrowCommunity
#bitcoin
#BestDrawToken
#Bluesparrowcharity
#Web3
#NFT
41 https://t.co/tHfYpaIeYN",1392169680769622022,2022-03-20 00:19:45+00:00,
15,1505338265687101440,We just know #XRP will moon #crypto #binance #cryptocurrency #bitcoin #btc https://t.co/q7Ie1KFPQX,920544054269632517,2022-03-20 00:19:45+00:00,
16,1505338260511342597,Get IN now don't be LATE #xrp #binance #cryptocurrency #bitcoin https://t.co/enfoNw2HKA,1441423031432192005,2022-03-20 00:19:43+00:00,
17,1505338258330304512,"@BluesparrowC @bitfinex @BlueSparrowETH #BlueSparrow is a bridge between the stock market and crypto .. You will have both in the Blue Sparrow CEX
@BlueSparrowETH
@BluesparrowC
#BluesparrowCEX
#ETH
#BlueSparrow
#BlueSparrowtoken
#BlueSparrowCommunity
#bitcoin
#BestDrawToken
#Bluesparrowcharity
#Web3
#NFT👑5",1492182952880467969,2022-03-20 00:19:43+00:00,
18,1505338256380080132,"In Japan, #XRP is religion. I love it! All works! #eth #ethereum #binance #bitcoin btc #ripple #crypto #cryptocurrency https://t.co/9mQTJzcXp0",1053819408,2022-03-20 00:19:42+00:00,
19,1505338255130066944,Get IN now don't be LATE #xrp #binance #cryptocurrency #bitcoin https://t.co/n9DTdZN8h6,1377999405161226250,2022-03-20 00:19:42+00:00,
20,1505338253318270982,Get IN now don't be LATE #xrp #binance #cryptocurrency #bitcoin https://t.co/qysRdJ917B,1268223717789831170,2022-03-20 00:19:42+00:00,
21,1505338252877701121,"We just know #XRP will moon #crypto #binance #cryptocurrency #bitcoin #btc

https://t.co/YP4C1XVKTd",1007162034482319360,2022-03-20 00:19:41+00:00,
22,1505338250977693700,"In Japan, #XRP is religion. I love it! All works! #eth #ethereum #binance #bitcoin btc #ripple #crypto #cryptocurrency https://t.co/KJO4uBAUZW",1404969708164718592,2022-03-20 00:19:41+00:00,
23,1505338247798423559,RT @MMCrypto: THIS CAN GET VERY PAINFUL FOR #BITCOIN BEARS! https://t.co/watNtpMl69,1423897358622892036,2022-03-20 00:19:40+00:00,
24,1505338243218546691,"RT @AirdropDet: 🔍 New #Airdrop: YupVerse

💲 Reward: Up to 10M YuP (~$5) + 2M YuP (~$1,000) referral pool

🔴 Start the airdrop bot https://t…",1386651675247579141,2022-03-20 00:19:39+00:00,
25,1505338241934938118,"RT @WatcherGuru: Top 10 Coins Mentioned on Twitter in the last 24h

1. #Bitcoin 344,177
2. #ApeCoin 200,055
3. #Ethereum 128,776
4. #Cake 8…",1407520650558849034,2022-03-20 00:19:39+00:00,
26,1505338240793919490,XRP is getting ready to take off to the moon! #altcoin #bitcoin #binance #xrp #ripple https://t.co/jN6oJCzVmm,495465835,2022-03-20 00:19:39+00:00,
27,1505338240454500354,"RT @Revolotto: 🏏World's Dangerous Cricketer
Greatest Batsman of All-time in Cricket

🌎Universe Boss - Chris Gayle extending his support and…",1505066607478919168,2022-03-20 00:19:39+00:00,
28,1505338239711809536,"RT @TheBitcoinConf: The largest #Bitcoin conference in history starts in 18 days!

Stop checking the fiat price every 15 minutes and join u…",18655886,2022-03-20 00:19:38+00:00,
29,1505338239493697536,"RT @Revolotto: 🏏World's Dangerous Cricketer
Greatest Batsman of All-time in Cricket

🌎Universe Boss - Chris Gayle extending his support and…",1500507988406435842,2022-03-20 00:19:38+00:00,
30,1505338238784794625,"RT @chitaglorya__: giveaway 200$ | 2,800,000 IDR

-- rt follow @flagnetwork_NFT 

-- rt &amp; quoted their pinned with   #FlagNetwork  #cryptoc…",734018322,2022-03-20 00:19:38+00:00,
31,1505338238021603331,"RT @BronxBlockchain: Can’t wait for them arrive, been too many days without. Tired of allowed problems people not doing shit to change, but…",1340435439803633666,2022-03-20 00:19:38+00:00,
32,1505338231818129408,The strongest bullish signal flashed for #XRP #bitcoin #btc #ethereum #eth https://t.co/LUbPynLNzu,1477661068071964674,2022-03-20 00:19:36+00:00,
33,1505338231344320520,"@BluesparrowC @bitfinex @BlueSparrowETH I will never ask you, to buy or sell, i’m just asking you, just never lose🔥🤩

""Suzume""

@BlueSparrowETH
@BluesparrowC
#BluesparrowCEX
#ETH
#BlueSparrow
#BlueSparrowtoken
#BlueSparrowCommunity
#bitcoin
#BestDrawToken
#Bluesparrowcharity
#Web3
#NFT
40 https://t.co/9k8V1kPCiB",1392169680769622022,2022-03-20 00:19:36+00:00,
34,1505338228756287489,"@BluesparrowC @bitfinex @BlueSparrowETH #BlueSparrow is a bridge between the stock market and crypto .. You will have both in the Blue Sparrow CEX
@BlueSparrowETH
@BluesparrowC
#BluesparrowCEX
#ETH
#BlueSparrow
#BlueSparrowtoken
#BlueSparrowCommunity
#bitcoin
#BestDrawToken
#Bluesparrowcharity
#Web3
#NFT👑4",1492182952880467969,2022-03-20 00:19:36+00:00,
35,1505338228328611844,"RT @BSCGemsAlert: #Bitcoin Price: $42,200 📈",1405430725176926210,2022-03-20 00:19:36+00:00,
36,1505338225635704832,"In Japan, #XRP is religion. I love it! All works! #eth #ethereum #binance #bitcoin btc #ripple #crypto #cryptocurrency https://t.co/F9JZLayl6Q",1432645558938869761,2022-03-20 00:19:35+00:00,
37,1505338224218148869,"#weh0dl
 ▪ Online now.
https://t.co/2Hhqsg43Mx

#weh0dl #cryptourbanstreetwear #cryptostreetwear #streetwear #designerclothes #crypto #cryptocurrency #cryptocurrencies #cryptofashion #Bitcoin #BTC   #blockchain https://t.co/SmwdjYNBRE",1268994597063098369,2022-03-20 00:19:35+00:00,
38,1505338222649425923,RT @Muataz_Hadia: When we say $FEG will be the King of DEFI and google suite for crypto we mean it. What’s coming it is mind blowing. Sit b…,1227984088054878208,2022-03-20 00:19:34+00:00,
39,1505338222531911681,"RT @Revolotto: 🏏World's Dangerous Cricketer
Greatest Batsman of All-time in Cricket

🌎Universe Boss - Chris Gayle extending his support and…",1435914010688249863,2022-03-20 00:19:34+00:00,
40,1505338220837584897,XRP is getting ready to take off to the moon! #altcoin #bitcoin #binance #xrp #ripple https://t.co/Ag1D6vszaJ,1262827326129278977,2022-03-20 00:19:34+00:00,
41,1505338220325834754,"In Japan, #XRP is religion. I love it! All works! #eth #ethereum #binance #bitcoin btc #ripple #crypto #cryptocurrency https://t.co/BAH78FQTdA",223177689,2022-03-20 00:19:34+00:00,
42,1505338220166324225,"In Japan, #XRP is religion. I love it! All works! #eth #ethereum #binance #bitcoin btc #ripple #crypto #cryptocurrency https://t.co/5OpoKZxQQ0",836255610958151680,2022-03-20 00:19:34+00:00,
43,1505338218811600897,We will never forget the #Bitcoin Genesis Block https://t.co/Pr1afKEVUR,1329572378507145217,2022-03-20 00:19:33+00:00,
44,1505338218660564995,"RT @AirdropDet: 🔍 New #Airdrop: Elite Cash

🏆 Total Airdrop Pool: 140,000 ELC [~$49,000]

🔴 Start the airdrop bot https://t.co/geX2YRhj5n…",265739450,2022-03-20 00:19:33+00:00,
45,1505338215645216768,"RT @Revolotto: 🏏World's Dangerous Cricketer
Greatest Batsman of All-time in Cricket

🌎Universe Boss - Chris Gayle extending his support and…",1420587497231294471,2022-03-20 00:19:33+00:00,
46,1505338213384085509,"Sources: Titans acquire Rams receiver Woods, 29 https://t.co/IOpUaFPb9u  ▶️ https://t.co/NKkDBVS66N #Bitcoin #Sportsbook",2173508552,2022-03-20 00:19:32+00:00,
47,1505338210054193153,"RT @Revolotto: 🏏World's Dangerous Cricketer
Greatest Batsman of All-time in Cricket

🌎Universe Boss - Chris Gayle extending his support and…",1415977052642021381,2022-03-20 00:19:31+00:00,
48,1505338208346800128,"RT @Revolotto: 🏏World's Dangerous Cricketer
Greatest Batsman of All-time in Cricket

🌎Universe Boss - Chris Gayle extending his support and…",1496842727459196929,2022-03-20 00:19:31+00:00,
49,1505338207088480256,Nice👍🏻🚀   #FlagNetwork  #cryptocurrency #Bitcoin  #StandWithUkraine https://t.co/AD9csClckL,1408336979687661571,2022-03-20 00:19:31+00:00,
