,id,text,author_id,created_at,geo
0,1505593509734088706,"RT @airdropinspect: New airdrop: PlayZap X CoinBlock 
Total Reward: $3,500 worth of PLAYZAP
Rate: ⭐️⭐️⭐️⭐️
Winners: 1000 Random &amp; Top 50
Di…",1171751263085764608,2022-03-20 17:13:59+00:00,
1,1505593507553026048,"RT @Barchart: Which #cryptocurrency will generate the largest return over the next 5 years?

#Bitcoin $BTC
#Shiba $SHIB
#Ethereum $ETH
#Sol…",1465673829401841678,2022-03-20 17:13:59+00:00,
2,1505593506986926083,RT @Btcexpertindia: 💥 Paypal co-founder Peter Thiel said that his “biggest mistake” during the last ten years “was getting too late and too…,1297141020690284544,2022-03-20 17:13:59+00:00,
3,1505593505879629830,"👉🏻 Decentralized.
👉🏻 Multi-Chain.
👉🏻 Influencer Backed.
👉🏻 Get $HIGH,000,000,000 🚀
👉 Follow @highcoincrypto
.
.
.
.
#high #highcoin #crypto #cryptocurrency #bitcoin #ethereum https://t.co/Rqx3vzGKHk",1476626066768728085,2022-03-20 17:13:59+00:00,
4,1505593504172425216,"RT @Revolotto: 👑We're very happy to announce that ;
on this beautiful journey, now we are a bigger family of 30K Followers on Twitter. 

💎R…",1452658333198913540,2022-03-20 17:13:58+00:00,
5,1505593503644262400,"RT @AirdropStario: 💧 CryptoZerofi Airdrop 💧

🏆 Task:          ➕ 22,000 USDT » Total reward pool.

🔛 Airdrop Link &amp; Information: https://t.c…",1466457285417308161,2022-03-20 17:13:58+00:00,
6,1505593503560216579,"RT @airdropinspect: New airdrop: Flamingo Casino
Total Reward: 200 NFTs &amp; $2500 pricing pool
Rate:⭐️⭐️⭐️⭐️
Winners: 220 Random
Distribution…",2585375834,2022-03-20 17:13:58+00:00,
7,1505593501538467842,"RT @p2ePrizeFighter: Who will be the next challenger?
(Screenshot from Actual Gameplay)

#nft #nftart #art #digitalart #nfts #nftartist #cr…",1484617557080424448,2022-03-20 17:13:57+00:00,
8,1505593494341140485,"RT @WhaleInfos: It will eventually happen one day 🔥🔜 #Binance  will list @BabyDogeCoin inevitable 🔥🔥🔥

#Bitcoin  #ALTSEASON  #ETH #BSC #Bab…",1422085450538360832,2022-03-20 17:13:56+00:00,
9,1505593493992878081,"RT @airdropinspect: New airdrop: Flamingo Casino
Total Reward: 200 NFTs &amp; $2500 pricing pool
Rate:⭐️⭐️⭐️⭐️
Winners: 220 Random
Distribution…",1502299322855034882,2022-03-20 17:13:56+00:00,
10,1505593490465566721,"RT @saylor: If you don't understand money, you won't understand #bitcoin.",1491142681241792517,2022-03-20 17:13:55+00:00,
11,1505593486556672000,"RT @p2ePrizeFighter: Who will be the next challenger?
(Screenshot from Actual Gameplay)

#nft #nftart #art #digitalart #nfts #nftartist #cr…",1415020395741126656,2022-03-20 17:13:54+00:00,
12,1505593482328432642,"RT @AirdropStario: 💧 Hero Arena Airdrop 💧

📍 Listed on: CoinMarketCap, PancakeSwap

🏆 Task: ➕  100 HERA (~$4) for 3000 random participants…",1427447393302192133,2022-03-20 17:13:53+00:00,
13,1505593481842110465,RT @Dennis_Porter_: RT if you support 0% cap gains on #Bitcoin and want to see #Bitcoin become legal tender in the USA 🇺🇸,1089403254260170752,2022-03-20 17:13:53+00:00,
14,1505593480940244995,"RT @airdropinspect: New airdrop: Flamingo Casino
Total Reward: 200 NFTs &amp; $2500 pricing pool
Rate:⭐️⭐️⭐️⭐️
Winners: 220 Random
Distribution…",1495106750529294343,2022-03-20 17:13:53+00:00,
15,1505593479925465088,"Great.

#FlagNetwork #IDO #cryptocurrency #Bitcoin #NFTs https://t.co/X5aoaYSZhK",1430902739270127630,2022-03-20 17:13:52+00:00,
16,1505593478100643841,"#bitcoin Block #728231 : 31844 bytes, 91 transactions, 6.25193553BTC($258,176) reward
            
For more information, visit https://t.co/DDrE8Qcj6A",1456568726,2022-03-20 17:13:52+00:00,
17,1505593477312225284,"RT @talkmada: Are you afraid of missing out in the #MemeSeason and #ALTSEASON 2022!

It’s your lucky day! 
Bag $MARVIN 

UTILITIES: #NFTS #…",1496204162589241350,2022-03-20 17:13:52+00:00,
18,1505593474921365504,"The purpose of life in 🇮🇳 is to #StackSats and get free spins with @gosatsapp everyday on every spend.

Spending inflationary rupees to get deflationary #bitcoin https://t.co/YBTetpBbyG",1290873990550917121,2022-03-20 17:13:51+00:00,
19,1505593470555099138,"#bitcoin Block #728230 : 252089 bytes, 456 transactions, 6.26358143BTC($258,657) reward
            
For more information, visit https://t.co/5bY6MMg5XM",1456568726,2022-03-20 17:13:50+00:00,
20,1505593469150142466,@Meta_UFO Good project @CryptoHunk_ @_Brizzle_b #TRX #bitcoin #metaverse,1477383563330916356,2022-03-20 17:13:50+00:00,
21,1505593467707273217,"RT @WatcherGuru: JUST IN: 🇸🇬 Singapore’s largest bank, DBS Bank CEO, Piyush Gupta, says central banks should regulate #Bitcoin &amp; #crypto.",1498959989464977408,2022-03-20 17:13:49+00:00,
22,1505593467354894343,RT @LinaSeiche: Buying #Bitcoin https://t.co/wZEqK1Nn3G,1410651287524360192,2022-03-20 17:13:49+00:00,
23,1505593467145433088,"RT @Hinakha18209231: ""Keep The Ones That Heard You When You Never Said A Word"" 
#IndianArmyPeoplesArmy 
#BadaltaJammuKashmir
#TejRan 
#Bitc…",1492352288677310468,2022-03-20 17:13:49+00:00,
24,1505593465685815302,"RT @AltsOracle: #Bitcoin d
$BTC 
#Cryptocurrencies 
#Gann 

3/1 and/or 4/1 inevitable. Sorry, don't shoot the messenger. https://t.co/A5z6R…",1225439262486618112,2022-03-20 17:13:49+00:00,
25,1505593464142110723,"RT @BitcoinBR_info: Buy BitcoinBR (BTCBR) Using @Uniswap on Ethereum Network (ETH) | Pools | Info

BTCBR/USDT https://t.co/E6S4t3iGpD

BTCB…",1471627628721356803,2022-03-20 17:13:49+00:00,
26,1505593463764443141,"RT @p2ePrizeFighter: Who will be the next challenger?
(Screenshot from Actual Gameplay)

#nft #nftart #art #digitalart #nfts #nftartist #cr…",1487014209112051713,2022-03-20 17:13:48+00:00,
27,1505593462434934786,"RT @TheCryptoLaunch: 💥The Crypto Launchpad Giveaway💥

🏆 Task: Up to $50 worth of TCL Partners' Tokens.

👨‍👩‍👧 Referral: $25 worth of TCL Pa…",1472989985745760256,2022-03-20 17:13:48+00:00,
28,1505593459008106496,"@TelefyConnect The team is on track to achieve the goal and will succeed, the project is built on open long term opportunities.#DeFi #TeleFi # DEX # cryptocurrency # Ethereum # BinanceSmartChain #Bitcoin #Airdrop #polkadot #MATIC # Polygon $TELE #Cardano #ETH",1453362270369562632,2022-03-20 17:13:47+00:00,
29,1505593458819362817,"#bitcoin Block #728229 : 1016006 bytes, 1977 transactions, 6.30255667BTC($260,267) reward
            
For more information, visit https://t.co/R0KuLJq3yK",1456568726,2022-03-20 17:13:47+00:00,
30,1505593456760332293,"RT @airdropinspect: New airdrop: Skygard Game
Total Reward: 1100 NFTs
Rate: ⭐️⭐️⭐️⭐️
Winners: 1,000 Random &amp; 100 Top
Distribution: within 1…",1480551475382153216,2022-03-20 17:13:47+00:00,
31,1505593456399376384,"RT @p2ePrizeFighter: Who will be the next challenger?
(Screenshot from Actual Gameplay)

#nft #nftart #art #digitalart #nfts #nftartist #cr…",1495695742320656388,2022-03-20 17:13:47+00:00,
32,1505593449319477250,"RT @saylor: If you don't understand money, you won't understand #bitcoin.",1388247576240066572,2022-03-20 17:13:45+00:00,
33,1505593447490727936,"RT @BTCGandalf: This is how @bopinion sees the world. 

#Bitcoin fixes this. https://t.co/Qq2A7HxMMP",1467351189880778755,2022-03-20 17:13:45+00:00,
34,1505593445234225154,RT @Catcoinbsc: Catcoin Community you are amazing - In just 36hrs you have raised over $75K towards our imminant Tier One Exchange Listing…,1470818243195539460,2022-03-20 17:13:44+00:00,
35,1505593445091622918,"#MonopolyMillionaireGame(MMG)is the first digital currency product of KIMEX! It breaks through the traditional digital currency's single investment, and it contains both investment and entertainment. 
https://t.co/Pwi0JOD84Y
#MMG #token #NFT #art #binance #bitcoin
@MMG_Token",1243113260116840450,2022-03-20 17:13:44+00:00,
36,1505593444990824455,"RT @AirdropStario: 💧 SafeWallet Airdrop 💧

🏆 Task:        ➕ 175 SLT (~$3.5) for 1000 random participants

👨‍👩‍👧 Referral: ➕ 30,000 SLT (~$6…",1425388264102391812,2022-03-20 17:13:44+00:00,
37,1505593444709847046,"RT @AirdropDet: 🔍 New #Airdrop: YupVerse

💲 Reward: Up to 10M YuP (~$5) + 2M YuP (~$1,000) referral pool

🔴 Start the airdrop bot https://t…",1466490666888974342,2022-03-20 17:13:44+00:00,
38,1505593444542332930,RT @woonomic: #Bitcoin is being accumulated. https://t.co/Wdnhek2u6F,1387983157337542659,2022-03-20 17:13:44+00:00,
39,1505593444076429312,RT @saylor: We are lucky☘️ to have #bitcoin.,1461704613133000720,2022-03-20 17:13:44+00:00,
40,1505593443598598144,"RT @AirdropStario: 💧 CryptoZerofi Airdrop 💧

🏆 Task:          ➕ 22,000 USDT » Total reward pool.

🔛 Airdrop Link &amp; Information: https://t.c…",1493441100698161153,2022-03-20 17:13:44+00:00,
41,1505593441450958852,"Earn 2% a day just buy buying the coin. No LP’s (liquidity pools), no staking, nothing. Just buy and have your investment auto-compound “automatically”. The best kept defi secret on the Binance smart chain. 🤫 $BNB #binance $Titano #bitcoin https://t.co/eKIgFg2CUh",1385347321945284614,2022-03-20 17:13:43+00:00,
42,1505593439043293184,"@AirdropDet Good projecttt

#Airdrops #SteamPad #Bitcoin #blockchain #AirdropDetective #Crypto https://t.co/ADcfmS6FLI",1452242145453264899,2022-03-20 17:13:43+00:00,
43,1505593438456389636,"RT @AirdropAchiever: New Airdrop: ABI Galaverse
Value: 100,000 ABI
Referral: Top 3 highest rewards
Winners: Top 2,500 
End Date: 26th March…",1375653077034754048,2022-03-20 17:13:42+00:00,
44,1505593438032457728,RT @Excesscoins: INVEST WITH EXCESS COINS....#Excesscoins #Bitcoin https://t.co/wyWUgRsVuc,1504263281003089922,2022-03-20 17:13:42+00:00,
45,1505593436325306376,"RT @airdropinspect: New airdrop: Prizefighter (RING)
Total Reward: $5,000 worth of RING
Rate: ⭐️⭐️⭐️⭐️
Winners: 1,000 Random &amp; Top 100
Dist…",769283698160173056,2022-03-20 17:13:42+00:00,
46,1505593430197604363,"RT @AirdropDet: 🔍 New #Airdrop: YupVerse

💲 Reward: Up to 10M YuP (~$5) + 2M YuP (~$1,000) referral pool

🔴 Start the airdrop bot https://t…",1365530148401995777,2022-03-20 17:13:40+00:00,
47,1505593424912822283,"RT @AirdropStario: 💧 Odds96 Airdrop 💧

🏆 Task:          ➕ $10 worth of Odds96 Tokens.

🔛 Airdrop Link &amp; Information: https://t.co/rBb5KjyM1…",1437389366154903555,2022-03-20 17:13:39+00:00,
48,1505593423730028544,RT @WatcherGuru: JUST IN: PayPal co-founder says the “biggest mistake I made in the last decade was getting too late and too little into #B…,2269752258,2022-03-20 17:13:39+00:00,
49,1505593423667122184,"RT @scottmelker: #Bitcoin 

That’s it. That’s the tweet.",289286074,2022-03-20 17:13:39+00:00,
