,id,text,author_id,created_at,geo
0,1505372754392260609,"RT @PotatoCoinSPL: 25B Potato giveaway

Potato will surprise you all with what we are about to announce.

Like, Retweet and Tag 3 friends t…",752735440612958209,2022-03-20 02:36:47+00:00,
1,1505372752169082881,"@bmurphypointman #Bitcoin is breaking above the horizontal resistance and is now at 42k this is bullish and suggest a resumption of a long-term uptrend.

@B_m_o5n is a super underrated bitcoiner I've been taking her tweets and tips seriously &amp; I've been doing great.
Follow her.",1478618496,2022-03-20 02:36:47+00:00,
2,1505372751204282368,"n Japan, #XRP is religion. I love it! All works! #eth #ethereum #binance #bitcoin btc #ripple #crypto #cryptocurrency

https://t.co/VATPse9ZiJ",1032844184569303045,2022-03-20 02:36:47+00:00,
3,1505372749329403906,'The Punisher' #nft #nftart #nftartist #nftartists #nftcollector #nftcollectors #nftcollectibles #nfts #nftartists #nftdrop #nftcollection #bayc #bitcoin #ethereum #cryptoart #cryptoartist #cartoon #love #film #thepunisher #thepunisheredit #punisherseason2 #johnbernthal https://t.co/TA2qTnYpQr,1504683894464942080,2022-03-20 02:36:46+00:00,
4,1505372748465721346,"RT @AirdropStario: 💧 SafeWallet Airdrop 💧

🏆 Task:        ➕ 175 SLT (~$3.5) for 1000 random participants

👨‍👩‍👧 Referral: ➕ 30,000 SLT (~$6…",1359785515453612034,2022-03-20 02:36:46+00:00,
5,1505372746217402371,RT @rovercrc: #Bitcoin looks ready to explode! 👀🚀,1441737630132027395,2022-03-20 02:36:45+00:00,
6,1505372746192232450,"RT @GiveawayInspect: New Giveaway: Retoken (USDT)
Total Reward: 2,000 USDT
Rate: ⭐️⭐️⭐️⭐️
Winners: 700 Random &amp; Top 50
Distribution: within…",1481322249697529858,2022-03-20 02:36:45+00:00,
7,1505372745043165187,"RT @chitaglorya__: giveaway 200$ | 2,800,000 IDR

-- rt follow @flagnetwork_NFT 

-- rt &amp; quoted their pinned with   #FlagNetwork  #cryptoc…",1407481898964717573,2022-03-20 02:36:45+00:00,
8,1505372742081785857,We just know #XRP will moon #crypto #binance #cryptocurrency #bitcoin #btc https://t.co/ohXtbKrR6D,1412922161111703558,2022-03-20 02:36:44+00:00,
9,1505372741469290496,"@Investor1000x @CryptoShelbie @Bobatama @elonmusk This is the best gem out there.
@Bobatama
#BOBAMASK #BOBATAMA
#BOBATAMA1000x

@AuzsomeAustin @elonmusk @MattWallace888 @JakeGagain
@Yourpop8 @Z_humphries
#ETH #Bitcoin  #nftart #NFTartist
#Crypto $Boba
#1000xGem #LBANK

👉 https://t.co/aLpK8UszXz",1500160116577820678,2022-03-20 02:36:44+00:00,
10,1505372736490651648,"@AirdropStario I believe this is a faithful project.The projector has a lot of attractive so hopefully the project will be better in the future and will be the best.I love it
@STAYE22
@MAKSUDU14953534 @Franco_zeropay

#cryptocurrency #Airdrop #BSC #Bitcoin #BUSD #Yupverse #YUP #Airdropstario",1428945994968756225,2022-03-20 02:36:43+00:00,
11,1505372735458975745,"In Japan, #XRP is religion. I love it! All works! #eth #ethereum #binance #bitcoin btc #ripple #crypto #cryptocurrency https://t.co/qqlbpiObeS",878575756695052288,2022-03-20 02:36:43+00:00,
12,1505372725333930000,"RT @LovecoinProject: ❤️10,000,000 LOVECOIN GIVEAWAY RAFFLE CONTEST❤️

RETWEET THIS POST &amp; POST YOUR LOVECOIN ADDRESS IN THE COMMENT SECTION…",69035358,2022-03-20 02:36:40+00:00,
13,1505372722288758784,"RT @ViaBTC: Litecoin, the “Twin Brother” of #Bitcoin &amp; How You Can Win by Mining It

Click to learn👉 https://t.co/zs9ibLCcVo

#ViaBTC #LTC…",951447871080996865,2022-03-20 02:36:40+00:00,
14,1505372720946900994,"RT @airdropinspect: New airdrop: Prizefighter (RING)
Total Reward: $5,000 worth of RING
Rate: ⭐️⭐️⭐️⭐️
Winners: 1,000 Random &amp; Top 100
Dist…",1500698476023529474,2022-03-20 02:36:39+00:00,
15,1505372719730561024,"RT @AirdropStario: 💧 MedusaZone Airdrop 💧

🏆 Task:          ➕  Up to 30 AMEDU (~$36)

👨‍👩‍👧 Referral:   ➕  10 AMEDU (~$12)

🔛 Airdrop Link…",1435253897048694789,2022-03-20 02:36:39+00:00,
16,1505372715703750659,The strongest bullish signal flashed for #XRP #bitcoin #btc #ethereum #eth https://t.co/bVNTOcxT4v,1434248089586618371,2022-03-20 02:36:38+00:00,
17,1505372715590561794,"AMC Stock Rises After GameStop Earnings. What It Says About the Meme Trade. 

#stocks #money #investing #entrepreneur #bitcoin #forex #business #investment #investor #cryptocurrency #trading #invest #market #wealth #finance
#success #wallstreet
#motiv...
https://t.co/RCb6o3ZUHM",1367700165226864640,2022-03-20 02:36:38+00:00,
18,1505372713472380929,RT @BitcoinMagazine: The revolution can not be stopped. #Bitcoin https://t.co/J51qviTWId,867394358,2022-03-20 02:36:38+00:00,
19,1505372709730979843,"RT @Cardanians_io: #Cardano can be described as a project with a high level of decentralization, #Bitcoin security, and #Ethereum capabilit…",575688934,2022-03-20 02:36:37+00:00,
20,1505372704748314628,We just know #XRP will moon #crypto #binance #cryptocurrency #bitcoin #btc https://t.co/078iBQvGHm,1409386598547038216,2022-03-20 02:36:35+00:00,
21,1505372704580550661,"RT @ProjectsIco: What is next leg up for #Bitcoin 

#Crypto #BTC #BTCUSDT #cryptocurrency",1494910490149072900,2022-03-20 02:36:35+00:00,
22,1505372704358076416,RT @SatoshiSale: #bitcoin lightning address in #python https://t.co/h1AoNXq28n,19295144,2022-03-20 02:36:35+00:00,
23,1505372704261775362,XRP is getting ready to take off to the moon! #altcoin #bitcoin #binance #xrp #ripple https://t.co/0VIFneQGTv,986959481618575361,2022-03-20 02:36:35+00:00,
24,1505372700772298752,"RT @TheMoonCarl: Holding fiat will turn billionaires into millionaires.

HODLing #Bitcoin will turn millionaires into ₿illionaires.",1471501221491986439,2022-03-20 02:36:34+00:00,
25,1505372698062778369,"RT @AirdropDet: 🔍 New #Airdrop: YupVerse

💲 Reward: Up to 10M YuP (~$5) + 2M YuP (~$1,000) referral pool

🔴 Start the airdrop bot https://t…",1497120376408936450,2022-03-20 02:36:34+00:00,
26,1505372695487135749,"RT @AirdropDet: 🔍 New #Airdrop: YupVerse

💲 Reward: Up to 10M YuP (~$5) + 2M YuP (~$1,000) referral pool

🔴 Start the airdrop bot https://t…",1438747212331159553,2022-03-20 02:36:33+00:00,
27,1505372693583040518,@CryptoLordH @YachtClubInuETH Tip🔥: Could also change your life. I already buy BNXA OTC: BNXAF share. Big wins waits. Thank me later for that hint🔥 @BanxaOfficial #btc #bitcoin #defi #nft,1470148662122721285,2022-03-20 02:36:33+00:00,
28,1505372692458795011,"RT @AirdropStario: 💧 Yupverse Airdrop 💧

🏆 Task:          ➕  20 Million YUP (~$100) for 150 random participants

👨‍👩‍👧 Referral:   ➕  20 BU…",1428945994968756225,2022-03-20 02:36:33+00:00,
29,1505372691456413699,"We just know #XRP will moon #crypto #binance #cryptocurrency #bitcoin #btc

https://t.co/u4sBLho0FP",1421131868423049219,2022-03-20 02:36:32+00:00,
30,1505372690705952770,"RT @AirdropDet: 🔍 New #Airdrop: YupVerse

💲 Reward: Up to 10M YuP (~$5) + 2M YuP (~$1,000) referral pool

🔴 Start the airdrop bot https://t…",2974372927,2022-03-20 02:36:32+00:00,
31,1505372690605309954,"@AirdropStario nice event sir and thanks for opportunity to join this community, always support the project

@ajisatya8
@Riduwan90
@Tiara_imoet2020
@MaddyHopkins6
@MDProbin2

#cryptocurrency #Airdrop #BSC #Bitcoin #USDT #SafeWallet #SLT #Airdropstario",1673948018,2022-03-20 02:36:32+00:00,
32,1505372689174831106,RT @rovercrc: #Bitcoin looks ready to explode! 👀🚀,1502218696563077122,2022-03-20 02:36:32+00:00,
33,1505372684229566464,"@Investor1000x @RealCryptorich @Bobatama @elonmusk This is the best gem out there.
@Bobatama
#BOBAMASK #BOBATAMA
#BOBATAMA1000x

@AuzsomeAustin @elonmusk @MattWallace888 @JakeGagain
@Yourpop8 @Z_humphries
#ETH #Bitcoin  #nftart #NFTartist
#Crypto $Boba
#1000xGem #LBANK

👉 https://t.co/aLpK8UszXz",1500160116577820678,2022-03-20 02:36:31+00:00,
34,1505372682535124994,"I believe this is a faithful project.The projector has a lot of attractive so hopefully the project will be better in the future and will be the best.I love it
@STAYE22
@MAKSUDU14953534 @Franco_zeropay

#cryptocurrency #Airdrop #BSC #Bitcoin #BUSD #Yupverse #YUP #Airdropstario https://t.co/jkYIH85x1S",1428945994968756225,2022-03-20 02:36:30+00:00,
35,1505372681260396551,"RT @airdropinspect: New airdrop: Prizefighter (RING)
Total Reward: $5,000 worth of RING
Rate: ⭐️⭐️⭐️⭐️
Winners: 1,000 Random &amp; Top 100
Dist…",1438071297909555200,2022-03-20 02:36:30+00:00,
36,1505372680370876417,"We just know #XRP will moon #crypto #binance #cryptocurrency #bitcoin #btc

https://t.co/l0B35EWyXh",346043985,2022-03-20 02:36:30+00:00,
37,1505372680261804032,"RT @AirdropStario: 💧 SafeWallet Airdrop 💧

🏆 Task:        ➕ 175 SLT (~$3.5) for 1000 random participants

👨‍👩‍👧 Referral: ➕ 30,000 SLT (~$6…",1500856376113139712,2022-03-20 02:36:30+00:00,
38,1505372679724888064,RT @woonomic: #Bitcoin is being accumulated. https://t.co/Wdnhek2u6F,96141067,2022-03-20 02:36:29+00:00,
39,1505372679612018688,"RT @AirdropStario: 💧 SafeWallet Airdrop 💧

🏆 Task:        ➕ 175 SLT (~$3.5) for 1000 random participants

👨‍👩‍👧 Referral: ➕ 30,000 SLT (~$6…",1500074387281690629,2022-03-20 02:36:29+00:00,
40,1505372679519588354,What do you mean by stealth address in cryptocurrency? #ICO #bitcoin #cryptocurrency via https://t.co/22WYZsrj5r https://t.co/hIZiHOgK2X,1038978171142635525,2022-03-20 02:36:29+00:00,
41,1505372677896343552,"#ANT #ANTUSDT $ANT

Triple bottom with bullish divergence 👀👀

It will give a great profit soon 🔥🤑

#btc #BTC #Bitcoin #trading #trade #tradingtips #USDT #KuCoin #cryptocurrency #cryptotrading #crypto #Cryptos #signals #Tradingview",1504198403068252162,2022-03-20 02:36:29+00:00,
42,1505372674461401088,"@whale_alert $SKUY The New Earth Multiverse ✨

@sekuyaofficial #SKUY #SKUYANS
#SKUYARMY
#Sekuya #Bitcoin #Binance #BSCGem #BSC #Metaverse #NFT #crypto #NFTs https://t.co/BlublHfF4d",1500505763042988032,2022-03-20 02:36:28+00:00,
43,1505372670900285444,@MajesticDrama @Medi_Token's changing the world! Building an amazing ecosystem &amp; donating to communities in need across the planet! #RealUtility #Charity #Crypto #NFT #Play2Earn #ETH #NFTs #x2000gem #bitcoin $Medi #MediArmy #MediToken #doxxed #LLC #Saitama #Shib https://t.co/V52YkkafB1 https://t.co/X4LDorVWVW,1460551629950930944,2022-03-20 02:36:27+00:00,
44,1505372670397157376,"RT @AirdropDet: 🔍 New #Airdrop: YupVerse

💲 Reward: Up to 10M YuP (~$5) + 2M YuP (~$1,000) referral pool

🔴 Start the airdrop bot https://t…",1409674153276317697,2022-03-20 02:36:27+00:00,
45,1505372666743574529,"n Japan, #XRP is religion. I love it! All works! #eth #ethereum #binance #bitcoin btc #ripple #crypto #cryptocurrency

https://t.co/VB99MkKuOq",1388023239373254658,2022-03-20 02:36:26+00:00,
46,1505372665414299649,"RT @AirdropStario: 💧 SafeWallet Airdrop 💧

🏆 Task:        ➕ 175 SLT (~$3.5) for 1000 random participants

👨‍👩‍👧 Referral: ➕ 30,000 SLT (~$6…",1426018152400375808,2022-03-20 02:36:26+00:00,
47,1505372664197947392,"RT @AirdropStario: 💧 SafeWallet Airdrop 💧

🏆 Task:        ➕ 175 SLT (~$3.5) for 1000 random participants

👨‍👩‍👧 Referral: ➕ 30,000 SLT (~$6…",1429963887680516137,2022-03-20 02:36:26+00:00,
48,1505372664185036800,"In Japan, #XRP is religion. I love it! All works! #eth #ethereum #binance #bitcoin btc #ripple #crypto #cryptocurrency https://t.co/M34a0ZQZcD",1451946977432936455,2022-03-20 02:36:26+00:00,
