,id,text,author_id,created_at,geo
0,1505489069899460609,"RT @AirdropDet: 🔍 New #Airdrop: YupVerse

💲 Reward: Up to 10M YuP (~$5) + 2M YuP (~$1,000) referral pool

🔴 Start the airdrop bot https://t…",1303745370422419457,2022-03-20 10:18:59+00:00,
1,1505489069731725315,RT @Baran13990823: @BnBChainArmy @BSCGemsx100 #BlueSparrow is a bridge between the stock market and crypto .. You will have both in the Blu…,1446383258355314729,2022-03-20 10:18:59+00:00,
2,1505489069488455684,"RT @LovecoinProject: 💖10,000,000 LOVECOIN GIVEAWAY RAFFLE CONTEST💖

RETWEET THIS POST &amp; POST YOUR LOVECOIN ADDRESS IN THE COMMENT SECTION B…",1442791877250625536,2022-03-20 10:18:59+00:00,
3,1505489069232427009,"RT @AirdropDet: 🔍 New #Airdrop: YupVerse

💲 Reward: Up to 10M YuP (~$5) + 2M YuP (~$1,000) referral pool

🔴 Start the airdrop bot https://t…",1472167527853674497,2022-03-20 10:18:59+00:00,
4,1505489066715877382,"RT @Revolotto: 🏏World's Dangerous Cricketer
Greatest Batsman of All-time in Cricket

🌎Universe Boss - Chris Gayle extending his support and…",1485539524981960706,2022-03-20 10:18:58+00:00,
5,1505489066309132292,"RT @ScarleCampbell: @Navid18714913 @SpyWolfNetwork The fascinating world of crypto has made us no longer afraid of wolves. But seeing them,…",1478271393687080963,2022-03-20 10:18:58+00:00,
6,1505489066019913729,FlagNetwork #IDO #cryptocurrency #Bitcoin #NFTs https://t.co/HVulnm1YQn,66369712,2022-03-20 10:18:58+00:00,
7,1505489064555958273,"RT @HadiHos65287736: #BlueSparrow is a bridge between the stock market and crypto .. You will have both in the Blue Sparrow CEX
#BlueBit  😍…",1464138431882276866,2022-03-20 10:18:58+00:00,
8,1505489058734161925,"RT @vahidjavadi20: @Navid18714913 @SpyWolfNetwork Scammers.....
You can hear the sound of our wolves breathing behind you. There is little…",1478271393687080963,2022-03-20 10:18:56+00:00,
9,1505489055164764160,"n Japan, #XRP is religion. I love it! All works! #eth #ethereum #binance #bitcoin btc #ripple #crypto #cryptocurrency

https://t.co/5MOS74EOUx",1417153185509253120,2022-03-20 10:18:56+00:00,
10,1505489053302464513,"RT @satoshibles: ⚔️ SATMadness Round of 64 - Match #16 ⚔️

Satoshible #234 (5) vs Satoshible #816 (60)

⬇️Vote Down Below⬇️
__
#NFT #NFTCom…",1396081857511501827,2022-03-20 10:18:55+00:00,
11,1505489053105459201,RT @HamidAzizi70: @BluesparrowC @bitfinex @BlueSparrowETH #BlueSparrow is a bridge between the stock market and crypto .. You will have bot…,1396081857511501827,2022-03-20 10:18:55+00:00,
12,1505489052211982338,"RT @AirdropDet: 🔍 New #Airdrop: YupVerse

💲 Reward: Up to 10M YuP (~$5) + 2M YuP (~$1,000) referral pool

🔴 Start the airdrop bot https://t…",1498650396512124928,2022-03-20 10:18:55+00:00,
13,1505489049183834113,"Crypto Refugees Fleeing #Ukraine Find a Haven in Bitcoin-Friendly #Portugal
https://t.co/8oNIowX3Zj

#bitcoin #memecoin #CashCow #Crytpo #cryptocurrencies",1441430474631569409,2022-03-20 10:18:54+00:00,
14,1505489048231579650,"n Japan, #XRP is religion. I love it! All works! #eth #ethereum #binance #bitcoin btc #ripple #crypto #cryptocurrency

https://t.co/YbSRpSAfne",1453391359461629956,2022-03-20 10:18:54+00:00,
15,1505489048135434241,"RT @Revolotto: 🏏World's Dangerous Cricketer
Greatest Batsman of All-time in Cricket

🌎Universe Boss - Chris Gayle extending his support and…",1426587693039853572,2022-03-20 10:18:54+00:00,
16,1505489046340239370,"RT @airdropinspect: New airdrop: Prizefighter (RING)
Total Reward: $5,000 worth of RING
Rate: ⭐️⭐️⭐️⭐️
Winners: 1,000 Random &amp; Top 100
Dist…",1349180635517128704,2022-03-20 10:18:53+00:00,
17,1505489044809166848,"RT @AirdropStario: 💧 CRAT Airdrop 💧

🏆 Task:         ➕  $50 worth of CRAT for 1000 random participants each

👨‍👩‍👧 Referral:  ➕  $100 worth…",976197841,2022-03-20 10:18:53+00:00,
18,1505489043731193859,"@BluesparrowC @bitfinex @BlueSparrowETH #BlueSparrow is a bridge between the stock market and crypto .. You will have both in the Blue Sparrow CEX
@BlueSparrowETH
@BluesparrowC
#BluesparrowCEX
#ETH
#BlueSparrow
#BlueSparrowtoken
#BlueSparrowCommunity
#bitcoin
#BestDrawToken
#Bluesparrowcharity
#Web3
#NFT🥳❄️55",1383720795768201218,2022-03-20 10:18:53+00:00,
19,1505489043425009669,"RT @satoshibles: ⚔️ SATMadness Round of 64 - Match #16 ⚔️

Satoshible #234 (5) vs Satoshible #816 (60)

⬇️Vote Down Below⬇️
__
#NFT #NFTCom…",2717662385,2022-03-20 10:18:53+00:00,
20,1505489043026759680,"RT @AirdropStario: 💧 TokenStand Airdrop 💧

🏆 Task:          ➕  Up to $3 worth of STAND

👨‍👩‍👧 Referral:   ➕  $2 worth of STAND

🔛 Airdrop L…",1465361710341001220,2022-03-20 10:18:53+00:00,
21,1505489042724503553,"RT @AirdropDet: 🔍 New #Airdrop: Elite Cash

🏆 Total Airdrop Pool: 140,000 ELC [~$49,000]

🔴 Start the airdrop bot https://t.co/geX2YRhj5n…",975116358190092289,2022-03-20 10:18:53+00:00,
22,1505489042011525120,RT @allahmoradi24: @Navid18714913 @SpyWolfNetwork Security is the most valuable asset that is not easily obtained. Our eyes are always open…,1478271393687080963,2022-03-20 10:18:52+00:00,
23,1505489041814441984,RT @w_s_bitcoin: #Bitcoin's absolute scarcity is such a profound discovery. https://t.co/xGdlyQZGkD,1489159171165597697,2022-03-20 10:18:52+00:00,
24,1505489039704530944,"n Japan, #XRP is religion. I love it! All works! #eth #ethereum #binance #bitcoin btc #ripple #crypto #cryptocurrency

https://t.co/TN4NSr6KQt",1450662600505708545,2022-03-20 10:18:52+00:00,
25,1505489039478394880,"RT @Revolotto: 🏏World's Dangerous Cricketer
Greatest Batsman of All-time in Cricket

🌎Universe Boss - Chris Gayle extending his support and…",1469821340831997955,2022-03-20 10:18:52+00:00,
26,1505489038484008967,"We just know #XRP will moon #crypto #binance #cryptocurrency #bitcoin #btc

https://t.co/8abnsOzxCu",1425657909157920770,2022-03-20 10:18:52+00:00,
27,1505489038345912322,"RT @Revolotto: 🏏World's Dangerous Cricketer
Greatest Batsman of All-time in Cricket

🌎Universe Boss - Chris Gayle extending his support and…",1353645446716002304,2022-03-20 10:18:52+00:00,
28,1505489035145400320,"This amazing faucet from @_bitcoiner is making me tweet this to claim my free Lightning sats. ⚡

@boltcoiner unlock me 3a00c2d9-2627-43ba-b6b1-6beb3d34d58c

#Bitcoin #BTC #LN #LightningNetwork #boltcoiner
https://t.co/JDeYfbcpD1",1451987729340895232,2022-03-20 10:18:51+00:00,
29,1505489029915193345,RT @Sbastie1980: @Navid18714913 @SpyWolfNetwork We used to be afraid of wolves. But times have changed. a wolf has come that we feel safe t…,1478271393687080963,2022-03-20 10:18:50+00:00,
30,1505489029508304899,"RT @ProjectsIco: What is next leg up for #Bitcoin 

#Crypto #BTC #BTCUSDT #cryptocurrency",1191304889328193536,2022-03-20 10:18:49+00:00,
31,1505489029172760576,"RT @5ireChain: #5ire Coin Review! 🔥
121 Million #Funding! 🚀

Read The Complete Article Here! ⤵
https://t.co/OcGE7BTlSs 

#cryptocurrency #k…",1389660249548853248,2022-03-20 10:18:49+00:00,
32,1505489026912231426,"RT @Revolotto: 🏏World's Dangerous Cricketer
Greatest Batsman of All-time in Cricket

🌎Universe Boss - Chris Gayle extending his support and…",1250416189387321345,2022-03-20 10:18:49+00:00,
33,1505489025053990912,RT @saylor: You do not sell your #bitcoin.  https://t.co/LJNgJeWxvR,3009445973,2022-03-20 10:18:48+00:00,
34,1505489023581794308,"@BluesparrowC @bitfinex @BlueSparrowETH #BlueSparrow is a bridge between the stock market and crypto .. You will have both in the Blue Sparrow CEX
@BlueSparrowETH
@BluesparrowC
#BluesparrowCEX
#ETH
#BlueSparrow
#BlueSparrowtoken
#BlueSparrowCommunity
#bitcoin
#BestDrawToken
#Bluesparrowcharity
#Web3
#NFT🥳❄️54",1383720795768201218,2022-03-20 10:18:48+00:00,
35,1505489019693461505,"RT @Revolotto: 🏏World's Dangerous Cricketer
Greatest Batsman of All-time in Cricket

🌎Universe Boss - Chris Gayle extending his support and…",1482674533664718852,2022-03-20 10:18:47+00:00,
36,1505489019580215299,"RT @airdropinspect: New airdrop: Flamingo Casino
Total Reward: 200 NFTs &amp; $2500 pricing pool
Rate:⭐️⭐️⭐️⭐️
Winners: 220 Random
Distribution…",1490542805856681984,2022-03-20 10:18:47+00:00,
37,1505489013762756612,"We just know #XRP will moon #crypto #binance #cryptocurrency #bitcoin #btc

https://t.co/3RE0YHP2uO",1477670419259871238,2022-03-20 10:18:46+00:00,
38,1505489013305618433,"RT @Revolotto: 🏏World's Dangerous Cricketer
Greatest Batsman of All-time in Cricket

🌎Universe Boss - Chris Gayle extending his support and…",1419840620881874946,2022-03-20 10:18:46+00:00,
39,1505489011741143041,"RT @AirdropStario: 💧 RPGC Airdrop 💧

🏆 Task:         ➕  $8 worth of RPGC for 2000 random participants each.

👨‍👩‍👧 Referral:  ➕  $40 worth…",1468439975490654208,2022-03-20 10:18:45+00:00,
40,1505489011212795905,"RT @TheCryptooKing: Will #Bitcoin hit $50,000 in March?

No          Sure           Yes
👇            👇              👇",1499977386267451398,2022-03-20 10:18:45+00:00,
41,1505489010042363907,"RT @airdropinspect: New airdrop: Flamingo Casino
Total Reward: 200 NFTs &amp; $2500 pricing pool
Rate:⭐️⭐️⭐️⭐️
Winners: 220 Random
Distribution…",1463189977693515781,2022-03-20 10:18:45+00:00,
42,1505489003675414529,"RT @derus1997: We're still Bullish on #bitcoin  
Still waiting for #BTC 43k 

@cctip_com airdrop 5000000 BTTNEW 500 #bitcoin #BTC",1479278577413591041,2022-03-20 10:18:43+00:00,
43,1505489000324558848,"RT @airdropinspect: New airdrop: Prizefighter (RING)
Total Reward: $5,000 worth of RING
Rate: ⭐️⭐️⭐️⭐️
Winners: 1,000 Random &amp; Top 100
Dist…",1089757687821279232,2022-03-20 10:18:42+00:00,
44,1505489000286818307,"RT @40_and_proud: If you are a beginner @IXFIworld got you back cause here you can see some tricks for beginners https://t.co/Ynj4l9npHT

#…",1431673933296594945,2022-03-20 10:18:42+00:00,
45,1505488999900934146,"RT @AirdropStario: 💧 CRAT Airdrop 💧

🏆 Task:         ➕  $50 worth of CRAT for 1000 random participants each

👨‍👩‍👧 Referral:  ➕  $100 worth…",1464105147550863365,2022-03-20 10:18:42+00:00,
