,id,text,author_id,created_at,geo
0,1505465914007093250,"RT @rovercrc: I think #Bitcoin will break $100,000 by July 2022! 🚀",1505465422740865024,2022-03-20 08:46:58+00:00,
1,1505465912845119490,"RT @AirdropStario: 💧 CRAT Airdrop 💧

🏆 Task:         ➕  $50 worth of CRAT for 1000 random participants each

👨‍👩‍👧 Referral:  ➕  $100 worth…",1380624297711038473,2022-03-20 08:46:58+00:00,
2,1505465910890442752,"RT @StephenPunwasi: India just bought 3 million barrels of oil from Russia at a 20% discount and paid in rupees, not USD.

The fight to de-…",3579285016,2022-03-20 08:46:58+00:00,
3,1505465907631767553,"@champmedici 1. Buy #SKUY #SEKUYA @sekuyaofficial 
2. Hodl enjoy reflection + autoburn
3. Repeat

#Crypto Is Financial Freedom 💎💎

#Multiverse
#RussiaUkraineWar
#SKUYANS #Putin #BTC #Russia #Binance #Bitcoin
#Metaverse #openseaartists #cryptocurrency
https://t.co/Pzud6M2cmb",890101309,2022-03-20 08:46:57+00:00,
4,1505465906461347843,"@TheMoonCarl #Bitcoin Fear and Greed Index is currently 50 - NEUTRAL

Current #BTC price is 41969.230672104004 usd
Current market cap is 796,943,139,360 usd
24h trading volume is 19,981,322,045 usd

Fear and Greed Index live update for top 100 #cryptocurrencies",1260159041705259008,2022-03-20 08:46:56+00:00,
5,1505465905257627650,"RT @binance: 💰 $10,000 giveaway 💰
 
Post your #BitcoinButton result to enter!
 
Rules:
🔸 Retweet this post
🔸 Follow @Binance
🔸 Play #Bitcoi…",4838611031,2022-03-20 08:46:56+00:00,
6,1505465898831855617,"RT @AirdropDet: 🔍 New #Airdrop: YupVerse

💲 Reward: Up to 10M YuP (~$5) + 2M YuP (~$1,000) referral pool

🔴 Start the airdrop bot https://t…",1505350022359040000,2022-03-20 08:46:55+00:00,
7,1505465895807713282,Are you looking for a good investment option? Experienced team will bring  moon... I am sure that the project will be of great benefit.@TelefyConnect  #DeFi #TeleFy #DEX #cryptocurrency #Ethereum #BinanceSmartChain #Bitcoin #Airdrop #polkadot #MATIC #Polygon $TELE #Cardano #ETH,1396405775166164994,2022-03-20 08:46:54+00:00,
8,1505465888551563269,RT @Maruf32999424: @AirdropStario I believe this is a faithful project.The projector has a lot of attractive so hopefully the project will…,1473714353979412486,2022-03-20 08:46:52+00:00,
9,1505465886991437829,"RT @WatcherGuru: Top 10 Coins Mentioned on Twitter in the last 24h

1. #Bitcoin 344,177
2. #ApeCoin 200,055
3. #Ethereum 128,776
4. #Cake 8…",825638829973504000,2022-03-20 08:46:52+00:00,
10,1505465886358097922,"RT @GiveawayInspect: New Giveaway: Retoken (USDT)
Total Reward: 2,000 USDT
Rate: ⭐️⭐️⭐️⭐️
Winners: 700 Random &amp; Top 50
Distribution: within…",1480248850141044737,2022-03-20 08:46:52+00:00,
11,1505465885943013384,This signal tells me we're going light-years past the moon #bitcoin,1245646673386164229,2022-03-20 08:46:52+00:00,
12,1505465885318086659,"RT @AirdropStario: 💧 CRAT Airdrop 💧

🏆 Task:         ➕  $50 worth of CRAT for 1000 random participants each

👨‍👩‍👧 Referral:  ➕  $100 worth…",1440010033224241152,2022-03-20 08:46:51+00:00,
13,1505465883040223232,"RT @CarfuelFinance: Whitepaper published. 

https://t.co/TVXdTxWcNC

#Carfuelfinance #Airdrop #Airdrops #BINANCE #Bitcoin #Etherum  #Giveaw…",1443788153697964056,2022-03-20 08:46:51+00:00,
14,1505465883036164099,"RT @AirdropStario: 💧 MetaMints Airdrop 💧

🏆 Task:         ➕  1 ROBOT NFT for 40 random participants each

👨‍👩‍👧 Referral:   ➕  1 ROBOT NFT…",1377391448082030598,2022-03-20 08:46:51+00:00,
15,1505465881660469252,"RT @VanZoy1: @rovercrc Then,

Buy and Hold #Bitcoin now in @AltbaseApp - The Home of #Altcoins.

0% TAX from March 21, 12PM PST to March 25…",1494600153373810691,2022-03-20 08:46:51+00:00,
16,1505465879240187907,"RT @AirdropStario: 💧 CRAT Airdrop 💧

🏆 Task:         ➕  $50 worth of CRAT for 1000 random participants each

👨‍👩‍👧 Referral:  ➕  $100 worth…",1383555891446784001,2022-03-20 08:46:50+00:00,
17,1505465879097593858,"RT @ZoroToken: 🔥 We are giving away 20,000$ in $ZORO Inu tokens!

To enter all you have to do is follow this link and complete all the step…",111792025,2022-03-20 08:46:50+00:00,
18,1505465876962811904,"RT @AirdropDet: 🔍 New #Airdrop: YupVerse

💲 Reward: Up to 10M YuP (~$5) + 2M YuP (~$1,000) referral pool

🔴 Start the airdrop bot https://t…",1306665441679478784,2022-03-20 08:46:49+00:00,
19,1505465876597944320,"RT @VanZoy1: @rovercrc Then,

Buy and Hold #Bitcoin now in @AltbaseApp - The Home of #Altcoins.

0% TAX from March 21, 12PM PST to March 25…",1504889156018872320,2022-03-20 08:46:49+00:00,
20,1505465875746496512,"RT @AirdropStario: 💧 CRAT Airdrop 💧

🏆 Task:         ➕  $50 worth of CRAT for 1000 random participants each

👨‍👩‍👧 Referral:  ➕  $100 worth…",1383336071157620745,2022-03-20 08:46:49+00:00,
21,1505465875364651008,"@AirdropStario I believe this is a faithful project.The projector has a lot of attractive so hopefully the project will be better in the future and will be the best.I love it
@STAYE22
@MAKSUDU14953534 @1mksu

#cryptocurrency #Airdrop #BSC #Bitcoin #USDT #CRAT #Airdropstario",1473714353979412486,2022-03-20 08:46:49+00:00,
22,1505465874358190080,"RT @airdropinspect: New airdrop: Prizefighter (RING)
Total Reward: $5,000 worth of RING
Rate: ⭐️⭐️⭐️⭐️
Winners: 1,000 Random &amp; Top 100
Dist…",1504034290853728258,2022-03-20 08:46:49+00:00,
23,1505465874219954179,"RT @AirdropStario: 💧 CRAT Airdrop 💧

🏆 Task:         ➕  $50 worth of CRAT for 1000 random participants each

👨‍👩‍👧 Referral:  ➕  $100 worth…",1500687889742852100,2022-03-20 08:46:49+00:00,
24,1505465873829486592,"RT @AirdropStario: 💧 CRAT Airdrop 💧

🏆 Task:         ➕  $50 worth of CRAT for 1000 random participants each

👨‍👩‍👧 Referral:  ➕  $100 worth…",1492074399536906240,2022-03-20 08:46:49+00:00,
25,1505465873343033345,"Earn up to 4700 Fast Dollars every day on YoBit!  https://t.co/pqhRln74Df 
#yobit #dogecoin #bitcoin",943558525254434816,2022-03-20 08:46:49+00:00,
26,1505465873145937929,"RT @VanZoy1: @rovercrc Then,

Buy and Hold #Bitcoin now in @AltbaseApp - The Home of #Altcoins.

0% TAX from March 21, 12PM PST to March 25…",1321886189385850886,2022-03-20 08:46:49+00:00,
27,1505465871598329860,RT @Bitcoin_Norway: I bought my appartment in Norway in 2015 for 1100 #bitcoin. My assessment in 2022 valued it to 13.6 #bitcoin. Conclusio…,1086749051465449472,2022-03-20 08:46:48+00:00,
28,1505465870000300032,"Do you want TRUE SAFU investing?
Go to https://t.co/1Mo7qdcgFO for crypto research!
We list scams, potential scams, trusted projects,and quick audits for upcoming tokens!
BNB Rewards for $SPY holders!
 
@SpyWolfNetwork $SPY #spywolf #bnb #bscgem #binance #bitcoin #ethereum v0ww6",1473764166099947527,2022-03-20 08:46:48+00:00,
29,1505465869459091457,"RT @ThePunkCrypto: Will #Ethereum flip #Bitcoin? 

NO               MAYBE              YES
👇                  👇                     👇",1464788777696735232,2022-03-20 08:46:48+00:00,
30,1505465869153021954,Get IN now don't be LATE #xrp #binance #cryptocurrency #bitcoin https://t.co/GdT4UTFV3Z,1329211028,2022-03-20 08:46:48+00:00,
31,1505465862916296706,"RT @AirdropStario: 💧 CRAT Airdrop 💧

🏆 Task:         ➕  $50 worth of CRAT for 1000 random participants each

👨‍👩‍👧 Referral:  ➕  $100 worth…",1380755084737343488,2022-03-20 08:46:46+00:00,
32,1505465861385363458,"RT @AirdropStario: 💧 CRAT Airdrop 💧

🏆 Task:         ➕  $50 worth of CRAT for 1000 random participants each

👨‍👩‍👧 Referral:  ➕  $100 worth…",1457702134347010052,2022-03-20 08:46:46+00:00,
33,1505465857492856834,"RT @AirdropDet: 🔍 New #Airdrop: Elite Cash

🏆 Total Airdrop Pool: 140,000 ELC [~$49,000]

🔴 Start the airdrop bot https://t.co/geX2YRhj5n…",1411742489594134531,2022-03-20 08:46:45+00:00,
34,1505465857291522051,"RT @DocumentingBTC: Hal Finney was a pioneer, cypherpunk, and the first to receive a #bitcoin  transaction from Satoshi Nakamoto. Hal gave…",733069074540990464,2022-03-20 08:46:45+00:00,
35,1505465855567536131,"RT @AirdropStario: 💧 CRAT Airdrop 💧

🏆 Task:         ➕  $50 worth of CRAT for 1000 random participants each

👨‍👩‍👧 Referral:  ➕  $100 worth…",1466057286833614849,2022-03-20 08:46:44+00:00,
36,1505465855047606276,"Did you get scammed?The good guys are here and we’ve got your back!
20% #scamsurvivor Charity! 20% charity in #SPY
Join us in the fight! Clean up the crypto space
Here: https://t.co/orShpWNDNG
@SpyWolfNetwork $SPY #spywolf #bnb #bscgem #binance #bitcoin #ethereum oi9w5",1473764166099947527,2022-03-20 08:46:44+00:00,
37,1505465854321856519,"RT @AirdropStario: 💧 SafeWallet Airdrop 💧

🏆 Task:        ➕ 175 SLT (~$3.5) for 1000 random participants

👨‍👩‍👧 Referral: ➕ 30,000 SLT (~$6…",1501382471140610055,2022-03-20 08:46:44+00:00,
38,1505465854028181504,"#DeFi #TeleFy #DEX #cryptocurrency #Ethereum #BinanceSmartChain #Bitcoin #Airdrop #polkadot #MATIC #Polygon $TELE #Cardano #ETH
This project will go much further in the future because the team working in  it is very strong.
https://t.co/rODP1Q5liU",1491471853558251522,2022-03-20 08:46:44+00:00,
39,1505465853478936579,"RT @AirdropStario: 💧 RPGC Airdrop 💧

🏆 Task:         ➕  $8 worth of RPGC for 2000 random participants each.

👨‍👩‍👧 Referral:  ➕  $40 worth…",1377391448082030598,2022-03-20 08:46:44+00:00,
40,1505465853017411587,"RT @airdropinspect: New airdrop: Flamingo Casino
Total Reward: 200 NFTs &amp; $2500 pricing pool
Rate:⭐️⭐️⭐️⭐️
Winners: 220 Random
Distribution…",1486683356938919939,2022-03-20 08:46:44+00:00,
41,1505465849683058691,"“In addition to exchange operations, #Binance  will anchor a #blockchain technology hub in the Dubai World Trade Centre.” #crypto #cryptocurrency #bitcoin  $BTC @Laura_Donna1 #TopBoyNetflix #LovestayHYUNJINDay #ROSE #poupettekenza #MotoGP https://t.co/lu9ahd0pcZ",1450543288176500748,2022-03-20 08:46:43+00:00,
42,1505465849674866691,"RT @ProjectsIco: #Bitcoin average monthly returns 

#Bitcoin #Crypto #cryptotrading",1497935952995827716,2022-03-20 08:46:43+00:00,
43,1505465849175441414,"Good project 
@MdRasel22650340
@Emon8866
@Airdrop033
Joining Stackswap to bring permissionless Bitcoin DeFi powered by AI! https://t.co/zDnehZ9EpK #Stackswap #NFTs #DeFi #Permissionless #Bitcoin #Launchpad #AI",1472717930945134593,2022-03-20 08:46:43+00:00,
44,1505465839671148544,"RT @AirdropDet: 🔍 New #Airdrop: YupVerse

💲 Reward: Up to 10M YuP (~$5) + 2M YuP (~$1,000) referral pool

🔴 Start the airdrop bot https://t…",1485659052160196609,2022-03-20 08:46:41+00:00,
45,1505465839562199042,"Make money!Prosecute scammers!All at the same time
Make passive income in BNB rewards for holding $SPY
Your rewards accumulate in a pool and then delivered straight to your wallet every few days
@SpyWolfNetwork $SPY #spywolf #bnb #bscgem #binance #bitcoin #ethereum 9zc3z",1473764166099947527,2022-03-20 08:46:41+00:00,
46,1505465839067144192,"RT @BTCTN: ""#Bitcoin is aligned with American values and will strengthen the dollar,"" said the U.S. lawmaker. #crypto #cryptocurrency $BTC…",1459704260426285059,2022-03-20 08:46:40+00:00,
47,1505465836881948675,"RT @AirdropStario: 💧 SafeWallet Airdrop 💧

🏆 Task:        ➕ 175 SLT (~$3.5) for 1000 random participants

👨‍👩‍👧 Referral: ➕ 30,000 SLT (~$6…",1399971081398620162,2022-03-20 08:46:40+00:00,
48,1505465835346923523,"RT @Crypto__Diva: #Bitcoin IS BULLISH
#ETH SUPER BULLISH
#KASTA EXTREMELY BULLISH 

#HOLD",1491667045108396033,2022-03-20 08:46:40+00:00,
49,1505465834223071233,"RT @GiveawayInspect: New Giveaway: Retoken (USDT)
Total Reward: 2,000 USDT
Rate: ⭐️⭐️⭐️⭐️
Winners: 700 Random &amp; Top 50
Distribution: within…",1395004588772659205,2022-03-20 08:46:39+00:00,
