,id,text,author_id,created_at,geo
0,1505408489283555333,"RT @Revolotto: 🏏World's Dangerous Cricketer
Greatest Batsman of All-time in Cricket

🌎Universe Boss - Chris Gayle extending his support and…",1454451825126502410,2022-03-20 04:58:47+00:00,
1,1505408488167538689,"XRP is getting ready to take off to the moon! #altcoin #bitcoin #binance #xrp #ripple

https://t.co/w2DEkbeCzg",1235645003998867458,2022-03-20 04:58:47+00:00,
2,1505408487161200643,"RT @TelefyConnect: Hurry up!!! Get Involved before it's over😜
 .
Pre Sale (15M TELE)
Level 2 (Mar 21 – Mar 10)🔥
Price: $0.06 😊
20% Bonus🤑
.…",1311633840696426497,2022-03-20 04:58:47+00:00,
3,1505408485538013187,"RT @DimpalS04947727: 🔎 New Airdrops: Phaver
🎁 Reward:  GET Phaver Points
👨‍👧‍👦 Participants: For All Early Users
🔥 Each 250$ to 1500$

🦾 Re…",1339312969478328320,2022-03-20 04:58:46+00:00,
4,1505408484925444096,Get IN now don't be LATE #xrp #binance #cryptocurrency #bitcoin https://t.co/pD0xiOSfpr,712023250319048705,2022-03-20 04:58:46+00:00,
5,1505408484464291843,"RT @AirdropStario: 💧 SafeWallet Airdrop 💧

🏆 Task:        ➕ 175 SLT (~$3.5) for 1000 random participants

👨‍👩‍👧 Referral: ➕ 30,000 SLT (~$6…",1488455452463558658,2022-03-20 04:58:46+00:00,
6,1505408480634626051,RT @w_s_bitcoin: #Bitcoin's absolute scarcity is such a profound discovery. https://t.co/xGdlyQZGkD,1464193524803719170,2022-03-20 04:58:45+00:00,
7,1505408480575897600,"RT @PasinoCom: Play your favorite Casino games with #Ethereum on https://t.co/YXrRw5ppZV!

$100 Giveaway drawing tomorrow!
✅Like👍 &amp; Follow…",1423080051466190849,2022-03-20 04:58:45+00:00,
8,1505408476725448704,"RT @AirdropStario: 💧 MedusaZone Airdrop 💧

🏆 Task:          ➕  Up to 30 AMEDU (~$36)

👨‍👩‍👧 Referral:   ➕  10 AMEDU (~$12)

🔛 Airdrop Link…",1491285099660267521,2022-03-20 04:58:44+00:00,
9,1505408475186139137,"n Japan, #XRP is religion. I love it! All works! #eth #ethereum #binance #bitcoin btc #ripple #crypto #cryptocurrency

https://t.co/u4sBLho0FP",1421131868423049219,2022-03-20 04:58:44+00:00,
10,1505408471797497857,"That's a Really fantastic &amp; Amazing project. I am very happy to become a part of this event. Thanks for the opportunity.

@snahashish317 
@mcmimi07 
@Sourov2222 
@Abirkarmokar1 
@mcjahidul07 

#cryptocurrency #Airdrop #BSC #Bitcoin #USDT #RPGC #Airdropstario https://t.co/I1GewgcrX3",1479469660919631875,2022-03-20 04:58:43+00:00,
11,1505408471558025219,XRP is getting ready to take off to the moon! #altcoin #bitcoin #binance #xrp #ripple https://t.co/XpN8rXAF03,1402552594925510656,2022-03-20 04:58:43+00:00,
12,1505408468647542784,"RT @GiveawayInspect: New Giveaway: Retoken (USDT)
Total Reward: 2,000 USDT
Rate: ⭐️⭐️⭐️⭐️
Winners: 700 Random &amp; Top 50
Distribution: within…",1488546363734642694,2022-03-20 04:58:42+00:00,
13,1505408468005658624,"In Japan, #XRP is religion. I love it! All works! #eth #ethereum #binance #bitcoin btc #ripple #crypto #cryptocurrency https://t.co/gfyJdViagH",1451946977432936455,2022-03-20 04:58:42+00:00,
14,1505408467254841349,"RT @PotatoCoinSPL: 25B Potato giveaway

Potato will surprise you all with what we are about to announce.

Like, Retweet and Tag 3 friends t…",1396202941686681603,2022-03-20 04:58:42+00:00,
15,1505408466478940160,The strongest bullish signal flashed for #XRP #bitcoin #btc #ethereum #eth https://t.co/DzfkVZwpRv,743457764853284864,2022-03-20 04:58:42+00:00,
16,1505408463698079748,"RT @AirdropStario: 💧 Bee-Trade Finance Airdrop 💧

📍 Audited by: CertiK

🏆 Task:          ➕  Up to 36 BTF (~$51,48)

👨‍👩‍👧 Referral:   ➕  5…",1503425186535645186,2022-03-20 04:58:41+00:00,
17,1505408463358533635,"RT @airdropinspect: New airdrop: Avania (NOVA)
Total Reward: 75,000 NOVA
Rate:⭐️⭐️⭐️⭐️
Winners: 200 Random &amp; Top 10
Distribution: 19th Apri…",96922687,2022-03-20 04:58:41+00:00,
18,1505408463178190849,"RT @chitaglorya__: giveaway 200$ | 2,800,000 IDR

-- rt follow @flagnetwork_NFT 

-- rt &amp; quoted their pinned with   #FlagNetwork  #cryptoc…",1263131013640683523,2022-03-20 04:58:41+00:00,
19,1505408461647286277,#DeFi #TeleFy #DEX #cryptocurrency #Ethereum #BinanceSmartChain #Bitcoin #Airdrop #polkadot #MATIC #Polygon $TELE #Cardano #ETH https://t.co/kT0ujXC6cY,1709706199,2022-03-20 04:58:41+00:00,
20,1505408460988559363,"Bitcoin Could Be Banned by Government as per Famous Physician Ron Paul #crypto #blockchain #NFT #NFTs #Bitcoin #BTC 
https://t.co/jJEmgABPaE",1384194600282165260,2022-03-20 04:58:40+00:00,
21,1505408460778782723,Get IN now don't be LATE #xrp #binance #cryptocurrency #bitcoin https://t.co/gN8CsZnWeu,1445088775219130383,2022-03-20 04:58:40+00:00,
22,1505408459579473922,"RT @AirdropDet: 🔍 New #Airdrop: YupVerse

💲 Reward: Up to 10M YuP (~$5) + 2M YuP (~$1,000) referral pool

🔴 Start the airdrop bot https://t…",1496436827133456385,2022-03-20 04:58:40+00:00,
23,1505408456395657218,"RT @gate_io: Can any #crypto surpass #BTC’s #TAM? 😂

#cryptocurrencies #cryptomeme #bitcoin #cryptochain https://t.co/VQYvITMbyC",1417047420177817601,2022-03-20 04:58:39+00:00,
24,1505408455850409985,"XRP is getting ready to take off to the moon! #altcoin #bitcoin #binance #xrp #ripple

https://t.co/951PlgffGl",226234147,2022-03-20 04:58:39+00:00,
25,1505408455246417924,"RT @AirdropDet: 🔍 New #Airdrop: YupVerse

💲 Reward: Up to 10M YuP (~$5) + 2M YuP (~$1,000) referral pool

🔴 Start the airdrop bot https://t…",1479001332866453507,2022-03-20 04:58:39+00:00,
26,1505408450712453124,We just know #XRP will moon #crypto #binance #cryptocurrency #bitcoin #btc https://t.co/yjWrsUGe0P,392616384,2022-03-20 04:58:38+00:00,
27,1505408449571479556,"RT @Revolotto: 🏏World's Dangerous Cricketer
Greatest Batsman of All-time in Cricket

🌎Universe Boss - Chris Gayle extending his support and…",2709960660,2022-03-20 04:58:38+00:00,
28,1505408446299996160,"RT @crypstax: I don't have a 401k, I have #bitcoin",1595482069,2022-03-20 04:58:37+00:00,
29,1505408446123888643,We just know #XRP will moon #crypto #binance #cryptocurrency #bitcoin #btc https://t.co/xfw5E9S5Fh,1318764588138065922,2022-03-20 04:58:37+00:00,
30,1505408445964759041,RT @Meta_UFO: #bitcoin and #MetaUFO have no inflation.,1505180690249555981,2022-03-20 04:58:37+00:00,
31,1505408442034536449,"RT @GiveawayInspect: New Giveaway: Retoken (USDT)
Total Reward: 2,000 USDT
Rate: ⭐️⭐️⭐️⭐️
Winners: 700 Random &amp; Top 50
Distribution: within…",1482697610301485056,2022-03-20 04:58:36+00:00,
32,1505408436053364738,RT @crypto_eye_head: 😍💪💪 let's gooo!!!! #rvn #ravencoin #pow #nfts #decentralization #tokenization #crypto #btc #bitcoin #etheruem https://…,753891640197181440,2022-03-20 04:58:34+00:00,
33,1505408435579494400,"RT @NEEDcreations: I absolutely fucking love my #Bitcoin Education Community. It's a beautiful thing! 
⏩I'm also doing a 25,000 sat giveawa…",805160271388049408,2022-03-20 04:58:34+00:00,
34,1505408434774351875,"@AirdropStario That's a Really fantastic &amp; Amazing project. I am very happy to become a part of this event. Thanks for the opportunity.

@snahashish317 
@mcmimi07 
@Sourov2222 
@Abirkarmokar1 
@mcjahidul07 

#cryptocurrency #Airdrop #BSC #Bitcoin #USDT #RPGC #Airdropstario",1479469660919631875,2022-03-20 04:58:34+00:00,
35,1505408434019123208,RT @BitcoinMagazine: Anyone up for some #Bitcoin cake? 🎂 https://t.co/0ZBCPbsqdu,4539891613,2022-03-20 04:58:34+00:00,
36,1505408433939677191,"RT @AirdropDet: 🔍 New #Airdrop: TeddyDoge

💲 Reward: Up to 2,800 TEDDY + 800K TEDDY referral pool

🔴 Start the airdrop bot https://t.co/bJW…",1462778412238581769,2022-03-20 04:58:34+00:00,
37,1505408433709023236,"RT @AirdropDet: 🔍 New #Airdrop: YupVerse

💲 Reward: Up to 10M YuP (~$5) + 2M YuP (~$1,000) referral pool

🔴 Start the airdrop bot https://t…",1402244013294460930,2022-03-20 04:58:34+00:00,
38,1505408430642769920,Get IN now don't be LATE #xrp #binance #cryptocurrency #bitcoin https://t.co/cPrjpvHCyF,1103763724459012106,2022-03-20 04:58:33+00:00,
39,1505408430332211203,"RT @Revolotto: 🏏World's Dangerous Cricketer
Greatest Batsman of All-time in Cricket

🌎Universe Boss - Chris Gayle extending his support and…",1355817848019451904,2022-03-20 04:58:33+00:00,
40,1505408429980102659,#youtube #Crypto Market Watch &amp; Just Chatting |  #CryptoNews #bitcoin #cryptotrading #defi #nft https://t.co/zsyKy6ODHP,1400438172769656834,2022-03-20 04:58:33+00:00,
41,1505408428583550981,"RT @Revolotto: 🏏World's Dangerous Cricketer
Greatest Batsman of All-time in Cricket

🌎Universe Boss - Chris Gayle extending his support and…",1434432419742945281,2022-03-20 04:58:33+00:00,
42,1505408428360888320,RT @saylor: You do not sell your #bitcoin.  https://t.co/LJNgJeWxvR,25394044,2022-03-20 04:58:33+00:00,
43,1505408425412685824,"RT @AirdropDet: 🔍 New #Airdrop: YupVerse

💲 Reward: Up to 10M YuP (~$5) + 2M YuP (~$1,000) referral pool

🔴 Start the airdrop bot https://t…",1488496417895489537,2022-03-20 04:58:32+00:00,
44,1505408422904279041,"@sietseesteis ➡️ @CONNECTORCOIN ⬅️
Good Project 👌👌👌
#crypto #bitcoin 
#CONNECTORCOIN 
#ctco $bnb $bsc 
$ctco #bnb 
@Rocket__crypto
🎗 @Akon 🎗
📎F.B
💪💪💪💪💪🔥🔥🔥❤️",1494674080905281538,2022-03-20 04:58:31+00:00,
45,1505408418789539840,"RT @Revolotto: 🏏World's Dangerous Cricketer
Greatest Batsman of All-time in Cricket

🌎Universe Boss - Chris Gayle extending his support and…",1504287746088587264,2022-03-20 04:58:30+00:00,
46,1505408417326075907,"RT @AirdropDet: 🔍 New #Airdrop: YupVerse

💲 Reward: Up to 10M YuP (~$5) + 2M YuP (~$1,000) referral pool

🔴 Start the airdrop bot https://t…",1457998625338843144,2022-03-20 04:58:30+00:00,
47,1505408416654962688,"RT @airdropinspect: New airdrop: Prizefighter (RING)
Total Reward: $5,000 worth of RING
Rate: ⭐️⭐️⭐️⭐️
Winners: 1,000 Random &amp; Top 100
Dist…",1503591536042602504,2022-03-20 04:58:30+00:00,
48,1505408416512380928,"RT @Revolotto: 🏏World's Dangerous Cricketer
Greatest Batsman of All-time in Cricket

🌎Universe Boss - Chris Gayle extending his support and…",4858163374,2022-03-20 04:58:30+00:00,
49,1505408414595575815,"RT @AirdropDet: 🔍 New #Airdrop: Elite Cash

🏆 Total Airdrop Pool: 140,000 ELC [~$49,000]

🔴 Start the airdrop bot https://t.co/geX2YRhj5n…",1462778412238581769,2022-03-20 04:58:29+00:00,
