,id,text,author_id,created_at,geo
0,1505619430662815746,"RT @AirdropDet: 🔍 New #Airdrop: Elite Cash

🏆 Total Airdrop Pool: 140,000 ELC [~$49,000]

🔴 Start the airdrop bot https://t.co/geX2YRhj5n…",1405981747813109760,2022-03-20 18:56:59+00:00,
1,1505619428863533059,Get ready for a 28k #Bitcoin 🤯,1475101857538355203,2022-03-20 18:56:59+00:00,
2,1505619428574056450,"RT @airdropinspect: New airdrop: Prizefighter (RING)
Total Reward: $5,000 worth of RING
Rate: ⭐️⭐️⭐️⭐️
Winners: 1,000 Random &amp; Top 100
Dist…",1447244131248611338,2022-03-20 18:56:59+00:00,
3,1505619427949170692,"n Japan, #XRP is religion. I love it! All works! #eth #ethereum #binance #bitcoin btc #ripple #crypto #cryptocurrency

https://t.co/KM4mSn4Npv",1450210567252320257,2022-03-20 18:56:59+00:00,
4,1505619426804183041,"RT @Lord_Brise: @bitgertbrise is seriously gaining momentum and will hit a $10b market cap 🔥🔥🔥

#Brise 
#Bitgert 
#BRC20 
#bitcoin 
#ETH 
#…",896630866482524160,2022-03-20 18:56:59+00:00,
5,1505619422937026570,"RT @GiveawayInspect: New Giveaway: Retoken (USDT)
Total Reward: 2,000 USDT
Rate: ⭐️⭐️⭐️⭐️
Winners: 700 Random &amp; Top 50
Distribution: within…",1462499330019966978,2022-03-20 18:56:58+00:00,
6,1505619422362406913,RT @ShibnobiNews: NEWS: 🇺🇸 U.S. Congressman Pete Sessions says Texas will be the #Bitcoin capital. #CRYPTO,1453023889328594952,2022-03-20 18:56:58+00:00,
7,1505619422135738372,#Bitcoin is still my ride or die. https://t.co/gPthtTxMC8,1364407077066600448,2022-03-20 18:56:57+00:00,
8,1505619420848271365,"n Japan, #XRP is religion. I love it! All works! #eth #ethereum #binance #bitcoin btc #ripple #crypto #cryptocurrency

https://t.co/quDODoIgpb",1481645822282702856,2022-03-20 18:56:57+00:00,
9,1505619418964922375,"RT @AirdropStario: 💧 SafeWallet Airdrop 💧

🏆 Task:        ➕ 175 SLT (~$3.5) for 1000 random participants

👨‍👩‍👧 Referral: ➕ 30,000 SLT (~$6…",1319850390,2022-03-20 18:56:57+00:00,
10,1505619417194893314,"We just know #XRP will moon #crypto #binance #cryptocurrency #bitcoin #btc

https://t.co/uod5tNqXek",1490623815881146368,2022-03-20 18:56:56+00:00,
11,1505619416070860800,"RT @AirdropStario: 💧 Antique Token Airdrop 💧

📍 Audited by: AuditTechRate

🏆 Task: ➕ $10 worth of Antq for 3000 random participants

👨‍👩‍👧…",1453218537993129988,2022-03-20 18:56:56+00:00,
12,1505619414430806019,"RT @airdropinspect: New airdrop: Ubiquity DAO (USDT)
Total Reward: 2,500 USDT
Rate: ⭐️⭐️⭐️⭐️
Winners: 1,000 Random &amp; Top 100
Distribution:…",1448922296882655235,2022-03-20 18:56:56+00:00,
13,1505619412421804035,"Specially thanks sir for sharing a great project I hope this project future is bright more success &amp; go to the moon.

@TiarArdhi 
@Mr_andoek 
@Kinan_28 
@JemiKazol
@HilmanPanditha1

#cryptocurrency #Airdrop #BSC #Bitcoin #USDT #SafeWallet #SLT #Airdropstario https://t.co/S23kYGwOug",1319850390,2022-03-20 18:56:55+00:00,
14,1505619411805290504,"n Japan, #XRP is religion. I love it! All works! #eth #ethereum #binance #bitcoin btc #ripple #crypto #cryptocurrency

https://t.co/w4JmDIa1QP",1460347155550400513,2022-03-20 18:56:55+00:00,
15,1505619407480840192,"RT @AirdropDet: 🔍 New #Airdrop: YupVerse

💲 Reward: Up to 10M YuP (~$5) + 2M YuP (~$1,000) referral pool

🔴 Start the airdrop bot https://t…",1405981747813109760,2022-03-20 18:56:54+00:00,
16,1505619406717657091,"RT @sonyasingh111: @coingecko How I miss the scammers. The howl of a familiar wolf can be heard in the distance.
@SpyWolfNetwork 
#spywolf…",1444966414343983104,2022-03-20 18:56:54+00:00,
17,1505619406625579008,"RT @CryptoAna1998: I'll give 25 #freesats for downloading the #Bitcoin Libre wallet &amp; use code:  grabsats

With this #BTC  #Lightning walle…",1339634212358352896,2022-03-20 18:56:54+00:00,
18,1505619406478614530,"My thoughts on Senator Warren's Digital Asset Sanctions Bill.

TLDR: It's bad.

#bitcoin 

https://t.co/gFrhV3QOZH",1012358044527800320,2022-03-20 18:56:54+00:00,
19,1505619405417467913,"RT @AriZonanHODL: The #bitcoin halving will eventually be celebrated worldwide, similar to New Years.",1404146752366776320,2022-03-20 18:56:53+00:00,
20,1505619404456972288,"We just know #XRP will moon #crypto #binance #cryptocurrency #bitcoin #btc

https://t.co/ZdlVPhXbTw",1472902149524934662,2022-03-20 18:56:53+00:00,
21,1505619401567092741,"RT @AdamLiu22599247: This is the joint effort of every investor in our community, #BabyDoge  is at the top of every list, and we want more…",1489214546682294274,2022-03-20 18:56:53+00:00,
22,1505619401315274752,"Bitcoin can be the foundation of Human Rights. 

The bad guys can’t stop Bitcoin, but #Bitcoin can stop the bad guys.
https://t.co/QnKb5KuWAR #BTC $BTC",1128029241054916608,2022-03-20 18:56:52+00:00,
23,1505619398798843914,RT @mortezashahmo66: @SpyWolf1Fan @coingecko @SpyWolfNetwork Fear the day you are surrounded by a pack of wolves. Escape as long as you hav…,1444966414343983104,2022-03-20 18:56:52+00:00,
24,1505619396865134600,"XRP is getting ready to take off to the moon! #altcoin #bitcoin #binance #xrp #ripple

https://t.co/KuUvmxQIXI",1467534366490468357,2022-03-20 18:56:51+00:00,
25,1505619396450045959,RT @Blockworks_: PayPal Co-Founder: The biggest mistake I made in the last decade was getting too late and too little into #Bitcoin,3852821061,2022-03-20 18:56:51+00:00,
26,1505619395464204290,"RT @AirdropStario: 💧 MedusaZone Airdrop 💧

🏆 Task:          ➕  Up to 30 AMEDU (~$36)

👨‍👩‍👧 Referral:   ➕  10 AMEDU (~$12)

🔛 Airdrop Link…",1453218537993129988,2022-03-20 18:56:51+00:00,
27,1505619394776293377,Nice project @LynhNexl @tranganh2841 @My6140617  #FlagNetwork #IDO #cryptocurrency #Bitcoin #NFTs https://t.co/eNlSwee86u,1497945608367140866,2022-03-20 18:56:51+00:00,
28,1505619394004721665,"n Japan, #XRP is religion. I love it! All works! #eth #ethereum #binance #bitcoin btc #ripple #crypto #cryptocurrency

https://t.co/y5tdYsLhJo",1255957706285948930,2022-03-20 18:56:51+00:00,
29,1505619392859623424,"@HadiHos65287736 @BlueSparrowETH @BluesparrowC What does BlueSparrow CEX  offer to you?
Gold,Oil, Stocks trading , Commodities and Crypto 
All you need for trading....
#ETH
#BlueSparrow
#BlueSparrowtoken
#BlueSparrowCommunity
#BestDrawToken
#Bluesparrowcharity
@BlueSparrowETH
#web3
#Bitcoin
@BluesparrowC 
9 https://t.co/shhFMU179w",1422507419469598723,2022-03-20 18:56:50+00:00,
30,1505619389735137281,RT @lorenzvallecchi: How does off-the-grid #bitcoin mining in remote locations with stranded energy fit with #bitcoin mining as an on-the-g…,3119276293,2022-03-20 18:56:50+00:00,
31,1505619386534666240,"$1200 stimulus was worth: .16861511 $BTC
$1200 is now worth: .02913401 $BTC

$1200 is now worth 13,948,110 or 82.72% less satoshis.

#bitcoin #bitcoiners #stacksats #theflippening #greatreset",1328583929704681472,2022-03-20 18:56:49+00:00,
32,1505619386123628544,"RT @ChoiseCom: #Bitcoin and #Ethereum:

Bitcoin price failed to clear USD 40,000 and resumed downtrend 📉
Ethereum extended decline below US…",1504928710910091265,2022-03-20 18:56:49+00:00,
33,1505619383040843782,"n Japan, #XRP is religion. I love it! All works! #eth #ethereum #binance #bitcoin btc #ripple #crypto #cryptocurrency

https://t.co/fpYCtVYU54",1447096626,2022-03-20 18:56:48+00:00,
34,1505619381308469249,"RT @airdropinspect: New airdrop: Prizefighter (RING)
Total Reward: $5,000 worth of RING
Rate: ⭐️⭐️⭐️⭐️
Winners: 1,000 Random &amp; Top 100
Dist…",1310932441717043200,2022-03-20 18:56:48+00:00,
35,1505619380985597961,"RT @cryptorecruitr: A multi-month bull run is setup &amp; ready on the #Bitcoin charts. Cardano would catapult.

https://t.co/dYgCndIZC0

$BTC…",165249700,2022-03-20 18:56:48+00:00,
36,1505619377479196674,RT @KurbanShaju: @MMG_Token I think this is a excellent project with a very unique team. this project will be successful in the https://t.c…,1490351919658901508,2022-03-20 18:56:47+00:00,
37,1505619376564838412,"RT @IstiakAhmed001: Beautiful. It will helps to refresh your mind.
#Flowers
#BahreinGP #BBCAN10 #bitcoin #BitcoinButton #ForzaFerrari #Word…",90703364,2022-03-20 18:56:47+00:00,
38,1505619375390441486,"RT @Coinmegalodon: How to Buy $MEGA 🦈 

You can purchase $MEGA on PancakeSwap: https://t.co/4ceHEfYhxx

Set Slippage to 0.1%

#CoinMegalodo…",2363378547,2022-03-20 18:56:46+00:00,
39,1505619375314800641,"RT @BitcoinMagazine: 💥 In 17 days, the biggest #Bitcoin  conference in history kicks off in Miami 👀",1396112513394089985,2022-03-20 18:56:46+00:00,
40,1505619374354452489,"We just know #XRP will moon #crypto #binance #cryptocurrency #bitcoin #btc

https://t.co/6GG4kITorv",1492616047718981633,2022-03-20 18:56:46+00:00,
41,1505619374350163973,"Game Recognize Game: Tom Brady Says Autograph NFT Site 'Wouldn't Have Been Possible' Without Vitalik
#Bitcoin #Ethereum #BTC #ETH #Crypto #CryptoNews

https://t.co/8vwPi9Xk3b",1489808635077140481,2022-03-20 18:56:46+00:00,
42,1505619371649118214,"RT @Fastcoin5: Your best choice, the future! 😉
Comes from CoinsFee!  

#CoinsFee #FastCoin #Bitcoin #FastCoinExpress #Faster #Fast #Easy #s…",1502186970801487873,2022-03-20 18:56:45+00:00,
43,1505619370847866883,"@woonomic I just love #Bitcoin, it's a Redeemer to humanity",60530776,2022-03-20 18:56:45+00:00,
44,1505619366871662594,"RT @Dennis_Porter_: Being pro-#Bitcoin means you are:

• Pro-Diversity
• Pro-Inclusion
• Pro-Jobs
• Pro-Renewables
• Pro-Values 
• Pro-Libe…",1459038843810852866,2022-03-20 18:56:44+00:00,
45,1505619363436670979,"🌟Congratulation! 
Another Milestone Achieved!

💎31K TWITTER FOLLOWERS💎

Revolotto Team saying thanks to our most valuable and beautiful Community.

🌍Join the Revolution🌍
👑HOLD is GOLD👑

#Revolotto #Bitcoin #Binance https://t.co/RB81yn0pAm",1408154157480042501,2022-03-20 18:56:43+00:00,
46,1505619362207592449,"RT @AirdropStario: 💧 MegaTRON Airdrop 💧

🏆 Task:       ➕ 200,000 MTRON for 5000 random participants each.

👨‍👩‍👧 Referral: ➕ 20,000 MTRON…",1453218537993129988,2022-03-20 18:56:43+00:00,
47,1505619361377267713,"We just know #XRP will moon #crypto #binance #cryptocurrency #bitcoin #btc

https://t.co/E383Ij2SGg",1339986700655861760,2022-03-20 18:56:43+00:00,
48,1505619359884058631,"RT @AirdropDet: 🔍 New #Airdrop: Elite Cash

🏆 Total Airdrop Pool: 140,000 ELC [~$49,000]

🔴 Start the airdrop bot https://t.co/geX2YRhj5n…",1368886669991161857,2022-03-20 18:56:43+00:00,
49,1505619356033576964,"We just know #XRP will moon #crypto #binance #cryptocurrency #bitcoin #btc

https://t.co/4t6iFBaJbi",1469467523678670853,2022-03-20 18:56:42+00:00,
