,id,text,author_id,created_at,geo
0,1505618926901899271,"RT @JoseSnchzzz: My favourite coin is $DFI from @defichain 

Here are my reasons why 👀

🕓 Long-term outlook
🎯 Huge total addressable market…",1335995374528507907,2022-03-20 18:54:59+00:00,
1,1505618924934557702,"RT @CarfuelFinance: Our #Carfuelfinance community has passed 11000+ followers in 2 day. Thank you everyone, we are just at the beginning of…",1093274488471379968,2022-03-20 18:54:59+00:00,
2,1505618922954842113,"RT @AirdropStario: 💧 SetSpaceToken Airdrop 💧

🏆 Task:          ➕  Up to 25 Billion SST

👨‍👩‍👧 Referral:   ➕  2.5 Billion SST

🔛 Airdrop Lin…",1499183631235174401,2022-03-20 18:54:58+00:00,
3,1505618921809854469,"RT @MithiSi60944290: 🔎 New Airdrops: Phaver
🎁 Reward:  GET Phaver Points
👨‍👧‍👦 Participants: For All Early Users
🔥 Each 50$ to 500$

🦾 Regi…",1437515807207018499,2022-03-20 18:54:58+00:00,
4,1505618921126301704,"➡️ @CONNECTORCOIN ⬅️
Good Project 👌👌👌
#crypto #bitcoin 
#CONNECTORCOIN 
#ctco $bnb $bsc 
$ctco #bnb #cryptocurrency
@Rocket__crypto
@charliesheen 
@Akon 
⬇️⬇️⬇️⬇️⬇️⬇️⬇️

📎TG
https://t.co/dwZfNSuqGR https://t.co/1PKwjyQgNp https://t.co/AomHMVTwOa",1464202864671272969,2022-03-20 18:54:58+00:00,
5,1505618917208776709,"RT @AirdropDet: 🔍 New #Airdrop: YupVerse

💲 Reward: Up to 10M YuP (~$5) + 2M YuP (~$1,000) referral pool

🔴 Start the airdrop bot https://t…",1498228091889635329,2022-03-20 18:54:57+00:00,
6,1505618916705406980,"We just know #XRP will moon #crypto #binance #cryptocurrency #bitcoin #btc

https://t.co/GiDFEUdfU4",1433711992972447745,2022-03-20 18:54:57+00:00,
7,1505618915422085121,"Let this sunday be:
A day to reflect
A day of respect 
For all of you have been blessed by #bitcoin

A Sunday well spent brings a week full of content -&gt; Sunday is #bitcoin Education &amp; Space day

#sundayvibes 🧡 https://t.co/ZRumsbMgsZ",1347300276022161408,2022-03-20 18:54:57+00:00,
8,1505618912091815938,"If you don't understand money, you won't understand #bitcoin.",1435886063030095872,2022-03-20 18:54:56+00:00,
9,1505618903531241479,"RT @satoshibles: ⚔️ SATMadness Round of 64 - Match #18 ⚔️

Satoshible #3656 (32) vs Satoshible #4344 (34)

⬇️Vote Down Below⬇️
__
#NFT #NFT…",1147977261825572864,2022-03-20 18:54:54+00:00,
10,1505618900070846464,@jameslavish People have been ready since 2017 at least. It's #Bitcoin that's not ready. Every small gain gets given back almost immediately. Sickening to watch. Price is manipulated beyond words.,780247542,2022-03-20 18:54:53+00:00,
11,1505618896677613569,"RT @AirdropStario: 💧 SafeWallet Airdrop 💧

🏆 Task:        ➕ 175 SLT (~$3.5) for 1000 random participants

👨‍👩‍👧 Referral: ➕ 30,000 SLT (~$6…",1453218537993129988,2022-03-20 18:54:52+00:00,
12,1505618895591329805,"RT @Meme_Rank: #Bitcoin is undervalued #Memecoins is undervalued. Deflationary #tokens are yet to reach their true scarce state. 
@BscPitbu…",1418213042186190852,2022-03-20 18:54:52+00:00,
13,1505618895406731264,"We just know #XRP will moon #crypto #binance #cryptocurrency #bitcoin #btc

https://t.co/E0vYwrhKtW",1257023734239633410,2022-03-20 18:54:52+00:00,
14,1505618890214154242,"RT @airdropinspect: New airdrop: Prizefighter (RING)
Total Reward: $5,000 worth of RING
Rate: ⭐️⭐️⭐️⭐️
Winners: 1,000 Random &amp; Top 100
Dist…",1497329895030296576,2022-03-20 18:54:51+00:00,
15,1505618885344743426,"RT @AirdropStario: 💧 Odds96 Airdrop 💧

🏆 Task:          ➕ $10 worth of Odds96 Tokens.

🔛 Airdrop Link &amp; Information: https://t.co/rBb5KjyM1…",1489175923513602049,2022-03-20 18:54:49+00:00,
16,1505618883457306635,"RT @AirdropStario: 💧 SafeWallet Airdrop 💧

🏆 Task:        ➕ 175 SLT (~$3.5) for 1000 random participants

👨‍👩‍👧 Referral: ➕ 30,000 SLT (~$6…",1505479470060564485,2022-03-20 18:54:49+00:00,
17,1505618883453108228,"RT @BitWalletInc: 💎#Bitcoin: What’s the Big Deal?
BitWallet @BitWalletInc 🚀 https://t.co/w42KdRYz6C",1504928710910091265,2022-03-20 18:54:49+00:00,
18,1505618883369123841,"@OfficialTravlad @binance @AlpineF1Team World 1st bitcoin transection NFT  

https://t.co/emFH7mWmGG    

@opensea 

#Bitcoin  #nft #BinanceNFT #PolygonNFT #legend #100xgem #NFT #memoriesNFTseller #NFTs #opensea #OpenSeaNFT",1320236448575033344,2022-03-20 18:54:49+00:00,
19,1505618882064752640,"Everyone is going to be in for a rude awakening. I am calling $18,000-20,000k #bitcoin and $1,200-1,400 #ETH 
LandingoLugo🤫 #StocksToBuy #Crypto #charts 🥱 https://t.co/nuLT7dVtVN",1419435427757441024,2022-03-20 18:54:49+00:00,
20,1505618877891239936,"RT @saylor: If you don't understand money, you won't understand #bitcoin.",1462514011501699075,2022-03-20 18:54:48+00:00,
21,1505618877111480320,"RT @PotatoCoinSPL: 25B Potato giveaway

Potato will surprise you all with what we are about to announce.

Like, Retweet and Tag 3 friends t…",1376070301922955264,2022-03-20 18:54:48+00:00,
22,1505618876767297541,"RT @Meta_Gaming99: Meta Gaming  🎁
 Airdrop for everyone

Steps:
1️⃣Follow us Twitter @Meta_Gaming99 RT&amp;Tag 3 friends
2️⃣Join us TG group: h…",1475412142677544960,2022-03-20 18:54:47+00:00,
23,1505618876310036482,"RT @AirdropStario: 💧 CRAT Airdrop 💧

🏆 Task:         ➕  $50 worth of CRAT for 1000 random participants each

👨‍👩‍👧 Referral:  ➕  $100 worth…",1453218537993129988,2022-03-20 18:54:47+00:00,
24,1505618874242584577,"RT @saylor: If you don't understand money, you won't understand #bitcoin.",1487212526567784448,2022-03-20 18:54:47+00:00,
25,1505618872506159104,RT @ZEEANNE_88: I just voted in #okornotok from @Okcoin — submit your votes &amp; tweet about it for a chance to win 12k in #bitcoin.   It's al…,1377109562117869568,2022-03-20 18:54:46+00:00,
26,1505618871495303168,"RT @NightlordNFT: 🎁 GIVEAWAY 🎁

PRIZES:
🏆 1 X NFT 🏆
💵   40 $   💵

RULES:
-Follow @NightlordNFT and @nftbaronss .
-Retweet and like this pos…",2337703920,2022-03-20 18:54:46+00:00,
27,1505618870568169472,RT @MartiniGuyYT: LIKE ❤️ IF YOU HOLD #BITCOIN &amp; WILL NOT SELL BEFORE $100K,1292763221313585152,2022-03-20 18:54:46+00:00,
28,1505618869175652355,"Check out this account on OpenSea https://t.co/9Ay12IdfBJ via @opensea @SnoopDogg @djsnake @InfluentiallNft @BiggestNFT @OubiEth @cryptopunksbot @Manualofnft @Nfts0

#NFTCommunity 
#NFTGiveaway 
#NFTCollection   
#NFTProject 
#ETH 
#Ethereum 
#Bitcoin 
#cryptocrazydog",581326833,2022-03-20 18:54:46+00:00,
29,1505618868387168258,"@RyhanhThrany What does BlueSparrow CEX  offer to you?
Gold,Oil, Stocks trading , Commodities and Crypto 
All you need for trading....
#ETH
#BlueSparrow
#BlueSparrowtoken
#BlueSparrowCommunity
#BestDrawToken
#Bluesparrowcharity
@BlueSparrowETH
#web3
#Bitcoin
@BluesparrowC 
10 https://t.co/rMtQxsVlwr",1422507419469598723,2022-03-20 18:54:45+00:00,
30,1505618866545872900,I just voted in #okornotok from @Okcoin — submit your votes &amp; tweet about it for a chance to win 12k in #bitcoin.   It's all right here: 👇 https://t.co/PWytQBYUUr,1484212355840061446,2022-03-20 18:54:45+00:00,
31,1505618864821792768,"We just know #XRP will moon #crypto #binance #cryptocurrency #bitcoin #btc

https://t.co/FUzaqA9luZ",1321360355256373248,2022-03-20 18:54:45+00:00,
32,1505618864251367425,RT @rovercrc: I JUST OPENED ANOTHER $115k #BITCOIN LONG!!!,269642726,2022-03-20 18:54:44+00:00,
33,1505618863735832576,"ApeSwap Finance Price Prediction 2022, 2025, 2030 | BANANA Price Forecast
https://t.co/E3fdNvHzsl
#cryptocurrency #bitcoin #ethereum #crypto #mining #trading #prediction",1083617746275856384,2022-03-20 18:54:44+00:00,
34,1505618862800347144,"Senator Warren Introduces Bill To Prevent Sanctioned #Russians From Using #Crypto To Evade #Sanctions

""the bill would give the Treasury Department the power to ban crypto exchanges in the US from processing..""

#bitcoin #ethereum #cryptocurrencies 
https://t.co/g8SzEBSaqx",859252235804520448,2022-03-20 18:54:44+00:00,
35,1505618860464119815,"RT @Fastcoin5: Did you know!? 😃✋🏾

IF YOU SHARE COINSFEE ICO WITH FRIENDS; 

🔥YOU WILL GET PAID 20% IN FEE TOKEN OR
🔥10% IN BNB PAID WITHIN…",1502918073380126721,2022-03-20 18:54:44+00:00,
36,1505618859524784128,"RT @Revolotto: 🏏World's Dangerous Cricketer
Greatest Batsman of All-time in Cricket

🌎Universe Boss - Chris Gayle extending his support and…",1431708475445297153,2022-03-20 18:54:43+00:00,
37,1505618859415543815,"@binance @AlpineF1Team World 1st bitcoin transection NFT  

https://t.co/emFH7mWmGG    

@opensea 

#Bitcoin  #nft #BinanceNFT #PolygonNFT #legend #100xgem #NFT #memoriesNFTseller #NFTs #opensea #OpenSeaNFT",1320236448575033344,2022-03-20 18:54:43+00:00,
38,1505618856915746820,"RT @BTCfuel: #Bitcoin is looking for a BULLISH breakout  🔥🔥

After falling below the MA's, Bitcoin is now challenging the 100D MA (red). Th…",1330108393487470592,2022-03-20 18:54:43+00:00,
39,1505618855426674692,"RT @coinbureau: The accumulation continues. According to Glassnode, $1.2bn in #Bitcoin has left Coinbase. The largest net outflow since Jul…",1902793020,2022-03-20 18:54:42+00:00,
40,1505618852947935233,"RT @Jamez_Sarah: If I can only support one special project, I will only support @BabyDogeCoin 
Is a legit project with great community. Tha…",1463537757188464642,2022-03-20 18:54:42+00:00,
41,1505618852004044801,"RT @GiveawayInspect: New Giveaway: OverDose
Total Reward: $600 USDT
Winners: 200 Random &amp; Top 20
Distribution: within a week after the Give…",851037032377860101,2022-03-20 18:54:42+00:00,
42,1505618851815428103,"n Japan, #XRP is religion. I love it! All works! #eth #ethereum #binance #bitcoin btc #ripple #crypto #cryptocurrency

https://t.co/a7r4wSjmLA",2304997148,2022-03-20 18:54:41+00:00,
43,1505618850922078209,RT @Fegtoken_africa: When we say $FEG  @FEGtoken will be the King of DEFI and google suite for crypto we mean it. What’s coming it is mind…,1400046058340761604,2022-03-20 18:54:41+00:00,
44,1505618850167115781,"RT @airdropinspect: New airdrop: Prizefighter (RING)
Total Reward: $5,000 worth of RING
Rate: ⭐️⭐️⭐️⭐️
Winners: 1,000 Random &amp; Top 100
Dist…",1455910762199883781,2022-03-20 18:54:41+00:00,
45,1505618849374343174,"RT @Meme_Rank: #Centralised #exchanges such as #Binance and #FTX need to represent #decentralized #economy on the outside, but inside be #l…",1418213042186190852,2022-03-20 18:54:41+00:00,
46,1505618849093533696,"RT @binance: 💰 $10,000 giveaway 💰
 
Post your #BitcoinButton result to enter!
 
Rules:
🔸 Retweet this post
🔸 Follow @Binance
🔸 Play #Bitcoi…",1479750560156827650,2022-03-20 18:54:41+00:00,
47,1505618847784583171,"RT @AirdropStario: 💧 PeaSwap Finance Airdrop 💧

🏆 Task:          ➕ 10 PEA for 300 random participants each.

🔛 Airdrop Link &amp; Information:…",1453218537993129988,2022-03-20 18:54:41+00:00,
48,1505618845641633793,"RT @AirdropDet: 🔍 New #Airdrop: Elite Cash

🏆 Total Airdrop Pool: 140,000 ELC [~$49,000]

🔴 Start the airdrop bot https://t.co/geX2YRhj5n…",1474068169916502038,2022-03-20 18:54:40+00:00,
49,1505618844119085058,"Salvator Mundi Live
Check out my NFT listing on OpenSea! https://t.co/j5YkN9oXZ6 via @opensea 
#NFTProject  #Web3  #OpenSeaNFT  #Ethereum  #Video #NFT #NFTs #NFTCommunity #PolygonApe #Opensea #Polygon #Blockchain #NFTdrop #NFTCollection  #Metaverse  #Bitcoin #cryptocurrency",1236011228012535808,2022-03-20 18:54:40+00:00,
