,id,text,author_id,created_at,geo
0,1505410251364843520,"RT @DR6am: Looks like $jasmy is about to break out ...

#jasmy #jasmycoin #jasmyusdt #bitcoin #cryptocurrency https://t.co/kjQl5vZH2V",603073352,2022-03-20 05:05:47+00:00,
1,1505410250895097857,The strongest bullish signal flashed for #XRP #bitcoin #btc #ethereum #eth https://t.co/YFHR1hYFEk,1309841221,2022-03-20 05:05:47+00:00,
2,1505410248303325186,"RT @AirdropStario: 💧 SafeWallet Airdrop 💧

🏆 Task:        ➕ 175 SLT (~$3.5) for 1000 random participants

👨‍👩‍👧 Referral: ➕ 30,000 SLT (~$6…",1452158333268291586,2022-03-20 05:05:47+00:00,
3,1505410247158280193,"RT @Bana43212: @cryptobarbieBSC @Shib_nobi Shinja is great but bobatama is amazing too 💎🚀🚀🚀🚀🚀
#BOBAMASK #BOBATAMA
#BOBATAMA1000x

@elonmusk…",1498319038040391681,2022-03-20 05:05:46+00:00,
4,1505410246029701122,"XRP is getting ready to take off to the moon! #altcoin #bitcoin #binance #xrp #ripple

https://t.co/qlUm0GQqJ4",153713252,2022-03-20 05:05:46+00:00,
5,1505410242913312770,"n Japan, #XRP is religion. I love it! All works! #eth #ethereum #binance #bitcoin btc #ripple #crypto #cryptocurrency

https://t.co/h2KGBBJwmE",736362631443927044,2022-03-20 05:05:45+00:00,
6,1505410241302728706,"RT @airdropinspect: New airdrop: Prizefighter (RING)
Total Reward: $5,000 worth of RING
Rate: ⭐️⭐️⭐️⭐️
Winners: 1,000 Random &amp; Top 100
Dist…",1448270332280725513,2022-03-20 05:05:45+00:00,
7,1505410237985026051,"XRP is getting ready to take off to the moon! #altcoin #bitcoin #binance #xrp #ripple

https://t.co/Amnfp32ERM",1319327527500824578,2022-03-20 05:05:44+00:00,
8,1505410236777082880,"RT @Revolotto: 🏏World's Dangerous Cricketer
Greatest Batsman of All-time in Cricket

🌎Universe Boss - Chris Gayle extending his support and…",1328763320,2022-03-20 05:05:44+00:00,
9,1505410234894135297,"RT @AirdropDet: 🔍 New #Airdrop: YupVerse

💲 Reward: Up to 10M YuP (~$5) + 2M YuP (~$1,000) referral pool

🔴 Start the airdrop bot https://t…",1501120574948782089,2022-03-20 05:05:43+00:00,
10,1505410232784244737,"RT @Crypducation: Stop and think about what #money means.

#Crypducation #Bitcoin #Ethereum

https://t.co/NQ3EFm04n0",1257658297865437185,2022-03-20 05:05:43+00:00,
11,1505410230817116164,"RT @AirdropStario: 💧 SafeWallet Airdrop 💧

🏆 Task:        ➕ 175 SLT (~$3.5) for 1000 random participants

👨‍👩‍👧 Referral: ➕ 30,000 SLT (~$6…",1466749018898370562,2022-03-20 05:05:42+00:00,
12,1505410229042925572,"RT @AirdropDet: 🔍 New #Airdrop: YupVerse

💲 Reward: Up to 10M YuP (~$5) + 2M YuP (~$1,000) referral pool

🔴 Start the airdrop bot https://t…",577209286,2022-03-20 05:05:42+00:00,
13,1505410228916944901,"RT @PotatoCoinSPL: 25B Potato giveaway

Potato will surprise you all with what we are about to announce.

Like, Retweet and Tag 3 friends t…",1241582297444274176,2022-03-20 05:05:42+00:00,
14,1505410225729200128,The strongest bullish signal flashed for #XRP #bitcoin #btc #ethereum #eth https://t.co/9ra6gPNUtD,1476739524336181251,2022-03-20 05:05:41+00:00,
15,1505410220327022602,"RT @airdropinspect: New airdrop: Ground Zero
Total Reward: $200,000 worth of rewards
Rate:⭐️⭐️⭐️⭐️
Winners: 2,000 Random
Distribution: Befo…",1238126229288390656,2022-03-20 05:05:40+00:00,
16,1505410219404414978,"RT @Marii6771: We are @SpyWolfNetwork and we are here to clean up the crypto space and to make you
 
https://t.co/1Mo7qdcgFO is our anti-sc…",1477512307601293318,2022-03-20 05:05:40+00:00,
17,1505410219400384512,"RT @chitaglorya__: giveaway 200$ | 2,800,000 IDR

-- rt follow @flagnetwork_NFT 

-- rt &amp; quoted their pinned with   #FlagNetwork  #cryptoc…",1106197918548058118,2022-03-20 05:05:40+00:00,
18,1505410215373590532,"RT @Marii6771: Make money! Prosecute scammers! All at the same time 
Make passive income in BNB rewards for holding $SPY!
Your rewards accu…",1477512307601293318,2022-03-20 05:05:39+00:00,
19,1505410212765007872,"RT @Bana43212: @cryptojourneyrs Bobatama sleeping giant best utility out there 💎🚀🚀💎💎
#BOBAMASK #BOBATAMA
#BOBATAMA1000x

@elonmusk
#ETH #Bi…",1498319038040391681,2022-03-20 05:05:38+00:00,
20,1505410211284074501,"RT @AirdropDet: 🔍 New #Airdrop: YupVerse

💲 Reward: Up to 10M YuP (~$5) + 2M YuP (~$1,000) referral pool

🔴 Start the airdrop bot https://t…",1484726590408097792,2022-03-20 05:05:38+00:00,
21,1505410209447096320,"I am sure that everything will work out and will be on top!
Best wish of the all team members!

@Vladim1rV
@S3rgeiM
@K0nstantinR 

#nft #nftart #art #digitalart #nfts #nftartist #crypto #cryptoart #nftcommunity #nftcollector #ethereum #bitcoin #blockchain #cryptocurre https://t.co/Bj7PbTEXbi",2808521511,2022-03-20 05:05:37+00:00,
22,1505410208549720066,"RT @AirdropStario: 💧 SafeWallet Airdrop 💧

🏆 Task:        ➕ 175 SLT (~$3.5) for 1000 random participants

👨‍👩‍👧 Referral: ➕ 30,000 SLT (~$6…",1489545386708828162,2022-03-20 05:05:37+00:00,
23,1505410206062284803,"RT @RichardHeartWin: #Bitcoin laser eyes guys, come meet your doom. https://t.co/RaxIG0zIig",1300805633285984261,2022-03-20 05:05:36+00:00,
24,1505410205449953282,thank you for support Ukraine! #FlagNetwork #IDO #cryptocurrency #Bitcoin #NFTs https://t.co/OLg1iTAKSA,931127175281041408,2022-03-20 05:05:36+00:00,
25,1505410205328175107,We just know #XRP will moon #crypto #binance #cryptocurrency #bitcoin #btc https://t.co/ZKqQ69tKVm,771527335,2022-03-20 05:05:36+00:00,
26,1505410204833177602,"RT @AirdropDet: 🔍 New #Airdrop: YupVerse

💲 Reward: Up to 10M YuP (~$5) + 2M YuP (~$1,000) referral pool

🔴 Start the airdrop bot https://t…",1502156339120074754,2022-03-20 05:05:36+00:00,
27,1505410203835060231,"RT @Marii6771: Make money!Prosecute scammers!All at the same time
Make passive income in BNB rewards for holding $SPY
Your rewards accumula…",1477512307601293318,2022-03-20 05:05:36+00:00,
28,1505410201318436865,"Nice project ❤️
#FlagNetwork #IDO #cryptocurrency #Bitcoin #NFTs https://t.co/yFTRVTqMRf",1491112011064823810,2022-03-20 05:05:35+00:00,
29,1505410198311112706,"RT @chacha65292536: https://t.co/BswuecStuR
#AirCoinDAOLabs
#AirCoin
#AirCash
#AirChain
@AirCoinrealCN
Live it out for yourself, dear! 
 Ro…",1447556220852703253,2022-03-20 05:05:35+00:00,
30,1505410197195575300,The strongest bullish signal flashed for #XRP #bitcoin #btc #ethereum #eth https://t.co/WjcsonoBks,872958557758652420,2022-03-20 05:05:34+00:00,
31,1505410196621127681,"RT @chitaglorya__: giveaway 200$ | 2,800,000 IDR

-- rt follow @flagnetwork_NFT 

-- rt &amp; quoted their pinned with   #FlagNetwork  #cryptoc…",1435481540071346181,2022-03-20 05:05:34+00:00,
32,1505410195500924928,RT @saylor: You do not sell your #bitcoin.  https://t.co/LJNgJeWxvR,1360577920532574208,2022-03-20 05:05:34+00:00,
33,1505410194955661314,"RT @airdropinspect: New airdrop: Prizefighter (RING)
Total Reward: $5,000 worth of RING
Rate: ⭐️⭐️⭐️⭐️
Winners: 1,000 Random &amp; Top 100
Dist…",1422920132729266184,2022-03-20 05:05:34+00:00,
34,1505410193898807296,"RT @Diamo_so: Think differently

Join us #MARVIN 🤑🤑

Supply 
Bsc:
1/000/000/000/000

📌Tax
Buy: 8%
Sell: 12%

@Marvin_Inu 💎💎✔✔

#BSC #Bitcoi…",1504068838995943427,2022-03-20 05:05:34+00:00,
35,1505410193617731584,"@Nice_Monkey_NFT World 1st bitcoin transection NFT  

https://t.co/emFH7mWmGG    

@opensea 

#Bitcoin  #nft #BinanceNFT #PolygonNFT #legend #100xgem #NFT #memoriesNFTseller #NFTs #opensea #OpenSeaNFT",1320236448575033344,2022-03-20 05:05:33+00:00,
36,1505410192946733059,"RT @Marii6771: Did you get scammed?The good guys are here and we’ve got your back!
20% #scamsurvivor Charity! 20% charity in #SPY
Join us i…",1477512307601293318,2022-03-20 05:05:33+00:00,
37,1505410191902527492,"RT @AirdropStario: 💧 MedusaZone Airdrop 💧

🏆 Task:          ➕  Up to 30 AMEDU (~$36)

👨‍👩‍👧 Referral:   ➕  10 AMEDU (~$12)

🔛 Airdrop Link…",1456997560753610753,2022-03-20 05:05:33+00:00,
38,1505410191470346241,"Best Buy: High-Quality Stock, Low Valuation 

#stocks #money #investing #entrepreneur #bitcoin #forex #business #investment #investor #cryptocurrency #trading #invest #market #wealth #finance
#success #wallstreet
#motivation #trader
#entrepreneurship
...
https://t.co/LXofwHfdfK",1367700165226864640,2022-03-20 05:05:33+00:00,
39,1505410189289218052,"RT @PasinoCom: Play your favorite Casino games with #Ethereum on https://t.co/YXrRw5ppZV!

$100 Giveaway drawing tomorrow!
✅Like👍 &amp; Follow…",744385918019108864,2022-03-20 05:05:32+00:00,
40,1505410185266806784,"RT @PARTII_Meta: 📣 PARTII Metaverse Studio Airdrop is live!

🏆 Reward for Tasks:   20 PARTII (~$20) for 50,000 random participants each.…",1473755526634737665,2022-03-20 05:05:31+00:00,
41,1505410184591867907,"RT @airdropinspect: New airdrop: Retoken (USDT)
Total Reward: 2,000 USDT
Rate: ⭐️⭐️⭐️⭐️
Winners: 700 Random &amp; Top 50
Distribution: within a…",1363370414013968386,2022-03-20 05:05:31+00:00,
42,1505410183803158528,"RT @MetaWaifus: wen moon?
#bitcoin #cryptocurrency #Solana https://t.co/d9XklhjwLe",780428712307142656,2022-03-20 05:05:31+00:00,
43,1505410182683271168,"RT @Marii6771: Do you want TRUE SAFU investing?
Go to https://t.co/1Mo7qdcgFO for crypto research!
We list scams, potential scams, trusted…",1477512307601293318,2022-03-20 05:05:31+00:00,
44,1505410182545043460,"RT @JDxBruce: Airdrop 🪙  @cctip_com draw 70000 BabyDoge 250 $BTC #Bitcoin ifb

https://t.co/qfhscBlf6s",1339312969478328320,2022-03-20 05:05:31+00:00,
45,1505410180707598336,"RT @Revolotto: 🏏World's Dangerous Cricketer
Greatest Batsman of All-time in Cricket

🌎Universe Boss - Chris Gayle extending his support and…",125260381,2022-03-20 05:05:30+00:00,
46,1505410179952652290,"XRP is getting ready to take off to the moon! #altcoin #bitcoin #binance #xrp #ripple

https://t.co/oIDV5Gt7qm",801866246580944897,2022-03-20 05:05:30+00:00,
47,1505410179730657282,"RT @AirdropDet: 🔍 New #Airdrop: Elite Cash

🏆 Total Airdrop Pool: 140,000 ELC [~$49,000]

🔴 Start the airdrop bot https://t.co/geX2YRhj5n…",1503613820950159362,2022-03-20 05:05:30+00:00,
48,1505410178891620355,We just know #XRP will moon #crypto #binance #cryptocurrency #bitcoin #btc https://t.co/5Ch0I1NQxp,1909302546,2022-03-20 05:05:30+00:00,
49,1505410177867997193,"RT @AirdropDet: 🔍 New #Airdrop: Elite Cash

🏆 Total Airdrop Pool: 140,000 ELC [~$49,000]

🔴 Start the airdrop bot https://t.co/geX2YRhj5n…",1410951680733061120,2022-03-20 05:05:30+00:00,
