,id,text,author_id,created_at,geo
0,1505393641476395008,"RT @AirdropStario: 💧 SafeWallet Airdrop 💧

🏆 Task:        ➕ 175 SLT (~$3.5) for 1000 random participants

👨‍👩‍👧 Referral: ➕ 30,000 SLT (~$6…",1499314928704176129,2022-03-20 03:59:47+00:00,
1,1505393639244984320,"RT @AirdropStario: 💧 SafeWallet Airdrop 💧

🏆 Task:        ➕ 175 SLT (~$3.5) for 1000 random participants

👨‍👩‍👧 Referral: ➕ 30,000 SLT (~$6…",1310602138909700097,2022-03-20 03:59:47+00:00,
2,1505393636887781378,"We just know #XRP will moon #crypto #binance #cryptocurrency #bitcoin #btc

https://t.co/nTIhXqbil8",225651326,2022-03-20 03:59:46+00:00,
3,1505393636753965057,"RT @AirdropStario: 💧 The Crypto Launchpad Airdrop 💧

🏆 Task:          ➕  Up to $50 worth of TCL

👨‍👩‍👧 Referral:   ➕  $25 worth of TCL

🔛 A…",1499660897484419072,2022-03-20 03:59:46+00:00,
4,1505393633154928645,"RT @AirdropDet: 🔍 New #Airdrop: YupVerse

💲 Reward: Up to 10M YuP (~$5) + 2M YuP (~$1,000) referral pool

🔴 Start the airdrop bot https://t…",1471871968588615682,2022-03-20 03:59:45+00:00,
5,1505393626037338119,"Strong team, in a predictable and transparent road map, planned and projected. 
I think in the near future I will see an unprecedented growth of this project!

@Vladim1rV
@S3rgeiM
@K0nstantinR
@PavelVenomov
@DrevDomStroy 

#Airdrops #YupVerse #Bitcoin #AirdropDetective #YuP https://t.co/UA63xuHqo1",2808521511,2022-03-20 03:59:43+00:00,
6,1505393623923568641,"RT @airdropinspect: New airdrop: Retoken (USDT)
Total Reward: 2,000 USDT
Rate: ⭐️⭐️⭐️⭐️
Winners: 700 Random &amp; Top 50
Distribution: within a…",1502153324627632130,2022-03-20 03:59:43+00:00,
7,1505393620454866947,"RT @AirdropDet: 🔍 New #Airdrop: YupVerse

💲 Reward: Up to 10M YuP (~$5) + 2M YuP (~$1,000) referral pool

🔴 Start the airdrop bot https://t…",1472421152093995014,2022-03-20 03:59:42+00:00,
8,1505393616725823491,"In Japan, #XRP is religion. I love it! All works! #eth #ethereum #binance #bitcoin btc #ripple #crypto #cryptocurrency https://t.co/FoQM3xsQN1",826237526570569729,2022-03-20 03:59:41+00:00,
9,1505393616713564165,"RT @Revolotto: 🏏World's Dangerous Cricketer
Greatest Batsman of All-time in Cricket

🌎Universe Boss - Chris Gayle extending his support and…",1500690313593372672,2022-03-20 03:59:41+00:00,
10,1505393614104371201,"In Japan, #XRP is religion. I love it! All works! #eth #ethereum #binance #bitcoin btc #ripple #crypto #cryptocurrency https://t.co/zOKZGFg6mm",3136384237,2022-03-20 03:59:41+00:00,
11,1505393602913968128,More likely 1M $USDT per $BTC. #Tether #Bitcoin https://t.co/BcrGoNc3CC,937833873328652288,2022-03-20 03:59:38+00:00,
12,1505393600112173059,"RT @YupVerse: ✔️ YupVerse Airdrop (New Round) is live!

🔵 Airdrop Reward: Up to 10 Million YuP (~$5)

🔵 Referral Reward: 2 Million YuP (~$1…",1339698091218194433,2022-03-20 03:59:37+00:00,
13,1505393598640308226,"RT @airdropinspect: New airdrop: Prizefighter (RING)
Total Reward: $5,000 worth of RING
Rate: ⭐️⭐️⭐️⭐️
Winners: 1,000 Random &amp; Top 100
Dist…",1498393619514142720,2022-03-20 03:59:37+00:00,
14,1505393598056988674,RT @w_s_bitcoin: #Bitcoin's absolute scarcity is such a profound discovery. https://t.co/xGdlyQZGkD,1153200761607557120,2022-03-20 03:59:37+00:00,
15,1505393597520224259,"@missbitcoin_mai Looking to diversify &amp; grow your IRA portfolio with metals &amp; #Bitcoin? #RegalAssets is uniquely qualified to serve your precious metals &amp; Bitcoin needs. Click here to invest in gold &amp; Bitcoin today ➡️ https://t.co/DhBTy3AjSs
#cryptocurrency #StockMarket #iraportfolio #Bitcoin",42471053,2022-03-20 03:59:37+00:00,
16,1505393597197484035,"RT @airdropinspect: New airdrop: Prizefighter (RING)
Total Reward: $5,000 worth of RING
Rate: ⭐️⭐️⭐️⭐️
Winners: 1,000 Random &amp; Top 100
Dist…",1502153324627632130,2022-03-20 03:59:37+00:00,
17,1505393596530319361,We just know #XRP will moon #crypto #binance #cryptocurrency #bitcoin #btc https://t.co/oD2bJSQGaU,1250227148,2022-03-20 03:59:36+00:00,
18,1505393596278534144,"RT @airdropinspect: New airdrop: Prizefighter (RING)
Total Reward: $5,000 worth of RING
Rate: ⭐️⭐️⭐️⭐️
Winners: 1,000 Random &amp; Top 100
Dist…",1495050705694236675,2022-03-20 03:59:36+00:00,
19,1505393591526510592,We just know #XRP will moon #crypto #binance #cryptocurrency #bitcoin #btc https://t.co/6AsOhGBrnN,1236688637892472832,2022-03-20 03:59:35+00:00,
20,1505393590700154886,Get IN now don't be LATE #xrp #binance #cryptocurrency #bitcoin https://t.co/UoeF9R5lyB,1156964815836856325,2022-03-20 03:59:35+00:00,
21,1505393589085302786,"XRP is getting ready to take off to the moon! #altcoin #bitcoin #binance #xrp #ripple

https://t.co/5RBJB1TEfB",1119431233,2022-03-20 03:59:35+00:00,
22,1505393584572227586,We just know #XRP will moon #crypto #binance #cryptocurrency #bitcoin #btc https://t.co/8VJ8VVT0ct,1428370136222683139,2022-03-20 03:59:34+00:00,
23,1505393584136245249,"In Japan, #XRP is religion. I love it! All works! #eth #ethereum #binance #bitcoin btc #ripple #crypto #cryptocurrency https://t.co/JpijI7Tt8g",1445088775219130383,2022-03-20 03:59:33+00:00,
24,1505393583322509312,RT @Senator84347187: @BluesparrowC @bitfinex @BlueSparrowETH #BlueSparrow is a bridge between the stock market and crypto .. You will have…,1475581054752894978,2022-03-20 03:59:33+00:00,
25,1505393582651363328,Get IN now don't be LATE #xrp #binance #cryptocurrency #bitcoin https://t.co/aQe7sWMDdV,1348736687967449090,2022-03-20 03:59:33+00:00,
26,1505393578641870849,"RT @PotatoCoinSPL: 25B Potato giveaway

Potato will surprise you all with what we are about to announce.

Like, Retweet and Tag 3 friends t…",1201148742847451137,2022-03-20 03:59:32+00:00,
27,1505393577303711745,"In Japan, #XRP is religion. I love it! All works! #eth #ethereum #binance #bitcoin btc #ripple #crypto #cryptocurrency https://t.co/FsojN66LIf",2950966916,2022-03-20 03:59:32+00:00,
28,1505393576653467648,"RT @Revolotto: 🏏World's Dangerous Cricketer
Greatest Batsman of All-time in Cricket

🌎Universe Boss - Chris Gayle extending his support and…",1501808598284140545,2022-03-20 03:59:32+00:00,
29,1505393575206748160,RT @BitcoinMagazine: #Bitcoin is truth https://t.co/aSZ9ZtsCJ9,1488786499831492608,2022-03-20 03:59:31+00:00,
30,1505393574417891332,"RT @MrFly69: 🥇 $100 GIVEAWAY 🥇

To Enter:

1️⃣ Follow Me &amp; @Roobet 
2️⃣ Like + Retweet
3️⃣ Comment Roobet Username

4️⃣ Bonus: Use code: fl…",1197171601688543233,2022-03-20 03:59:31+00:00,
31,1505393570894733312,"RT @crypto60sec: Breaking: DBS Bank CEO: Bitcoin on the same level as gold #Bitcoin 

https://t.co/bztr1Z8EZL",1390293813403340801,2022-03-20 03:59:30+00:00,
32,1505393570651406337,"RT @YupVerse: ✔️ YupVerse Airdrop (New Round) is live!

🔵 Airdrop Reward: Up to 10 Million YuP (~$5)

🔵 Referral Reward: 2 Million YuP (~$1…",1457343590850387968,2022-03-20 03:59:30+00:00,
33,1505393568113836032,"RT @airdropinspect: New airdrop: Prizefighter (RING)
Total Reward: $5,000 worth of RING
Rate: ⭐️⭐️⭐️⭐️
Winners: 1,000 Random &amp; Top 100
Dist…",1415919973914931203,2022-03-20 03:59:30+00:00,
34,1505393566347980800,"BTC Bitcoin Though Uptrend.
Make sure to seize your earnings at the right time.
#2H #Chart Convert #CeFi to #DeFi
#Bitcoin #BitcoinCrash #bitcoins
#cryptocurrency #chart #Crypto #CryptoNews #alerts #Binance
#NFTCommunity #btcpredictor #predictions #BTC #BTCUSDT https://t.co/5DCYugMdyE",1412828437794988033,2022-03-20 03:59:29+00:00,
35,1505393564829712387,"n Japan, #XRP is religion. I love it! All works! #eth #ethereum #binance #bitcoin btc #ripple #crypto #cryptocurrency

https://t.co/JWBlMk428i",891512260488822784,2022-03-20 03:59:29+00:00,
36,1505393564221534209,"@MMG_Token This is a very interesting and exciting project . I'm very happy join this project so don't miss it join this project now. 
#MonopolyMillionaireGame #MMG #token #NFT #art #binance￼ #bitcoin￼.",1437374937266671621,2022-03-20 03:59:29+00:00,
37,1505393562288107521,"RT @VeilleCyber3: The World’s #Billionaires, by #Generation 
https://t.co/jYOH21UW1q

#AIEthics #MachineLearning #AI #Python #DeepLearning…",1064120599847608320,2022-03-20 03:59:28+00:00,
38,1505393560966905857,"@cryptoshyt Looking to diversify &amp; grow your IRA portfolio with metals &amp; #Bitcoin? #RegalAssets is uniquely qualified to serve your precious metals &amp; Bitcoin needs. Click here to invest in gold &amp; Bitcoin today ➡️ https://t.co/DhBTy3AjSs
#cryptocurrency #StockMarket #iraportfolio #Bitcoin",42471053,2022-03-20 03:59:28+00:00,
39,1505393560103043072,"RT @AirdropDet: 🔍 New #Airdrop: YupVerse

💲 Reward: Up to 10M YuP (~$5) + 2M YuP (~$1,000) referral pool

🔴 Start the airdrop bot https://t…",1417443117406457863,2022-03-20 03:59:28+00:00,
40,1505393559054168068,"RT @AirdropDet: 🔍 New #Airdrop: YupVerse

💲 Reward: Up to 10M YuP (~$5) + 2M YuP (~$1,000) referral pool

🔴 Start the airdrop bot https://t…",1494972073533657088,2022-03-20 03:59:27+00:00,
41,1505393557812744194,"RT @Senator84347187: @BluesparrowC @bitfinex @BlueSparrowETH What does BlueSparrow CEX  offer to you?
Gold,Oil, Stocks trading ,Commodities…",1475581054752894978,2022-03-20 03:59:27+00:00,
42,1505393556911013889,"RT @DeFi_initiate: #Bitcoin DPC price model - Weekly update (Mar 19, 2022)

- Current projection: $45K ($26-78K)
- Projected cycle trough (…",917885801098366976,2022-03-20 03:59:27+00:00,
43,1505393542742802437,"RT @airdropinspect: New airdrop: Prizefighter (RING)
Total Reward: $5,000 worth of RING
Rate: ⭐️⭐️⭐️⭐️
Winners: 1,000 Random &amp; Top 100
Dist…",1469894248812072960,2022-03-20 03:59:24+00:00,
44,1505393542201372672,"RT @Revolotto: 🏏World's Dangerous Cricketer
Greatest Batsman of All-time in Cricket

🌎Universe Boss - Chris Gayle extending his support and…",1499929389152161792,2022-03-20 03:59:23+00:00,
45,1505393541131821063,"RT @AirdropDet: 🔍 New #Airdrop: YupVerse

💲 Reward: Up to 10M YuP (~$5) + 2M YuP (~$1,000) referral pool

🔴 Start the airdrop bot https://t…",1485262861538856963,2022-03-20 03:59:23+00:00,
