,id,text,author_id,created_at,geo
0,1505468183104430080,"How amazing can it be?  #Bluesparrow Native Token for Centralized Exchange with focus on both the stock &amp; crypto market
@BlueSparrowETH
@BluesparrowC
#BluesparrowCEX
#ETH
#BlueSparrow
#BlueSparrowtoken
#BlueSparrowCommunity
#bitcoin
#BestDrawToken142#NFT https://t.co/pws1PKMBFB",1504327113456893952,2022-03-20 08:55:59+00:00,
1,1505468182068436999,"RT @crytodiamond: No need to be a #crypto analyst to see that it is a perfect entry point into #Shinjiro 

#1000xgem #cryptocurrency #NFTCo…",210568872,2022-03-20 08:55:59+00:00,
2,1505468181506572290,"@Stackswap_BTC Best project ever, I am very happy to be participating in this project. I hope this project will gain more popularity in the future.

@mnsharif184 
@RockY_Habiganj 
@Tahmina_airdrop 
@CashFlash4 #Bitcoin #Stackswap #Stacks #DeFi #Launchpad #AI #Permisionless",354225548,2022-03-20 08:55:59+00:00,
3,1505468173394472964,"RT @ashwsbreal: #Bitcoin hits  $42,000",1437686670610948098,2022-03-20 08:55:57+00:00,
4,1505468172786597890,"RT @GiveawayInspect: New Giveaway: Retoken (USDT)
Total Reward: 2,000 USDT
Rate: ⭐️⭐️⭐️⭐️
Winners: 700 Random &amp; Top 50
Distribution: within…",1485126401632391168,2022-03-20 08:55:57+00:00,
5,1505468170471096323,"Bluesparrow season is coming soon
bluesparrowtoken is the blue #gem💎💎 in your wallet
#ETH
#BlueSparrow
#BlueSparrowtoken
#BlueSparrowCommunity
#BestDrawToken
#Bluesparrowcharity
@BlueSparrowETH
#web3
#Bitcoin
@BluesparrowC r22m",1444965169365504000,2022-03-20 08:55:56+00:00,
6,1505468169124823041,"RT @AirdropStario: 💧 CRAT Airdrop 💧

🏆 Task:         ➕  $50 worth of CRAT for 1000 random participants each

👨‍👩‍👧 Referral:  ➕  $100 worth…",1330117361572208641,2022-03-20 08:55:56+00:00,
7,1505468168692645888,"RT @GiveawayInspect: New Giveaway: Retoken (USDT)
Total Reward: 2,000 USDT
Rate: ⭐️⭐️⭐️⭐️
Winners: 700 Random &amp; Top 50
Distribution: within…",2376999192,2022-03-20 08:55:56+00:00,
8,1505468165777928197,"RT @Revolotto: 🏏World's Dangerous Cricketer
Greatest Batsman of All-time in Cricket

🌎Universe Boss - Chris Gayle extending his support and…",1415897065733844992,2022-03-20 08:55:55+00:00,
9,1505468164859179012,"RT @Barchart: Which #cryptocurrency will generate the largest return over the next 5 years?

#Bitcoin $BTC
#Shiba $SHIB
#Ethereum $ETH
#Sol…",1400469397479718917,2022-03-20 08:55:55+00:00,
10,1505468164598996996,"RT @AirdropStario: 💧 CRAT Airdrop 💧

🏆 Task:         ➕  $50 worth of CRAT for 1000 random participants each

👨‍👩‍👧 Referral:  ➕  $100 worth…",1429735803589074949,2022-03-20 08:55:55+00:00,
11,1505468161860124677,"RT @airdropinspect: New airdrop: NOS Watch
Total Reward: 1,100 Artwork NFT
Rate: ⭐️⭐️⭐️⭐️
Winners: 1,000 Random &amp; Top 100
Distribution: wit…",1460065105388142593,2022-03-20 08:55:54+00:00,
12,1505468160358883328,"RT @GiveawayInspect: New Giveaway: Retoken (USDT)
Total Reward: 2,000 USDT
Rate: ⭐️⭐️⭐️⭐️
Winners: 700 Random &amp; Top 50
Distribution: within…",1502315768868147200,2022-03-20 08:55:54+00:00,
13,1505468159092228097,"RT @lucidsungmin: Pleasure discussing @Stackswap_BTC, our innovative DEX and trading platform built on #Bitcoin with  #Stacks at Stacker Ch…",1488597200112390149,2022-03-20 08:55:54+00:00,
14,1505468157863264260,"RT @AirdropStario: 💧 CRAT Airdrop 💧

🏆 Task:         ➕  $50 worth of CRAT for 1000 random participants each

👨‍👩‍👧 Referral:  ➕  $100 worth…",1451966967053631489,2022-03-20 08:55:53+00:00,
15,1505468155933736965,"Linking parallel worlds with 💥#bluesparrow 🌏🌎🪐
🔥BlueSparrow🔥 for everyone
#ETH
#BlueSparrow
#BlueSparrowtoken
#BlueSparrowCommunity
#BestDrawToken
#Bluesparrowcharity
@BlueSparrowETH
#web3
#Bitcoin
@BluesparrowC 1td2",1444965169365504000,2022-03-20 08:55:53+00:00,
16,1505468155275071495,"RT @ashwsbreal: The year is 2028 and #Bitcoin 
Just hit $700k. 

That makes you happy right ? 

This is gonna happen so hold tight 
and be…",1437686670610948098,2022-03-20 08:55:53+00:00,
17,1505468154440527875,RT @GVictoriaB: I asked my dogs to act out #bitcoin twitter the past few days https://t.co/9qnF2AFKOq,1395196557922869252,2022-03-20 08:55:52+00:00,
18,1505468154197471233,"@flagnetwork_NFT Great..
@tapanku13474859  @mdtaufikansari5  @Rvikumar99 
#FlagNetwork #IDO #cryptocurrency #Bitcoin #NFTs",1363703130420994051,2022-03-20 08:55:52+00:00,
19,1505468152410378242,"""Good trading is built around ""if/then""
statements.
Bad trading is built around ""I think""
statements.
What you think simply does not
matter. The market doesn't care.""
 #bitcoin #trading",1501517369205661696,2022-03-20 08:55:52+00:00,
20,1505468151760257024,RT @ashwsbreal: #Bitcoin yearly returns! https://t.co/R3rx1Zv2fz,1458331229980221446,2022-03-20 08:55:52+00:00,
21,1505468149168480257,"RT @AirdropStario: 💧 SafeWallet Airdrop 💧

🏆 Task:        ➕ 175 SLT (~$3.5) for 1000 random participants

👨‍👩‍👧 Referral: ➕ 30,000 SLT (~$6…",724132459311321088,2022-03-20 08:55:51+00:00,
22,1505468148425891840,"RT @ramiberlin: @XGames @TWallisch @7SpringsPA #xSTIK no1 voted #NFT Project on #XRPL
#NFTs  #NFTGiveaway #NFTCommunity #nftart #NFTartist…",1500847815320350720,2022-03-20 08:55:51+00:00,
23,1505468147079708672,"RT @chitaglorya__: giveaway 200$ | 2,800,000 IDR

-- rt follow @flagnetwork_NFT 

-- rt &amp; quoted their pinned with   #FlagNetwork  #cryptoc…",3034274744,2022-03-20 08:55:51+00:00,
24,1505468146030981121,"RT @AirdropDet: 🔍 New #Airdrop: YupVerse

💲 Reward: Up to 10M YuP (~$5) + 2M YuP (~$1,000) referral pool

🔴 Start the airdrop bot https://t…",1479053548293918722,2022-03-20 08:55:50+00:00,
25,1505468145821224962,"RT @AirdropStario: 💧 MetaMints Airdrop 💧

🏆 Task:         ➕  1 ROBOT NFT for 40 random participants each

👨‍👩‍👧 Referral:   ➕  1 ROBOT NFT…",1415573587688370177,2022-03-20 08:55:50+00:00,
26,1505468145678618626,"RT @AirdropDet: 🔍 New #Airdrop: TeddyDoge

💲 Reward: Up to 2,800 TEDDY + 800K TEDDY referral pool

🔴 Start the airdrop bot https://t.co/bJW…",1473172810826715136,2022-03-20 08:55:50+00:00,
27,1505468145318100999,"RT @airdropinspect: New airdrop: Prizefighter (RING)
Total Reward: $5,000 worth of RING
Rate: ⭐️⭐️⭐️⭐️
Winners: 1,000 Random &amp; Top 100
Dist…",1495732481940946945,2022-03-20 08:55:50+00:00,
28,1505468143556501506,"RT @CryptoHarry_: In relation to $UST and #bitcoin. 

🧵👇",1470367512873164800,2022-03-20 08:55:50+00:00,
29,1505468140955881480,"Bluesparrow  the future of the world😍❤️🎉
 New lifestyle with bluesparrow🚀🔥
#ETH
#BlueSparrow
#BlueSparrowtoken
#BlueSparrowCommunity
#BestDrawToken
#Bluesparrowcharity
@BlueSparrowETH
#web3
#Bitcoin
@BluesparrowC  mb18",1444965169365504000,2022-03-20 08:55:49+00:00,
30,1505468139747872769,"RT @HawkBlaze_: What is #APECOIN ? The #Cryptocurrency Behind #BoredApeYachtClub #NFTs 
$BTC  $ETH
https://t.co/MD4ZsJ53IR
#Bitcoin #Ethere…",1169762372820570113,2022-03-20 08:55:49+00:00,
31,1505468139274129408,"RT @airdropinspect: New airdrop: Prizefighter (RING)
Total Reward: $5,000 worth of RING
Rate: ⭐️⭐️⭐️⭐️
Winners: 1,000 Random &amp; Top 100
Dist…",1475028496506253312,2022-03-20 08:55:49+00:00,
32,1505468133318197248,"RT @AirdropStario: 💧 MedusaZone Airdrop 💧

🏆 Task:          ➕  Up to 30 AMEDU (~$36)

👨‍👩‍👧 Referral:   ➕  10 AMEDU (~$12)

🔛 Airdrop Link…",1467054664453558272,2022-03-20 08:55:47+00:00,
33,1505468133061980160,"RT @AirdropStario: 💧 CRAT Airdrop 💧

🏆 Task:         ➕  $50 worth of CRAT for 1000 random participants each

👨‍👩‍👧 Referral:  ➕  $100 worth…",1484037739452710912,2022-03-20 08:55:47+00:00,
34,1505468126594490368,"RT @binance: 💰 $10,000 giveaway 💰
 
Post your #BitcoinButton result to enter!
 
Rules:
🔸 Retweet this post
🔸 Follow @Binance
🔸 Play #Bitcoi…",1307826781924122624,2022-03-20 08:55:46+00:00,
35,1505468126208700421,XRP is getting ready to take off to the moon! #altcoin #bitcoin #binance #xrp #ripple https://t.co/mJTAFXgAv5,1304148992738177025,2022-03-20 08:55:46+00:00,
36,1505468125923491846,"always be in #bullish with bluesparrow
#ETH
#BlueSparrow
#BlueSparrowtoken
#BlueSparrowCommunity
#BestDrawToken
#Bluesparrowcharity
@BlueSparrowETH
#web3
#Bitcoin
@BluesparrowC 9592",1444965169365504000,2022-03-20 08:55:46+00:00,
37,1505468123906199555,"RT @AirdropDet: 🔍 New #Airdrop: YupVerse

💲 Reward: Up to 10M YuP (~$5) + 2M YuP (~$1,000) referral pool

🔴 Start the airdrop bot https://t…",1420617147991007238,2022-03-20 08:55:45+00:00,
38,1505468120735297541,"RT @airdropinspect: New airdrop: Flamingo Casino
Total Reward: 200 NFTs &amp; $2500 pricing pool
Rate:⭐️⭐️⭐️⭐️
Winners: 220 Random
Distribution…",1483811184201846788,2022-03-20 08:55:44+00:00,
39,1505468119699292160,"RT @airdropinspect: New airdrop: Retoken (USDT)
Total Reward: 2,000 USDT
Rate: ⭐️⭐️⭐️⭐️
Winners: 700 Random &amp; Top 50
Distribution: within a…",1446420847976083457,2022-03-20 08:55:44+00:00,
40,1505468117287567360,"RT @airdropinspect: New airdrop: FoodChain Global (FOOD)
Total Reward: $5,000 worth of FOOD
Rate: ⭐️⭐️⭐️⭐️
Winners: 1000 Random &amp; Top 100
D…",1487696639532089347,2022-03-20 08:55:44+00:00,
41,1505468116402569218,"RT @AirdropDet: 🔍 New #Airdrop: YupVerse

💲 Reward: Up to 10M YuP (~$5) + 2M YuP (~$1,000) referral pool

🔴 Start the airdrop bot https://t…",1475759946197176320,2022-03-20 08:55:43+00:00,
42,1505468115680997380,"➡️ @CONNECTORCOIN ⬅️
Good Project 👌👌👌
#crypto #bitcoin 
#CONNECTORCOIN 
#ctco $bnb $bsc 
$ctco #bnb #cryptocurrency
@Rocket__crypto
@charliesheen 
@Akon 
⬇️⬇️⬇️⬇️⬇️⬇️⬇️

📎TG
https://t.co/wXqcrhY5uK https://t.co/jr5aXFEfDc",1443104995944157190,2022-03-20 08:55:43+00:00,
43,1505468115089506306,"In Japan, #XRP is religion. I love it! All works! #eth #ethereum #binance #bitcoin btc #ripple #crypto #cryptocurrency https://t.co/tMdtdG06vt",1471928170664411142,2022-03-20 08:55:43+00:00,
44,1505468113848094722,"RT @AirdropDet: 🔍 New #Airdrop: Elite Cash

🏆 Total Airdrop Pool: 140,000 ELC [~$49,000]

🔴 Start the airdrop bot https://t.co/geX2YRhj5n…",1473172810826715136,2022-03-20 08:55:43+00:00,
45,1505468111813844992,"RT @AirdropStario: 💧 MedusaZone Airdrop 💧

🏆 Task:          ➕  Up to 30 AMEDU (~$36)

👨‍👩‍👧 Referral:   ➕  10 AMEDU (~$12)

🔛 Airdrop Link…",1503681746784731140,2022-03-20 08:55:42+00:00,
46,1505468111784333320,"RT @AirdropStario: 💧 CRAT Airdrop 💧

🏆 Task:         ➕  $50 worth of CRAT for 1000 random participants each

👨‍👩‍👧 Referral:  ➕  $100 worth…",1501572663059398657,2022-03-20 08:55:42+00:00,
47,1505468111130329089,"RT @CrypChic: If you could hold just 3 for the next 5 years, which coins would you choose? 
#bitcoin 
#ethereum 
#cardano 
$xrp 
$sol 
$dot…",1494063077121134593,2022-03-20 08:55:42+00:00,
48,1505468110957993984,"RT @rovercrc: I think #Bitcoin will break $100,000 by July 2022! 🚀",1505467520743993353,2022-03-20 08:55:42+00:00,
49,1505468110614286336,"I will never ask you, to buy or sell, i’m just asking you, just never lose🔥🤩 ""Suzume""

#ETH
#BlueSparrow
#BlueSparrowtoken
#BlueSparrowCommunity
#BestDrawToken
#Bluesparrowcharity
@BlueSparrowETH
#web3
#Bitcoin
@BluesparrowC sx0xn",1444965169365504000,2022-03-20 08:55:42+00:00,
