,id,text,author_id,created_at,geo
0,1505489322983665666,"We just know #XRP will moon #crypto #binance #cryptocurrency #bitcoin #btc

https://t.co/RabtoMNir0",1314943652989464577,2022-03-20 10:19:59+00:00,
1,1505489322539106308,"@BluesparrowC @bitfinex @BlueSparrowETH #BlueSparrow is a bridge between the stock market and crypto .. You will have both in the Blue Sparrow CEX
@BlueSparrowETH
@BluesparrowC
#BluesparrowCEX
#ETH
#BlueSparrow
#BlueSparrowtoken
#BlueSparrowCommunity
#bitcoin
#BestDrawToken
#Bluesparrowcharity
#Web3
#NFT🥳❄️65",1383720795768201218,2022-03-20 10:19:59+00:00,
2,1505489322434514947,"RT @AirdropStario: 💧 RPGC Airdrop 💧

🏆 Task:         ➕  $8 worth of RPGC for 2000 random participants each.

👨‍👩‍👧 Referral:  ➕  $40 worth…",1484096403408551936,2022-03-20 10:19:59+00:00,
3,1505489320936820741,"n Japan, #XRP is religion. I love it! All works! #eth #ethereum #binance #bitcoin btc #ripple #crypto #cryptocurrency

https://t.co/NnmbHDIW6e",1404865640528334849,2022-03-20 10:19:59+00:00,
4,1505489320609673216,"RT @binance: 💰 $10,000 giveaway 💰
 
Post your #BitcoinButton result to enter!
 
Rules:
🔸 Retweet this post
🔸 Follow @Binance
🔸 Play #Bitcoi…",1478759432242622466,2022-03-20 10:19:59+00:00,
5,1505489320307990530,"@DorpaqToken Success Always For the Development Team. This Project Is Good And I Am Looking Forward To The Growth And Success Of This Project I love YOU❤💚💙
 
@abusalam123455 
@MAHMUDU34456642
@Santo48586711 

#Airdrop #Airdrops #Airdropinspector #Fairdesk #FDT #Crypto #Bitcoin",1476216293028085762,2022-03-20 10:19:59+00:00,
6,1505489319414439937,"Giving away my NFTs 
1 winner 🏆  -  60 minutes ⌛

To win:                      
1. Follow Me✅
2. Like and Retweet  ✅
3. Drop your wallet address

 #NFTcollection #giveaway #NFTGiveaways #opensea #Giveaways #NFTCommunity #Airdrop #ad #Bitcoin #Binance https://t.co/ZAN1vJ7NjS",1239939772090593280,2022-03-20 10:19:59+00:00,
7,1505489317312880640,The strongest bullish signal flashed for #XRP #bitcoin #btc #ethereum #eth https://t.co/oPPyPAiyfJ,1263409216817115136,2022-03-20 10:19:58+00:00,
8,1505489316688146435,RT @Ha06554652: @Navid18714913 @SpyWolfNetwork The smell of scammers can be smelled from miles away. You have the opportunity. Leave this m…,1478271393687080963,2022-03-20 10:19:58+00:00,
9,1505489315274629130,"RT @AirdropStario: 💧 CRAT Airdrop 💧

🏆 Task:         ➕  $50 worth of CRAT for 1000 random participants each

👨‍👩‍👧 Referral:  ➕  $100 worth…",1460279712752836614,2022-03-20 10:19:58+00:00,
10,1505489312862728192,"XRP is getting ready to take off to the moon! #altcoin #bitcoin #binance #xrp #ripple

https://t.co/opQgFCub1Z",1476611507366633476,2022-03-20 10:19:57+00:00,
11,1505489311671922690,"RT @Revolotto: 🏏World's Dangerous Cricketer
Greatest Batsman of All-time in Cricket

🌎Universe Boss - Chris Gayle extending his support and…",1429802154512900096,2022-03-20 10:19:57+00:00,
12,1505489310828548097,"RT @AirdropDet: 🔍 New #Airdrop: YupVerse

💲 Reward: Up to 10M YuP (~$5) + 2M YuP (~$1,000) referral pool

🔴 Start the airdrop bot https://t…",1503992737300852737,2022-03-20 10:19:56+00:00,
13,1505489310279155718,"RT @ashwsbreal: Like for #Bitcoin 

Retweet for #Ethereum 

Both for #LUNA",1390163250378051586,2022-03-20 10:19:56+00:00,
14,1505489309721411586,RT @Ha06554652: @Navid18714913 @SpyWolfNetwork Security is the most valuable asset that is not easily obtained. Our eyes are always open. S…,1478271393687080963,2022-03-20 10:19:56+00:00,
15,1505489309301977093,RT @BitcoinMagazine: The revolution can not be stopped. #Bitcoin https://t.co/J51qviTWId,1424795213772599301,2022-03-20 10:19:56+00:00,
16,1505489309105033216,"RT @Meta_Gaming99: Meta Gaming  🎁
 Airdrop for everyone

Steps:
1️⃣Follow us Twitter @Meta_Gaming99 RT&amp;Tag 3 friends
2️⃣Join us TG group: h…",1480040479840366592,2022-03-20 10:19:56+00:00,
17,1505489308643434497,We just know #XRP will moon #crypto #binance #cryptocurrency #bitcoin #btc https://t.co/oPTTx32Vdh,916008553453965314,2022-03-20 10:19:56+00:00,
18,1505489307490217986,"RT @Revolotto: 🏏World's Dangerous Cricketer
Greatest Batsman of All-time in Cricket

🌎Universe Boss - Chris Gayle extending his support and…",997527093318578176,2022-03-20 10:19:56+00:00,
19,1505489305329975296,"RT @airdropinspect: New airdrop: MARS4 (USDT)
Total Reward: $5,000 USDT
Rate: ⭐️⭐️⭐️⭐️⭐️
Winners: 100 Random
Distribution: 23rd March

Aird…",1403774269193175041,2022-03-20 10:19:55+00:00,
20,1505489301500579848,"@BluesparrowC @bitfinex @BlueSparrowETH #BlueSparrow is a bridge between the stock market and crypto .. You will have both in the Blue Sparrow CEX
@BlueSparrowETH
@BluesparrowC
#BluesparrowCEX
#ETH
#BlueSparrow
#BlueSparrowtoken
#BlueSparrowCommunity
#bitcoin
#BestDrawToken
#Bluesparrowcharity
#Web3
#NFT🥳❄️64",1383720795768201218,2022-03-20 10:19:54+00:00,
21,1505489301072666627,"RT @Ha06554652: @Navid18714913 @SpyWolfNetwork The fascinating world of crypto has made us no longer afraid of wolves. But seeing them, we…",1478271393687080963,2022-03-20 10:19:54+00:00,
22,1505489300246638592,"RT @chitaglorya__: giveaway 200$ | 2,800,000 IDR

-- rt follow @flagnetwork_NFT 

-- rt &amp; quoted their pinned with   #FlagNetwork  #cryptoc…",1415188863929131008,2022-03-20 10:19:54+00:00,
23,1505489300087001092,"RT @AirdropAchiever: New Whitelist: STMAN × FamCentral
Allocation: ≤ 30 BUSD (TBA)
Winners: All Participants
End Date: 22nd March, 2022

🔗…",1201467163493707776,2022-03-20 10:19:54+00:00,
24,1505489299411668995,"XRP is getting ready to take off to the moon! #altcoin #bitcoin #binance #xrp #ripple

https://t.co/pH5jXpfdE2",1474437085935378436,2022-03-20 10:19:54+00:00,
25,1505489299340361733,"RT @AirdropStario: 💧 MetaMints Airdrop 💧

🏆 Task:         ➕  1 ROBOT NFT for 40 random participants each

👨‍👩‍👧 Referral:   ➕  1 ROBOT NFT…",1465533066210729989,2022-03-20 10:19:54+00:00,
26,1505489298715398145,"We just know #XRP will moon #crypto #binance #cryptocurrency #bitcoin #btc

https://t.co/1Y7BaUfjXE",452758171,2022-03-20 10:19:54+00:00,
27,1505489296723103748,"RT @airdropinspect: New airdrop: Flamingo Casino
Total Reward: 200 NFTs &amp; $2500 pricing pool
Rate:⭐️⭐️⭐️⭐️
Winners: 220 Random
Distribution…",1462504509930803204,2022-03-20 10:19:53+00:00,
28,1505489295238328321,"We just know #XRP will moon #crypto #binance #cryptocurrency #bitcoin #btc

https://t.co/8PN9Wn3sZy",2287423152,2022-03-20 10:19:53+00:00,
29,1505489295213318147,"RT @Ha06554652: @Navid18714913 @SpyWolfNetwork The fascinating world of crypto has made us no longer afraid of wolves. But seeing them, we…",1478271393687080963,2022-03-20 10:19:53+00:00,
30,1505489293724499975,"RT @Revolotto: 🏏World's Dangerous Cricketer
Greatest Batsman of All-time in Cricket

🌎Universe Boss - Chris Gayle extending his support and…",1478756915056312322,2022-03-20 10:19:52+00:00,
31,1505489292201709569,RT @CryptoNostra: This guy owns more #Bitcoin than you. https://t.co/gcmCDkPpVh,1501315374041681925,2022-03-20 10:19:52+00:00,
32,1505489291706871810,"RT @Coinsquare: 🍀 GIVEAWAY ALERT🍀
Happy #StPatricksDay!! To celebrate, we'll be choosing one lucky winner to win $1000 in #Bitcoin. Feeling…",1398227318284460034,2022-03-20 10:19:52+00:00,
33,1505489291119849472,"RT @Revolotto: 🏏World's Dangerous Cricketer
Greatest Batsman of All-time in Cricket

🌎Universe Boss - Chris Gayle extending his support and…",1322479626929676289,2022-03-20 10:19:52+00:00,
34,1505489288632414209,"RT @binance: 💰 $10,000 giveaway 💰
 
Post your #BitcoinButton result to enter!
 
Rules:
🔸 Retweet this post
🔸 Follow @Binance
🔸 Play #Bitcoi…",3173369321,2022-03-20 10:19:51+00:00,
35,1505489288233840641,"RT @AirdropStario: 💧 RPGC Airdrop 💧

🏆 Task:         ➕  $8 worth of RPGC for 2000 random participants each.

👨‍👩‍👧 Referral:  ➕  $40 worth…",1465533066210729989,2022-03-20 10:19:51+00:00,
36,1505489287969742848,RT @Ha06554652: @Navid18714913 @SpyWolfNetwork The smell of scammers can be smelled from miles away. You have the opportunity. Leave this m…,1478271393687080963,2022-03-20 10:19:51+00:00,
37,1505489286518521856,"RT @Revolotto: 🏏World's Dangerous Cricketer
Greatest Batsman of All-time in Cricket

🌎Universe Boss - Chris Gayle extending his support and…",1282373494085476352,2022-03-20 10:19:51+00:00,
38,1505489286346555396,"A project to look forward to!!!
@Tola_20 @adetohlar
#C98 #bitcoin #binance https://t.co/lMjSbAkXOi",1476545301737529345,2022-03-20 10:19:51+00:00,
39,1505489285616570370,"RT @derus1997: $BTTC @BitTorrent staking now is available on @binance for 100.99% APY!

Register #Binance here 👇🏻

🇮🇩 https://t.co/UarFhPKi…",1479278577413591041,2022-03-20 10:19:50+00:00,
40,1505489284622852097,"@airdropinspect @p2ePrizeFighter Is Amazing project, I hope this project will be the best in the future, sucsessfull for the team 🥳
To The Moon🚀🌖
@AnikKum77196823
@Mohamma65602355
@sAPRfDoKRbNS89q
@Anindya63673809
@TinaKhairunisa

#Airdrop #Airdrops #Airdropinspector #FTM #Prizefighter #RING #Crypto #Bitcoin",1409061818694180865,2022-03-20 10:19:50+00:00,
41,1505489283767222272,"RT @airdropinspect: New airdrop: Flamingo Casino
Total Reward: 200 NFTs &amp; $2500 pricing pool
Rate:⭐️⭐️⭐️⭐️
Winners: 220 Random
Distribution…",1408490788930002944,2022-03-20 10:19:50+00:00,
42,1505489283536539653,"RT @Ha06554652: @Navid18714913 @SpyWolfNetwork Scammers.....
You can hear the sound of our wolves breathing behind you. There is little tim…",1478271393687080963,2022-03-20 10:19:50+00:00,
43,1505489283150491648,Today is a good day 😎 #bitcoin #trading #crypto #BTC #ETH https://t.co/2C9aAlSqMt,1504776457578598401,2022-03-20 10:19:50+00:00,
44,1505489276955467776,"@BluesparrowC @bitfinex @BlueSparrowETH #BlueSparrow is a bridge between the stock market and crypto .. You will have both in the Blue Sparrow CEX
@BlueSparrowETH
@BluesparrowC
#BluesparrowCEX
#ETH
#BlueSparrow
#BlueSparrowtoken
#BlueSparrowCommunity
#bitcoin
#BestDrawToken
#Bluesparrowcharity
#Web3
#NFT🥳❄️63",1383720795768201218,2022-03-20 10:19:48+00:00,
45,1505489276234248194,"RT @AirdropStario: 💧 Raiinmaker Airdrop 💧

🏆 Task:          ➕ 1,5 COIIN for 500 random participants each.

👨‍👩‍👧 Referral:   ➕ 5 COIIN for…",1484096403408551936,2022-03-20 10:19:48+00:00,
46,1505489276179521539,RT @Ha06554652: @Navid18714913 @SpyWolfNetwork The smell of scammers can be smelled from miles away. You have the opportunity. Leave this m…,1478271393687080963,2022-03-20 10:19:48+00:00,
47,1505489274333851651,"#bitcoin Block #728189 : 1469300 bytes, 1432 transactions, 6.28133944BTC($261,935) reward
            
For more information, visit https://t.co/0pmY2r6OKs",1456568726,2022-03-20 10:19:48+00:00,
48,1505489269816987648,"RT @airdropinspect: New airdrop: FoodChain Global (FOOD)
Total Reward: $5,000 worth of FOOD
Rate: ⭐️⭐️⭐️⭐️
Winners: 1000 Random &amp; Top 100
D…",1466771762486517764,2022-03-20 10:19:47+00:00,
