,id,text,author_id,created_at,geo
0,1505646603998269444,"RT @CryptosForex: #Cryptotrading update for #Bitcoin. #DecentralizedTrading
Bitcoin has broken its medium-term downtrend. 
Its price is mov…",4384316595,2022-03-20 20:44:58+00:00,
1,1505646603666964488,RT @WatcherGuru: JUST IN: 🇦🇺 Australian government will regulate #Bitcoin &amp; #cryptocurrencies as part of a broader revamp of the country’s…,1201806043841466368,2022-03-20 20:44:58+00:00,
2,1505646602777735171,RT @missbitcoin_mai: Perfectly smooth #LightningNetwork  transaction at Starbucks! Better than usual caramel macchiato😏❤️#Bitcoin #ElSalvad…,126081830,2022-03-20 20:44:58+00:00,
3,1505646602450575370,"@FTX_Official @MercedesAMGF1 Our target is 1 billion market value by the end of the year. %100 Safe Community Token %59 Burn Listed exchanges ; Bitget, Hotbit, MEXC, Latoken, Cointiger, ZT, Indoex Swap ; Pitswap, Pancakeswap, 1nchNetworkSwap 475+K Holders @BscPitbull #Bitcoin #btc https://t.co/PNpmAoTvyA https://t.co/zqeRflUZjR",1479895913858490372,2022-03-20 20:44:58+00:00,
4,1505646600382787584,"@rovercrc I know what have to do.
I have to buy #bluesparrow. 
And tomorrow the sun will be mine
@BlueSparrowETH
@BluesparrowC
#BluesparrowCEX
#ETH
#BlueSparrowtoken
#BlueSparrowCommunity
#bitcoin    
#BestDrawToken
#Bluesparrowcharity
#Web3
#NFT
162",1431707129707212803,2022-03-20 20:44:57+00:00,
5,1505646599082455040,"RT @LOAN_DeFi: 🔥The #LOAN token is the key to unlocking the full potential of World Loan Finance. 
A few people thought that #bitcoin (BTC)…",1455029742344683520,2022-03-20 20:44:57+00:00,
6,1505646596574248961,RT @Eljaboom: If you don’t understand #bitcoin then unfollow me,1407211601946583045,2022-03-20 20:44:56+00:00,
7,1505646595408527362,"RT @airdropinspect: New airdrop: Flamingo Casino
Total Reward: 200 NFTs &amp; $2500 pricing pool
Rate:⭐️⭐️⭐️⭐️
Winners: 220 Random
Distribution…",1498571550198759426,2022-03-20 20:44:56+00:00,
8,1505646594963632128,The strongest bullish signal flashed for #XRP #bitcoin #btc #ethereum #eth https://t.co/sIQ6fgtHCz,1456939587461427205,2022-03-20 20:44:56+00:00,
9,1505646593906728969,"@BscGemSniper #BlueSparrow is a bridge between the stock market and crypto .. You will have both in the Blue Sparrow CEX
@BlueSparrowETH
#BluesparrowCEX
#BlueSparrow
#BlueSparrowtoken
#BlueSparrowCommunity
#bitcoin
#BestDrawToken
#Bluesparrowcharity
#Web3
#NFT 
https://t.co/y3F6pnZsZg
🤩27",1484217295178280961,2022-03-20 20:44:56+00:00,
10,1505646593130651650,"RT @AirdropDet: 🔍 New #Airdrop: YupVerse

💲 Reward: Up to 10M YuP (~$5) + 2M YuP (~$1,000) referral pool

🔴 Start the airdrop bot https://t…",1459880632591388673,2022-03-20 20:44:56+00:00,
11,1505646589603315715,The strongest bullish signal flashed for #XRP #bitcoin #btc #ethereum #eth https://t.co/0JmV3YoHlg,1487609572852486146,2022-03-20 20:44:55+00:00,
12,1505646589070741506,"RT @cz_binance: If you don't understand #bitcoin, you don't understand money.",1451119310638878727,2022-03-20 20:44:55+00:00,
13,1505646585476272134,"n Japan, #XRP is religion. I love it! All works! #eth #ethereum #binance #bitcoin btc #ripple #crypto #cryptocurrency

https://t.co/NzH7FTzEUF",1432116637851955200,2022-03-20 20:44:54+00:00,
14,1505646584880578562,We just know #XRP will moon #crypto #binance #cryptocurrency #bitcoin #btc https://t.co/YoVg9TnxSY,1489861787013066753,2022-03-20 20:44:54+00:00,
15,1505646584184250370,The strongest bullish signal flashed for #XRP #bitcoin #btc #ethereum #eth https://t.co/i2Ib4nUvo5,1436478246468587522,2022-03-20 20:44:53+00:00,
16,1505646583030992900,RT @missbitcoin_mai: Perfectly smooth #LightningNetwork  transaction at Starbucks! Better than usual caramel macchiato😏❤️#Bitcoin #ElSalvad…,1213590336682876928,2022-03-20 20:44:53+00:00,
17,1505646582422720520,The strongest bullish signal flashed for #XRP #bitcoin #btc #ethereum #eth https://t.co/VC8xLbnp6v,1452287203678228489,2022-03-20 20:44:53+00:00,
18,1505646582385025032,RT @w_s_bitcoin: #Bitcoin's absolute scarcity is such a profound discovery. https://t.co/xGdlyQZGkD,1500169197883740163,2022-03-20 20:44:53+00:00,
19,1505646582376587265,Get IN now don't be LATE #xrp #binance #cryptocurrency #bitcoin https://t.co/RzqMKycUYe,1483445511508185088,2022-03-20 20:44:53+00:00,
20,1505646581177008134,Get IN now don't be LATE #xrp #binance #cryptocurrency #bitcoin https://t.co/YOCSRDObwR,1466487745392611330,2022-03-20 20:44:53+00:00,
21,1505646581122736129,"RT @binance: 💰 $10,000 giveaway 💰
 
Post your #BitcoinButton result to enter!
 
Rules:
🔸 Retweet this post
🔸 Follow @Binance
🔸 Play #Bitcoi…",1385708310142152705,2022-03-20 20:44:53+00:00,
22,1505646579931176963,XRP is getting ready to take off to the moon! #altcoin #bitcoin #binance #xrp #ripple https://t.co/1NBmyjKTrq,1456339326288138247,2022-03-20 20:44:52+00:00,
23,1505646578828451841,"RT @airdropinspect: New airdrop: Flamingo Casino
Total Reward: 200 NFTs &amp; $2500 pricing pool
Rate:⭐️⭐️⭐️⭐️
Winners: 220 Random
Distribution…",807749837697482752,2022-03-20 20:44:52+00:00,
24,1505646577901318145,"We just know #XRP will moon #crypto #binance #cryptocurrency #bitcoin #btc

https://t.co/RmFxwbm1xS",1348533691845279746,2022-03-20 20:44:52+00:00,
25,1505646577100144644,"@FTX_Official @MercedesAMGF1 Our target is 1 billion market value by the end of the year. %100 Safe Community Token %59 Burn Listed exchanges ; Bitget, Hotbit, MEXC, Latoken, Cointiger, ZT, Indoex Swap ; Pitswap, Pancakeswap, 1nchNetworkSwap 475+K Holders @BscPitbull #Bitcoin #btc https://t.co/PNpmAoTvyA https://t.co/jwSfPXDFoi",1479895913858490372,2022-03-20 20:44:52+00:00,
26,1505646577049759745,RT @MatthewHyland_: BREAKING: #Bitcoin has been in a monthly uptrend of higher highs and higher lows for over two years now 🚨,1466154380625911813,2022-03-20 20:44:52+00:00,
27,1505646577033089029,"RT @BITGERT_CHAIN: $98,817.31 (75,617,934,686 $Brise) 
#buy Now Or Cry Later🔥
.
➡ $BRISE To The Moon 🚀

#Bitgert #Brise #Bitgertcommunity #…",1381123873010253826,2022-03-20 20:44:52+00:00,
28,1505646576647159818,Get IN now don't be LATE #xrp #binance #cryptocurrency #bitcoin https://t.co/wosFOoI1LC,1445070873682223124,2022-03-20 20:44:52+00:00,
29,1505646575665786886,"@BscGemSniper #BlueSparrow is a bridge between the stock market and crypto .. You will have both in the Blue Sparrow CEX
@BlueSparrowETH
#BluesparrowCEX
#BlueSparrow
#BlueSparrowtoken
#BlueSparrowCommunity
#bitcoin
#BestDrawToken
#Bluesparrowcharity
#Web3
#NFT 
https://t.co/y3F6pnZsZg
🤩25",1484217295178280961,2022-03-20 20:44:51+00:00,
30,1505646575044857857,The strongest bullish signal flashed for #XRP #bitcoin #btc #ethereum #eth https://t.co/QTThocOYHU,1431635162874490880,2022-03-20 20:44:51+00:00,
31,1505646574801764355,"@ProBit_Exchange road the moon, @gate_io soon ! #PitbullToken100 @BscPitbull $PIT #Bitcoin #btc
""""",1485914395335176192,2022-03-20 20:44:51+00:00,
32,1505646574575112192,"#HappySpring! Who wants a free Dumpling NFT? 🤗

1) Like + RT this post.
2) Follow our account. 

Do those 3 things! Don't forget to drop Metamask address so we can send you the NFT. A winner this week!

#bitcoin #FortniteSeason2 #NFTCommunity #NFTGiveaways #nftsale #NFTs https://t.co/2O44JfVeJj",923402174964449281,2022-03-20 20:44:51+00:00,
33,1505646574403133442,@CaptainMrMars Buy #Bitcoin more,784604774,2022-03-20 20:44:51+00:00,
34,1505646574126473217,RT @SimonDixonTwitt: One word. What does #Bitcoin mean to you? First thing that comes into your mind. Mine is “Freedom”,1079385866970296320,2022-03-20 20:44:51+00:00,
35,1505646573652520963,RT @Blockworks_: PayPal Co-Founder: The biggest mistake I made in the last decade was getting too late and too little into #Bitcoin,1462133769091960834,2022-03-20 20:44:51+00:00,
36,1505646572733829120,The strongest bullish signal flashed for #XRP #bitcoin #btc #ethereum #eth https://t.co/MtoOogIg6Q,1482023780319133697,2022-03-20 20:44:51+00:00,
37,1505646570724904965,"RT @HawkBlaze_: #bitcoin Marked 10-Day High, #shibainu Soars 8% (Market Watch)
$BTC  $ETH
https://t.co/Y79eV66xuc
#bitcoin #ETHEREUM #crypt…",601205050,2022-03-20 20:44:50+00:00,
38,1505646570481623042,"BITCOIN WENT UP!

USD $41,501.13 (+0,36%)
Yesterday: -0,67%
Last 30 days: +2,38%

#bitcoin",1136421278624243712,2022-03-20 20:44:50+00:00,
39,1505646569684705282,"RT @CryptoWhale: #Bitcoin maximalists will spend 365 days out of the year calling $XRP a centralized scam. 

While simultaneously shilling…",1463124736796348418,2022-03-20 20:44:50+00:00,
40,1505646569068003328,We just know #XRP will moon #crypto #binance #cryptocurrency #bitcoin #btc https://t.co/VxkIkE0hJK,1480527988286529543,2022-03-20 20:44:50+00:00,
41,1505646568317222914,"In Japan, #XRP is religion. I love it! All works! #eth #ethereum #binance #bitcoin btc #ripple #crypto #cryptocurrency https://t.co/kwgEw1PHvF",1470774340300025868,2022-03-20 20:44:50+00:00,
42,1505646567826546690,"@rovercrc I know what have to do.
I have to buy #bluesparrow. 
And tomorrow the sun will be mine
@BlueSparrowETH
@BluesparrowC
#BluesparrowCEX
#ETH
#BlueSparrowtoken
#BlueSparrowCommunity
#bitcoin    
#BestDrawToken
#Bluesparrowcharity
#Web3
#NFT
160",1431707129707212803,2022-03-20 20:44:49+00:00,
43,1505646567356874759,Get IN now don't be LATE #xrp #binance #cryptocurrency #bitcoin https://t.co/CqbuqIS8QF,1456510275482529792,2022-03-20 20:44:49+00:00,
44,1505646566580781056,XRP is getting ready to take off to the moon! #altcoin #bitcoin #binance #xrp #ripple https://t.co/7dAD2x4JH3,1490800645426888716,2022-03-20 20:44:49+00:00,
45,1505646564332740617,"RT @CryptoWhale: #Bitcoin maximalists will spend 365 days out of the year calling $XRP a centralized scam. 

While simultaneously shilling…",187698092,2022-03-20 20:44:49+00:00,
46,1505646562701107207,RT @EllensohnStefan: Check out Serenity by MK-Arts at https://t.co/wI2eIg81Sr NFT! https://t.co/q5iENYMpoA via @cryptocom #cro #cryptocomnf…,1487473433801854984,2022-03-20 20:44:48+00:00,
47,1505646561950199809,We just know #XRP will moon #crypto #binance #cryptocurrency #bitcoin #btc https://t.co/TD6WykWlFk,1437311824660086788,2022-03-20 20:44:48+00:00,
48,1505646560784359436,"In Japan, #XRP is religion. I love it! All works! #eth #ethereum #binance #bitcoin btc #ripple #crypto #cryptocurrency https://t.co/yCTWVwjsr8",1452504940564279297,2022-03-20 20:44:48+00:00,
49,1505646560452956173,"@BscGemSniper #BlueSparrow is a bridge between the stock market and crypto .. You will have both in the Blue Sparrow CEX
@BlueSparrowETH
#BluesparrowCEX
#BlueSparrow
#BlueSparrowtoken
#BlueSparrowCommunity
#bitcoin
#BestDrawToken
#Bluesparrowcharity
#Web3
#NFT 
https://t.co/y3F6pnZsZg
🤩26",1484217295178280961,2022-03-20 20:44:48+00:00,
