,id,text,author_id,created_at,geo
0,1505440751643201538,"RT @AirdropDet: 🔍 New #Airdrop: Elite Cash

🏆 Total Airdrop Pool: 140,000 ELC [~$49,000]

🔴 Start the airdrop bot https://t.co/geX2YRhj5n…",4221421942,2022-03-20 07:06:59+00:00,
1,1505440746987716618,"RT @AirdropDet: 🔍 New #Airdrop: YupVerse

💲 Reward: Up to 10M YuP (~$5) + 2M YuP (~$1,000) referral pool

🔴 Start the airdrop bot https://t…",1363911385369899008,2022-03-20 07:06:58+00:00,
2,1505440744827342850,"RT @AirdropStario: 💧 Hero Arena Airdrop 💧

📍 Listed on: CoinMarketCap, PancakeSwap

🏆 Task: ➕  100 HERA (~$4) for 3000 random participants…",1438415769994338306,2022-03-20 07:06:57+00:00,
3,1505440742462095360,"RT @AirdropDet: 🔍 New #Airdrop: YupVerse

💲 Reward: Up to 10M YuP (~$5) + 2M YuP (~$1,000) referral pool

🔴 Start the airdrop bot https://t…",1270204409469743104,2022-03-20 07:06:57+00:00,
4,1505440741723713538,"Bored Ape’s New ApeCoin Puts NFTs’ Power Problem on Display 

#CRYPTOCURRENCY  #DigitalCurrency #Currency #Finance #Bitcoin #Blockchain #Technology #Investing #DistributedLedgerTechnology #Business

https://t.co/PPr5xL2SEs",1459811249793867776,2022-03-20 07:06:57+00:00,
5,1505440740859539460,"RT @AirdropStario: 💧 SafeWallet Airdrop 💧

🏆 Task:        ➕ 175 SLT (~$3.5) for 1000 random participants

👨‍👩‍👧 Referral: ➕ 30,000 SLT (~$6…",1427847912571084800,2022-03-20 07:06:57+00:00,
6,1505440740494692354,"El Salvador’s Bitcoin Gamble Has Become a Complete Mess 

#CRYPTOCURRENCY  #DigitalCurrency #Currency #Finance #Bitcoin #Blockchain #Technology #Investing #DistributedLedgerTechnology #Business

https://t.co/kgr83cR14U",1459811249793867776,2022-03-20 07:06:56+00:00,
7,1505440738527567876,"Tom Brady makes Bitcoin offer for fan who spent over $500,000 on 'last' TD football 

#CRYPTOCURRENCY  #DigitalCurrency #Currency #Finance #Bitcoin #Blockchain #Technology #Investing #DistributedLedgerTechnology #Business

https://t.co/VY7zKf74FO",1459811249793867776,2022-03-20 07:06:56+00:00,
8,1505440738057674754,"RT @compass_mining: Racks on racks 💥

#Bitcoin https://t.co/Mk6QD8WhOm",1486348391646994434,2022-03-20 07:06:56+00:00,
9,1505440737886089216,"RT @AirdropDet: 🔍 New #Airdrop: YupVerse

💲 Reward: Up to 10M YuP (~$5) + 2M YuP (~$1,000) referral pool

🔴 Start the airdrop bot https://t…",1429374170928844802,2022-03-20 07:06:56+00:00,
10,1505440737647009793,"RT @i_am_jackis: Thread 🧵about the historical #Bitcoin Monthly performances since 2014

Surprisingly found out that the number of Green &amp; R…",1382753170300882945,2022-03-20 07:06:56+00:00,
11,1505440736518549504,"NFTs In A Nutshell: A Weekly Review 

#CRYPTOCURRENCY  #DigitalCurrency #Currency #Finance #Bitcoin #Blockchain #Technology #Investing #DistributedLedgerTechnology #Business

https://t.co/ek6uJnvb3F",1459811249793867776,2022-03-20 07:06:55+00:00,
12,1505440735986065412,"RT @AirdropStario: 💧 SafeWallet Airdrop 💧

🏆 Task:        ➕ 175 SLT (~$3.5) for 1000 random participants

👨‍👩‍👧 Referral: ➕ 30,000 SLT (~$6…",1378551089427980290,2022-03-20 07:06:55+00:00,
13,1505440735373537285,"Want to start bitcoin mining? Here is how you get hardware 

#CRYPTOCURRENCY  #DigitalCurrency #Currency #Finance #Bitcoin #Blockchain #Technology #Investing #DistributedLedgerTechnology #Business

https://t.co/sRetkVHpxO",1459811249793867776,2022-03-20 07:06:55+00:00,
14,1505440734224203776,"NYC tourist shot over six-figure watch is crypto expert and ‘lifestyle guru’ 

#CRYPTOCURRENCY  #DigitalCurrency #Currency #Finance #Bitcoin #Blockchain #Technology #Investing #DistributedLedgerTechnology #Business

https://t.co/0pfgcQQhYp",1459811249793867776,2022-03-20 07:06:55+00:00,
15,1505440733255593984,"RT @AirdropDet: 🔍 New #Airdrop: TeddyDoge

💲 Reward: Up to 2,800 TEDDY + 800K TEDDY referral pool

🔴 Start the airdrop bot https://t.co/bJW…",1427197256776634369,2022-03-20 07:06:55+00:00,
16,1505440732806631426,"Documenting the NFT voyage: A journey into the future 

#CRYPTOCURRENCY  #DigitalCurrency #Currency #Finance #Bitcoin #Blockchain #Technology #Investing #DistributedLedgerTechnology #Business

https://t.co/hYnfh5I0th",1459811249793867776,2022-03-20 07:06:55+00:00,
17,1505440731661545477,"Here’s the 10 leading analysts’ average Bitcoin price prediction for December 2022 

#CRYPTOCURRENCY  #DigitalCurrency #Currency #Finance #Bitcoin #Blockchain #Technology #Investing #DistributedLedgerTechnology #Business

https://t.co/ClDhGT36HQ",1459811249793867776,2022-03-20 07:06:54+00:00,
18,1505440730600427525,"Ethereum price analysis: ETH continued higher, ready to break $3,000? 

#CRYPTOCURRENCY  #DigitalCurrency #Currency #Finance #Bitcoin #Blockchain #Technology #Investing #DistributedLedgerTechnology #Business

https://t.co/sYWQ91WoBk",1459811249793867776,2022-03-20 07:06:54+00:00,
19,1505440729400754176,"The Bored Apes Get Richer—And More Cringey - Decrypt 

#CRYPTOCURRENCY  #DigitalCurrency #Currency #Finance #Bitcoin #Blockchain #Technology #Investing #DistributedLedgerTechnology #Business

https://t.co/y2VHW6hljd",1459811249793867776,2022-03-20 07:06:54+00:00,
20,1505440729312956418,"RT @AirdropStario: 💧 SafeWallet Airdrop 💧

🏆 Task:        ➕ 175 SLT (~$3.5) for 1000 random participants

👨‍👩‍👧 Referral: ➕ 30,000 SLT (~$6…",1438501291139866631,2022-03-20 07:06:54+00:00,
21,1505440728280883202,"The metaverse will change the paradigm of content creation 

#CRYPTOCURRENCY  #DigitalCurrency #Currency #Finance #Bitcoin #Blockchain #Technology #Investing #DistributedLedgerTechnology #Business

https://t.co/YYmAmyUj8V",1459811249793867776,2022-03-20 07:06:54+00:00,
22,1505440727366438914,"RT @AirdropDet: 🔍 New #Airdrop: YupVerse

💲 Reward: Up to 10M YuP (~$5) + 2M YuP (~$1,000) referral pool

🔴 Start the airdrop bot https://t…",3284394235,2022-03-20 07:06:53+00:00,
23,1505440727181975554,"Peter Thiel Says His ‘Biggest Mistake of the Decade Was Getting Too Late and Too Little Into Bitcoin’ – Featured Bitcoin News 

#CRYPTOCURRENCY  #DigitalCurrency #Currency #Finance #Bitcoin #Blockchain #Technology #Investing #DistributedLedgerTechnology … https://t.co/B5boufnzlU",1459811249793867776,2022-03-20 07:06:53+00:00,
24,1505440726569660416,"RT @defprtoken: Presenting Defpr - INDIA’s FIRST CRYPTO TOKEN based on CYBER SECURITY.

#DeFi #infosec #fintech #cybersecurity #cryptotradi…",1127829883013361665,2022-03-20 07:06:53+00:00,
25,1505440726263681026,"RT @AirdropStario: 💧 Hero Arena Airdrop 💧

📍 Listed on: CoinMarketCap, PancakeSwap

🏆 Task: ➕  100 HERA (~$4) for 3000 random participants…",1385465286782984194,2022-03-20 07:06:53+00:00,
26,1505440726154465286,"Solana price analysis: SOL prices escalate towards $90.73 as bulls continue ruling 

#CRYPTOCURRENCY  #DigitalCurrency #Currency #Finance #Bitcoin #Blockchain #Technology #Investing #DistributedLedgerTechnology #Business

https://t.co/7W3B053kST",1459811249793867776,2022-03-20 07:06:53+00:00,
27,1505440725801963520,"RT @airdropinspect: New airdrop: Ubiquity DAO (USDT)
Total Reward: 2,500 USDT
Rate: ⭐️⭐️⭐️⭐️
Winners: 1,000 Random &amp; Top 100
Distribution:…",1444727336465670147,2022-03-20 07:06:53+00:00,
28,1505440725718212611,RT @BitcoinMagazine: #Bitcoin is truth https://t.co/aSZ9ZtsCJ9,1233427197400055809,2022-03-20 07:06:53+00:00,
29,1505440724980019200,"I paid $103 for a cartoon pig NFT on the largest online marketplace for digital tokens. Now I don't know what to do with it. 

#CRYPTOCURRENCY  #DigitalCurrency #Currency #Finance #Bitcoin #Blockchain #Technology #Investing #DistributedLedgerTechnology #… https://t.co/RxgOgwUThA",1459811249793867776,2022-03-20 07:06:53+00:00,
30,1505440723688120320,"Coinbase Hit by Bad News And a Famous Short Seller 

#CRYPTOCURRENCY  #DigitalCurrency #Currency #Finance #Bitcoin #Blockchain #Technology #Investing #DistributedLedgerTechnology #Business

https://t.co/5V1d3wfaNg",1459811249793867776,2022-03-20 07:06:52+00:00,
31,1505440723193147393,"RT @AirdropDet: 🔍 New #Airdrop: YupVerse

💲 Reward: Up to 10M YuP (~$5) + 2M YuP (~$1,000) referral pool

🔴 Start the airdrop bot https://t…",1496689288205172736,2022-03-20 07:06:52+00:00,
32,1505440722350137345,"Bitcoin And Crypto Price Crash Triggers Serious Coinbase Warning 

#CRYPTOCURRENCY  #DigitalCurrency #Currency #Finance #Bitcoin #Blockchain #Technology #Investing #DistributedLedgerTechnology #Business

https://t.co/VnytwlQg7X",1459811249793867776,2022-03-20 07:06:52+00:00,
33,1505440720953516032,"Cardano: This new bullish pattern holds big promise for a recovery to $1 

#CRYPTOCURRENCY  #DigitalCurrency #Currency #Finance #Bitcoin #Blockchain #Technology #Investing #DistributedLedgerTechnology #Business

https://t.co/CCqYSqXEXu",1459811249793867776,2022-03-20 07:06:52+00:00,
34,1505440719636475904,"Terra (LUNA) Will Buy $10 Billion Worth Of Bitcoin. Here’s Why 

#CRYPTOCURRENCY  #DigitalCurrency #Currency #Finance #Bitcoin #Blockchain #Technology #Investing #DistributedLedgerTechnology #Business

https://t.co/44ytYiEzVB",1459811249793867776,2022-03-20 07:06:51+00:00,
35,1505440718881714176,"@TelefyConnect A standard interface for contracts that manage multiple tokens contract may include any combination of fungible tokens, non-fungible tokens.#DeFi #TeleFy #DEX #cryptocurrency #Ethereum #BinanceSmartChain #Bitcoin #Airdrop #polkadot #MATIC #Polygon $TELE #C https://t.co/kxnUU5j2zm",1455066493109088260,2022-03-20 07:06:51+00:00,
36,1505440718206160900,"Dolly Parton came to SXSW, rhinestoned the blockchain and gave Austin an eternal memory 

#CRYPTOCURRENCY  #DigitalCurrency #Currency #Finance #Bitcoin #Blockchain #Technology #Investing #DistributedLedgerTechnology #Business

https://t.co/QUUC31rXvR",1459811249793867776,2022-03-20 07:06:51+00:00,
37,1505440717765812226,Come check out my holiday themed nft collection releasing on open sea Monday March 21st. #nft #ethereum #bitcoin #cryptocurrency #doge #nftart #nfts #ether #dogecoin #cryptoart #Cryptos #NFTdrops #nftart #NFTCommunity #NFTartists https://t.co/vJOWPK1PFF,1490384877174333440,2022-03-20 07:06:51+00:00,
38,1505440717597859841,"RT @airdropinspect: New airdrop: Prizefighter (RING)
Total Reward: $5,000 worth of RING
Rate: ⭐️⭐️⭐️⭐️
Winners: 1,000 Random &amp; Top 100
Dist…",1449521868705128449,2022-03-20 07:06:51+00:00,
39,1505440716884951043,"Ukrainian farmer auctions NFT tank at 250 ETH 

#CRYPTOCURRENCY  #DigitalCurrency #Currency #Finance #Bitcoin #Blockchain #Technology #Investing #DistributedLedgerTechnology #Business

https://t.co/CxhC2jozKM",1459811249793867776,2022-03-20 07:06:51+00:00,
40,1505440715387641861,"Coinbase Sued for Allegedly Selling 79 Unregistered Crypto Securities — Including XRP, Dogecoin, Shiba Inu – Exchanges Bitcoin News 

#CRYPTOCURRENCY  #DigitalCurrency #Currency #Finance #Bitcoin #Blockchain #Technology #Investing #DistributedLedgerTechn… https://t.co/ctkhHUL7BH",1459811249793867776,2022-03-20 07:06:50+00:00,
41,1505440714817437697,"News | Singapore imposes sanctions; Bitcoin bucks market trend #Bitcoin

https://t.co/EMoySAy3yv",936921844619280384,2022-03-20 07:06:50+00:00,
42,1505440714376712192,"RT @airdropinspect: New airdrop: Prizefighter (RING)
Total Reward: $5,000 worth of RING
Rate: ⭐️⭐️⭐️⭐️
Winners: 1,000 Random &amp; Top 100
Dist…",1300084164780146688,2022-03-20 07:06:50+00:00,
43,1505440713986744326,"Blockchain Creative Labs talks about Dolly Parton and Dollyverse 

#CRYPTOCURRENCY  #DigitalCurrency #Currency #Finance #Bitcoin #Blockchain #Technology #Investing #DistributedLedgerTechnology #Business

https://t.co/JNY7X63gg9",1459811249793867776,2022-03-20 07:06:50+00:00,
44,1505440712485220353,"GMT Trends Most Over the Last 7 Days with $442M Market Cap 

#CRYPTOCURRENCY  #DigitalCurrency #Currency #Finance #Bitcoin #Blockchain #Technology #Investing #DistributedLedgerTechnology #Business

https://t.co/5cbuXyNbQH",1459811249793867776,2022-03-20 07:06:50+00:00,
45,1505440707724857347,"RT @YupVerse: ✔️ YupVerse Airdrop (New Round) is live!

🔵 Airdrop Reward: Up to 10 Million YuP (~$5)

🔵 Referral Reward: 2 Million YuP (~$1…",1390701339382927362,2022-03-20 07:06:49+00:00,
46,1505440702343237634,"The latest bitcoin, 3tnetworks, cryptocurrency Daily! https://t.co/TLFQ6LmK71 Thanks to @BitBlockBasix @NewsweekForum #bitcoin #crypto",943368527804743680,2022-03-20 07:06:47+00:00,
47,1505440701894787072,"RT @PasinoCom: Play your favorite Casino games with #Ethereum on https://t.co/YXrRw5ppZV!

$100 Giveaway drawing tomorrow!
✅Like👍 &amp; Follow…",1371697646360875015,2022-03-20 07:06:47+00:00,
48,1505440701420433411,"RT @airdropinspect: New airdrop: Prizefighter (RING)
Total Reward: $5,000 worth of RING
Rate: ⭐️⭐️⭐️⭐️
Winners: 1,000 Random &amp; Top 100
Dist…",1458040965143302152,2022-03-20 07:06:47+00:00,
49,1505440700321652739,"RT @ChoiseCom: #cryptonewsdaily 📰

#Bitcoin held above the $41,500 resistance level over the weekend after a slide from $46,000 last week.…",1501951941638717443,2022-03-20 07:06:47+00:00,
