,id,text,author_id,created_at,geo
0,1505446540550230019,#DeFi #TeleFy #DEX #cryptocurrency #Ethereum #BinanceSmartChain #Bitcoin #polkadot #MATIC #Polygon $TELE #Cardano #ETH https://t.co/nTW93tzE9D,957578844105527296,2022-03-20 07:29:59+00:00,
1,1505446539589791745,RT @w_s_bitcoin: #Bitcoin's absolute scarcity is such a profound discovery. https://t.co/xGdlyQZGkD,309760132,2022-03-20 07:29:59+00:00,
2,1505446538503663620,"RT @Revolotto: 🏏World's Dangerous Cricketer
Greatest Batsman of All-time in Cricket

🌎Universe Boss - Chris Gayle extending his support and…",1504483757839220736,2022-03-20 07:29:59+00:00,
3,1505446538054672389,"RT @binance: Click a button, win a #Bitcoin.
 
Sound good? #BitcoinButton 
 
Go ➡️ https://t.co/OwsRxlzV3D https://t.co/mnATF6ZMJ8",1349316567054635013,2022-03-20 07:29:59+00:00,
4,1505446535668060163,RT @Breedlove22: Who wants to see @adam3us and @JasonPLowery on The @WhatisMoneyShow for an in-depth conversation on the geopolitical aspec…,1455627161025630208,2022-03-20 07:29:58+00:00,
5,1505446535248502784,"RT @chitaglorya__: giveaway 200$ | 2,800,000 IDR

-- rt &amp; follow @flagnetwork_NFT 

-- rt &amp; quoted their pinned with   #FlagNetwork  #crypt…",1449315342627459075,2022-03-20 07:29:58+00:00,
6,1505446535135633410,"RT @AirdropStario: 💧 Bee-Trade Finance Airdrop 💧

📍 Audited by: CertiK

🏆 Task:          ➕  Up to 36 BTF (~$51,48)

👨‍👩‍👧 Referral:   ➕  5…",1255005330511183872,2022-03-20 07:29:58+00:00,
7,1505446530496737287,RT @SudharsonN3: #Bitcoin will be remembered as the biggest scam in the history of this planet. Where all your money is used for all illega…,1274948176080850944,2022-03-20 07:29:57+00:00,
8,1505446530123440129,"RT @Revolotto: 🏏World's Dangerous Cricketer
Greatest Batsman of All-time in Cricket

🌎Universe Boss - Chris Gayle extending his support and…",2214923065,2022-03-20 07:29:57+00:00,
9,1505446525585006599,5 #420 friendly names!! Under2 #ETH #1000xgem #web3 #100xgem #APECOIN #Bitcoin #blockchain https://t.co/9StZHVDqdd,935347341976113152,2022-03-20 07:29:56+00:00,
10,1505446521386713093,"Great promising project. The project was executed in a very professional manner and had a clear development plan. Without a doubt ,this is one of the best projects out there ,success always.

@MSasmal4 
@Sugeng2910 
@Sahoo0922 

#Airdrops #TeddyDoge #bitcoin #AirdropDetective https://t.co/9RPqoSWs7g",1484052979439521798,2022-03-20 07:29:55+00:00,
11,1505446521260503040,"RT @TheCryptoLark: #bitcoin will hit a million dollars per coin, the only question is when!",1355754191797460992,2022-03-20 07:29:55+00:00,
12,1505446520866611204,"RT @airdropinspect: New airdrop: Fracproperty X PriMetaProp(FRAC)
Total Reward: $10,000 worth of FRAC 
Rate: ⭐️⭐️⭐️⭐️
Winners: 2000 Random…",1449022415187574789,2022-03-20 07:29:55+00:00,
13,1505446519486357506,"RT @bitcoin_regular: 💐✌🏻Good morning to All of you✌🏻💐
Due to some technical error exchange is not working properly in Android phone so plea…",1479749400997945346,2022-03-20 07:29:54+00:00,
14,1505446517007597568,"RT @Btcanne_: #Bitcoin is is pumping, looks ready to explode.
 Be ready for a massive BREAKOUT!!! #Binance #cryptocurrency",1376235433584173074,2022-03-20 07:29:54+00:00,
15,1505446516579717121,"We just know #XRP will moon #crypto #binance #cryptocurrency #bitcoin #btc

https://t.co/B1n5qjjRLm",101946322,2022-03-20 07:29:54+00:00,
16,1505446516252573696,"RT @ProjectsIco: #Bitcoin average monthly returns 

#Bitcoin #Crypto #cryptotrading",1502090186016325632,2022-03-20 07:29:53+00:00,
17,1505446515283828737,"RT @YupVerse: ✔️ YupVerse Airdrop (New Round) is live!

🔵 Airdrop Reward: Up to 10 Million YuP (~$5)

🔵 Referral Reward: 2 Million YuP (~$1…",1379754457639092224,2022-03-20 07:29:53+00:00,
18,1505446513966993408,"RT @YupVerse: ✔️ YupVerse Airdrop (New Round) is live!

🔵 Airdrop Reward: Up to 10 Million YuP (~$5)

🔵 Referral Reward: 2 Million YuP (~$1…",1383901439697715210,2022-03-20 07:29:53+00:00,
19,1505446511940841472,"RT @AirdropStario: 💧 SafeWallet Airdrop 💧

🏆 Task:        ➕ 175 SLT (~$3.5) for 1000 random participants

👨‍👩‍👧 Referral: ➕ 30,000 SLT (~$6…",1439229248737218564,2022-03-20 07:29:52+00:00,
20,1505446510024359938,"RT @Revolotto: 🏏World's Dangerous Cricketer
Greatest Batsman of All-time in Cricket

🌎Universe Boss - Chris Gayle extending his support and…",1458613074353881088,2022-03-20 07:29:52+00:00,
21,1505446503480848386,Current #Bitcoin Price is $41928 #BTC #Crypto,1443994358651359234,2022-03-20 07:29:50+00:00,
22,1505446498938462210,"RT @AirdropStario: 💧 SafeWallet Airdrop 💧

🏆 Task:        ➕ 175 SLT (~$3.5) for 1000 random participants

👨‍👩‍👧 Referral: ➕ 30,000 SLT (~$6…",1321159958579146752,2022-03-20 07:29:49+00:00,
23,1505446498523357184,#DeFi #TeleFy #DEX #cryptocurrency #Ethereum #BinanceSmartChain #Bitcoin #polkadot #MATIC #Polygon $TELE #Cardano #ETH https://t.co/kWiAhZUSrK,957578844105527296,2022-03-20 07:29:49+00:00,
24,1505446498309648388,"RT @AirdropDet: 🔍 New #Airdrop: TeddyDoge

💲 Reward: Up to 2,800 TEDDY + 800K TEDDY referral pool

🔴 Start the airdrop bot https://t.co/bJW…",1484052979439521798,2022-03-20 07:29:49+00:00,
25,1505446498070568963,"RT @airdropinspect: New airdrop: Angelic (ANGL)
Total Reward: 50,000 ANGL
Rate: ⭐️⭐️⭐️⭐️
Winners: 1,500 Random &amp; Top 50
Distribution: withi…",1130519469262958594,2022-03-20 07:29:49+00:00,
26,1505446496984256512,"RT @crypstax: I don't have a 401k, I have #bitcoin",1437015887295311873,2022-03-20 07:29:49+00:00,
27,1505446496971689985,"@Ghragus Check out https://t.co/wKu2z78NJd 💜💜

#NFTs #NFTCommunity #NFTcollection #NFTartist #NFTartwork #Crypto #ETH #Bitcoin #NFTJapan #NFT #OpenSeaNFT
@LycaFoxPack https://t.co/rCzW5ERdt8",813337736870445057,2022-03-20 07:29:49+00:00,
28,1505446495822229511,"RT @ProjectsIco: #Bitcoin average monthly returns 

#Bitcoin #Crypto #cryptotrading",1492570252428951554,2022-03-20 07:29:49+00:00,
29,1505446493569921024,"@RichQuack
Cares about the environment in which it's investors live ,the healthier the environment the better  the investment  #Richquack #QuackArmy  #QUACKattack  #RichQUACK #RichQuackArmy #cryptocurrency #Crypto #Bitcoin #Binance  #BSCGem #100xgem #ASSU #YoungFamousAndAfrican https://t.co/L32nMQl3Hz",1490394075006222342,2022-03-20 07:29:48+00:00,
30,1505446492513140739,"@AirdropDet Great promising project. The project was executed in a very professional manner and had a clear development plan. Without a doubt ,this is one of the best projects out there ,success always.

@MSasmal4 
@Sugeng2910 
@Sahoo0922 

#Airdrops #TeddyDoge #bitcoin #AirdropDetective",1484052979439521798,2022-03-20 07:29:48+00:00,
31,1505446490294030342,You can do Cloud Mining using this site https://t.co/dMSn5GyvTM                            #mining #trxmining #money #earnmoney #register #bitcoin #ethereum #btc #eth #tronvex 2363,1437433146522234881,2022-03-20 07:29:47+00:00,
32,1505446488780029954,"RT @CrashiusClay69: 3 months ago, people were in disbelief and SHOCK when I called the #bitcoin dump from $57k down to $47k. 

https://t.co…",1367778976710729729,2022-03-20 07:29:47+00:00,
33,1505446488712704000,"RT @SweetSOLtoken: 🍬 $SSOL Launched on 🥞PancakeSwap🥞

🥞PancakeSwap:
https://t.co/TnRHeXb5Nl

📊Chart: 
https://t.co/laccD1haMC

🍠 Contract:…",1399781054387351552,2022-03-20 07:29:47+00:00,
34,1505446488000069633,"RT @AirdropStario: 💧 RPGC Airdrop 💧

🏆 Task:         ➕  $8 worth of RPGC for 2000 random participants each.

👨‍👩‍👧 Referral:  ➕  $40 worth…",1046481780805533696,2022-03-20 07:29:47+00:00,
35,1505446484908589057,"RT @ramiberlin: @NFTAnderson #xSTIK no1 voted #NFT Project on #XRPL
#NFTs  #NFTGiveaway #NFTCommunity #nftart #NFTartist #NFTdrop #crypto #…",1500847815320350720,2022-03-20 07:29:46+00:00,
36,1505446480106385408,"RT @AirdropStario: 💧 SafeWallet Airdrop 💧

🏆 Task:        ➕ 175 SLT (~$3.5) for 1000 random participants

👨‍👩‍👧 Referral: ➕ 30,000 SLT (~$6…",1375811799472242690,2022-03-20 07:29:45+00:00,
37,1505446476691898371,"RT @AirdropStario: 💧 SafeWallet Airdrop 💧

🏆 Task:        ➕ 175 SLT (~$3.5) for 1000 random participants

👨‍👩‍👧 Referral: ➕ 30,000 SLT (~$6…",1437369230580596737,2022-03-20 07:29:44+00:00,
38,1505446476268412929,"RT @Roman_Trading: $BTC attempting 42k Daily resistance with lower volume than the first attempt.

Many bearish divergences and a double to…",1383034815503425536,2022-03-20 07:29:44+00:00,
39,1505446474808971270,Tele Swap is a multi-chain protocol that will enable crypto users to add liquidity through Automated Market Maker. Users can use this protocol to swap their coins seamlessly.  #DeFi #TeleFy #DEX #cryptocurrency  #Bitcoin #Airdrop #polkadot #MATIC #Polygon $TELE #Cardano #ETH,3149350530,2022-03-20 07:29:44+00:00,
40,1505446474284507139,"RT @OKIN_17: Time to buy some @MTCNamibia airtime using the #Bitcoin I earned playing #PlayToEarn games from @ZBD_Play &amp; @THNDRGAMES 

@bit…",623068666,2022-03-20 07:29:43+00:00,
41,1505446473752002560,"RT @binance: 💰 $10,000 giveaway 💰
 
Post your #BitcoinButton result to enter!
 
Rules:
🔸 Retweet this post
🔸 Follow @Binance
🔸 Play #Bitcoi…",1374369449445224449,2022-03-20 07:29:43+00:00,
42,1505446473378410500,"RT @airdropinspect: New airdrop: ChaCha Finance 
Total Reward: $25,000 worth of CHACHA + 500 USDT + 1000 NFTs 
Rate:⭐️⭐️⭐️⭐️
Winners: 5,000…",1463738535052136449,2022-03-20 07:29:43+00:00,
43,1505446470958391299,"RT @airdropinspect: New airdrop: MARS4 (USDT)
Total Reward: $5,000 USDT
Rate: ⭐️⭐️⭐️⭐️⭐️
Winners: 100 Random
Distribution: 23rd March

Aird…",1399655798024835077,2022-03-20 07:29:43+00:00,
44,1505446464280956929,"RT @airdropinspect: New airdrop: Skygard Game
Total Reward: 1100 NFTs
Rate: ⭐️⭐️⭐️⭐️
Winners: 1,000 Random &amp; 100 Top
Distribution: within 1…",1468049547926462465,2022-03-20 07:29:41+00:00,
45,1505446463568027650,"@NFTAnderson #xSTIK no1 voted #NFT Project on #XRPL
#NFTs  #NFTGiveaway #NFTCommunity #nftart #NFTartist #NFTdrop #crypto #cryptocurrency #Bitcoin #ETH #Ethereum #GameFi #gaming #opensea #OpenSeaNFT #invest #blockchain @xrpstik #MONEY @XLS20Art #XRP #XRPLcommunity #XRPArmy #XRPLedger https://t.co/1OUYPjDa1N",230405940,2022-03-20 07:29:41+00:00,
46,1505446459449257989,"RT @adam3us: the petrodollar arose from military asymmetric offense in the physical domain.
#bitcoin grows from the math of individual asym…",391926199,2022-03-20 07:29:40+00:00,
47,1505446456681185280,"@jameskontnft Check out https://t.co/wKu2z78NJd 💜💜

#NFTs #NFTCommunity #NFTcollection #NFTartist #NFTartwork #Crypto #ETH #Bitcoin #NFTJapan #NFT #OpenSeaNFT
@LycaFoxPack https://t.co/S0hhVooCeB",813337736870445057,2022-03-20 07:29:39+00:00,
