,id,text,author_id,created_at,geo
0,1505439994911297536,"RT @AirdropStario: 💧 SafeWallet Airdrop 💧

🏆 Task:        ➕ 175 SLT (~$3.5) for 1000 random participants

👨‍👩‍👧 Referral: ➕ 30,000 SLT (~$6…",1469587786156044288,2022-03-20 07:03:59+00:00,
1,1505439993334235139,"@airdropinspect success always and I am part of this event event
@penikmatkopi_90
@diancoin
@WahyuCB9

#Airdrop #Airdrops #Airdropinspector #FTM #Prizefighter #RING #Crypto #Bitcoin",1311229787323551744,2022-03-20 07:03:58+00:00,
2,1505439990377062402,"RT @ProjectsIco: #Bitcoin average monthly returns 

#Bitcoin #Crypto #cryptotrading",1495766687383048192,2022-03-20 07:03:58+00:00,
3,1505439985842929666,The strongest bullish signal flashed for #XRP #bitcoin #btc #ethereum #eth https://t.co/wQ5O7ngHpK,1456236025420808198,2022-03-20 07:03:57+00:00,
4,1505439985167740930,"RT @HuobiGlobal: Will #Bitcoin hit an ATH in 2022?

No          Maybe       Yes
👇            👇              👇",1499167386104172547,2022-03-20 07:03:56+00:00,
5,1505439983175360519,"RT @unusual_whales: Last month, someone set up a #bitcoin wallet for the first time.

Then, without testing it even and as the first transa…",871176828056211456,2022-03-20 07:03:56+00:00,
6,1505439982302990336,"RT @ProjectsIco: #Bitcoin average monthly returns 

#Bitcoin #Crypto #cryptotrading",1481736534822948869,2022-03-20 07:03:56+00:00,
7,1505439981698834436,"RT @SILVERBACKLGNDS: SILVERBACK LEGENDS
The godfathers of all apes.

🏆WEEKEND GIVEAWAY🏆
We are giving away 10 WHITELIST SPOTS on this post!…",1472154984854835206,2022-03-20 07:03:56+00:00,
8,1505439976330186757,"RT @AirdropDet: 🔍 New #Airdrop: YupVerse

💲 Reward: Up to 10M YuP (~$5) + 2M YuP (~$1,000) referral pool

🔴 Start the airdrop bot https://t…",1467517070178877444,2022-03-20 07:03:54+00:00,
9,1505439975629762562,RT @gabrielhollenb2: When BTC hits $46k and bull run starts i’m taking a shot. But when Saitama pumps to new ATH well… Shots will be 📈📈📈 😂…,141902836,2022-03-20 07:03:54+00:00,
10,1505439975453700096,RT @BitcoinMagazine: #Bitcoin is truth https://t.co/aSZ9ZtsCJ9,1450604405997412352,2022-03-20 07:03:54+00:00,
11,1505439974275293185,"@TelefyConnect Never miss this opportunity and grab this on time.
 #DeFi #TeleFy #DEX #cryptocurrency #Ethereum #BinanceSmartChain #Bitcoin #Airdrop #polkadot #MATIC #Polygon $TELE #Cardano #ETH",1377501156641939461,2022-03-20 07:03:54+00:00,
12,1505439972332957696,"RT @airdropinspect: New airdrop: Prizefighter (RING)
Total Reward: $5,000 worth of RING
Rate: ⭐️⭐️⭐️⭐️
Winners: 1,000 Random &amp; Top 100
Dist…",1439255077202501634,2022-03-20 07:03:53+00:00,
13,1505439971603222528,"RT @chitaglorya__: giveaway 200$ | 2,800,000 IDR

-- rt follow @flagnetwork_NFT 

-- rt &amp; quoted their pinned with   #FlagNetwork  #cryptoc…",1431597124160933900,2022-03-20 07:03:53+00:00,
14,1505439964971950083,"In Japan, #XRP is religion. I love it! All works! #eth #ethereum #binance #bitcoin btc #ripple #crypto #cryptocurrency https://t.co/hx2MLFAYUh",1329211028,2022-03-20 07:03:52+00:00,
15,1505439963197820928,"RT @airdropinspect: New airdrop: Prizefighter (RING)
Total Reward: $5,000 worth of RING
Rate: ⭐️⭐️⭐️⭐️
Winners: 1,000 Random &amp; Top 100
Dist…",1377256116292255752,2022-03-20 07:03:51+00:00,
16,1505439961780453377,"RT @Revolotto: 🏏World's Dangerous Cricketer
Greatest Batsman of All-time in Cricket

🌎Universe Boss - Chris Gayle extending his support and…",1474639792180662274,2022-03-20 07:03:51+00:00,
17,1505439956491472898,"RT @AirdropStario: 💧 SafeWallet Airdrop 💧

🏆 Task:        ➕ 175 SLT (~$3.5) for 1000 random participants

👨‍👩‍👧 Referral: ➕ 30,000 SLT (~$6…",1382354609914605568,2022-03-20 07:03:50+00:00,
18,1505439955660812291,"RT @5millionM: With the weekly RSI crossing above the SMA, we should expect weeks of upside. 👀 on tomorrow's close.

Odds are stacked again…",1433496975740178438,2022-03-20 07:03:49+00:00,
19,1505439953924333568,"RT @BTCGandalf: This is how @bopinion sees the world. 

#Bitcoin fixes this. https://t.co/Qq2A7HxMMP",1395739711881236483,2022-03-20 07:03:49+00:00,
20,1505439952649297920,"The current price of bitcoin is $41,942.00. It has increased by 0.430% in the last 24 hours #bitcoin #btc #cryptocurrency",1374776463166148609,2022-03-20 07:03:49+00:00,
21,1505439952230051840,"RT @binance: Click a button, win a #Bitcoin.
 
Sound good? #BitcoinButton 
 
Go ➡️ https://t.co/OwsRxlzV3D https://t.co/mnATF6ZMJ8",1505438734875242497,2022-03-20 07:03:48+00:00,
22,1505439951273402369,"In Japan, #XRP is religion. I love it! All works! #eth #ethereum #binance #bitcoin btc #ripple #crypto #cryptocurrency https://t.co/CVG2ShxkC9",1368067544310046721,2022-03-20 07:03:48+00:00,
23,1505439950816296963,"What do you think #bitcoin  will fall to 20,000? #NFTs, #Metaverse, #etherium, #listing,",1426291449813942277,2022-03-20 07:03:48+00:00,
24,1505439948870139906,"@airdropinspect @p2ePrizeFighter very nice project
@Alimn66355031 
@Saeedmn17 
@Jack1238891009 
@misiu0042 
@HERDIAN08107102 
@CharactersNFT2

#Airdrop #Airdrops #Airdropinspector #FTM #Prizefighter #RING #Crypto #Bitcoin",1471085445270458368,2022-03-20 07:03:48+00:00,
25,1505439948534657024,"She is right, crypto is a scam. What she does not know though, is that Bitcoin is the second layer protocol of the internet which allows people to send value! #Bitcoin https://t.co/rpHD8bcyl2",931247676187971584,2022-03-20 07:03:48+00:00,
26,1505439947247001602,"RT @itzjoshuajake: The fact you are in crypto now, means you will more successful then 97% of the rest of the entire world within the next…",210215009,2022-03-20 07:03:47+00:00,
27,1505439946705813513,"RT @AirdropStario: 💧 SafeWallet Airdrop 💧

🏆 Task:        ➕ 175 SLT (~$3.5) for 1000 random participants

👨‍👩‍👧 Referral: ➕ 30,000 SLT (~$6…",1456913425594867725,2022-03-20 07:03:47+00:00,
28,1505439945556692993,"RT @Barchart: Which #cryptocurrency will generate the largest return over the next 5 years?

#Bitcoin $BTC
#Shiba $SHIB
#Ethereum $ETH
#Sol…",1318190128150577153,2022-03-20 07:03:47+00:00,
29,1505439942104817665,"RT @binance: Click a button, win a #Bitcoin.
 
Sound good? #BitcoinButton 
 
Go ➡️ https://t.co/OwsRxlzV3D https://t.co/mnATF6ZMJ8",981893610173059072,2022-03-20 07:03:46+00:00,
30,1505439940670537729,"RT @binance: 💰 $10,000 giveaway 💰
 
Post your #BitcoinButton result to enter!
 
Rules:
🔸 Retweet this post
🔸 Follow @Binance
🔸 Play #Bitcoi…",1505438734875242497,2022-03-20 07:03:46+00:00,
31,1505439939961499648,"RT @AirdropStario: 💧 Epic Meta Airdrop 💧

🏆 Task:          ➕  150 EMT (~$4.5) for 4000 random participants each.

👨‍👩‍👧 Referral:   ➕  600…",1394616826869465089,2022-03-20 07:03:46+00:00,
32,1505439939835543561,"RT @metria_network: 💥Another great news has just got in!

✅We are proud to announce that @Metria_Network has been featured on @NewsBTC's of…",1477215120287621121,2022-03-20 07:03:46+00:00,
33,1505439939294642180,RT @Bitcoin: Probably not going to happen on the #Bitcoin network. https://t.co/57Dj7KthFV,2467738712,2022-03-20 07:03:45+00:00,
34,1505439937608695811,"RT @AirdropDet: 🔍 New #Airdrop: YupVerse

💲 Reward: Up to 10M YuP (~$5) + 2M YuP (~$1,000) referral pool

🔴 Start the airdrop bot https://t…",1379379336516493315,2022-03-20 07:03:45+00:00,
35,1505439935720951809,"RT @Revolotto: 🏏World's Dangerous Cricketer
Greatest Batsman of All-time in Cricket

🌎Universe Boss - Chris Gayle extending his support and…",1493158131945570307,2022-03-20 07:03:45+00:00,
36,1505439935393931270,"MMG will set up huge rewards in games, players have to consume MMG to obtain chances of becoming millionaires.
#MonopolyMillionaireGame #MMG #tokon #NFT #art #binance #bitcoin",808096156068827139,2022-03-20 07:03:44+00:00,
37,1505439935213367296,Get IN now don't be LATE #xrp #binance #cryptocurrency #bitcoin https://t.co/zpRiYqU8hz,1474047587279941633,2022-03-20 07:03:44+00:00,
38,1505439921837789188,"RT @AirdropStario: 💧 SafeWallet Airdrop 💧

🏆 Task:        ➕ 175 SLT (~$3.5) for 1000 random participants

👨‍👩‍👧 Referral: ➕ 30,000 SLT (~$6…",1504439617436540934,2022-03-20 07:03:41+00:00,
39,1505439921301237762,"RT @AirdropStario: 💧 SafeWallet Airdrop 💧

🏆 Task:        ➕ 175 SLT (~$3.5) for 1000 random participants

👨‍👩‍👧 Referral: ➕ 30,000 SLT (~$6…",1224317330,2022-03-20 07:03:41+00:00,
40,1505439918650441735,"RT @Revolotto: 🏏World's Dangerous Cricketer
Greatest Batsman of All-time in Cricket

🌎Universe Boss - Chris Gayle extending his support and…",1267476955797942273,2022-03-20 07:03:40+00:00,
41,1505439918402662400,"RT @airdropinspect: New airdrop: Prizefighter (RING)
Total Reward: $5,000 worth of RING
Rate: ⭐️⭐️⭐️⭐️
Winners: 1,000 Random &amp; Top 100
Dist…",1472116120815497217,2022-03-20 07:03:40+00:00,
42,1505439918289403904,"RT @TheCryptoGifter: If you don't have @coinbase already, then use my code. 
After you buy or sell $100 or more in #Crypto, you get $10 in…",1500077327945924609,2022-03-20 07:03:40+00:00,
43,1505439916515381249,RT @Bitcoin: Probably not going to happen on the #Bitcoin network. https://t.co/57Dj7KthFV,1144116025,2022-03-20 07:03:40+00:00,
44,1505439915621773315,"RT @YupVerse: ✔️ YupVerse Airdrop (New Round) is live!

🔵 Airdrop Reward: Up to 10 Million YuP (~$5)

🔵 Referral Reward: 2 Million YuP (~$1…",1389654715869274114,2022-03-20 07:03:40+00:00,
45,1505439915516960771,"RT @AirdropStario: 💧 Bee-Trade Finance Airdrop 💧

📍 Audited by: CertiK

🏆 Task:          ➕  Up to 36 BTF (~$51,48)

👨‍👩‍👧 Referral:   ➕  5…",1451362861976997890,2022-03-20 07:03:40+00:00,
46,1505439914678276098,"RT @binance: Click a button, win a #Bitcoin.
 
Sound good? #BitcoinButton 
 
Go ➡️ https://t.co/OwsRxlzV3D https://t.co/mnATF6ZMJ8",1441891706870255616,2022-03-20 07:03:40+00:00,
47,1505439913176870919,"RT @Revolotto: 🏏World's Dangerous Cricketer
Greatest Batsman of All-time in Cricket

🌎Universe Boss - Chris Gayle extending his support and…",1399385348522668039,2022-03-20 07:03:39+00:00,
48,1505439912723910664,"RT @Revolotto: 🏏World's Dangerous Cricketer
Greatest Batsman of All-time in Cricket

🌎Universe Boss - Chris Gayle extending his support and…",1422110620829110274,2022-03-20 07:03:39+00:00,
49,1505439911658274821,"RT @binance: Click a button, win a #Bitcoin.
 
Sound good? #BitcoinButton 
 
Go ➡️ https://t.co/OwsRxlzV3D https://t.co/mnATF6ZMJ8",1341733064985243650,2022-03-20 07:03:39+00:00,
