,id,text,author_id,created_at,geo
0,1505339030761787398,"@BluesparrowC @bitfinex @BlueSparrowETH I will never ask you, to buy or sell, i’m just asking you, just never lose🔥🤩

""Suzume""

@BlueSparrowETH
@BluesparrowC
#BluesparrowCEX
#ETH
#BlueSparrow
#BlueSparrowtoken
#BlueSparrowCommunity
#bitcoin
#BestDrawToken
#Bluesparrowcharity
#Web3
#NFT
53 https://t.co/Pz2Q3OXi3f",1392169680769622022,2022-03-20 00:22:47+00:00,
1,1505339030241779712,Get IN now don't be LATE #xrp #binance #cryptocurrency #bitcoin https://t.co/H06SzV56Pj,1463470324092223489,2022-03-20 00:22:47+00:00,
2,1505339030153543681,"RT @chitaglorya__: giveaway 200$ | 2,800,000 IDR

-- rt follow @flagnetwork_NFT 

-- rt &amp; quoted their pinned with   #FlagNetwork  #cryptoc…",1483995430904287237,2022-03-20 00:22:47+00:00,
3,1505339029939654656,"RT @Revolotto: 🏏World's Dangerous Cricketer
Greatest Batsman of All-time in Cricket

🌎Universe Boss - Chris Gayle extending his support and…",1448153557803229188,2022-03-20 00:22:47+00:00,
4,1505339028853436420,RT @WatcherGuru: JUST IN: PayPal co-founder says the “biggest mistake I made in the last decade was getting too late and too little into #B…,889963356530110464,2022-03-20 00:22:46+00:00,
5,1505339028555681796,#bitcoin the last #bullrun beginns.🐋,1449817795173232648,2022-03-20 00:22:46+00:00,
6,1505339027049877504,We just know #XRP will moon #crypto #binance #cryptocurrency #bitcoin #btc https://t.co/fu584kpxdK,1136421687719800832,2022-03-20 00:22:46+00:00,
7,1505339026005540864,We just know #XRP will moon #crypto #binance #cryptocurrency #bitcoin #btc https://t.co/wly6YcWcTr,773267617024970752,2022-03-20 00:22:46+00:00,
8,1505339024826904577,"RT @AirdropStario: 💧 SafeWallet Airdrop 💧

🏆 Task:        ➕ 175 SLT (~$3.5) for 1000 random participants

👨‍👩‍👧 Referral: ➕ 30,000 SLT (~$6…",1383091504332341248,2022-03-20 00:22:46+00:00,
9,1505339023778148352,"RT @AirdropDet: 🔍 New #Airdrop: YupVerse

💲 Reward: Up to 10M YuP (~$5) + 2M YuP (~$1,000) referral pool

🔴 Start the airdrop bot https://t…",1497082364396126212,2022-03-20 00:22:45+00:00,
10,1505339018476765194,"RT @DocumentingBTC: Hal Finney was a pioneer, cypherpunk, and the first to receive a #bitcoin  transaction from Satoshi Nakamoto. Hal gave…",4913113996,2022-03-20 00:22:44+00:00,
11,1505339017302507521,"This amazing faucet from @_bitcoiner is making me tweet this to claim my free Lightning sats. ⚡

@boltcoiner unlock me a701a24c-254d-441d-b4c6-ea4290e2b37b

#Bitcoin #BTC #LN #LightningNetwork #boltcoiner
https://t.co/ggdISJC4g1",804923114,2022-03-20 00:22:44+00:00,
12,1505339017164115969,"RT @CarolainCrypt0: #Bitcoin is worth 42K right now!!

And what are you going to invest in?  show me your great project x 100!👇🏻👇🏻 https://…",1502669471823335424,2022-03-20 00:22:44+00:00,
13,1505339016954195977,"$BTC Latest Block Info: Block 728122 holds 2,055 transactions for a total of 36,217.89962 #Bitcoin including Block Reward. Block Size 1,427,138 Bytes",1197637831407161346,2022-03-20 00:22:44+00:00,
14,1505339016702357505,"In Japan, #XRP is religion. I love it! All works! #eth #ethereum #binance #bitcoin btc #ripple #crypto #cryptocurrency https://t.co/lioupmnX2I",1478021895014465536,2022-03-20 00:22:44+00:00,
15,1505339015104507911,RT @WatcherGuru: JUST IN: PayPal co-founder says the “biggest mistake I made in the last decade was getting too late and too little into #B…,1105231390969348098,2022-03-20 00:22:43+00:00,
16,1505339012646510593,"RT @chitaglorya__: giveaway 200$ | 2,800,000 IDR

-- rt follow @flagnetwork_NFT 

-- rt &amp; quoted their pinned with   #FlagNetwork  #cryptoc…",1464094575442735105,2022-03-20 00:22:43+00:00,
17,1505339012361474049,"RT @airdropinspect: New airdrop: Prizefighter (RING)
Total Reward: $5,000 worth of RING
Rate: ⭐️⭐️⭐️⭐️
Winners: 1,000 Random &amp; Top 100
Dist…",1505338117271789573,2022-03-20 00:22:43+00:00,
18,1505339011371450371,"We just know #XRP will moon #crypto #binance #cryptocurrency #bitcoin #btc

https://t.co/w6yaD1uhLx",1474577538819051523,2022-03-20 00:22:42+00:00,
19,1505339009978888195,We just know #XRP will moon #crypto #binance #cryptocurrency #bitcoin #btc https://t.co/PiskiwZQLG,2982274116,2022-03-20 00:22:42+00:00,
20,1505339009102278660,Get IN now don't be LATE #xrp #binance #cryptocurrency #bitcoin https://t.co/9x2D2gZTNc,2205155036,2022-03-20 00:22:42+00:00,
21,1505339007583993857,"RT @joshiidrex: @MMCrypto Hello sir
 Become a whale as you trade and buy your #Bitcoin      and other #crypto @AltbaseApp 
#altcoin #BSC #B…",2840082624,2022-03-20 00:22:41+00:00,
22,1505339006808174592,"@NFT__PLUS #nfts #nft #nftart #nftcommunity #nftcollector #nftartist #cryptoart #digitalart #art #crypto #nftcollectors #bitcoin #cryptocurrency #nftdrop #cryptoartist #nftcollectibles
 Check out Spiderverse by MetaNFTs at https://t.co/dcapARm2eZ NFT! https://t.co/2pmn6JpZox via @cryptocom",1454569988380053509,2022-03-20 00:22:41+00:00,
23,1505339006791290880,"We just know #XRP will moon #crypto #binance #cryptocurrency #bitcoin #btc

https://t.co/PAC7Hf5i5k",1933630562,2022-03-20 00:22:41+00:00,
24,1505339005323575300,"RT @GiveawayInspect: New Giveaway: Retoken (USDT)
Total Reward: 2,000 USDT
Rate: ⭐️⭐️⭐️⭐️
Winners: 700 Random &amp; Top 50
Distribution: within…",96922687,2022-03-20 00:22:41+00:00,
25,1505339003213594631,We just know #XRP will moon #crypto #binance #cryptocurrency #bitcoin #btc https://t.co/0P9vBn4YnZ,1257209034827902976,2022-03-20 00:22:40+00:00,
26,1505339003046068227,"RT @airdropinspect: New airdrop: Fracproperty X PriMetaProp(FRAC)
Total Reward: $10,000 worth of FRAC 
Rate: ⭐️⭐️⭐️⭐️
Winners: 2000 Random…",1449846720666357760,2022-03-20 00:22:40+00:00,
27,1505339001603076096,"@BluesparrowC @bitfinex @BlueSparrowETH I will never ask you, to buy or sell, i’m just asking you, just never lose🔥🤩

""Suzume""

@BlueSparrowETH
@BluesparrowC
#BluesparrowCEX
#ETH
#BlueSparrow
#BlueSparrowtoken
#BlueSparrowCommunity
#bitcoin
#BestDrawToken
#Bluesparrowcharity
#Web3
#NFT
52 https://t.co/Ex8Tz6xkll",1392169680769622022,2022-03-20 00:22:40+00:00,
28,1505339000730513411,The strongest bullish signal flashed for #XRP #bitcoin #btc #ethereum #eth https://t.co/ty2tXBdYAC,1454839481077542913,2022-03-20 00:22:40+00:00,
29,1505338999631597568,"RT @Revolotto: 🏏World's Dangerous Cricketer
Greatest Batsman of All-time in Cricket

🌎Universe Boss - Chris Gayle extending his support and…",954586719822598144,2022-03-20 00:22:40+00:00,
30,1505338997337251848,"RT @AirdropDet: 🔍 New #Airdrop: Elite Cash

🏆 Total Airdrop Pool: 140,000 ELC [~$49,000]

🔴 Start the airdrop bot https://t.co/geX2YRhj5n…",1436623440442638339,2022-03-20 00:22:39+00:00,
31,1505338996376969218,"👋 A new block was found on the #Bitcoin network. We're at block height 728122, current #bitcoin price is $42251.17 and there are 201170622690011 #sats left to mine.",1448763322812276737,2022-03-20 00:22:39+00:00,
32,1505338995546685441,"RT @Revolotto: 🏏World's Dangerous Cricketer
Greatest Batsman of All-time in Cricket

🌎Universe Boss - Chris Gayle extending his support and…",1501038931608891393,2022-03-20 00:22:39+00:00,
33,1505338993784860678,Get IN now don't be LATE #xrp #binance #cryptocurrency #bitcoin https://t.co/ClGKbdYvrv,1288507114671857665,2022-03-20 00:22:38+00:00,
34,1505338991813402625,The strongest bullish signal flashed for #XRP #bitcoin #btc #ethereum #eth https://t.co/livQY5LLn0,1338480231515103243,2022-03-20 00:22:38+00:00,
35,1505338991670808577,"@BluesparrowC @bitfinex @BlueSparrowETH Would you like to see crypto and the forex market on a platform?  
BlueSparrow  CEX offers you this exciting feature....
#ETH
#BlueSparrow
#BlueSparrowtoken
#BlueSparrowCommunity
@BlueSparrowETH
#web3
#Bitcoin
@BluesparrowC https://t.co/LWlzvZ1AUI",1482419810466107397,2022-03-20 00:22:38+00:00,
36,1505338989943078918,"RT @Revolotto: 🏏World's Dangerous Cricketer
Greatest Batsman of All-time in Cricket

🌎Universe Boss - Chris Gayle extending his support and…",1504352425402339328,2022-03-20 00:22:37+00:00,
37,1505338988538007552,"RT @airdropinspect: New airdrop: Ubiquity DAO (USDT)
Total Reward: 2,500 USDT
Rate: ⭐️⭐️⭐️⭐️
Winners: 1,000 Random &amp; Top 100
Distribution:…",1428233959238823936,2022-03-20 00:22:37+00:00,
38,1505338987623469067,"The latest #bitcoin block 728122 with 2055 transactions was just mined by Poolin
Total Fees:0.10124808
Block Subsidy:6.25
#Bitcoin #BTC #blockchain #analysis",1383145917356728320,2022-03-20 00:22:37+00:00,
39,1505338986289676294,"RT @ProjectsIco: What is next leg up for #Bitcoin 

#Crypto #BTC #BTCUSDT #cryptocurrency",1504918230934204417,2022-03-20 00:22:36+00:00,
40,1505338985400442883,"In Japan, #XRP is religion. I love it! All works! #eth #ethereum #binance #bitcoin btc #ripple #crypto #cryptocurrency https://t.co/2X1z40qO5o",1204118868328960000,2022-03-20 00:22:36+00:00,
41,1505338984104599555,"RT @Revolotto: 🏏World's Dangerous Cricketer
Greatest Batsman of All-time in Cricket

🌎Universe Boss - Chris Gayle extending his support and…",1450616700924088323,2022-03-20 00:22:36+00:00,
42,1505338984074993669,Get IN now don't be LATE #xrp #binance #cryptocurrency #bitcoin https://t.co/5nvD0mjrsk,2233328274,2022-03-20 00:22:36+00:00,
43,1505338982703546369,@altcryptocom @Medi_Token's changing the world! Building an amazing ecosystem &amp; donating to communities in need across the planet! #RealUtility #Charity #Crypto #NFT #Play2Earn #ETH #NFTs #x2000gem #bitcoin $Medi #MediArmy #MediToken #doxxed #LLC #Saitama #Shib https://t.co/V52YkkafB1 https://t.co/EwdrsXs5w4,1460551629950930944,2022-03-20 00:22:35+00:00,
44,1505338978836180992,"RT @AirdropDet: 🔍 New #Airdrop: YupVerse

💲 Reward: Up to 10M YuP (~$5) + 2M YuP (~$1,000) referral pool

🔴 Start the airdrop bot https://t…",1378386941335330819,2022-03-20 00:22:35+00:00,
45,1505338977699737603,"RT @airdropinspect: New airdrop: Prizefighter (RING)
Total Reward: $5,000 worth of RING
Rate: ⭐️⭐️⭐️⭐️
Winners: 1,000 Random &amp; Top 100
Dist…",1483508164460830724,2022-03-20 00:22:34+00:00,
46,1505338977318064149,"In Japan, #XRP is religion. I love it! All works! #eth #ethereum #binance #bitcoin btc #ripple #crypto #cryptocurrency https://t.co/F5yuaYp4hB",68137906,2022-03-20 00:22:34+00:00,
47,1505338974260375558,"$BTC closed just above horizontal resistance on the daily. 
#Bitcoin $BTC #Crypto #Cryptocurrency #Altcoins #TechnicalAnalysis #DeFi https://t.co/JQZ2myA3Gr",958857318132797441,2022-03-20 00:22:33+00:00,
48,1505338972888834056,"RT @AirdropStario: 💧 SafeWallet Airdrop 💧

🏆 Task:        ➕ 175 SLT (~$3.5) for 1000 random participants

👨‍👩‍👧 Referral: ➕ 30,000 SLT (~$6…",1482033590036836362,2022-03-20 00:22:33+00:00,
49,1505338971714379778,Get IN now don't be LATE #xrp #binance #cryptocurrency #bitcoin https://t.co/D0lYi3mfT3,1468147426502406147,2022-03-20 00:22:33+00:00,
