,id,text,author_id,created_at,geo
0,1505365956876730369,"#DeFi #TeleFy #DEX #cryptocurrency #Ethereum #BinanceSmartChain #Bitcoin #Airdrop #polkadot #MATIC #Polygon $TELE #Cardano #ETH
https://t.co/eu5xQapJcY https://t.co/fEduZkU1Vl",1302637033169383424,2022-03-20 02:09:47+00:00,
1,1505365956163698695,"RT @AirdropStario: 💧 SafeWallet Airdrop 💧

🏆 Task:        ➕ 175 SLT (~$3.5) for 1000 random participants

👨‍👩‍👧 Referral: ➕ 30,000 SLT (~$6…",1389242501991596038,2022-03-20 02:09:46+00:00,
2,1505365953915281416,"RT @AltcoinFGI: @binance What do you think about #Bitcoin state at the moment, because its Fear and Greed index is 51 - NEUTRAL with price…",16344233,2022-03-20 02:09:46+00:00,
3,1505365953261060099,RT @1MarkMoss: First day of ⁦@unconfiscatable⁩ and ⁦@TheGuySwann⁩ just finished teaching everyone about #Bitcoin Lightning https://t.co/x0c…,3383788840,2022-03-20 02:09:46+00:00,
4,1505365951054712836,"RT @AirdropStario: 💧 SafeWallet Airdrop 💧

🏆 Task:        ➕ 175 SLT (~$3.5) for 1000 random participants

👨‍👩‍👧 Referral: ➕ 30,000 SLT (~$6…",2648493229,2022-03-20 02:09:45+00:00,
5,1505365949826088962,"This project looks very interesting. I am interested, and I will support this project until it is successful according to the plan that has been set

#Bitcoin #Ethereum #Crypto https://t.co/vADYPECWF5",1344885708138426369,2022-03-20 02:09:45+00:00,
6,1505365947263197185,"@LadyofCrypto1 @DAR_LLC203 is a game changer in Crypto &amp; surely one of the best ecosystems a man could dream to build! A DEX, CEX, SWAP, VAULT, BATTLVERSE, NFTS, VISA CARD, BLOCKCHAIN (CASINO &amp; BANK coming soon!)  https://t.co/1x4xb3Z6Yk #LLC #NASCAR #1000Xgem #bitcoin #bnb #eth #doxxed https://t.co/mU1EBVRkiR",1460551629950930944,2022-03-20 02:09:44+00:00,
7,1505365946222874624,"RT @AirdropDet: 🔍 New #Airdrop: YupVerse

💲 Reward: Up to 10M YuP (~$5) + 2M YuP (~$1,000) referral pool

🔴 Start the airdrop bot https://t…",1494861552263983106,2022-03-20 02:09:44+00:00,
8,1505365942427029505,"We just know #XRP will moon #crypto #binance #cryptocurrency #bitcoin #btc

https://t.co/ypvbEkls5y",343823572,2022-03-20 02:09:43+00:00,
9,1505365940858503168,"RT @chitaglorya__: giveaway 200$ | 2,800,000 IDR

-- rt follow @flagnetwork_NFT 

-- rt &amp; quoted their pinned with   #FlagNetwork  #cryptoc…",1213176161162805248,2022-03-20 02:09:43+00:00,
10,1505365939474341889,"RT @uaview: Check out @defichain they are building decentralized finance on #Bitcoin with the $DFI token!

1year old, MainNet up &amp; running,…",1449646019948462083,2022-03-20 02:09:42+00:00,
11,1505365935539990528,The strongest bullish signal flashed for #XRP #bitcoin #btc #ethereum #eth https://t.co/j8nx93OMaQ,1214778414126616577,2022-03-20 02:09:42+00:00,
12,1505365934701264900,RT @Bitcoinbeach: The Face of #Bitcoin https://t.co/RN7GC4k2tX,1125861223130652672,2022-03-20 02:09:41+00:00,
13,1505365934227210244,"RT @Revolotto: 🏏World's Dangerous Cricketer
Greatest Batsman of All-time in Cricket

🌎Universe Boss - Chris Gayle extending his support and…",1256859780586647553,2022-03-20 02:09:41+00:00,
14,1505365933388283904,Get IN now don't be LATE #xrp #binance #cryptocurrency #bitcoin https://t.co/Jm2nEXQcFy,1312860892481024000,2022-03-20 02:09:41+00:00,
15,1505365932109332480,"#DeFi #TeleFy #DEX #cryptocurrency #Ethereum #BinanceSmartChain #Bitcoin #Airdrop #polkadot #MATIC #Polygon $TELE #Cardano #ETH
https://t.co/eu5xQapJcY https://t.co/zQfRgyB1Ee",1302637033169383424,2022-03-20 02:09:41+00:00,
16,1505365931375034373,RT @BitcoinMagazine: The revolution can not be stopped. #Bitcoin https://t.co/J51qviTWId,1469587686696501257,2022-03-20 02:09:41+00:00,
17,1505365922676019201,We just know #XRP will moon #crypto #binance #cryptocurrency #bitcoin #btc https://t.co/ACR0quOGLs,1094448759851941890,2022-03-20 02:09:38+00:00,
18,1505365921774243840,"RT @AirdropDet: 🔍 New #Airdrop: YupVerse

💲 Reward: Up to 10M YuP (~$5) + 2M YuP (~$1,000) referral pool

🔴 Start the airdrop bot https://t…",1429392617335267328,2022-03-20 02:09:38+00:00,
19,1505365921485012998,"RT @product6803: +Nothing Will Stop What's Coming+
Created for #PassiveIncome &amp; #trading
1% trade tax
100% Taxes go back to holders
Communi…",1406786159649427456,2022-03-20 02:09:38+00:00,
20,1505365920902168576,"RT @AirdropDet: 🔍 New #Airdrop: Elite Cash

🏆 Total Airdrop Pool: 140,000 ELC [~$49,000]

🔴 Start the airdrop bot https://t.co/geX2YRhj5n…",1448857737362763783,2022-03-20 02:09:38+00:00,
21,1505365920381763584,The strongest bullish signal flashed for #XRP #bitcoin #btc #ethereum #eth https://t.co/CWbDRM8zdA,1391427278966599681,2022-03-20 02:09:38+00:00,
22,1505365919455154179,"RT @Revolotto: 🏏World's Dangerous Cricketer
Greatest Batsman of All-time in Cricket

🌎Universe Boss - Chris Gayle extending his support and…",1501351396989288454,2022-03-20 02:09:38+00:00,
23,1505365915906424834,"RT @Revolotto: 🏏World's Dangerous Cricketer
Greatest Batsman of All-time in Cricket

🌎Universe Boss - Chris Gayle extending his support and…",1501044305913253891,2022-03-20 02:09:37+00:00,
24,1505365914988183554,"RT @Revolotto: 🏏World's Dangerous Cricketer
Greatest Batsman of All-time in Cricket

🌎Universe Boss - Chris Gayle extending his support and…",1427667156372582402,2022-03-20 02:09:37+00:00,
25,1505365914371309569,"RT @AirdropStario: 💧 SafeMe Airdrop 💧

🏆 Task:          ➕  Up to 800 SAME (~$8)

👨‍👩‍👧 Referral:   ➕  400 SAME (~$4)

🔛 Airdrop Link &amp; Info…",1201769469338669056,2022-03-20 02:09:36+00:00,
26,1505365910915547139,"RT @Revolotto: 🏏World's Dangerous Cricketer
Greatest Batsman of All-time in Cricket

🌎Universe Boss - Chris Gayle extending his support and…",1503169686195769354,2022-03-20 02:09:36+00:00,
27,1505365910101852163,"#DeFi #TeleFy #DEX #cryptocurrency #Ethereum #BinanceSmartChain #Bitcoin #Airdrop #polkadot #MATIC #Polygon $TELE #Cardano #ETH
https://t.co/eu5xQapJcY https://t.co/UJ13JmtIh8",1302637033169383424,2022-03-20 02:09:35+00:00,
28,1505365907132100611,"Current  #Bitcoin Price: $41,940.81 📉",1338000193816461312,2022-03-20 02:09:35+00:00,
29,1505365905580367872,"RT @Revolotto: 🏏World's Dangerous Cricketer
Greatest Batsman of All-time in Cricket

🌎Universe Boss - Chris Gayle extending his support and…",1416266388923056131,2022-03-20 02:09:34+00:00,
30,1505365901922680841,"RT @Bitcoin_Vegan: #NorthCarolina produces the best bitcoiners w/ my guy @TheGuySwann 

#Bitcoin 
@unconfiscatable https://t.co/2kuTbNRj9e",3383788840,2022-03-20 02:09:34+00:00,
31,1505365901797105666,"RT @CarfuelFinance: Whitepaper published. 

https://t.co/TVXdTxWcNC

#Carfuelfinance #Airdrop #Airdrops #BINANCE #Bitcoin #Etherum  #Giveaw…",1499938947677700096,2022-03-20 02:09:33+00:00,
32,1505365899083419648,"RT @AirdropDet: 🔍 New #Airdrop: Elite Cash

🏆 Total Airdrop Pool: 140,000 ELC [~$49,000]

🔴 Start the airdrop bot https://t.co/geX2YRhj5n…",1502585184193216514,2022-03-20 02:09:33+00:00,
33,1505365898617569280,"@LadyofCrypto1 @DAR_LLC203 is a game changer in Crypto &amp; surely one of the best ecosystems a man could dream to build! A DEX, CEX, SWAP, VAULT, BATTLVERSE, NFTS, VISA CARD, BLOCKCHAIN (CASINO &amp; BANK coming soon!)  https://t.co/1x4xb3Z6Yk #LLC #NASCAR #1000Xgem #bitcoin #bnb #eth #doxxed https://t.co/FltsgOnnLd",1460551629950930944,2022-03-20 02:09:33+00:00,
34,1505365894964293634,RT @MMCrypto: THIS CAN GET VERY PAINFUL FOR #BITCOIN BEARS! https://t.co/watNtpMl69,1471742635815567362,2022-03-20 02:09:32+00:00,
35,1505365894590992386,XRP is getting ready to take off to the moon! #altcoin #bitcoin #binance #xrp #ripple https://t.co/gl2icmbgB5,1443834494771998728,2022-03-20 02:09:32+00:00,
36,1505365891361386506,The strongest bullish signal flashed for #XRP #bitcoin #btc #ethereum #eth https://t.co/kWxJ6EWESm,807864307438485504,2022-03-20 02:09:31+00:00,
37,1505365890677686276,"XRP is getting ready to take off to the moon! #altcoin #bitcoin #binance #xrp #ripple

https://t.co/FotyM1Arsf",888842708504252416,2022-03-20 02:09:31+00:00,
38,1505365890300317697,"In Japan, #XRP is religion. I love it! All works! #eth #ethereum #binance #bitcoin btc #ripple #crypto #cryptocurrency https://t.co/n9RTvAxuw8",1462607054716157956,2022-03-20 02:09:31+00:00,
39,1505365889863938049,"RT @airdropinspect: New airdrop: Prizefighter (RING)
Total Reward: $5,000 worth of RING
Rate: ⭐️⭐️⭐️⭐️
Winners: 1,000 Random &amp; Top 100
Dist…",1477524348688748544,2022-03-20 02:09:31+00:00,
40,1505365889687957509,RT @WatcherGuru: JUST IN: PayPal co-founder says the “biggest mistake I made in the last decade was getting too late and too little into #B…,1380492059627372549,2022-03-20 02:09:31+00:00,
41,1505365885900697602,"RT @AirdropStario: 💧 SafeWallet Airdrop 💧

🏆 Task:        ➕ 175 SLT (~$3.5) for 1000 random participants

👨‍👩‍👧 Referral: ➕ 30,000 SLT (~$6…",1475695101913407491,2022-03-20 02:09:30+00:00,
42,1505365885522907144,"RT @airdropinspect: New airdrop: Angelic (ANGL)
Total Reward: 50,000 ANGL
Rate: ⭐️⭐️⭐️⭐️
Winners: 1,500 Random &amp; Top 50
Distribution: withi…",1472115611664719872,2022-03-20 02:09:30+00:00,
43,1505365884226867202,"XRP is getting ready to take off to the moon! #altcoin #bitcoin #binance #xrp #ripple

https://t.co/rniSqkfS4t",284026313,2022-03-20 02:09:29+00:00,
44,1505365883782569986,RT @TheCryptoLark: Apparently $luna wants to have 10 billion in #bitcoin total to make a “Bitcoin standard” for $ust. Is this is the start…,1130465506580766720,2022-03-20 02:09:29+00:00,
45,1505365882364522496,"RT @maxyamp: How AI-powered trading software protects my portfolio during #Bitcoin corrections 🔥

Try it free 👉 https://t.co/cdlct0CEkl ✅ h…",1323562768742535170,2022-03-20 02:09:29+00:00,
46,1505365881677041667,"RT @AirdropStario: 💧 SafeWallet Airdrop 💧

🏆 Task:        ➕ 175 SLT (~$3.5) for 1000 random participants

👨‍👩‍👧 Referral: ➕ 30,000 SLT (~$6…",1503691486009126912,2022-03-20 02:09:29+00:00,
47,1505365881328893957,"RT @ProjectsIco: What is next leg up for #Bitcoin 

#Crypto #BTC #BTCUSDT #cryptocurrency",914171743673081856,2022-03-20 02:09:29+00:00,
48,1505365880644898816,RT @Bitcoin: Probably not going to happen on the #Bitcoin network. https://t.co/57Dj7KthFV,492416709,2022-03-20 02:09:28+00:00,
49,1505365880191873024,"RT @AirdropDet: 🔍 New #Airdrop: YupVerse

💲 Reward: Up to 10M YuP (~$5) + 2M YuP (~$1,000) referral pool

🔴 Start the airdrop bot https://t…",1485069868525559811,2022-03-20 02:09:28+00:00,
