,id,text,author_id,created_at,geo
0,1505442765190090754,"RT @mariiaaa_ch: I will never ask you, to buy or sell, i’m just asking you, just never lose🔥🤩 ""Suzume""

#ETH
#BlueSparrow
#BlueSparrowtoken…",1126906443158949891,2022-03-20 07:14:59+00:00,
1,1505442763466493953,"RT @Revolotto: 🏏World's Dangerous Cricketer
Greatest Batsman of All-time in Cricket

🌎Universe Boss - Chris Gayle extending his support and…",1451118295428468744,2022-03-20 07:14:59+00:00,
2,1505442763290013696,"RT @AirdropStario: 💧 SafeWallet Airdrop 💧

🏆 Task:        ➕ 175 SLT (~$3.5) for 1000 random participants

👨‍👩‍👧 Referral: ➕ 30,000 SLT (~$6…",1388676587302780934,2022-03-20 07:14:59+00:00,
3,1505442763017494529,"@TheCryptoLark That’s true, it’s in it DNA #Bitcoin will reach 1M unti 2027 I think",1467526873534144520,2022-03-20 07:14:59+00:00,
4,1505442762027835397,"RT @AirdropDet: 🔍 New #Airdrop: YupVerse

💲 Reward: Up to 10M YuP (~$5) + 2M YuP (~$1,000) referral pool

🔴 Start the airdrop bot https://t…",1408404142003875855,2022-03-20 07:14:58+00:00,
5,1505442760383295489,"RT @enriquesouza_: When I started programming #bitcoin  back in 2016, ppl said it was a joke. Now the joke saves millions of lives in Ukrai…",2253136058,2022-03-20 07:14:58+00:00,
6,1505442756147257347,"RT @binance: Click a button, win a #Bitcoin.
 
Sound good? #BitcoinButton 
 
Go ➡️ https://t.co/OwsRxlzV3D https://t.co/mnATF6ZMJ8",1287736932315934720,2022-03-20 07:14:57+00:00,
7,1505442756021272581,"RT @DeathNote_Token: DEATH NOTE TOKEN REFERRAL CONTEST 🔥 

Join our contest and win #Prizes for inviting the most people to our @telegram 🍎…",1462393569105170435,2022-03-20 07:14:57+00:00,
8,1505442754838806528,"RT @Meta_Gaming99: Meta Gaming  🎁
 Airdrop for everyone

Steps:
1️⃣Follow us Twitter @Meta_Gaming99 RT&amp;Tag 3 friends
2️⃣Join us TG group: h…",1423620487628804099,2022-03-20 07:14:57+00:00,
9,1505442754423259140,"RT @AirdropDet: 🔍 New #Airdrop: YupVerse

💲 Reward: Up to 10M YuP (~$5) + 2M YuP (~$1,000) referral pool

🔴 Start the airdrop bot https://t…",1502484410813190149,2022-03-20 07:14:57+00:00,
10,1505442752422678528,"RT @mariiaaa_ch: always be in #bullish with bluesparrow
#ETH
#BlueSparrow
#BlueSparrowtoken
#BlueSparrowCommunity
#BestDrawToken
#Bluesparr…",1126906443158949891,2022-03-20 07:14:56+00:00,
11,1505442751961198593,"RT @Revolotto: 🏏World's Dangerous Cricketer
Greatest Batsman of All-time in Cricket

🌎Universe Boss - Chris Gayle extending his support and…",1499258476861980674,2022-03-20 07:14:56+00:00,
12,1505442742130061312,"RT @BTCfuel: #Bitcoin dominance is reversing 👊👊

This is VERY BULLISH for #Altcoins 🔥🔥 https://t.co/2AfoQOavcu",1265883360758358016,2022-03-20 07:14:54+00:00,
13,1505442742062694403,"RT @mariiaaa_ch: Bluesparrow  the future of the world😍❤️🎉
 New lifestyle with bluesparrow🚀🔥
#ETH
#BlueSparrow
#BlueSparrowtoken
#BlueSparro…",1126906443158949891,2022-03-20 07:14:54+00:00,
14,1505442739487657988,Very smart Waykichain project brings us excitement to always follow. We believe Waykichain  strong project will work and succeed because Waykichain  project is with a great team.#WICC #Waykichain #blockchain #crypto #bitcoin #ethereum,1403709041650536451,2022-03-20 07:14:53+00:00,
15,1505442738665590786,#DeFi #TeleFy #DEX #cryptocurrency #Ethereum #BinanceSmartChain #Bitcoin #Airdrop #polkadot #MATIC #Polygon $TELE #Cardano #ETH https://t.co/PsBK46ZmjF,1398664709738418179,2022-03-20 07:14:53+00:00,
16,1505442735796285443,"RT @AirdropStario: 💧 Hero Arena Airdrop 💧

📍 Listed on: CoinMarketCap, PancakeSwap

🏆 Task: ➕  100 HERA (~$4) for 3000 random participants…",1502265516743806976,2022-03-20 07:14:52+00:00,
17,1505442733305241601,"RT @YupVerse: ✔️ YupVerse Airdrop (New Round) is live!

🔵 Airdrop Reward: Up to 10 Million YuP (~$5)

🔵 Referral Reward: 2 Million YuP (~$1…",826351995527114755,2022-03-20 07:14:52+00:00,
18,1505442732831129605,"RT @airdropinspect: New airdrop: IOEN (USDT)
Total Reward: 2,000 USDT
Rate: ⭐️⭐️⭐️⭐️⭐️
Winners: 900 Random &amp; Top 40
Distribution: within 5…",1478848813070786562,2022-03-20 07:14:51+00:00,
19,1505442732516724738,RT @LinaSeiche: Buying #Bitcoin https://t.co/wZEqK1Nn3G,798788069306445825,2022-03-20 07:14:51+00:00,
20,1505442732017336323,"RT @mariiaaa_ch: Linking parallel worlds with 💥#bluesparrow 🌏🌎🪐
🔥BlueSparrow🔥 for everyone
#ETH
#BlueSparrow
#BlueSparrowtoken
#BlueSparrow…",1126906443158949891,2022-03-20 07:14:51+00:00,
21,1505442731312631808,"RT @AirdropStario: 💧 SafeWallet Airdrop 💧

🏆 Task:        ➕ 175 SLT (~$3.5) for 1000 random participants

👨‍👩‍👧 Referral: ➕ 30,000 SLT (~$6…",1446085958772801549,2022-03-20 07:14:51+00:00,
22,1505442730750578688,"RT @chitaglorya__: giveaway 200$ | 2,800,000 IDR

-- rt follow @flagnetwork_NFT 

-- rt &amp; quoted their pinned with   #FlagNetwork  #cryptoc…",1500085821742804993,2022-03-20 07:14:51+00:00,
23,1505442730591555585,"RT @AirdropStario: 💧 SafeWallet Airdrop 💧

🏆 Task:        ➕ 175 SLT (~$3.5) for 1000 random participants

👨‍👩‍👧 Referral: ➕ 30,000 SLT (~$6…",1460244971605291024,2022-03-20 07:14:51+00:00,
24,1505442729807200258,"RT @airdropinspect: New airdrop: Prizefighter (RING)
Total Reward: $5,000 worth of RING
Rate: ⭐️⭐️⭐️⭐️
Winners: 1,000 Random &amp; Top 100
Dist…",1447549773955829767,2022-03-20 07:14:51+00:00,
25,1505442726833139712,"RT @AirdropDet: 🔍 New #Airdrop: Elite Cash

🏆 Total Airdrop Pool: 140,000 ELC [~$49,000]

🔴 Start the airdrop bot https://t.co/geX2YRhj5n…",1390469584927346688,2022-03-20 07:14:50+00:00,
26,1505442724039647236,"RT @airdropinspect: New airdrop: Prizefighter (RING)
Total Reward: $5,000 worth of RING
Rate: ⭐️⭐️⭐️⭐️
Winners: 1,000 Random &amp; Top 100
Dist…",796994888206159872,2022-03-20 07:14:49+00:00,
27,1505442723339284480,Current #Bitcoin Price is $41945 #BTC #Crypto,1443994358651359234,2022-03-20 07:14:49+00:00,
28,1505442722433404928,"RT @airdropinspect: New airdrop: Biconomy (BIT)
Total Reward: $50,000 worth of BIT
Rate:⭐️⭐️⭐️⭐️
Winners: 10,000 Random
Distribution: 26th…",1478848813070786562,2022-03-20 07:14:49+00:00,
29,1505442721758351360,"RT @AirdropStario: 💧 SafeWallet Airdrop 💧

🏆 Task:        ➕ 175 SLT (~$3.5) for 1000 random participants

👨‍👩‍👧 Referral: ➕ 30,000 SLT (~$6…",1478698389206290433,2022-03-20 07:14:49+00:00,
30,1505442721112109056,"RT @AirdropDet: 🔍 New #Airdrop: YupVerse

💲 Reward: Up to 10M YuP (~$5) + 2M YuP (~$1,000) referral pool

🔴 Start the airdrop bot https://t…",3228345936,2022-03-20 07:14:49+00:00,
31,1505442720768212994,"RT @mariiaaa_ch: Bluesparrow season is coming soon
bluesparrowtoken is the blue #gem💎💎 in your wallet
#ETH
#BlueSparrow
#BlueSparrowtoken
#…",1126906443158949891,2022-03-20 07:14:49+00:00,
32,1505442712782311424,"RT @mariiaaa_ch: If you want the lucky bird to sit on your shoulders, hold the #bluesparrow token and participate in the  draw and reward o…",1126906443158949891,2022-03-20 07:14:47+00:00,
33,1505442711041716226,"RT @airdropinspect: New airdrop: Dreams Quest (USDT)
Total Reward: 2500 USDT
Rate: ⭐️⭐️⭐️⭐️⭐️
Winners: 900 Random + Top 50
Distribution: wi…",1478848813070786562,2022-03-20 07:14:46+00:00,
34,1505442710949351424,"RT @Praveen43673603: 🔎 New Airdrops: Phaver
🎁 Reward:  GET Phaver Points
👨‍👧‍👦 Participants: For All Early Users
🔥 Each 300$ to 1600$

🦾 Re…",1328801120697933828,2022-03-20 07:14:46+00:00,
35,1505442710907342848,"RT @Revolotto: 🏏World's Dangerous Cricketer
Greatest Batsman of All-time in Cricket

🌎Universe Boss - Chris Gayle extending his support and…",1081624065272496128,2022-03-20 07:14:46+00:00,
36,1505442710810857473,@CircuitSociety @coinkit_ #Bitcoin #binance #NFT nice,1462393569105170435,2022-03-20 07:14:46+00:00,
37,1505442710584545284,"@ABiMH01 #BlueSparrow is a bridge between the stock market and crypto .. You will have both in the Blue Sparrow CEX
@BlueSparrowETH
#BluesparrowCEX
#BlueSparrow
#BlueSparrowtoken
#BlueSparrowCommunity
#bitcoin
#BestDrawToken
#Bluesparrowcharity
#Web3
#NFT 
https://t.co/sJQMzMimLt
🍻10",1496128141898788869,2022-03-20 07:14:46+00:00,
38,1505442709607104515,"RT @PotatoCoinSPL: 25B Potato giveaway

Potato will surprise you all with what we are about to announce.

Like, Retweet and Tag 3 friends t…",1502632242174066695,2022-03-20 07:14:46+00:00,
39,1505442709200326656,"RT @Meta_Gaming99: Meta Gaming  🎁
 Airdrop for everyone

Steps:
1️⃣Follow us Twitter @Meta_Gaming99 RT&amp;Tag 3 friends
2️⃣Join us TG group: h…",740556737871249408,2022-03-20 07:14:46+00:00,
40,1505442703080886274,"Click a button, win a #Bitcoin

Sound good? #BitcoinButtonGame 

🔸 Fully #decentralised game on $BNB Chain. 

🔸Play for free 

💰 #Presale coming soon 

👉 https://t.co/I7sOJz74Ys 

#BitcoinButton #Binance $BTC #BTC #Crypto #Cryptocurrency #DeFi #Game #P2W #P2E #BSC",1504427063247261697,2022-03-20 07:14:44+00:00,
41,1505442702699212801,🗓 #Bitcoin price on this day - March 19. https://t.co/hseMtpmUiB,1493511834720251905,2022-03-20 07:14:44+00:00,
42,1505442699172024320,"RT @BattleworldGame: ✔️ Battle World Airdrop is live!

🔵 Airdrop Reward: Up to 500 BWO (~$20) 

🔵 Referral Reward: 500,000 BWO (~$20,000) r…",1324258625532030977,2022-03-20 07:14:43+00:00,
43,1505442698442022914,"RT @airdropinspect: New airdrop: NFracTion (USDT)
Total Reward: 2,000 USDT
Rate: ⭐️⭐️⭐️⭐️⭐️
Winners: 900 Random &amp; Top 40 referrers
Distribu…",1478848813070786562,2022-03-20 07:14:43+00:00,
44,1505442697036894209,RT @LinaSeiche: Buying #Bitcoin https://t.co/wZEqK1Nn3G,1101130188732198913,2022-03-20 07:14:43+00:00,
45,1505442693035409409,"RT @AirdropStario: 💧 RPGC Airdrop 💧

🏆 Task:         ➕  $8 worth of RPGC for 2000 random participants each.

👨‍👩‍👧 Referral:  ➕  $40 worth…",1468049547926462465,2022-03-20 07:14:42+00:00,
46,1505442692066525186,"RT @airdropinspect: New airdrop: Prizefighter (RING)
Total Reward: $5,000 worth of RING
Rate: ⭐️⭐️⭐️⭐️
Winners: 1,000 Random &amp; Top 100
Dist…",1474202215963185153,2022-03-20 07:14:42+00:00,
