,id,text,author_id,created_at,geo
0,1505623960569929734,"@BSCGemsx100 #VEKTOR token 😍

Today… @coingecko ✔️
In a few days… @CoinMarketCap 🙏🚀

#Bitcoin #BTC #Crypto #BNB  #BSC #NFT #USDT #BUSD   @Vektor_crypto @bolld_David @VEKTORgives @Vektor_vektor  @VektorNews @VinDAXOfficial @ArkenFinance @BinanceChain @binance 

https://t.co/ywT0UfV51s https://t.co/Oog9vNqqZV",1471582647013019651,2022-03-20 19:14:59+00:00,
1,1505623959923945472,"Hot off the press! Listed on Binance and soaring!

The latest NFT game! If you don't start right now, you're missing out!
Want to start MOBOX?
https://t.co/6LX24AXk1o
#BNB #BTC #Bitcoin #cryptocurrency  #Airdrop #airdrop #IOST #XRP #Binance #NFTs #IOST",1280805044556713985,2022-03-20 19:14:59+00:00,
2,1505623959697510400,"n Japan, #XRP is religion. I love it! All works! #eth #ethereum #binance #bitcoin btc #ripple #crypto #cryptocurrency

https://t.co/TNnQKq7IhT",1452280115514257415,2022-03-20 19:14:59+00:00,
3,1505623955306070033,"RT @CarfuelFinance: Whitepaper published. 

https://t.co/TVXdTxWcNC

#Carfuelfinance #Airdrop #Airdrops #BINANCE #Bitcoin #Etherum  #Giveaw…",1167345357128372225,2022-03-20 19:14:58+00:00,
4,1505623955146690567,RT @rovercrc: #Bitcoin Bullish Retest! 🐻🔫 https://t.co/y5ZXV5ffz2,894206734688014338,2022-03-20 19:14:58+00:00,
5,1505623950130397189,"This is the perfect time to accumulate #Revolotto . Don't delay anymore. 
#Crypto #cryptocurrency #BTC #BabyDogeCoin· #BitcoinButton #BSCGems #blockchain #BabyDogeCoin #ETH #ethereum #bitcoin #shiba #SolanaNFTs  #BNB https://t.co/SEEda9rWji",1493252989066395650,2022-03-20 19:14:57+00:00,
6,1505623949689901076,"RT @CryptoHubKE: This is an upcoming Hackathon where everyone can LEARN about the Crypto space

#cryptocurrencyKE 🇰🇪 #SpaceyaCrypto #Bitcoi…",1410513269056585730,2022-03-20 19:14:57+00:00,
7,1505623949106892805,RT @BTCfuel: 🚨🚨 Tomorrow I'll be posting a VERY IMPORTANT chart that will have MAJOR IMPLICATIONS for the #crypto markets!! (in a good way)…,428062440,2022-03-20 19:14:57+00:00,
8,1505623948674973703,RT @BTCfuel: 🚨🚨 Tomorrow I'll be posting a VERY IMPORTANT chart that will have MAJOR IMPLICATIONS for the #crypto markets!! (in a good way)…,1271711085310156802,2022-03-20 19:14:57+00:00,
9,1505623945063677952,"RT @AirdropDet: 🔍 New #Airdrop: CVIP

💲 Reward: Up to 20 CVIP (~$2.5) + 40K CVIP (~$5K) referral pool

🔴 Start the airdrop bot https://t.co…",1292822588746416129,2022-03-20 19:14:56+00:00,
10,1505623944681951233,"RT @mainst_crypto: Required Education…

The attached YouTube video is the best that I’ve seen on this topic. It thoroughly explains our cur…",950200674737848322,2022-03-20 19:14:56+00:00,
11,1505623942337564672,"@flagnetwork_NFT @HyperRacer_NFT Cool
FlagNetwork #IDO #cryptocurrency #Bitcoin #NFTs",1175326179772882945,2022-03-20 19:14:55+00:00,
12,1505623939740930048,"XRP is getting ready to take off to the moon! #altcoin #bitcoin #binance #xrp #ripple

https://t.co/3i8VSmexE6",3145947511,2022-03-20 19:14:55+00:00,
13,1505623938990280707,"A successful project depends on how the entire system team works, and here the team is very solid and experienced in their field. You can see the future by their vision. 
#WICC #Waykichain #blockchain #crypto #bitcoin #ethereum",1330553316015820802,2022-03-20 19:14:54+00:00,
14,1505623932745003011,RT @rovercrc: Buy the #Bitcoin dip before it's too late!,1486980780354064384,2022-03-20 19:14:53+00:00,
15,1505623930811342849,RT @Meta_UFO: #bitcoin and #MetaUFO have no inflation.,1505622070910230530,2022-03-20 19:14:52+00:00,
16,1505623930358407170,RT @BTCfuel: 🚨🚨 Tomorrow I'll be posting a VERY IMPORTANT chart that will have MAJOR IMPLICATIONS for the #crypto markets!! (in a good way)…,934257631107018753,2022-03-20 19:14:52+00:00,
17,1505623930207412224,"RT @Arnold_Donelly: Big whales are taking action on @Marvin_Inu $Marvin already
#MarvinInu is pumping already. New all time high is incomin…",1491625982834393092,2022-03-20 19:14:52+00:00,
18,1505623929917902848,RT @WatcherGuru: JUST IN: 🇦🇺 Australian government will regulate #Bitcoin &amp; #cryptocurrencies as part of a broader revamp of the country’s…,1454197404975124481,2022-03-20 19:14:52+00:00,
19,1505623929754251266,"RT @AirdropStario: 💧 Hero Arena Airdrop 💧

📍 Listed on: CoinMarketCap, PancakeSwap

🏆 Task: ➕  100 HERA (~$4) for 3000 random participants…",1440216533616062466,2022-03-20 19:14:52+00:00,
20,1505623929389473801,You can do Cloud Mining using this site https://t.co/mybiWwqWdZ                            #mining #trxmining #money #earnmoney #register #bitcoin #ethereum #btc #eth #tronvex 4924,1688326434,2022-03-20 19:14:52+00:00,
21,1505623928567476233,"RT @airdropinspect: New airdrop: Flamingo Casino
Total Reward: 200 NFTs &amp; $2500 pricing pool
Rate:⭐️⭐️⭐️⭐️
Winners: 220 Random
Distribution…",1478095874039365638,2022-03-20 19:14:52+00:00,
22,1505623927414009863,"@TECNOMobileNG @Bobatama
The Gem of the year, Token of the future.🚀🚀
Check it out🚀
#BOBAMASK #BOBATAMA
#BOBATAMA1000x

@AuzsomeAustin @elonmusk @MattWallace888 @JakeGagain
@Yourpop8 @Z_humphries
#ETH #Bitcoin  #nftart #NFTartist
#Crypto $Boba
#1000xGem #LBANK

👉 https://t.co/rW4kKwV3S8👄",1327235463682383872,2022-03-20 19:14:52+00:00,
23,1505623926273052673,"XRP is getting ready to take off to the moon! #altcoin #bitcoin #binance #xrp #ripple

https://t.co/Xfqq512CQO",1462741280434360328,2022-03-20 19:14:51+00:00,
24,1505623924549496833,"timeframe 4 hours

 #bitcoin is over on the rsi indicator needs correction so it can pump 🚀🚀🚀

#bitcoin is still on its way to pumping up the moon🚀🚀🚀",2634747830,2022-03-20 19:14:51+00:00,
25,1505623924255739914,"Great space tonight

#Bitcoin https://t.co/64wtapfrWj",1439970731761225739,2022-03-20 19:14:51+00:00,
26,1505623921285996546,"#BTC: finally nice weeks candle 
#Bitcoin #Etherum #Blockchain #Cryptocurrency #dapps #NFT #altcoin #DeFi
#BTC #ETH #BCH #ETC #SOL #ADA #TERRA #FIL #MIOTA #DASH #LTC #BNB #ZEC #XRP #DOGE https://t.co/tScdVSVhtj",586887461,2022-03-20 19:14:50+00:00,
27,1505623917947461635,RT @WatcherGuru: JUST IN: 🇦🇺 Australian government will regulate #Bitcoin &amp; #cryptocurrencies as part of a broader revamp of the country’s…,1404097609426509839,2022-03-20 19:14:49+00:00,
28,1505623916701650944,"RT @binance: 💰 $10,000 giveaway 💰
 
Post your #BitcoinButton result to enter!
 
Rules:
🔸 Retweet this post
🔸 Follow @Binance
🔸 Play #Bitcoi…",1480088776353333249,2022-03-20 19:14:49+00:00,
29,1505623916563386370,"RT @binance: 💰 $10,000 giveaway 💰
 
Post your #BitcoinButton result to enter!
 
Rules:
🔸 Retweet this post
🔸 Follow @Binance
🔸 Play #Bitcoi…",277445629,2022-03-20 19:14:49+00:00,
30,1505623913287467008,"We just know #XRP will moon #crypto #binance #cryptocurrency #bitcoin #btc

https://t.co/xpjuVGRN4n",1486351365391937536,2022-03-20 19:14:48+00:00,
31,1505623910729060360,"RT @airdropinspect: New airdrop: Prizefighter (RING)
Total Reward: $5,000 worth of RING
Rate: ⭐️⭐️⭐️⭐️
Winners: 1,000 Random &amp; Top 100
Dist…",1435152640938237954,2022-03-20 19:14:48+00:00,
32,1505623910334836744,"@ShibInform What's best to do now is to learn more about #Bitcoin strategies and have it's earnings knowledge and earnings tactics...

Yeahhhh, it's very important and if you don't know how to do that...
DM but please don't over message me.
Thanks",761336977195053060,2022-03-20 19:14:48+00:00,
33,1505623905901314052,"We just know #XRP will moon #crypto #binance #cryptocurrency #bitcoin #btc

https://t.co/y0FbQSZaV8",716900423479771140,2022-03-20 19:14:46+00:00,
34,1505623901333860354,"Holding Bitcoin? Here's How to Keep Your Crypto Safe
https://t.co/t9E8KvKvae
#Bitcoin  #SOL  #XRP",1492698390915866624,2022-03-20 19:14:45+00:00,
35,1505623901111521285,"@KuCoinTurkey We are not going to the moon, the moon is coming to us!#PitbullToken100x @BscPitbull $PIT #Bitcoin #btc",1485716009319292937,2022-03-20 19:14:45+00:00,
36,1505623897621905416,"RT @Billyson7878: $Marvin is on a bullish streak and #1000x is inevitable at this moment! 

Will love to have you on board bro @juanbenet 😍…",1491625982834393092,2022-03-20 19:14:44+00:00,
37,1505623897613471748,"RT @ShaneTrammel: Not financial advice but I'm in my mid 50's and I'm 100% allocated to #Bitcoin outside of my house. 

That's my level of…",467872292,2022-03-20 19:14:44+00:00,
38,1505623895566651402,RT @WatcherGuru: JUST IN: 🇦🇺 Australian government will regulate #Bitcoin &amp; #cryptocurrencies as part of a broader revamp of the country’s…,1389139981885661185,2022-03-20 19:14:44+00:00,
39,1505623893901512709,"CryptoNews: 🇸🇬 Singapore’s largest bank, DBS Bank CEO, Piyush Gupta, says central banks should regulate Bitcoin &amp; crypto.

what do you think?

@CryptoWhalesUS 

#Crypto #Bitcoin #Cryptocurrency #Blockchain #Etherium #Defi #CryptoNews #Nft #Bnb",1505231128902447109,2022-03-20 19:14:44+00:00,
40,1505623891741270017,"n Japan, #XRP is religion. I love it! All works! #eth #ethereum #binance #bitcoin btc #ripple #crypto #cryptocurrency

https://t.co/mMRJXPbLCU",1468289927133958144,2022-03-20 19:14:43+00:00,
41,1505623891384827905,"RT @ossy_agudosi: @DaCryptoGeneral 👋 To celebrate @kawakami_io locking liquidity for the next hundred years, we are introducing a 48-hour 0…",1464097218516983808,2022-03-20 19:14:43+00:00,
42,1505623889292177408,"RT @AirdropStario: 💧 Odds96 Airdrop 💧

🏆 Task:          ➕ $10 worth of Odds96 Tokens.

🔛 Airdrop Link &amp; Information: https://t.co/rBb5KjyM1…",1488908222606241794,2022-03-20 19:14:43+00:00,
43,1505623885253083136,"Salvator Mundi Live
Check out my NFT listing on OpenSea! https://t.co/j5YkN9oXZ6 via 
@opensea
 
#NFTProject  #Web3  #OpenSeaNFT  #Ethereum  #Video #NFT #NFTs #NFTCommunity #PolygonApe #Opensea #Polygon #Blockchain #NFTdrop #NFTCollection  #Metaverse  #Bitcoin #cryptocurrency",1236011228012535808,2022-03-20 19:14:42+00:00,
44,1505623883076055043,"We just know #XRP will moon #crypto #binance #cryptocurrency #bitcoin #btc

https://t.co/gcFIL7SxSq",1221916435246714884,2022-03-20 19:14:41+00:00,
45,1505623882836893700,"RT @binance: 💰 $10,000 giveaway 💰
 
Post your #BitcoinButton result to enter!
 
Rules:
🔸 Retweet this post
🔸 Follow @Binance
🔸 Play #Bitcoi…",1503790962665037825,2022-03-20 19:14:41+00:00,
46,1505623877111750662,RT @WatcherGuru: JUST IN: 🇦🇺 Australian government will regulate #Bitcoin &amp; #cryptocurrencies as part of a broader revamp of the country’s…,1311666362939437056,2022-03-20 19:14:40+00:00,
47,1505623874179850244,"RT @AirdropDet: 🔍 New #Airdrop: YupVerse

💲 Reward: Up to 10M YuP (~$5) + 2M YuP (~$1,000) referral pool

🔴 Start the airdrop bot https://t…",1382352771517669379,2022-03-20 19:14:39+00:00,
48,1505623873957597185,"RT @TheRealPlanC: My Confluence #Bitcoin Floor Model continues to slowly increase. #Crypto

Current Model Price  |  $26,944 https://t.co/wH…",1482920383422607362,2022-03-20 19:14:39+00:00,
49,1505623872594677760,"RT @AirdropDet: 🔍 New #Airdrop: Elite Cash

🏆 Total Airdrop Pool: 140,000 ELC [~$49,000]

🔴 Start the airdrop bot https://t.co/geX2YRhj5n…",1474075354503385107,2022-03-20 19:14:39+00:00,
