,id,text,author_id,created_at,geo
0,1505592754549710859,"YoBit AirDrop: Earn up to 4700 Fast Dollars daily: https://t.co/At0nqcPa5U
#yobit #bitcoin #trx",1440015741055606789,2022-03-20 17:10:59+00:00,
1,1505592753287217159,"RT @Emimma2: #RBXS team of samurai will generate awareness of your token launch whether it's newly launched or existing already.#RBXS 
http…",1459411419141656581,2022-03-20 17:10:59+00:00,
2,1505592748388225026,RT @mysexykiaramia: NUDES! Solo masturbation! $3 membership! The most amazing deal for my worldwide fans on a budget! Get my VIP SNAP! I’ll…,951648566619004928,2022-03-20 17:10:58+00:00,
3,1505592747897589768,You can do Cloud Mining using this site https://t.co/cF3IzYixgn                            #mining #trxmining #money #earnmoney #register #bitcoin #ethereum #btc #eth #tronvex 1417,1502218718566363140,2022-03-20 17:10:58+00:00,
4,1505592744798208001,"RT @m_umair2002: Giving away my NFTs 
1 winner 🏆  -  60 minutes ⌛

To win:                      
1. Follow Me✅
2. Like and Retweet  ✅
3. Dr…",1086187299447029760,2022-03-20 17:10:57+00:00,
5,1505592744554950656,RT @1goonrich: They called #Bitcoin a scam and now they are thanking it 🥴,1459496810553110530,2022-03-20 17:10:57+00:00,
6,1505592742046543872,"After a long time we are founded best project for investment, here is your turn. That is blockchain based super and most secure concept.
#DeFi #TeleFy #DEX #cryptocurrency #Ethereum #BinanceSmartChain #Bitcoin #Airdrop #polkadot #MATIC #Polygon $TELE #Cardano #ETH",1367056717129928705,2022-03-20 17:10:56+00:00,
7,1505592741559877635,"@Crypto_Vertex1 @Kuncicoin_id @BitMartExchange GO GET IT...!!! 
DON'T WAIT FOR BULLISH. 
TIME TO BUY DIP.. 🔥🔥🔥
MORE UTILITY COMING SOON🚀🚀🚀🚀 
#BNB #BTC #NFTGiveaway #nft #NFTCommunity #Bitcoin #NFTcollections #nftcollector #NFTshill #Metaverse #IoT #NFTs  #kuncicoin #KunciArmy #community #altcoin #DYOR #1000xgem https://t.co/MsAoAV6cpq",124191635,2022-03-20 17:10:56+00:00,
8,1505592741002354690,RT @asibuddin016: Good luck team! I believe this is a faithful project.The projector has a lot of attractions so hopefully the project will…,1457378046978117633,2022-03-20 17:10:56+00:00,
9,1505592740960219137,"RT @tomskiweb: All 👀 on the weekly close for #bitcoin 

At the minute everyone is getting over excited about a test of key resistance 👌 

A…",95439978,2022-03-20 17:10:56+00:00,
10,1505592737076289536,RT @Meta_UFO: #bitcoin and #MetaUFO have no inflation.,1290072986901454848,2022-03-20 17:10:55+00:00,
11,1505592734379569152,"RT @airdropinspect: New airdrop: Prizefighter (RING)
Total Reward: $5,000 worth of RING
Rate: ⭐️⭐️⭐️⭐️
Winners: 1,000 Random &amp; Top 100
Dist…",1503700356383256577,2022-03-20 17:10:55+00:00,
12,1505592732131074048,#Bitcoin 1-Hour: Oversold w/ Hidden Bullish Divergence. #Btc hidden bullish divergence also on the 2/HR with many lower time frames now oversold. #Crypto https://t.co/7lldkZCgBO,1492652254133772293,2022-03-20 17:10:54+00:00,
13,1505592731397234690,"RT @DecentraPlayers: CHOOSE YOUR TEAM 👕📈 at DecentraLeague

Welcome to the league #BTC
Only 24 #Bitcoin NFT/player.

#NFTcommunity #crypto…",1150096517572812801,2022-03-20 17:10:54+00:00,
14,1505592725915152392,"RT @AirdropAchiever: New Whitelist: STMAN × FamCentral
Allocation: ≤ 30 BUSD (TBA)
Winners: All Participants
End Date: 22nd March, 2022

🔗…",1503312000817934337,2022-03-20 17:10:53+00:00,
15,1505592725143711744,"Good luck team! I believe this is a faithful project.The projector has a lot of attractions so hopefully the project will be better in the future and will be the best.
@niladro_nil
 
@wahidar0
 
@njelma1
#Airdrops #YupVerse #Bitcoin #AirdropDetective #YuP https://t.co/T8OeQ6bdYh",1457378046978117633,2022-03-20 17:10:52+00:00,
16,1505592724745224194,"@TelefyConnect Guys nice project and I personally love Robotics, may I know the investors and venture capitalists for the project.#DeFi #TeleFy #DEX #cryptocurrency #Ethereum #BinanceSmartChain #Bitcoin #Airdrop #polkadot #MATIC #Polygon $TELE #Cardano #ETH",1386609680701562885,2022-03-20 17:10:52+00:00,
17,1505592721989578752,"Best innovative, this project already partner a big Community in Crypto World.

@MdRajib26399026
@MdAshik26279094
@dacosta_jani
@marjoyana1234
@abir4166
#Airdrop #Airdrops #Airdropinspector #FTM #Prizefighter #RING #Crypto #Bitcoin https://t.co/MapayiYEFn",1503700356383256577,2022-03-20 17:10:52+00:00,
18,1505592720970383363,"RT @p2ePrizeFighter: Who will be the next challenger?
(Screenshot from Actual Gameplay)

#nft #nftart #art #digitalart #nfts #nftartist #cr…",1501203445331931136,2022-03-20 17:10:51+00:00,
19,1505592720538144772,"RT @AirdropStario: 💧 Odds96 Airdrop 💧

🏆 Task:          ➕ $10 worth of Odds96 Tokens.

🔛 Airdrop Link &amp; Information: https://t.co/rBb5KjyM1…",1494365110395150337,2022-03-20 17:10:51+00:00,
20,1505592716138221572,"RT @p2ePrizeFighter: Who will be the next challenger?
(Screenshot from Actual Gameplay)

#nft #nftart #art #digitalart #nfts #nftartist #cr…",1378629850462752770,2022-03-20 17:10:50+00:00,
21,1505592711847448577,"RT @BitcoinMagazine: Only 2 weeks until the 19,000,000 #bitcoin is mined ⛏",798876878,2022-03-20 17:10:49+00:00,
22,1505592703517851650,"RT @airdropinspect: New airdrop: Prizefighter (RING)
Total Reward: $5,000 worth of RING
Rate: ⭐️⭐️⭐️⭐️
Winners: 1,000 Random &amp; Top 100
Dist…",1429344761006026752,2022-03-20 17:10:47+00:00,
23,1505592701122596867,"RT @airdropinspect: New airdrop: Flamingo Casino
Total Reward: 200 NFTs &amp; $2500 pricing pool
Rate:⭐️⭐️⭐️⭐️
Winners: 220 Random
Distribution…",1479753619842879489,2022-03-20 17:10:47+00:00,
24,1505592698836762624,"RT @Meta_Gaming99: Meta Gaming  🎁
 Airdrop for everyone

Steps:
1️⃣Follow us Twitter @Meta_Gaming99 RT&amp;Tag 3 friends
2️⃣Join us TG group: h…",1437135621433212938,2022-03-20 17:10:46+00:00,
25,1505592697695911938,"RT @AdamLiu22599247: Inflation steals your money, are you willing to invest in #BabyDoge  to keep your money growing in value.#BabyDogeCoin…",3092243684,2022-03-20 17:10:46+00:00,
26,1505592688191619076,Twitter should have a mechanism that automatically gives people a wet-willy when they post “#bitcoin That’s it. That’s the tweet.” https://t.co/rix946p7Ro,1404146752366776320,2022-03-20 17:10:44+00:00,
27,1505592687960989701,"@LocaLaughs @zerohedge If people are willing to give up #Bitcoin's liquidity for privacy they would be better off with #Monero. While the technology around #Zcash is interesting, the fact that private transactions are not mandatory and less than 1% makes it traceable anyway.",255500929,2022-03-20 17:10:44+00:00,
28,1505592687352819721,RT @w_s_bitcoin: #Bitcoin's absolute scarcity is such a profound discovery. https://t.co/xGdlyQZGkD,211121731,2022-03-20 17:10:43+00:00,
29,1505592687134752772,"RT @TrishHaines3: @clif_high Know your local (country) WEFers. Vote them out, or ostracize them.
Buy all the #bitcoin you can.
Here's ""cryp…",1348674622598877190,2022-03-20 17:10:43+00:00,
30,1505592687109771264,"RT @p2ePrizeFighter: Who will be the next challenger?
(Screenshot from Actual Gameplay)

#nft #nftart #art #digitalart #nfts #nftartist #cr…",1429344761006026752,2022-03-20 17:10:43+00:00,
31,1505592683611705345,"RT @airdropinspect: New airdrop: FoodChain Global (FOOD)
Total Reward: $5,000 worth of FOOD
Rate: ⭐️⭐️⭐️⭐️
Winners: 1000 Random &amp; Top 100
D…",1430976254728151047,2022-03-20 17:10:42+00:00,
32,1505592681543655430,"#btc #bitcoin sometimes repeats history 😅 that’s why some guys predict on this:)), https://t.co/7YcOP870Qj",2989469700,2022-03-20 17:10:42+00:00,
33,1505592680033959936,"RT @CarfuelFinance: 50.000.000CFU Airdrop is now started

Everyone who participates and completes the tasks fully and correctly and also su…",1458988986458804227,2022-03-20 17:10:42+00:00,
34,1505592679975223296,"RT @AirdropStario: 💧 Odds96 Airdrop 💧

🏆 Task:          ➕ $10 worth of Odds96 Tokens.

🔛 Airdrop Link &amp; Information: https://t.co/rBb5KjyM1…",1470031252656779266,2022-03-20 17:10:42+00:00,
35,1505592679161540608,RT @defi_daria: Can you really argue that #bitcoin is involved in everything now? https://t.co/EQQv6Za3nA,1134561747216416773,2022-03-20 17:10:41+00:00,
36,1505592674203623424,"RT @AirdropStario: 💧 Odds96 Airdrop 💧

🏆 Task:          ➕ $10 worth of Odds96 Tokens.

🔛 Airdrop Link &amp; Information: https://t.co/rBb5KjyM1…",1500905774117183506,2022-03-20 17:10:40+00:00,
37,1505592670206545923,"@flagnetwork_NFT great project
@azadkha53709577 @Ashique89386510 @AYAAN0086
 #FlagNetwork #IDO #cryptocurrency #Bitcoin #NFTs",1471557755337154576,2022-03-20 17:10:39+00:00,
38,1505592669879345159,"RT @ahlinyakripto: Aragon Court Price Prediction 2022, 2025, 2030 | ANJ Price Forecast
https://t.co/GeSF8l5m4C
#cryptocurrency #bitcoin #et…",1362649794804613136,2022-03-20 17:10:39+00:00,
39,1505592663986552832,RT @LinaSeiche: Buying #Bitcoin https://t.co/wZEqK1Nn3G,1423955546751733762,2022-03-20 17:10:38+00:00,
40,1505592663709569030,"@MetaRugs Always gotta respect the #bitcoin ! Dm me when you can, let’s take the Rugs UP! :))",941016761117413379,2022-03-20 17:10:38+00:00,
41,1505592660819849221,"@TelefyConnect This project has strong base potential and promising in the future. So,join now without delay.We are hopeful that this project will do much better.
Learn more:
Telegram:
https://t.co/b3FeEim1Kh
#DeFi #TeleFy #DEX #cryptocurrency #BSC #Bitcoin #Polygon #TELE #ETH",943990393925910528,2022-03-20 17:10:37+00:00,
42,1505592659347451912,"RT @AirdropDet: 🔍 New #Airdrop: YupVerse

💲 Reward: Up to 10M YuP (~$5) + 2M YuP (~$1,000) referral pool

🔴 Start the airdrop bot https://t…",1260689944823111688,2022-03-20 17:10:37+00:00,
43,1505592656583405569,"The higher the market cap of #bitcoin, the more liquid it is",1378317183021940742,2022-03-20 17:10:36+00:00,
44,1505592654217633797,"RT @AirdropDet: 🔍 New #Airdrop: Elite Cash

🏆 Total Airdrop Pool: 140,000 ELC [~$49,000]

🔴 Start the airdrop bot https://t.co/geX2YRhj5n…",1473765828403236864,2022-03-20 17:10:35+00:00,
45,1505592653261729795,"@airdropinspect Best innovative, this project already partner a big Community in Crypto World.

@MdRajib26399026
@MdAshik26279094
@dacosta_jani
@marjoyana1234
@abir4166
#Airdrop #Airdrops #Airdropinspector #FTM #Prizefighter #RING #Crypto #Bitcoin",1503700356383256577,2022-03-20 17:10:35+00:00,
46,1505592649197051906,"RT @AirdropStario: 💧 CratD2C 2nd Round Airdrop 💧

🏆 Task:          ➕ Up to $40 worth of CRAT

👨‍👩‍👧 Referral:   ➕ $10,000 worth of CRAT for…",1230155783771287552,2022-03-20 17:10:34+00:00,
47,1505592643904237568,"RT @AirdropStario: 💧 RPGC Airdrop 💧

🏆 Task:         ➕  $8 worth of RPGC for 2000 random participants each.

👨‍👩‍👧 Referral:  ➕  $40 worth…",1463464706526494720,2022-03-20 17:10:33+00:00,
48,1505592642662694913,"RT @airdropinspect: New airdrop: Flamingo Casino
Total Reward: 200 NFTs &amp; $2500 pricing pool
Rate:⭐️⭐️⭐️⭐️
Winners: 220 Random
Distribution…",1393964031069720577,2022-03-20 17:10:33+00:00,
49,1505592642427568128,New Reddit Post! I Bonked More $DOBO via /r/DogeBONK https://t.co/PD1PXsS2Gg #cryptocurrency #memecoin #dogebonk #SorryElon #doge #dobo #bonksquad #BSC #BSCGems #pancakeswap  #binancesmartchain #bitcoin #ethereum #altcoins #safemoon #binance #shibaarmy,1465959264372113408,2022-03-20 17:10:33+00:00,
