,id,text,author_id,created_at,geo
0,1505618423367311360,"@Claptrapclappy @UrduShairi @JoyOfUrdu World 1st bitcoin transection NFT  

https://t.co/emFH7mWmGG    

@opensea 

#Bitcoin  #nft #BinanceNFT #PolygonNFT #legend #100xgem #NFT #memoriesNFTseller #NFTs #opensea #OpenSeaNFT",1320236448575033344,2022-03-20 18:52:59+00:00,
1,1505618421840588804,"@RyhanhThrany What does BlueSparrow CEX  offer to you?
Gold,Oil, Stocks trading , Commodities and Crypto 
All you need for trading....
#ETH
#BlueSparrow
#BlueSparrowtoken
#BlueSparrowCommunity
#BestDrawToken
#Bluesparrowcharity
@BlueSparrowETH
#web3
#Bitcoin
@BluesparrowC 
1 https://t.co/BDOhbOXmki",1422507419469598723,2022-03-20 18:52:59+00:00,
2,1505618419244277770,"https://t.co/iFL9K4LP7c #DeFi  #DEX #cryptocurrency #Ethereum #BinanceSmartChain #Bitcoin #Airdrop #polkadot #MATIC #Polygon $TELE #Cardano #ETH 

#TeleFy is credit score oriented multi chain Define solution which has its own DEX, Lending Platform, LaunchPad, NET market Place.",1218534606607208448,2022-03-20 18:52:58+00:00,
3,1505618419227443200,"RT @Sa_samuraei: 💫BE A #VOICE NOT AN #ECHO
💫#RBXS💫
🌛🌛🌛🌛🌛🌜🌜🌜🌜
🌀Linktree: https://t.co/XfQFqNrWQs
💸💸💸💸💸💸
🌀TG: 
Telegram: https://t.co/YROVObY…",1461062788651143171,2022-03-20 18:52:58+00:00,
4,1505618412998959111,"XRP is getting ready to take off to the moon! #altcoin #bitcoin #binance #xrp #ripple

https://t.co/a6Em82pGPr",1481691788876337156,2022-03-20 18:52:57+00:00,
5,1505618412566978562,"RT @PeterScottMorg1: It currently only costs $3,000 per day to attack $BSV 

Compare this to #Bitcoin: almost $25 million per day to attack…",1000048703443435521,2022-03-20 18:52:57+00:00,
6,1505618410549305345,"RT @AirdropDet: 🔍 New #Airdrop: YupVerse

💲 Reward: Up to 10M YuP (~$5) + 2M YuP (~$1,000) referral pool

🔴 Start the airdrop bot https://t…",1447646756372574210,2022-03-20 18:52:56+00:00,
7,1505618407806455812,"RT @CryptoNoob_17: The #BSC network FINALLY has an affordable #NFTMarketplace coming their way!

Join $ESC on telegram so you don’t miss th…",1505611770970390532,2022-03-20 18:52:56+00:00,
8,1505618407458287618,"RT @hollow_ea: 💵 NEW COMPETITION 💵

🔥 BTC/ETH/BNB Prediction Tournament🔥

❗️10 people who are the closest on 28th February will be rewarded…",1504928710910091265,2022-03-20 18:52:56+00:00,
9,1505618405797371910,"We just know #XRP will moon #crypto #binance #cryptocurrency #bitcoin #btc

https://t.co/vlYaWxxH6U",1460347155550400513,2022-03-20 18:52:55+00:00,
10,1505618403096408064,RT @MatthewHyland_: The weekly candle continues to look pretty damn good for #Bitcoin https://t.co/XeOw0VxKZs,1352335246235062273,2022-03-20 18:52:54+00:00,
11,1505618402265677826,"RT @Mohamma02458269: @sietseesteis ➡️ @CONNECTORCOIN ⬅️
Good Project 👌👌👌
#crypto #bitcoin 
#CONNECTORCOIN 
#ctco $bnb $bsc 
$ctco #bnb #cry…",1434953459095285760,2022-03-20 18:52:54+00:00,
12,1505618401565167618,#bitcoin scam is scam only....,236061774,2022-03-20 18:52:54+00:00,
13,1505618400659316741,"RT @radif_nft: Rainy day⛈

#colorful #bitcoin #nft #nftcreaters #nftartist #conseptart #crypto #blockchain #sciencefiction #creativeart #cy…",1416531823161745408,2022-03-20 18:52:54+00:00,
14,1505618399350636560,"@MartiniGuyYT World 1st bitcoin transection NFT  

https://t.co/emFH7mWmGG    

@opensea 

#Bitcoin  #nft #BinanceNFT #PolygonNFT #legend #100xgem #NFT #memoriesNFTseller #NFTs #opensea #OpenSeaNFT",1320236448575033344,2022-03-20 18:52:54+00:00,
15,1505618398239203329,RT @Meta_UFO: #bitcoin and #MetaUFO have no inflation.,1497655762730029058,2022-03-20 18:52:53+00:00,
16,1505618396313915392,"We just know #XRP will moon #crypto #binance #cryptocurrency #bitcoin #btc

https://t.co/VmyTeBClbm",1318240075046658049,2022-03-20 18:52:53+00:00,
17,1505618394380484609,"RT @21Msupply: Our grandchildren will wonder why we ever used money that could be created with the click of a button. 

#Bitcoin",1293495342357516288,2022-03-20 18:52:52+00:00,
18,1505618393755369474,"@MatthewHyland_ Would you like to see crypto and the forex market on a platform?  
BlueSparrow  CEX offers you this exciting feature....
#ETH
#BlueSparrow
#BlueSparrowtoken
#BlueSparrowCommunity
#BestDrawToken
#Bluesparrowcharity
@BlueSparrowETH
#web3
#Bitcoin
@BluesparrowC https://t.co/9QuFGrX3k8",1482419810466107397,2022-03-20 18:52:52+00:00,
19,1505618390970421253,"n Japan, #XRP is religion. I love it! All works! #eth #ethereum #binance #bitcoin btc #ripple #crypto #cryptocurrency

https://t.co/jfQUD9DtyA",1467534366490468357,2022-03-20 18:52:52+00:00,
20,1505618386234982400,"XRP is getting ready to take off to the moon! #altcoin #bitcoin #binance #xrp #ripple

https://t.co/xUDsVaQjkw",1296397953720967168,2022-03-20 18:52:50+00:00,
21,1505618384653852672,"RT @adityaaaa99: @cryptogems555 $RUBY is the hottest #altcoin right now!! A crypto gaming and loyalty rewards token by @RubyPlayNetwork 

#…",1450044547107639300,2022-03-20 18:52:50+00:00,
22,1505618379931287555,RT @Cryptoandstock4: #Shinja Will Be The Best Project With Good Utilities. #Shibnobi Will Be Huge This Year. #CryptoExpoDubai #Brise #1000x…,342602015,2022-03-20 18:52:49+00:00,
23,1505618379851321346,"👋 A new block was found on the #Bitcoin network. We're at block height 728246, current #bitcoin price is $41201.77 and there are 201093122690011 #sats left to mine.",1448763322812276737,2022-03-20 18:52:49+00:00,
24,1505618377125072905,RT @intocryptoverse: What happens first for #Bitcoin ?,1470789322316124163,2022-03-20 18:52:48+00:00,
25,1505618373274906624,"RT @Revolotto: 💎25K TWITTER FOLLOWERS💎
Revolotto Team saying thanks to our most valuable and beautiful Community.

🌏Join the Revolution🌏
👑H…",1426075341349478400,2022-03-20 18:52:47+00:00,
26,1505618371303329796,"@gametheorizing World 1st bitcoin transection NFT  

https://t.co/emFH7mWmGG    

@opensea 

#Bitcoin  #nft #BinanceNFT #PolygonNFT #legend #100xgem #NFT #memoriesNFTseller #NFTs #opensea #OpenSeaNFT",1320236448575033344,2022-03-20 18:52:47+00:00,
27,1505618369633996806,"RT @MartiniGuyYT: BITCOIN CRASHING 🚨 HUGE TRADING OPPORTUNITY!! $1.5M LONG?!?!!

- #Bitcoin Analysis
- #Ethereum Analysis

💰 WATCH THIS VID…",1478386710358761487,2022-03-20 18:52:47+00:00,
28,1505618368786997248,#5DaysBanking buy #bitcoin &amp; shutdown #banks,2854651280,2022-03-20 18:52:46+00:00,
29,1505618368350543878,"We just know #XRP will moon #crypto #binance #cryptocurrency #bitcoin #btc

https://t.co/OzVeth8pXd",1492616047718981633,2022-03-20 18:52:46+00:00,
30,1505618366320427008,Stacks will unlock the full potential of #bitcoin,1363648524676591617,2022-03-20 18:52:46+00:00,
31,1505618361417453577,"https://t.co/bGevlWZ8Sk

Join us guys @CactusWorldNFT 

#crypto #bitcoin #cryptocurrency #blockchain #ethereum #btc #forex #trading #money #nfts #nft #nftart #nftcommunity #nftcollector #cryptocurrencies #investing",311918650,2022-03-20 18:52:45+00:00,
32,1505618360977039364,"RT @TheMoonCarl: Will #Bitcoin hit $100,000 in 2022?

No           Maybe         Yes
👇            👇                👇",1341069301093199877,2022-03-20 18:52:44+00:00,
33,1505618356589764618,"RT @Meme_Rank: Of course not. There aren't enough Bitcoin for all billionaires in the world. 56Million millionaires, 21Million Bitcoin 
#bi…",1418213042186190852,2022-03-20 18:52:43+00:00,
34,1505618356497715202,RT @defi_daria: Can you really argue that #bitcoin is involved in everything now? https://t.co/EQQv6Za3nA,1405061604404727812,2022-03-20 18:52:43+00:00,
35,1505618356459782151,"We just know #XRP will moon #crypto #binance #cryptocurrency #bitcoin #btc

https://t.co/m8zZwRIze3",1493273742847455238,2022-03-20 18:52:43+00:00,
36,1505618355696414724,"Iam not even mad if we dump more. Iam ready for both sides. 

#Crypto #Bitcoin",1313028601365893123,2022-03-20 18:52:43+00:00,
37,1505618353850765314,"RT @airdropinspect: New airdrop: Flamingo Casino
Total Reward: 200 NFTs &amp; $2500 pricing pool
Rate:⭐️⭐️⭐️⭐️
Winners: 220 Random
Distribution…",972856267524866048,2022-03-20 18:52:43+00:00,
38,1505618352403730432,"RT @airdropinspect: New airdrop: Flamingo Casino
Total Reward: 200 NFTs &amp; $2500 pricing pool
Rate:⭐️⭐️⭐️⭐️
Winners: 220 Random
Distribution…",1407382760231104519,2022-03-20 18:52:42+00:00,
39,1505618351535853570,"RT @AirdropDet: 🔍 New #Airdrop: Elite Cash

🏆 Total Airdrop Pool: 140,000 ELC [~$49,000]

🔴 Start the airdrop bot https://t.co/geX2YRhj5n…",1500649076303724545,2022-03-20 18:52:42+00:00,
40,1505618350042488835,"@crypto_bitlord7 World 1st bitcoin transection NFT  

https://t.co/emFH7mWmGG    

@opensea 

#Bitcoin  #nft #BinanceNFT #PolygonNFT #legend #100xgem #NFT #memoriesNFTseller #NFTs #opensea #OpenSeaNFT",1320236448575033344,2022-03-20 18:52:42+00:00,
41,1505618349480452103,"RT @AltCryptoGems: In all honesty, this drop/correction on #Bitcoin isn't looking too good.

Hope to see a pump tonight/tomorrow to be back…",1062610803227009024,2022-03-20 18:52:42+00:00,
42,1505618349266554880,"RT @AirdropStario: 💧 Odds96 Airdrop 💧

🏆 Task:          ➕ $10 worth of Odds96 Tokens.

🔛 Airdrop Link &amp; Information: https://t.co/rBb5KjyM1…",1482980366654873600,2022-03-20 18:52:42+00:00,
43,1505618348482117639,RT @rovercrc: 🚨#BITCOIN HIDDEN BULLISH DIVERGENCE!!!!! 🚨 https://t.co/LF7C5xjJ9f,1491667045108396033,2022-03-20 18:52:41+00:00,
44,1505618348016558083,"@crypto_birb @Bobatama
The Gem of the year, Token of the future.🚀🚀
Check it out🚀
#BOBAMASK #BOBATAMA
#BOBATAMA1000x

@AuzsomeAustin @elonmusk @MattWallace888 @JakeGagain
@Yourpop8 @Z_humphries
#ETH #Bitcoin  #nftart #NFTartist
#Crypto $Boba
#1000xGem #LBANK

👉 https://t.co/rW4kKwV3S8🤍🤍",1327235463682383872,2022-03-20 18:52:41+00:00,
45,1505618342727585797,"RT @saylor: If you don't understand money, you won't understand #bitcoin.",431083529,2022-03-20 18:52:40+00:00,
46,1505618341502717954,"We just know #XRP will moon #crypto #binance #cryptocurrency #bitcoin #btc

https://t.co/P1FGu0UjIh",1474080032440135685,2022-03-20 18:52:40+00:00,
47,1505618341473525765,"n Japan, #XRP is religion. I love it! All works! #eth #ethereum #binance #bitcoin btc #ripple #crypto #cryptocurrency

https://t.co/stEt1TaWKp",1358432068145938434,2022-03-20 18:52:40+00:00,
