,id,text,author_id,created_at,geo
0,1505434460795412484,#Love #fans #stunned #tiny #age #gap #Juliet #Sam #bitcoin news Love Actually fans stunned by the tiny age gap between Juliet and Sam https://t.co/DFsA6DzmMq,1467806874326110209,2022-03-20 06:41:59+00:00,
1,1505434458585190400,"RT @AirdropDet: 🔍 New #Airdrop: YupVerse

💲 Reward: Up to 10M YuP (~$5) + 2M YuP (~$1,000) referral pool

🔴 Start the airdrop bot https://t…",1444243677346336773,2022-03-20 06:41:59+00:00,
2,1505434456815017984,"RT @DocumentingBTC: Think you're ""too late"" to buy #bitcoin now? So did they. https://t.co/7Zf1AU0ngn",1341551432072372224,2022-03-20 06:41:58+00:00,
3,1505434455208456193,"In Japan, #XRP is religion. I love it! All works! #eth #ethereum #binance #bitcoin btc #ripple #crypto #cryptocurrency https://t.co/TphFerRBh5",3919854614,2022-03-20 06:41:58+00:00,
4,1505434449332293632,"RT @AirdropDet: 🔍 New #Airdrop: Elite Cash

🏆 Total Airdrop Pool: 140,000 ELC [~$49,000]

🔴 Start the airdrop bot https://t.co/geX2YRhj5n…",1480795410054582273,2022-03-20 06:41:56+00:00,
5,1505434447746768903,XRP is getting ready to take off to the moon! #altcoin #bitcoin #binance #xrp #ripple https://t.co/Zi63yWOIMF,1453168699108564993,2022-03-20 06:41:56+00:00,
6,1505434446383751170,"RT @Marii6771: Make money! Prosecute scammers! All at the same time 
Make passive income in BNB rewards for holding $SPY!
Your rewards accu…",1501820173153705984,2022-03-20 06:41:56+00:00,
7,1505434445381529603,"RT @airdropinspect: New airdrop: Prizefighter (RING)
Total Reward: $5,000 worth of RING
Rate: ⭐️⭐️⭐️⭐️
Winners: 1,000 Random &amp; Top 100
Dist…",1470395893270515718,2022-03-20 06:41:56+00:00,
8,1505434445226332164,"RT @chitaglorya__: giveaway 200$ | 2,800,000 IDR

-- rt follow @flagnetwork_NFT 

-- rt &amp; quoted their pinned with   #FlagNetwork  #cryptoc…",1114752208862449664,2022-03-20 06:41:56+00:00,
9,1505434443678367744,"RT @bitcoin_kurdu: #Bitcoin  Price: $42,000 😦 https://t.co/KLmWErZPAW",1372925717718183944,2022-03-20 06:41:55+00:00,
10,1505434442479071233,"RT @AirdropDet: 🔍 New #Airdrop: YupVerse

💲 Reward: Up to 10M YuP (~$5) + 2M YuP (~$1,000) referral pool

🔴 Start the airdrop bot https://t…",1482755115094528000,2022-03-20 06:41:55+00:00,
11,1505434441430228992,"RT @Marii6771: We are @SpyWolfNetwork and we are here to clean up the crypto space and to make you
 
https://t.co/1Mo7qdcgFO is our anti-sc…",1501820173153705984,2022-03-20 06:41:55+00:00,
12,1505434441249828865,"RT @airdropinspect: New airdrop: Ubiquity DAO (USDT)
Total Reward: 2,500 USDT
Rate: ⭐️⭐️⭐️⭐️
Winners: 1,000 Random &amp; Top 100
Distribution:…",1385965758295928836,2022-03-20 06:41:55+00:00,
13,1505434438641012740,"RT @Adidan90: I see $alt $XVG kicking off the Altseason ($BTC pair of course)!!
#ALTSEASON #Bitcoin",4697733253,2022-03-20 06:41:54+00:00,
14,1505434437676265473,"@kaptencrypto707 $SKUY
SEKUYA THE 1ST MULTIVERSE META-FI PROJECT IN CRYPTO SPACE   
🚀🚀🚀🚀🚀
Multiverse
Meta-fi
WEB 3.0
RWANFT  
P2E Ecosystem

✅ Company-backed
✅ 5% #SKUY Rewards 

@sekuyaofficial

#Sekuya #Bitcoin #Binance #BSCGem #BSC #Metaverse #NFT https://t.co/PjUl208JHK",1362720044275224579,2022-03-20 06:41:54+00:00,
15,1505434435008794625,"@electro_sueh All sure respect but it sounds like #Bitcoin  didn’t ruin your life, but your trading of cryptocurrencies ruined your life if you did not learn the lesson that trading crypto is a recipe for disaster. https://t.co/sN8MXyYLf7",66106683,2022-03-20 06:41:53+00:00,
16,1505434432484028416,"RT @maxyamp: How AI-powered trading software protects my portfolio during #Bitcoin corrections 🔥

Try it free 👉 https://t.co/cdlct0CEkl ✅ h…",1400575909011222531,2022-03-20 06:41:52+00:00,
17,1505434430634086402,Come check out my holiday themed nft collection releasing on open sea Monday March 21st. #nft #ethereum #bitcoin #cryptocurrency #doge #nftart #nfts #ether #dogecoin #cryptoart #Cryptos #NFTdrops #nftart #NFTCommunity #NFTartists https://t.co/U3EWRzYfm5,1490384877174333440,2022-03-20 06:41:52+00:00,
18,1505434429652615171,"RT @Azel1000X: #shinja #ShinjaSeason
#DubaiExpo2022
#DubaiCryptoExpo

#DOJOSWAP listing #Token
#Selena_Inu
#flokimusk
#saitanobi
#bobatama…",1500832440864194561,2022-03-20 06:41:52+00:00,
19,1505434426888667141,"Abubakar Nur Khalil on the ₿ Trust and Lightning Innovation in Africa | The Kevin Rooke Show | E31

Comments: https://t.co/mw6KDrxOu9
Link: https://t.co/o845hE29ZM

#StackerNews is like Hacker News but it pays you #bitcoin",1347873435913957376,2022-03-20 06:41:51+00:00,
20,1505434424585822210,"RT @airdropinspect: New airdrop: Skygard Game
Total Reward: 1100 NFTs
Rate: ⭐️⭐️⭐️⭐️
Winners: 1,000 Random &amp; 100 Top
Distribution: within 1…",969413147583954945,2022-03-20 06:41:51+00:00,
21,1505434424216858624,The strongest bullish signal flashed for #XRP #bitcoin #btc #ethereum #eth https://t.co/OhJgSqSyxt,1463923533663424512,2022-03-20 06:41:51+00:00,
22,1505434424128638977,"RT @rovercrc: I think #Bitcoin will break $100,000 by July 2022! 🚀",938698440711614464,2022-03-20 06:41:50+00:00,
23,1505434420492255232,"RT @WatcherGuru: Top 10 Coins Mentioned on Twitter in the last 24h

1. #Bitcoin 344,177
2. #ApeCoin 200,055
3. #Ethereum 128,776
4. #Cake 8…",244139445,2022-03-20 06:41:50+00:00,
24,1505434420144074753,"RT @DocumentingBTC: Hal Finney was a pioneer, cypherpunk, and the first to receive a #bitcoin  transaction from Satoshi Nakamoto. Hal gave…",1458936183900106754,2022-03-20 06:41:50+00:00,
25,1505434414934679552,"RT @AirdropStario: 💧 SafeWallet Airdrop 💧

🏆 Task:        ➕ 175 SLT (~$3.5) for 1000 random participants

👨‍👩‍👧 Referral: ➕ 30,000 SLT (~$6…",1469132214914850816,2022-03-20 06:41:48+00:00,
26,1505434413311852544,"We just know #XRP will moon #crypto #binance #cryptocurrency #bitcoin #btc

https://t.co/n68cBOqvyP",1051173691269242882,2022-03-20 06:41:48+00:00,
27,1505434413211037697,RT @WatcherGuru: JUST IN: PayPal co-founder says the “biggest mistake I made in the last decade was getting too late and too little into #B…,1353747267790901248,2022-03-20 06:41:48+00:00,
28,1505434412607053830,Get IN now don't be LATE #xrp #binance #cryptocurrency #bitcoin https://t.co/vS74FkOPS2,921513008,2022-03-20 06:41:48+00:00,
29,1505434411768377346,RT @rovercrc: I think #Bitcoin will hit a new ATH before June 2022!,1341359943010508801,2022-03-20 06:41:48+00:00,
30,1505434409859698688,RT @saylor: You do not sell your #bitcoin.  https://t.co/LJNgJeWxvR,307660084,2022-03-20 06:41:47+00:00,
31,1505434409562144772,"RT @Revolotto: 🏏World's Dangerous Cricketer
Greatest Batsman of All-time in Cricket

🌎Universe Boss - Chris Gayle extending his support and…",1473171938348470272,2022-03-20 06:41:47+00:00,
32,1505434409440358400,Get IN now don't be LATE #xrp #binance #cryptocurrency #bitcoin https://t.co/dcZgyPs6f7,1939421850,2022-03-20 06:41:47+00:00,
33,1505434409037877254,"RT @DeathNote_Token: DEATH NOTE TOKEN REFERRAL CONTEST 🔥 

Join our contest and win #Prizes for inviting the most people to our @telegram 🍎…",1490456972122296320,2022-03-20 06:41:47+00:00,
34,1505434407834128389,"RT @Revolotto: 💎Revolotto is back, Stop if you can. Its unstoppable.

💎RVL is ""Again"" in the list of Top Gainers on @CoinMarketCap &amp; @CoinG…",1375790854456102916,2022-03-20 06:41:47+00:00,
35,1505434405086539781,"We just know #XRP will moon #crypto #binance #cryptocurrency #bitcoin #btc

https://t.co/F5Fvt4mPG9",2422651374,2022-03-20 06:41:46+00:00,
36,1505434403488501763,RT @bitcoinagile: Bullish and poised for Higher for Q2 for BITMEX:XBTUSD by JJMa #bitcoin #crypto https://t.co/nI7uWGURky https://t.co/lgao…,521958665,2022-03-20 06:41:46+00:00,
37,1505434401169158146,"RT @Marii6771: Do you want TRUE SAFU investing?
Go to https://t.co/1Mo7qdcgFO for crypto research!
We list scams, potential scams, trusted…",1501820173153705984,2022-03-20 06:41:45+00:00,
38,1505434400598675456,"RT @AirdropDet: 🔍 New #Airdrop: YupVerse

💲 Reward: Up to 10M YuP (~$5) + 2M YuP (~$1,000) referral pool

🔴 Start the airdrop bot https://t…",1480795410054582273,2022-03-20 06:41:45+00:00,
39,1505434400389222401,"RT @airdropinspect: New airdrop: Crypto Klash (KLH)
Total Reward: 500,000 KLH
Rate: ⭐️⭐️⭐️⭐️
Winners: 1,000 Random &amp; Top 100
Distribution:…",978600106726313985,2022-03-20 06:41:45+00:00,
40,1505434396312358919,"RT @Revolotto: 🏏World's Dangerous Cricketer
Greatest Batsman of All-time in Cricket

🌎Universe Boss - Chris Gayle extending his support and…",1437071997033324545,2022-03-20 06:41:44+00:00,
41,1505434396047908865,RT @rovercrc: #Bitcoin Bull run 3.0 loading... https://t.co/d1tUySOLOv,1393192836179320832,2022-03-20 06:41:44+00:00,
42,1505434396010381312,"RT @airdropinspect: New airdrop: Ubiquity DAO (USDT)
Total Reward: 2,500 USDT
Rate: ⭐️⭐️⭐️⭐️
Winners: 1,000 Random &amp; Top 100
Distribution:…",1448883625773056000,2022-03-20 06:41:44+00:00,
43,1505434395385425922,"RT @airdropinspect: New airdrop: Prizefighter (RING)
Total Reward: $5,000 worth of RING
Rate: ⭐️⭐️⭐️⭐️
Winners: 1,000 Random &amp; Top 100
Dist…",1382867397057548289,2022-03-20 06:41:44+00:00,
44,1505434394231599105,"RT @airdropinspect: New airdrop: Avania (NOVA)
Total Reward: 75,000 NOVA
Rate:⭐️⭐️⭐️⭐️
Winners: 200 Random &amp; Top 10
Distribution: 19th Apri…",969413147583954945,2022-03-20 06:41:43+00:00,
45,1505434393556533248,"RT @unusual_whales: Last month, someone set up a #bitcoin wallet for the first time.

Then, without testing it even and as the first transa…",1342365589008998400,2022-03-20 06:41:43+00:00,
46,1505434391618928640,"RT @Revolotto: 🏏World's Dangerous Cricketer
Greatest Batsman of All-time in Cricket

🌎Universe Boss - Chris Gayle extending his support and…",1435625528845692935,2022-03-20 06:41:43+00:00,
47,1505434390088011780,"RT @airdropinspect: New airdrop: Prizefighter (RING)
Total Reward: $5,000 worth of RING
Rate: ⭐️⭐️⭐️⭐️
Winners: 1,000 Random &amp; Top 100
Dist…",1367061740278607874,2022-03-20 06:41:42+00:00,
48,1505434390012194818,"RT @Cryptoon_Spooki: @cryptogems555 @MetaBotsP2E 
Get ready for something big..😱😱😱

he will be the strongest challenger of the century..💪💪…",1456840421817008129,2022-03-20 06:41:42+00:00,
49,1505434388326137858,"RT @Marii6771: Did you get scammed?The good guys are here and we’ve got your back!
20% #scamsurvivor Charity! 20% charity in #SPY
Join us i…",1501820173153705984,2022-03-20 06:41:42+00:00,
