,id,text,author_id,created_at,geo
0,1505411761901498371,XRP is getting ready to take off to the moon! #altcoin #bitcoin #binance #xrp #ripple https://t.co/j9NqFxbWrI,1267121699583070211,2022-03-20 05:11:47+00:00,
1,1505411760257474565,"@RadioCacaNFT World 1st bitcoin transection NFT  

https://t.co/emFH7mWmGG    

@opensea 

#Bitcoin  #nft #BinanceNFT #PolygonNFT #legend #100xgem #NFT #memoriesNFTseller #NFTs #opensea #OpenSeaNFT",1320236448575033344,2022-03-20 05:11:47+00:00,
2,1505411757413900290,"I am claiming my free Lightning sats from @_bitcoiner's amazing faucet! ⚡

@boltcoiner unlock me e07bb870-2efe-408d-97eb-68ea500a6d14

#Bitcoin #BTC #LN #LightningNetwork #boltcoiner
https://t.co/SUq8Scd0zB",1362783638752956421,2022-03-20 05:11:46+00:00,
3,1505411756939694081,"@flagnetwork_NFT #FlagNetwork #IDO #cryptocurrency #Bitcoin #NFTs
Why the airdrop have alot of limits it's such a bad thing 10% a month...  And $10 per day sale limit it's bad. 
Why not 10% a week
@hameed3588 @hari_m_nair_ @hamzaumer33",1160017132761096194,2022-03-20 05:11:46+00:00,
4,1505411753777188864,"RT @Marii6771: Do you want TRUE SAFU investing?
Go to https://t.co/1Mo7qdcgFO for crypto research!
We list scams, potential scams, trusted…",1477512307601293318,2022-03-20 05:11:45+00:00,
5,1505411753450307584,"@flagnetwork_NFT good team

@nadtab122
@ghufranawc
@anees7584

#FlagNetwork #IDO #cryptocurrency #Bitcoin #NFTs",1468235332957130762,2022-03-20 05:11:45+00:00,
6,1505411751885799427,"@TelefyConnect The project uses very compentent marketing and price policy. i am confident the project will show itself well in the future.

#DeFi #TeleFy #DEX #cryptocurrency #Ethereum #BinanceSmartChain #Bitcoin #Airdrop #polkadot #MATIC #Polygon $TELE #Cardano #ETH",1377105774531411973,2022-03-20 05:11:45+00:00,
7,1505411746995249154,"RT @AirdropDet: 🔍 New #Airdrop: Elite Cash

🏆 Total Airdrop Pool: 140,000 ELC [~$49,000]

🔴 Start the airdrop bot https://t.co/geX2YRhj5n…",1495676498119905280,2022-03-20 05:11:44+00:00,
8,1505411743463354368,"RT @elitecash_io: #Bitcoin and other #cryptocurrencies have certainly changed the way how we bank.

To understand #crypto, you must underst…",1302126705922908162,2022-03-20 05:11:43+00:00,
9,1505411743421710336,"Fantastic project with great potential. The team's dedication and ingenuity with excellent fan support will make this the envy of the crypto world. Glad to b
@MdJamal42834
@SOHAN08929083
@MstParvin10

#cryptocurrency #Airdrop #BSC #Bitcoin #USDT #SafeWallet #SLT #Airdropstario https://t.co/xUZbytRe6n",1494675270640750593,2022-03-20 05:11:43+00:00,
10,1505411742565691394,"RT @GiveawayInspect: New Giveaway: Retoken (USDT)
Total Reward: 2,000 USDT
Rate: ⭐️⭐️⭐️⭐️
Winners: 700 Random &amp; Top 50
Distribution: within…",1457343590850387968,2022-03-20 05:11:43+00:00,
11,1505411742112747521,"RT @AirdropStario: 💧 SafeWallet Airdrop 💧

🏆 Task:        ➕ 175 SLT (~$3.5) for 1000 random participants

👨‍👩‍👧 Referral: ➕ 30,000 SLT (~$6…",1387678540456292353,2022-03-20 05:11:43+00:00,
12,1505411742028947457,Get IN now don't be LATE #xrp #binance #cryptocurrency #bitcoin https://t.co/1nymtWiafB,395154154,2022-03-20 05:11:43+00:00,
13,1505411740741242882,"RT @CryptoHarry_: In relation to $UST and #bitcoin. 

🧵👇",1403610029920456708,2022-03-20 05:11:42+00:00,
14,1505411738325245954,"n Japan, #XRP is religion. I love it! All works! #eth #ethereum #binance #bitcoin btc #ripple #crypto #cryptocurrency

https://t.co/j5BSoajZPT",2210575259,2022-03-20 05:11:42+00:00,
15,1505411736773529602,#Lady #Gagas #JawDropping #Star #Born #Press #Tour #bitcoin news 8 of Lady Gaga’s Most Jaw-Dropping ‘A Star Is Born’ Press Tour Looks https://t.co/y4IYRrmw8N,1467806874326110209,2022-03-20 05:11:41+00:00,
16,1505411736735727617,"In Japan, #XRP is religion. I love it! All works! #eth #ethereum #binance #bitcoin btc #ripple #crypto #cryptocurrency https://t.co/3orBObASYg",1337958188977537028,2022-03-20 05:11:41+00:00,
17,1505411736651894787,"RT @Barchart: Which #cryptocurrency will generate the largest return over the next 5 years?

#Bitcoin $BTC
#Shiba $SHIB
#Ethereum $ETH
#Sol…",331053029,2022-03-20 05:11:41+00:00,
18,1505411735624495106,"RT @airdropinspect: New airdrop: FoodChain Global (FOOD)
Total Reward: $5,000 worth of FOOD
Rate: ⭐️⭐️⭐️⭐️
Winners: 1000 Random &amp; Top 100
D…",1447188848392347648,2022-03-20 05:11:41+00:00,
19,1505411734416330754,"👋 A new block was found on the #Bitcoin network. We're at block height 728156, current #bitcoin price is $41926.97 and there are 201149372690011 #sats left to mine.",1448763322812276737,2022-03-20 05:11:41+00:00,
20,1505411733610848259,"RT @Gemini: Buy Bitcoin In (3) Minutes 👀 Get Started For Free! @Gemini makes buying #Bitcoin Simple, Safe &amp; Secure.",1372599285385158657,2022-03-20 05:11:41+00:00,
21,1505411733216989184,"RT @AirdropDet: 🔍 New #Airdrop: YupVerse

💲 Reward: Up to 10M YuP (~$5) + 2M YuP (~$1,000) referral pool

🔴 Start the airdrop bot https://t…",1382890385656008707,2022-03-20 05:11:41+00:00,
22,1505411732830711809,We just know #XRP will moon #crypto #binance #cryptocurrency #bitcoin #btc https://t.co/ZgxusqcGU6,1480216218233716739,2022-03-20 05:11:40+00:00,
23,1505411731862003715,"RT @Marii6771: We are @SpyWolfNetwork and we are here to clean up the crypto space and to make you
 
https://t.co/1Mo7qdcgFO is our anti-sc…",1477512307601293318,2022-03-20 05:11:40+00:00,
24,1505411731782193152,"@flagnetwork_NFT nice project
#FlagNetwork #IDO #cryptocurrency #Bitcoin #NFTs",1257368436230877184,2022-03-20 05:11:40+00:00,
25,1505411729156722690,"RT @PolkaCity: 🚀 $POLC is now live on @Digifinex in POLC/USDT pair. Happy trading!
 https://t.co/bV77pUiVbJ

#Metaverse #NFT #NFTs #BSC #Bi…",1471984241143697410,2022-03-20 05:11:40+00:00,
26,1505411728800108545,"In Japan, #XRP is religion. I love it! All works! #eth #ethereum #binance #bitcoin btc #ripple #crypto #cryptocurrency https://t.co/mDU60m5AuF",1189132525274312705,2022-03-20 05:11:40+00:00,
27,1505411728775028736,"@NewMutantApes World 1st bitcoin transection NFT  

https://t.co/emFH7mWmGG    

@opensea 

#Bitcoin  #nft #BinanceNFT #PolygonNFT #legend #100xgem #NFT #memoriesNFTseller #NFTs #opensea #OpenSeaNFT",1320236448575033344,2022-03-20 05:11:39+00:00,
28,1505411724148678657,"RT @Marii6771: Make money! Prosecute scammers! All at the same time 
Make passive income in BNB rewards for holding $SPY!
Your rewards accu…",1477512307601293318,2022-03-20 05:11:38+00:00,
29,1505411721762009090,"In Japan, #XRP is religion. I love it! All works! #eth #ethereum #binance #bitcoin btc #ripple #crypto #cryptocurrency https://t.co/WnpjNE0gn6",798125322260639744,2022-03-20 05:11:38+00:00,
30,1505411712165552128,"RT @Marii6771: Make money!Prosecute scammers!All at the same time
Make passive income in BNB rewards for holding $SPY
Your rewards accumula…",1477512307601293318,2022-03-20 05:11:36+00:00,
31,1505411707199528962,"RT @Marii6771: Did you get scammed?The good guys are here and we’ve got your back!
20% #scamsurvivor Charity! 20% charity in #SPY
Join us i…",1477512307601293318,2022-03-20 05:11:34+00:00,
32,1505411706020892673,"RT @AirdropStario: 💧 SafeWallet Airdrop 💧

🏆 Task:        ➕ 175 SLT (~$3.5) for 1000 random participants

👨‍👩‍👧 Referral: ➕ 30,000 SLT (~$6…",1483897945481224194,2022-03-20 05:11:34+00:00,
33,1505411704783527939,"@TheMoonCarl World 1st bitcoin transection NFT  

https://t.co/emFH7mWmGG    

@opensea 

#Bitcoin  #nft #BinanceNFT #PolygonNFT #legend #100xgem #NFT #memoriesNFTseller #NFTs #opensea #OpenSeaNFT",1320236448575033344,2022-03-20 05:11:34+00:00,
34,1505411703785558018,@TelefyConnect This is a fantastic project with a stable foundation and an excellent concept. The entire crew is really dedicated &amp; they have a strong possibility of succeeding in the future. https://t.co/qJx811IsQm #DeFi #TeleFy #DEX #Bitcoin #MATIC #Polygon $TELE #Cardano #ETH,1260538471049056256,2022-03-20 05:11:34+00:00,
35,1505411702397227009,"Nice and promising project will going to be great and more success in the future. Join quickly and wait for your reward.
@RakaAhmed112
@IGozji
@Siya_Siya_99
@SevaSharipova
@payal_verma123
#Airdrop #Crypto #Bitcoin #NFT https://t.co/NWarqjawP9",911575301246771200,2022-03-20 05:11:33+00:00,
36,1505411701230952449,"This amazing faucet from @_bitcoiner is making me tweet this to claim my free Lightning sats. ⚡

@boltcoiner unlock me 578162b7-20e8-4def-bbea-5f9fa2fb8ad3

#Bitcoin #BTC #LN #LightningNetwork #boltcoiner
https://t.co/EiaSz4ikD7",2231296252,2022-03-20 05:11:33+00:00,
37,1505411701088604161,"RT @airdropinspect: New airdrop: Prizefighter (RING)
Total Reward: $5,000 worth of RING
Rate: ⭐️⭐️⭐️⭐️
Winners: 1,000 Random &amp; Top 100
Dist…",1482666330633687043,2022-03-20 05:11:33+00:00,
38,1505411700891082755,"RT @AirdropDet: 🔍 New #Airdrop: Elite Cash

🏆 Total Airdrop Pool: 140,000 ELC [~$49,000]

🔴 Start the airdrop bot https://t.co/geX2YRhj5n…",1479979342625079298,2022-03-20 05:11:33+00:00,
39,1505411699817472002,"RT @Marii6771: Do you want TRUE SAFU investing?
Go to https://t.co/1Mo7qdcgFO for crypto research!
We list scams, potential scams, trusted…",1477512307601293318,2022-03-20 05:11:33+00:00,
40,1505411698877902848,RT @WatcherGuru: JUST IN: PayPal co-founder says the “biggest mistake I made in the last decade was getting too late and too little into #B…,1379610032749248512,2022-03-20 05:11:32+00:00,
41,1505411696600354818,"@airdropinspect @p2ePrizeFighter This is so amazing.  I am impressed with this project, hopefully with this event the community and especially this coin will achieve success.🚀🚀🥳🥳🤗🤗🔥

@MdAjiju74524772
@akash0173717
@Saif8040

#Airdrop #Airdrops #Airdropinspector #FTM #Prizefighter #RING #Crypto #Bitcoin",1462145126008905731,2022-03-20 05:11:32+00:00,
42,1505411696264892416,"RT @TheCryptoGifter: If you don't have @coinbase already, then use my code. 
After you buy or sell $100 or more in #Crypto, you get $10 in…",1494965328572567557,2022-03-20 05:11:32+00:00,
43,1505411695312834567,"We have set up a relief fund for #Ukrainian refugees - in particular families of #crypto #software developers whose brothers &amp; sisters daughters &amp; sons are defending  their country. #SlavaUkraini #WarInUkraine 🇺🇦 

#bitcoin 
bc1q7c9jfpxzyxvyu320sn68luwfj9yh2kfwk6e9wv",4711717992,2022-03-20 05:11:32+00:00,
44,1505411694524510213,"RT @airdropinspect: New airdrop: Prizefighter (RING)
Total Reward: $5,000 worth of RING
Rate: ⭐️⭐️⭐️⭐️
Winners: 1,000 Random &amp; Top 100
Dist…",1407973129511600133,2022-03-20 05:11:31+00:00,
45,1505411688744456193,"RT @AirdropDet: 🔍 New #Airdrop: YupVerse

💲 Reward: Up to 10M YuP (~$5) + 2M YuP (~$1,000) referral pool

🔴 Start the airdrop bot https://t…",1393911046729912322,2022-03-20 05:11:30+00:00,
46,1505411686785683464,The strongest bullish signal flashed for #XRP #bitcoin #btc #ethereum #eth https://t.co/pAQNeYfBQi,1421260432052981763,2022-03-20 05:11:29+00:00,
47,1505411686496632835,"RT @AirdropDet: 🔍 New #Airdrop: YupVerse

💲 Reward: Up to 10M YuP (~$5) + 2M YuP (~$1,000) referral pool

🔴 Start the airdrop bot https://t…",1503618339071234048,2022-03-20 05:11:29+00:00,
48,1505411684780822530,"RT @airdropinspect: New airdrop: Angelic (ANGL)
Total Reward: 50,000 ANGL
Rate: ⭐️⭐️⭐️⭐️
Winners: 1,500 Random &amp; Top 50
Distribution: withi…",1456709698753757184,2022-03-20 05:11:29+00:00,
49,1505411683824844800,"RT @AirdropDet: 🔍 New #Airdrop: YupVerse

💲 Reward: Up to 10M YuP (~$5) + 2M YuP (~$1,000) referral pool

🔴 Start the airdrop bot https://t…",1437404727797379079,2022-03-20 05:11:29+00:00,
