,id,text,author_id,created_at,geo
0,1505435964981846021,"RT @Arsenik23Mesut: @CryptoGemsCom #shinja #ShinjaSeason
#DubaiExpo2022
#DubaiCryptoExpo

#DOJOSWAP listing #Token
#Selena_Inu
#flokimusk
#…",1502671018623750145,2022-03-20 06:47:58+00:00,
1,1505435963593424897,"@AirdropDet This project looks very interesting.  I am interested, and I will support this project until it is successful according to the plan that has been set.

@thanguy86167011 
@theadinanta 
@YANSHENGZHOU88 

#Airdrops #YupVerse #Bitcoin # #AirdropDetective #YupVerse",1417464409912315904,2022-03-20 06:47:58+00:00,
2,1505435961836011522,We just know #XRP will moon #crypto #binance #cryptocurrency #bitcoin #btc https://t.co/VTAjCjAJTt,807864307438485504,2022-03-20 06:47:57+00:00,
3,1505435961068556288,@BinanceKiller Great🔥: It will also change your life. I already buy BANXA CVE: BNXA share. High profits awaits. Thank me later for that hint🔥 @BanxaOfficial #btc #bitcoin #defi #nft,1485755209162936328,2022-03-20 06:47:57+00:00,
4,1505435958413766660,"RT @airdropinspect: New airdrop: Prizefighter (RING)
Total Reward: $5,000 worth of RING
Rate: ⭐️⭐️⭐️⭐️
Winners: 1,000 Random &amp; Top 100
Dist…",917454817294819333,2022-03-20 06:47:56+00:00,
5,1505435957100691461,"RT @saritakri482: 🔎 New Airdrops: Phaver
🎁 Reward:  GET Phaver Points
👨‍👧‍👦 Participants: For All Early Users
🔥 Each 300$ to 1600$

🦾 Regis…",1306701470876741636,2022-03-20 06:47:56+00:00,
6,1505435955016044544,"RT @AirdropStario: 💧 SafeWallet Airdrop 💧

🏆 Task:        ➕ 175 SLT (~$3.5) for 1000 random participants

👨‍👩‍👧 Referral: ➕ 30,000 SLT (~$6…",1440982913961521156,2022-03-20 06:47:55+00:00,
7,1505435951975518208,"RT @AirdropDet: 🔍 New #Airdrop: YupVerse

💲 Reward: Up to 10M YuP (~$5) + 2M YuP (~$1,000) referral pool

🔴 Start the airdrop bot https://t…",1314475299719966720,2022-03-20 06:47:55+00:00,
8,1505435951912345600,"RT @Arsenik23Mesut: @KarlaCrypto1 #shinja #ShinjaSeason
#DubaiExpo2022
#DubaiCryptoExpo

#DOJOSWAP listing #Token
#Selena_Inu
#flokimusk
#s…",1502671018623750145,2022-03-20 06:47:55+00:00,
9,1505435951283126279,"ree Trading &amp; Investing App
https://t.co/IFzBbr8RAu
#simplefx #crypto #cryptotrading #bitcoin #Bitcoin #dogecoin #makemoney #cryptocurrency #trading 
#intelligent_lifestyle",1149562715767095296,2022-03-20 06:47:55+00:00,
10,1505435951207747589,The strongest bullish signal flashed for #XRP #bitcoin #btc #ethereum #eth https://t.co/6xwyc8QdGv,1374673277092696065,2022-03-20 06:47:55+00:00,
11,1505435950167445504,"RT @Corey2140: There are an infinite amount of numbers inside any finite number.

It didn’t matter that the supply cap is 21M.

It just mat…",1156065260,2022-03-20 06:47:54+00:00,
12,1505435943276318721,@TheCryptoGifter ALARM! 🚨🚨 There is one share that will change your life forever! AND it is the gate of #crypto and #bitcoin NASDAQ Uplisting is coming! https://t.co/evuPOIqL68 #cryptocurrecy #defi #ethereum #btc #eth #nasdaq,1457084698274971650,2022-03-20 06:47:53+00:00,
13,1505435940814471168,I'm in the running to win more than 100$ thanks to @OctagonSpace  #airdrop #bsc #bitcoin #octagon https://t.co/KTpufxcEcZ,1482397594492235776,2022-03-20 06:47:52+00:00,
14,1505435940608569348,"We just know #XRP will moon #crypto #binance #cryptocurrency #bitcoin #btc

https://t.co/h0E8klP5lM",1700395393,2022-03-20 06:47:52+00:00,
15,1505435940541669377,"RT @BTC_Archive: #Bitcoin at $42k 👀
Nice and steady…👌",1219621944661856256,2022-03-20 06:47:52+00:00,
16,1505435939388407811,"RT @eCashInformer: Real quick to 3,200 from 3K! 👀

Thanks #eCashArmy 😍

#XEC #eCash #Bitcoin #Crypto #Avalanche #CryptoNews $XEC https://t.…",1341359943010508801,2022-03-20 06:47:52+00:00,
17,1505435939346255872,"RT @ProjectsIco: #Bitcoin average monthly returns 

#Bitcoin #Crypto #cryptotrading",1497852726293712898,2022-03-20 06:47:52+00:00,
18,1505435938675036160,"$dome @everdome boom!!!
Billionaire sooonnn 100x metaverse

#BSCGem #bitcoin #binance #BinanceSmartChain #DubaiExpo2022 

#dogecoin #BabyDogeCoin #catecoin https://t.co/xJZBLTmhDM",1453684733007720452,2022-03-20 06:47:52+00:00,
19,1505435937161060353,"RT @Gemboyofficial: Listing @MultiVAC_Global on @binance  is a win win situation for both parties! 

@binance will have 60K new clients 

@…",938367302084513793,2022-03-20 06:47:51+00:00,
20,1505435934107394052,"RT @chitaglorya__: giveaway 200$ | 2,800,000 IDR

-- rt follow @flagnetwork_NFT 

-- rt &amp; quoted their pinned with   #FlagNetwork  #cryptoc…",1409915258,2022-03-20 06:47:50+00:00,
21,1505435932354555904,"RT @AirdropStario: 💧 SafeWallet Airdrop 💧

🏆 Task:        ➕ 175 SLT (~$3.5) for 1000 random participants

👨‍👩‍👧 Referral: ➕ 30,000 SLT (~$6…",1380088243782217736,2022-03-20 06:47:50+00:00,
22,1505435932064894977,RT @MatthewHyland_: Great new #Bitcoin On-Chain metrics by @TheRealPlanC,3205520753,2022-03-20 06:47:50+00:00,
23,1505435931905781760,"RT @chitaglorya__: giveaway 200$ | 2,800,000 IDR

-- rt follow @flagnetwork_NFT 

-- rt &amp; quoted their pinned with   #FlagNetwork  #cryptoc…",1433997041726738433,2022-03-20 06:47:50+00:00,
24,1505435929938477058,"RT @TheCryptoLark: If you could only hold one of these until 2030 which would it be and why? 
#bitcoin 
#ethereum 
#cardano 
$xrp 
$sol 
$d…",1495686295984685057,2022-03-20 06:47:50+00:00,
25,1505435929082839042,RT @saylor: You do not sell your #bitcoin.  https://t.co/LJNgJeWxvR,1379266328977096708,2022-03-20 06:47:49+00:00,
26,1505435928562655233,"Enjoying the weekends?

Nice! That is what 99% of the population do on the planet and blames 1% for their problems…

#Bitcoin",1057889046192705536,2022-03-20 06:47:49+00:00,
27,1505435927149428741,"RT @airdropinspect: New airdrop: Prizefighter (RING)
Total Reward: $5,000 worth of RING
Rate: ⭐️⭐️⭐️⭐️
Winners: 1,000 Random &amp; Top 100
Dist…",1143965007899582464,2022-03-20 06:47:49+00:00,
28,1505435926440206337,"RT @Revolotto: 🏏World's Dangerous Cricketer
Greatest Batsman of All-time in Cricket

🌎Universe Boss - Chris Gayle extending his support and…",1494971325785329673,2022-03-20 06:47:49+00:00,
29,1505435925811281923,"RT @ICOAnnouncement: 🎙 New Project

🔷 IotexPad (TEX)

🔶 IotexPad aims to be the first decentralized IDO platform based on the Iotex chain.…",1479473505280434189,2022-03-20 06:47:49+00:00,
30,1505435924338909188,"RT @airdropinspect: New airdrop: Retoken (USDT)
Total Reward: 2,000 USDT
Rate: ⭐️⭐️⭐️⭐️
Winners: 700 Random &amp; Top 50
Distribution: within a…",1482690022239518728,2022-03-20 06:47:48+00:00,
31,1505435922644738048,"RT @DeathNote_Token: DEATH NOTE TOKEN REFERRAL CONTEST 🔥 

Join our contest and win #Prizes for inviting the most people to our @telegram 🍎…",1500673574067372034,2022-03-20 06:47:48+00:00,
32,1505435921864601601,"RT @GiveawayInspect: New Giveaway: Retoken (USDT)
Total Reward: 2,000 USDT
Rate: ⭐️⭐️⭐️⭐️
Winners: 700 Random &amp; Top 50
Distribution: within…",1475922775084867586,2022-03-20 06:47:48+00:00,
33,1505435918253314048,"RT @crypstax: I don't have a 401k, I have #bitcoin",1328333872770162695,2022-03-20 06:47:47+00:00,
34,1505435916030013442,I just voted in #okornotok from @Okcoin — submit your votes &amp; tweet about it for a chance to win 12k in #bitcoin.   It's all right here: 👇 https://t.co/8gbPPLZbrw,1067489165569183745,2022-03-20 06:47:46+00:00,
35,1505435915912724483,RT @TheCryptoLark: #bitcoin still over 40k post fed meeting 🤔,1498959989464977408,2022-03-20 06:47:46+00:00,
36,1505435915098984448,RT @Dennis_Porter_: The USA will adopt #Bitcoin. The momentum is too strong. The incentive too great. The historical moment too profound. T…,1332419462310584321,2022-03-20 06:47:46+00:00,
37,1505435908530909194,"RT @airdropinspect: New airdrop: Prizefighter (RING)
Total Reward: $5,000 worth of RING
Rate: ⭐️⭐️⭐️⭐️
Winners: 1,000 Random &amp; Top 100
Dist…",4045297152,2022-03-20 06:47:44+00:00,
38,1505435907385704453,We just know #XRP will moon #crypto #binance #cryptocurrency #bitcoin #btc https://t.co/KGA9HtEsOv,1456236025420808198,2022-03-20 06:47:44+00:00,
39,1505435900666335232,RT @MMCrypto: THIS CAN GET VERY PAINFUL FOR #BITCOIN BEARS! https://t.co/watNtpMl69,1503086649227501568,2022-03-20 06:47:43+00:00,
40,1505435899097624579,"RT @CarfuelFinance: Our #Carfuel community has passed 3000+ followers in 1 day. Thank you everyone, we are just at the beginning of the roa…",892679667441782784,2022-03-20 06:47:42+00:00,
41,1505435896694415362,"RT @AirdropDig: 🚀 ApeCoin Allocation for NFT Holder. 
- Bored Ape
- Mutant Ape
- Kernel Club

👉 Claim: https://t.co/Qx2GsRCZEM

Now worth $…",979121524853522432,2022-03-20 06:47:42+00:00,
42,1505435895524212736,"RT @easyeight08: ""Is #BiTCoiN bUlLisH tODaY? 
No👇    Maybe👇     Yes👇 https://t.co/DB0kRw8zgX",90934124,2022-03-20 06:47:41+00:00,
43,1505435890482655235,"RT @binance: 💰 $10,000 giveaway 💰
 
Post your #BitcoinButton result to enter!
 
Rules:
🔸 Retweet this post
🔸 Follow @Binance
🔸 Play #Bitcoi…",1346469116274589697,2022-03-20 06:47:40+00:00,
44,1505435887945105409,"RT @Arsenik23Mesut: @altcryptocom #shinja #ShinjaSeason
#DubaiExpo2022
#DubaiCryptoExpo

#DOJOSWAP listing #Token
#Selena_Inu
#flokimusk
#s…",1502671018623750145,2022-03-20 06:47:39+00:00,
45,1505435886699261953,"RT @AirdropStario: 💧 SafeWallet Airdrop 💧

🏆 Task:        ➕ 175 SLT (~$3.5) for 1000 random participants

👨‍👩‍👧 Referral: ➕ 30,000 SLT (~$6…",1444871651607212035,2022-03-20 06:47:39+00:00,
46,1505435884891643905,@flagnetwork_NFT Good project  #FlagNetwork #IDO #cryptocurrency #Bitcoin #NFTs,1343411724272070656,2022-03-20 06:47:39+00:00,
47,1505435882869862401,"RT @AirdropDet: 🔍 New #Airdrop: YupVerse

💲 Reward: Up to 10M YuP (~$5) + 2M YuP (~$1,000) referral pool

🔴 Start the airdrop bot https://t…",921757708415524864,2022-03-20 06:47:38+00:00,
48,1505435880701382659,RT @Dennis_Porter_: I’m working on the federal side and in multiple states pushing #Bitcoin and digital asset laws forward so the USA is he…,1105864595590148097,2022-03-20 06:47:38+00:00,
