,id,text,author_id,created_at,geo
0,1505621945261465605,"RT @saylor: If you don't understand money, you won't understand #bitcoin.",935578675868774400,2022-03-20 19:06:59+00:00,
1,1505621942052659200,"We just know #XRP will moon #crypto #binance #cryptocurrency #bitcoin #btc

https://t.co/N3o3efqLou",1301621096475766790,2022-03-20 19:06:58+00:00,
2,1505621940018585608,"There is no #Gold 2.0 - there are more than 5,000 years of human history with Gold. We have another confirmation of the unique status of Gold - as the ultimate hedge for all portfolios constructed with equities, bonds &amp; crypto-assets. https://t.co/LH5j6pWEEP

#Bitcoin #Tether☃️☀️ https://t.co/1Omyn33dEV",462274812,2022-03-20 19:06:58+00:00,
3,1505621939913637891,"RT @AirdropDet: 🔍 New #Airdrop: YupVerse

💲 Reward: Up to 10M YuP (~$5) + 2M YuP (~$1,000) referral pool

🔴 Start the airdrop bot https://t…",1436534579104464906,2022-03-20 19:06:58+00:00,
4,1505621939389440000,"RT @BitcoinSampo: The Five Stages of Bitcoiner

1. It's a scam 👶
2. Maybe there's money in it 🤑
3. Shitcoins look better 💸
4. Stay humble,…",1300079893984804865,2022-03-20 19:06:58+00:00,
5,1505621937913016321,RT @Blockworks_: PayPal Co-Founder: The biggest mistake I made in the last decade was getting too late and too little into #Bitcoin,1210143765199020032,2022-03-20 19:06:57+00:00,
6,1505621934003814402,"RT @AirdropDet: 🔍 New #Airdrop: Elite Cash

🏆 Total Airdrop Pool: 140,000 ELC [~$49,000]

🔴 Start the airdrop bot https://t.co/geX2YRhj5n…",1480119743155609601,2022-03-20 19:06:56+00:00,
7,1505621933785821191,"RT @AirdropDet: 🔍 New #Airdrop: YupVerse

💲 Reward: Up to 10M YuP (~$5) + 2M YuP (~$1,000) referral pool

🔴 Start the airdrop bot https://t…",1394704901981224966,2022-03-20 19:06:56+00:00,
8,1505621931340488712,"RT @TrishHaines3: @clif_high Know your local (country) WEFers. Vote them out, or ostracize them.
Buy all the #bitcoin you can.
Here's ""cryp…",1492423160377057280,2022-03-20 19:06:56+00:00,
9,1505621926026395651,"RT @Xstar_D: Can you see, Mars isn't faraway with $Marvin.

Join #Marvininu rocket and let's see Mars together

Website: https://t.co/JweNH…",1498628635699388421,2022-03-20 19:06:54+00:00,
10,1505621924138823681,"n Japan, #XRP is religion. I love it! All works! #eth #ethereum #binance #bitcoin btc #ripple #crypto #cryptocurrency

https://t.co/R9OjdXJmGN",1396312620655808516,2022-03-20 19:06:54+00:00,
11,1505621923983675405,"RT @Btcanne_: #Bitcoin is is pumping, looks ready to explode.
 Be ready for a massive BREAKOUT!!! #Binance #cryptocurrency",1467163852735320069,2022-03-20 19:06:54+00:00,
12,1505621918824730635,"@BITGERT_CHAIN #BitgertArmy 🥷🏼
.
➡ Its A New Week, Are You Ready For More Exciting News About $BRISE? 🔥🚀

#Bitgert #Brise #Bitgertcommunity
#Bitgertchain #Brisechain #BRC20 #BitgertExchange #CEX #cryptocurrency #blockchain #Metaverse #NFTs #DeFi #web3 #Binance #Bitcoin #ETH #Solana #kucoin",490312191,2022-03-20 19:06:53+00:00,
13,1505621917339815937,"@McDonalds @sgtshibtoken Pays 8% of real @Shibtoken REWARDS!!

$Ape $Shib $BTC $BNB $CRO $BSC $SGTS $AANT $XRP $USDT $ELON $NFT $LUNA #BTC #Bitcoin #CRO #Binance #SGTSHIB #NFT #BSC #ELON #XRP #AANT #Crypto #SHIBARMY #shibainu #SGTS #AlphaApeNetwork #SGTS #100xgem #BSCGem #Web3 #Metaverse https://t.co/8qbNXOosg6",796532294236311552,2022-03-20 19:06:52+00:00,
14,1505621914940846088,RT @Blockworks_: PayPal Co-Founder: The biggest mistake I made in the last decade was getting too late and too little into #Bitcoin,207177380,2022-03-20 19:06:52+00:00,
15,1505621909429538820,"RT @binance: 💰 $10,000 giveaway 💰
 
Post your #BitcoinButton result to enter!
 
Rules:
🔸 Retweet this post
🔸 Follow @Binance
🔸 Play #Bitcoi…",1355582619912695809,2022-03-20 19:06:50+00:00,
16,1505621907521081349,"RT @Dennis_Porter_: #Bitcoin on Lightning is over 1,000x better than Visa and Mastercard. It is the fastest and most efficient payment syst…",1437110718302724108,2022-03-20 19:06:50+00:00,
17,1505621907391066114,"n Japan, #XRP is religion. I love it! All works! #eth #ethereum #binance #bitcoin btc #ripple #crypto #cryptocurrency

https://t.co/XCf5ZKlV1A",975242406944702464,2022-03-20 19:06:50+00:00,
18,1505621906715676679,"RT @CarfuelFinance: Our #Carfuelfinance community has passed 11000+ followers in 2 day. Thank you everyone, we are just at the beginning of…",1250506742934302720,2022-03-20 19:06:50+00:00,
19,1505621903620382725,RT @Bitcoin: Probably not going to happen on the #Bitcoin network. https://t.co/57Dj7KthFV,1194824823140171777,2022-03-20 19:06:49+00:00,
20,1505621900273549314,#DeFi #TeleFy #DEX #cryptocurrency #Ethereum #BinanceSmartChain #Bitcoin #Airdrop #polkadot #MATIC #Polygon $TELE #Cardano #ETH https://t.co/eC5fjEvc4z,1138686575695581184,2022-03-20 19:06:48+00:00,
21,1505621898591309825,"RT @GiveawayInspect: New Giveaway: Retoken (USDT)
Total Reward: 2,000 USDT
Rate: ⭐️⭐️⭐️⭐️
Winners: 700 Random &amp; Top 50
Distribution: within…",1359681808804114433,2022-03-20 19:06:48+00:00,
22,1505621896708206597,"RT @Fastcoin5: Your best choice, the future! 😉
Comes from CoinsFee!  

#CoinsFee #FastCoin #Bitcoin #FastCoinExpress #Faster #Fast #Easy #s…",1105210818,2022-03-20 19:06:47+00:00,
23,1505621895764488192,RT @TamikTarko: NFT and #Play2Earn are still in a massive trend and in insanely bullish on @CryptoWarsOU One of the best #P2E games in BSC…,1269963150465609728,2022-03-20 19:06:47+00:00,
24,1505621893650563073,"RT @EtherNasyonaL: The indicator of my friend @TrendRidersTR  with whom we have achieved very good results in trend reversals, continues to…",976508913603538944,2022-03-20 19:06:47+00:00,
25,1505621892010758144,RT @MartiniGuyYT: LIKE ❤️ IF YOU HOLD #BITCOIN &amp; WILL NOT SELL BEFORE $100K,1243861767597494273,2022-03-20 19:06:46+00:00,
26,1505621891956224000,"RT @AirdropStario: 💧 Hero Arena Airdrop 💧

📍 Listed on: CoinMarketCap, PancakeSwap

🏆 Task: ➕  100 HERA (~$4) for 3000 random participants…",1446354614534606852,2022-03-20 19:06:46+00:00,
27,1505621891305951239,"RT @ashwsbreal: Like for #Bitcoin 

Retweet for #Ethereum 

Both for #LUNA",2697070104,2022-03-20 19:06:46+00:00,
28,1505621890387177472,"RT @AirdropStario: 💧 Bee-Trade Finance Airdrop 💧

📍 Audited by: CertiK

🏆 Task:          ➕  Up to 36 BTF (~$51,48)

👨‍👩‍👧 Referral:   ➕  5…",1449280473042231300,2022-03-20 19:06:46+00:00,
29,1505621887367458819,"RT @Xstar_D: Can you see, Mars isn't faraway with $Marvin.

Join #Marvininu rocket and let's see Mars together

Website: https://t.co/JweNH…",1500846162978512897,2022-03-20 19:06:45+00:00,
30,1505621886281134081,"We just know #XRP will moon #crypto #binance #cryptocurrency #bitcoin #btc

https://t.co/t9Yu9m72SX",1332320201065394176,2022-03-20 19:06:45+00:00,
31,1505621883265368065,"@TheBirbNest @crypto_birb @Bobatama
The Gem of the year, Token of the future.🚀🚀
Check it out🚀
#BOBAMASK #BOBATAMA
#BOBATAMA1000x

@AuzsomeAustin @elonmusk @MattWallace888 @JakeGagain
@Yourpop8 @Z_humphries
#ETH #Bitcoin  #nftart #NFTartist
#Crypto $Boba
#1000xGem #LBANK

👉 https://t.co/rW4kKwV3S8💣💣",1327235463682383872,2022-03-20 19:06:44+00:00,
32,1505621881600512000,"RT @AirdropDet: 🔍 New #Airdrop: YupVerse

💲 Reward: Up to 10M YuP (~$5) + 2M YuP (~$1,000) referral pool

🔴 Start the airdrop bot https://t…",1468638691803697158,2022-03-20 19:06:44+00:00,
33,1505621877829554183,"@FUINY77 @saylor As long as you have patience, commitment, and resilience, #Bitcoin is predictable.",1484357676335185921,2022-03-20 19:06:43+00:00,
34,1505621875074150401,"RT @airdropinspect: New airdrop: Flamingo Casino
Total Reward: 200 NFTs &amp; $2500 pricing pool
Rate:⭐️⭐️⭐️⭐️
Winners: 220 Random
Distribution…",1486597168345403392,2022-03-20 19:06:42+00:00,
35,1505621874356600832,"Thanks for giving us such a great opportunity. I am supporting it. always success for the development team🎉😍
@GiveawayInspect 

@Bagasprayogii
 
@RamaFau57279319
 
@Wildansanjaya24

#Giveaway #Giveaways #GiveawayInspector #BSC #USDT #Retoken #crypto #bitcoin https://t.co/2RZbmaEmil",1359681808804114433,2022-03-20 19:06:42+00:00,
36,1505621872490135553,"RT @airdropinspect: New airdrop: Flamingo Casino
Total Reward: 200 NFTs &amp; $2500 pricing pool
Rate:⭐️⭐️⭐️⭐️
Winners: 220 Random
Distribution…",1503418435719507968,2022-03-20 19:06:42+00:00,
37,1505621868409200640,"We just know #XRP will moon #crypto #binance #cryptocurrency #bitcoin #btc

https://t.co/NmKuL4GfWI",2393117562,2022-03-20 19:06:41+00:00,
38,1505621868388134912,You can do Cloud Mining using this site https://t.co/t1DMYKMRRv #mining #trxmining #money #earnmoney #register #bitcoin #ethereum #btc #eth #tronvex 3721,1498673180751593474,2022-03-20 19:06:41+00:00,
39,1505621862792916999,"n Japan, #XRP is religion. I love it! All works! #eth #ethereum #binance #bitcoin btc #ripple #crypto #cryptocurrency

https://t.co/YobjxNy1Qa",1006672124,2022-03-20 19:06:39+00:00,
40,1505621858670059525,"RT @Fastcoin5: Did you know!? 😃✋🏾

IF YOU SHARE COINSFEE ICO WITH FRIENDS; 

🔥YOU WILL GET PAID 20% IN FEE TOKEN OR
🔥10% IN BNB PAID WITHIN…",1492604097048031235,2022-03-20 19:06:38+00:00,
41,1505621857646563339,"#Etc $Etc Ethereum classic is back ! 
#blockchains #Crypto #bitcoin #Ethereum #btc #ETH https://t.co/IIHjshhzYq",1258405291005222913,2022-03-20 19:06:38+00:00,
42,1505621848960417792,"RT @AirdropDet: 🔍 New #Airdrop: YupVerse

💲 Reward: Up to 10M YuP (~$5) + 2M YuP (~$1,000) referral pool

🔴 Start the airdrop bot https://t…",1257682001382920192,2022-03-20 19:06:36+00:00,
43,1505621847911862272,"RT @airdropinspect: New airdrop: Avania (NOVA)
Total Reward: 75,000 NOVA
Rate:⭐️⭐️⭐️⭐️
Winners: 200 Random &amp; Top 10
Distribution: 19th Apri…",1360602316232081411,2022-03-20 19:06:36+00:00,
44,1505621846590472197,RT @TaikunGlobal: TAIKUN TESLA airdrop now Launched.  Participate and claim free 5TKT Tokens. Click on the link to join https://t.co/YAe3VJ…,1484267467274952704,2022-03-20 19:06:35+00:00,
45,1505621846309453824,"RT @TheCryptoLark: If you could only hold one of these until 2030 which would it be and why? 
#bitcoin 
#ethereum 
#cardano 
$xrp 
$sol 
$d…",1397191196762681350,2022-03-20 19:06:35+00:00,
46,1505621845202116608,"#Crypto myths are being dismantled one by one: #Bitcoin is NOT #Gold 2.0, Bitcoin is not an inflation hedge &amp; Bitcoin is not a new asset class. Bitcoin is triggering, following &amp; igniting the burst of all bubbles starting w technology sectors. https://t.co/LH5j6pWEEP

#Tether☃️☀️ https://t.co/LRqN8rzY4f",462274812,2022-03-20 19:06:35+00:00,
47,1505621833269362692,"RT @Dimond_Boots: The largest non-exchange #Bitcoin wallet in existence holds 126,428 $BTC worth approximately $5.1 billion USD.",1434250526531723266,2022-03-20 19:06:32+00:00,
48,1505621831004618752,"RT @Stackswap_BTC: Stackswap GIVEAWAY

Prizes: 
🎁NFTs : 10 Gold Passes and 1,000 Silver Passes
💰Token : 10,000 STSW Tokens (1,000 winners)…",1498527519045472258,2022-03-20 19:06:32+00:00,
