,id,text,author_id,created_at,geo
0,1505620940578856960,"@sarabitgert @okx #BitgertArmy 🥷🏼
.
➡ Its A New Week, Are You Ready For More Exciting News About $BRISE? 🔥🚀

#Bitgert #Brise #Bitgertcommunity
#Bitgertchain #Brisechain #BRC20 #BitgertExchange #CEX #cryptocurrency #blockchain #Metaverse #NFTs #DeFi #web3 #Binance #Bitcoin #ETH #Solana #kucoin",490312191,2022-03-20 19:02:59+00:00,
1,1505620940566241280,"n Japan, #XRP is religion. I love it! All works! #eth #ethereum #binance #bitcoin btc #ripple #crypto #cryptocurrency

https://t.co/wsBvQm8sOy",1435216205145690124,2022-03-20 19:02:59+00:00,
2,1505620938657873922,"We just know #XRP will moon #crypto #binance #cryptocurrency #bitcoin #btc

https://t.co/tniP6x4x2g",752163923151851521,2022-03-20 19:02:59+00:00,
3,1505620936971620352,"RT @yongclean: @cryptogems555 You missed @Bobatama
#BOBAMASK #BOBATAMA
#BOBATAMA1000x

@elonmusk
#ETH #Bitcoin  #nftart #NFTartist #trendin…",1474555370794205185,2022-03-20 19:02:59+00:00,
4,1505620936938209285,"RT @Fastcoin5: Did you know!? 😃✋🏾

IF YOU SHARE COINSFEE ICO WITH FRIENDS; 

🔥YOU WILL GET PAID 20% IN FEE TOKEN OR
🔥10% IN BNB PAID WITHIN…",1476687111885668358,2022-03-20 19:02:59+00:00,
5,1505620935600132099,"RT @TheMoonCarl: Holding fiat will turn billionaires into millionaires.

HODLing #Bitcoin will turn millionaires into ₿illionaires.",484195530,2022-03-20 19:02:58+00:00,
6,1505620934186647557,RT @Excellion: The #LightningNetwork has a theoretical throughput of 40 million #TPS. That’s the equivalent of 14.4 TB size blocks every 10…,964548384714567681,2022-03-20 19:02:58+00:00,
7,1505620931892371460,"RT @ValerySobolev: You will be able to receive #BTC #USD by visiting your favorite sites by watching YouTube videos
https://t.co/0ZZUCNlpQ2…",324318782,2022-03-20 19:02:57+00:00,
8,1505620931787452417,"RT @AirdropStario: 💧 Odds96 Airdrop 💧

🏆 Task:          ➕ $10 worth of Odds96 Tokens.

🔛 Airdrop Link &amp; Information: https://t.co/rBb5KjyM1…",1447637194919727105,2022-03-20 19:02:57+00:00,
9,1505620930004983809,"We just know #XRP will moon #crypto #binance #cryptocurrency #bitcoin #btc

https://t.co/arltjVBTZG",1382349221739712512,2022-03-20 19:02:57+00:00,
10,1505620929682026504,"RT @AirdropDet: 🔍 New #Airdrop: YupVerse

💲 Reward: Up to 10M YuP (~$5) + 2M YuP (~$1,000) referral pool

🔴 Start the airdrop bot https://t…",4832940699,2022-03-20 19:02:57+00:00,
11,1505620929535254539,"RT @AirdropStario: 💧 Odds96 Airdrop 💧

🏆 Task:          ➕ $10 worth of Odds96 Tokens.

🔛 Airdrop Link &amp; Information: https://t.co/rBb5KjyM1…",3335534890,2022-03-20 19:02:57+00:00,
12,1505620922392199168,"FORGET #BITCOIN, #ALTCOINS are MOVING! With https://t.co/NNuyWtu2BL you can track all the top performers with the current run.

#BTC #ETH #ETC #DASH #QTUM #RUNE #NEO #XTZ #XMR #MIOTA #LEO #USDT #USDC #BUSD #UST #TUSD #DAI #FLOW #USDN #USDP https://t.co/mpousG4IMC",952351026392125440,2022-03-20 19:02:55+00:00,
13,1505620916784533505,"RT @ValerySobolev: You will be able to receive #BTC #USD by visiting your favorite sites by watching YouTube videos
https://t.co/0ZZUCNlpQ2…",324318782,2022-03-20 19:02:54+00:00,
14,1505620916637732873,"👋 A new block was found on the #Bitcoin network. We're at block height 728248, current #bitcoin price is $41186.37 and there are 201091872690011 #sats left to mine.",1448763322812276737,2022-03-20 19:02:54+00:00,
15,1505620914020532231,"n Japan, #XRP is religion. I love it! All works! #eth #ethereum #binance #bitcoin btc #ripple #crypto #cryptocurrency

https://t.co/abIAntlNdQ",1464520488244416518,2022-03-20 19:02:53+00:00,
16,1505620905426309120,"RT @GlobalBTCFest: meet the Andorra 🇦🇩 #Bitcoin community

guests
@PaulADW @alberto_mera @OctarTko @AlRemnant 
+++

moderator
@duczko

list…",1464217144820908035,2022-03-20 19:02:51+00:00,
17,1505620905145237505,"RT @WatcherGuru: JUST IN: 🇸🇬 Singapore’s largest bank, DBS Bank CEO, Piyush Gupta, says central banks should regulate #Bitcoin &amp; #crypto.",1413937185292754947,2022-03-20 19:02:51+00:00,
18,1505620903451066368,"RT @ValerySobolev: You will be able to receive #BTC #USD by visiting your favorite sites by watching YouTube videos
https://t.co/0ZZUCNlpQ2…",324318782,2022-03-20 19:02:51+00:00,
19,1505620903148806151,"RT @augustpayson: In #bitcoin I trust 🕊

To h£ll with retarded financial institutions policy, #cryptocurrency is the truf.",902102813907537920,2022-03-20 19:02:51+00:00,
20,1505620900481101824,"RT @BTCTN: Ron Paul says he's influenced a whole lot by history and the gold history, which has led him to believe that the government coul…",1408136247864823809,2022-03-20 19:02:50+00:00,
21,1505620899843694594,"RT @AirdropAchiever: New Whitelist: STMAN × FamCentral
Allocation: ≤ 30 BUSD (TBA)
Winners: All Participants
End Date: 22nd March, 2022

🔗…",1471212523873398784,2022-03-20 19:02:50+00:00,
22,1505620894676549632,"RT @AirdropStario: 💧 Bee-Trade Finance Airdrop 💧

📍 Audited by: CertiK

🏆 Task:          ➕  Up to 36 BTF (~$51,48)

👨‍👩‍👧 Referral:   ➕  5…",1450016864919179275,2022-03-20 19:02:49+00:00,
23,1505620891421532165,"We just know #XRP will moon #crypto #binance #cryptocurrency #bitcoin #btc

https://t.co/hCh6uavAcr",1441502377014697985,2022-03-20 19:02:48+00:00,
24,1505620891408998401,"Check out Hamster on CertiK’s Security Leaderboard!
Hamster’s profile displays live on-chain and off-chain data thanks to CertiK’s Skynet product.
https://t.co/EsdhjZBi65
@CertiKCommunity
#Hamstercoin 
#Binance
#Bitcoin
💪💪💪",1355932382453510153,2022-03-20 19:02:48+00:00,
25,1505620890523942924,"RT @augustpayson: In #bitcoin I trust 🕊

To h£ll with retarded financial institutions policy, #cryptocurrency is the truf.",824897253462597632,2022-03-20 19:02:48+00:00,
26,1505620890305761280,"RT @AirdropDet: 🔍 New #Airdrop: YupVerse

💲 Reward: Up to 10M YuP (~$5) + 2M YuP (~$1,000) referral pool

🔴 Start the airdrop bot https://t…",761314655998316550,2022-03-20 19:02:47+00:00,
27,1505620890029076483,"RT @ValerySobolev: You will be able to receive #BTC #USD by visiting your favorite sites by watching YouTube videos
https://t.co/0ZZUCNlpQ2…",324318782,2022-03-20 19:02:47+00:00,
28,1505620889697755145,"@crypto_birb 🥇@Bobatama
The Gem of the year, Token of the future.🚀🚀
Check it out🚀
#BOBAMASK #BOBATAMA
#BOBATAMA1000x

@AuzsomeAustin @elonmusk @MattWallace888 @JakeGagain
@Yourpop8 @Z_humphries
#ETH #Bitcoin  #nftart #NFTartist
#Crypto $Boba
#1000xGem #LBANK

👉 https://t.co/rW4kKwV3S8🥇",1327235463682383872,2022-03-20 19:02:47+00:00,
29,1505620888997273608,"RT @p2ePrizeFighter: Who will be the next challenger?
(Screenshot from Actual Gameplay)

#nft #nftart #art #digitalart #nfts #nftartist #cr…",1502960576426876933,2022-03-20 19:02:47+00:00,
30,1505620885348446208,"RT @elitecash_io: #Bitcoin and other #cryptocurrencies have certainly changed the way how we bank.

To understand #crypto, you must underst…",1401855945710342144,2022-03-20 19:02:46+00:00,
31,1505620884966764544,"RT @AirdropStario: 💧 Odds96 Airdrop 💧

🏆 Task:          ➕ $10 worth of Odds96 Tokens.

🔛 Airdrop Link &amp; Information: https://t.co/rBb5KjyM1…",1409740708362166275,2022-03-20 19:02:46+00:00,
32,1505620884744253441,"RT @zloadr: ⚽Own a Crypt2 NFT Team

💰 Stake ZDR tokens against your team to earn #BTC/#ETH

Watch the video below to learn more!

#staking…",1503461598622588941,2022-03-20 19:02:46+00:00,
33,1505620883871780869,"We just know #XRP will moon #crypto #binance #cryptocurrency #bitcoin #btc

https://t.co/c0aTkQ7XJH",1359330356499935232,2022-03-20 19:02:46+00:00,
34,1505620883377115136,"@ignitechain
Hello everyone, This campaign is coming good offer for every member, if you join and invest side, get big profit, very good side,
#IgniteBlockchain #Ignite #IGT #blockchain #cryptocurrency #technology #bitcoin #money #crypto #Binance #BNB #cryptocurrencies #fintech",1457367465445392389,2022-03-20 19:02:46+00:00,
35,1505620883330719762,"RT @Klaasje16806968: $ICX ✈️✈️✈️✈️✈️✈️✈️✈️💎💎💎💎💎💎💎 

Few understand !!! Sell all buy #icon

#nft #Crypto #Bitcoin #viaplay #APECOIN #doge #x…",975357511212691456,2022-03-20 19:02:46+00:00,
36,1505620882122760193,RT @TXMCtrades: Exactly two years has passed since #Bitcoin clawed its way back above the Realized Price- essentially the network cost basi…,2363569120,2022-03-20 19:02:46+00:00,
37,1505620880126320646,"#Bitcoin dominates 41% of the $1.9T crypto market.

#BTC: $41,214 
#BCH: $318 
#BSV: $82",1390236436646043657,2022-03-20 19:02:45+00:00,
38,1505620878662459399,"RT @mandy_sir1: New #ATH is coming soon with #MarvinInu $Marvin @Marvin_Inu 

#Ukraine️ #bitcoin #Russia #BNB #solana #Metaverse #orbit #NF…",1491442819633930244,2022-03-20 19:02:45+00:00,
39,1505620878431645698,in store soon 🚨🚨🚨🚨 #bitcoin #hoodwear #Bitcoinforthehood #streetwear https://t.co/At8ZVXIZ9D,1480381589443940353,2022-03-20 19:02:45+00:00,
40,1505620877613875200,"RT @duczko: exciting space about #Bitcoin Andorra 🇦🇩 starting soon (in ~6h)!

help spread the word, win 100,000 or 50,000 sats

1. retweet…",1464217144820908035,2022-03-20 19:02:44+00:00,
41,1505620874799431687,"@BankWithLVL Would love to see @BankWithLVL offer the 20% APY offered on the best stable coin ever: $UST All you need to do is connect with @anchor_protocol. I know ur lookin to be a #bitcoin bank, and the only significant decentralized stable coin is $UST @woonomic @Cephii1 @DaddyDegenDefi",1158095903753768960,2022-03-20 19:02:44+00:00,
42,1505620873071448070,"We just know #XRP will moon #crypto #binance #cryptocurrency #bitcoin #btc

https://t.co/DxPqHsbMRb",1392350956159918080,2022-03-20 19:02:43+00:00,
43,1505620873012776974,"https://t.co/32eHB4Tah1 

With recent events of Canadian trucker protests + Russia/Ukraine war, Bitcoin has never been more important on a global scale.

Read my quick newsletter on why we need to all be supporting $BTC and its success.

#bitcoin",876494440369717248,2022-03-20 19:02:43+00:00,
44,1505620872517799936,"RT @ValerySobolev: You will be able to receive #BTC #USD by visiting your favorite sites by watching YouTube videos
https://t.co/0ZZUCNlpQ2…",324318782,2022-03-20 19:02:43+00:00,
45,1505620871641190408,RT @TaikunGlobal: TAIKUN TESLA airdrop now Launched.  Participate and claim free 5TKT Tokens. Click on the link to join https://t.co/YAe3VJ…,1500137441918914563,2022-03-20 19:02:43+00:00,
46,1505620868801564672,"RT @AirdropDet: 🔍 New #Airdrop: YupVerse

💲 Reward: Up to 10M YuP (~$5) + 2M YuP (~$1,000) referral pool

🔴 Start the airdrop bot https://t…",1450827228283953163,2022-03-20 19:02:42+00:00,
47,1505620868315164673,"RT @HerbertRSim: #CounterEconomics &amp; The State 🏦 
Power Transfers &amp; Why #Bitcoin Is Here To Stay

#PowerToThePeople ✊🏼💪🏼

https://t.co/auN5…",1504795054350737409,2022-03-20 19:02:42+00:00,
48,1505620866440351752,"n Japan, #XRP is religion. I love it! All works! #eth #ethereum #binance #bitcoin btc #ripple #crypto #cryptocurrency

https://t.co/SnREOnCKrZ",1405390877560819712,2022-03-20 19:02:42+00:00,
49,1505620863390994439,"RT @airdropinspect: New airdrop: MOMOCO (USDT)
Total Reward: 3,000 USDT
Rate: ⭐️⭐️⭐️⭐️
Winners: 1000 Random &amp; Top 100
Distribution: within…",1500761217362796554,2022-03-20 19:02:41+00:00,
